SG_UF_PROVA;CO_MUNICIPIO_PROVA;NO_MUNICIPIO_PROVA;CO_COORDENACAO;CO_LOCAL;NO_LOCAL_PROVA
AC;1200104;BRASILEIA;80001;P3166;CENTRO SOCIOEDUCATIVO ALTO ACRE
AC;1200203;CRUZEIRO DO SUL;80002;P5082;CENTRO SOCIOEDUCATIVO JURUA
AC;1200203;CRUZEIRO DO SUL;80003;P806;UNIDADE PENITENCIARIA MANOEL NERI DA SILVA
AC;1200302;FEIJO;80004;P5081;CENTRO SOCIOEDUCATIVO DE FEIJO
AC;1200401;RIO BRANCO;80005;P943;CENTRO SOCIOEDUCATIVO ACRE
AC;1200401;RIO BRANCO;80006;P1959;CENTRO SOCIOEDUCATIVO AQUIRY
AC;1200401;RIO BRANCO;80007;P945;CENTRO SOCIOEDUCATIVO MOCINHA MAGALHAES
AC;1200401;RIO BRANCO;80008;P1709;CENTRO SOCIOEDUCATIVO SANTA JULIANA
AC;1200401;RIO BRANCO;80009;P2205;UNIDADE DE REGIME FECHADO  DE RIO BRANCO
AC;1200401;RIO BRANCO;80010;P1595;UNIDADE DE REGIME FECHADO 1
AC;1200401;RIO BRANCO;80011;P1593;UNIDADE DE REGIME FECHADO FEMININO DE RIO BRANCO
AC;1200401;RIO BRANCO;80012;P1364;UNIDADE DE REGIME FECHADO NO 1 DE RIO BRANCO
AC;1200401;RIO BRANCO;80013;P1594;UNIDADE DE REGIME FECHADO NO 2 DE RIO BRANCO
AC;1200401;RIO BRANCO;80014;P268;UNIDADE DE REGIME FECHADO NO 3 DE RIO BRANCO
AC;1200401;RIO BRANCO;80015;P266;UNIDADE DE REGIME SEMIABERTO NO 1 DE RIO BRANCO
AC;1200401;RIO BRANCO;80016;P2302;UNIDADE PRISIONAL NO 7
AC;1200450;SENADOR GUIOMARD;80019;P560;UNIDADE PENITENCIARIA QUINARI
AC;1200500;SENA MADUREIRA;80017;P385;CENTRO SOCIOEDUCATIVO PURUS
AC;1200500;SENA MADUREIRA;80018;P1101;UNIDADE PENITENCIARIA EVARISTO DE MORAES
AC;1200609;TARAUACA;80020;P7672;UNIDADE PENITENCIARIA FEMININA DE TARAUACA
AC;1200609;TARAUACA;80021;P807;UNIDADE PENITENCIARIA MOACIR PRADO
AL;2702900;GIRAU DO PONCIANO;80022;P4097;PRESIDIO DO AGRESTE
AL;2704302;MACEIO;80023;P7827;COLONIA AGROINDUSTRIAL SAO LEONARDO  SEMI ABERTO
AL;2704302;MACEIO;80024;P1155;ESTABELECIMENTO PRISIONAL FEMININO SANTA LUZIA  EPFSL
AL;2704302;MACEIO;80025;P307;ESTABELECIMENTO PRISIONAL RUBENS BRAGA QUINTELLA CAVALCANTI  NRC
AL;2704302;MACEIO;80026;P2469;PENITENCIARIA DE SEGURANCA MAXIMA  PSM2
AL;2704302;MACEIO;80027;P9522;PENITENCIARIA DE SEGURANCA MAXIMA DE MACEIO  PSMM 3
AL;2704302;MACEIO;80028;P861;PENITENCIARIA MASCULINA BALDOMERO CAVALCANTI DE OLIVEIRA  PMBCO
AL;2704302;MACEIO;80029;P860;PRESIDIO DE SEG MEDIA MASCULINO PROF CYRIDIAO DURVAL E SILVA  PSMMPCDS
AL;2704302;MACEIO;80030;P1896;PRESIDIO DE SEGURANCA MAXIMA  PSM1
AL;2704302;MACEIO;80031;P2470;PRESIDIO MILITAR MAJOR PM JOAO KYLLDERES CARDOSO MOREIRA
AL;2704302;MACEIO;80032;P1470;UNIDADE DE INTERNACAO FEMININA
AL;2704302;MACEIO;80033;P1955;UNIDADE DE INTERNACAO JOVENS E ADULTOS UIJA
AL;2704302;MACEIO;80034;P118;UNIDADE DE INTERNACAO MASCULINA
AL;2704302;MACEIO;80035;P2477;UNIDADE DE INTERNACAO MASCULINA DE JOVENS E ADULTOS 2
AL;2704302;MACEIO;80036;P2524;UNIDADE DE INTERNACAO MASCULINA DE JOVENS E ADULTOS 3
AL;2704302;MACEIO;80037;P937;UNIDADE DE INTERNACAO MASCULINA EXTENSAO  UIME AB
AL;2704302;MACEIO;80038;P2476;UNIDADE DE INTERNACAO MASCULINA EXTENSAO 3
AL;2704302;MACEIO;80039;P938;UNIDADE DE INTERNACAO MASCULINA EXTENSAO II
AL;2704302;MACEIO;80040;P1704;UNIDADE DE SEMILIBERDADE MASCULINA
AL;2707701;RIO LARGO;80041;P2523;UNIDADE DE SEMILIBERDADE  MASCULINA RIO LARGO  USM RIO LARGO
AM;1301209;COARI;80042;P1459;UNIDADE PRISIONAL DE COARI
AM;1301704;HUMAITA;80043;P370;UNIDADE PRISIONAL DE HUMAITA
AM;1301902;ITACOATIARA;80044;P1207;UNIDADE PRISIONAL DE ITACOATIARA
AM;1302603;MANAUS;80045;P7302;CENTRO DE DETENCAO FEMININA  CDF
AM;1302603;MANAUS;80046;P1208;CENTRO DE DETENCAO PROVISORIA DE MANAUS I
AM;1302603;MANAUS;80047;P3003;CENTRO DE DETENCAO PROVISORIA DE MANAUS II
AM;1302603;MANAUS;80048;P9564;CENTRO FEMININO DE EDUCACAO E CAPACITACAO  CEFEC
AM;1302603;MANAUS;80049;P1334;CENTRO SOCIOEDUCATIVO DAGMAR FEITOZA
AM;1302603;MANAUS;80050;P1695;COMPLEXO PENITENCIARIO ANISIO JOBIM  REGIME FECHADO
AM;1302603;MANAUS;80051;P3021;ENFERMARIA PSIQUIATRICA CPDM I
AM;1302603;MANAUS;80052;P654;INSTITUTO PENAL ANTONIO TRINDADE
AM;1302603;MANAUS;80053;P373;UNIDADE PRISIONAL DO PURAQUEQUARA
AM;1302603;MANAUS;80054;P3328;UNIDADE PRISIONAL SEMIABERTO MASCULINO  NOVA SEDE
AM;1302900;MAUES;80055;P923;UNIDADE PRISIONAL DE MAUES
AM;1303403;PARINTINS;80056;P111;UNIDADE PRISIONAL DE PARINTINS
AM;1304062;TABATINGA;80057;P112;UNIDADE PRISIONAL DE TABATINGA  SN
AM;1304203;TEFE;80058;P369;UNIDADE PRISIONAL DE TEFE
AP;1600303;MACAPA;80059;P9903;ASSISTENCIA AO EGRESSO ESCRITORIO SOCIAL
AP;1600303;MACAPA;80060;P9926;ASSOCIACAO DE PROTECAO E ASSISTENCIA AO CONDENADO APAC MACAPA
AP;1600303;MACAPA;80061;P388;CENTRO DE CUSTODIA ESPECIAL CCE
AP;1600303;MACAPA;80062;P10491;CENTRO DE CUSTODIA NOVO HORIZONTE CCNH
AP;1600303;MACAPA;80063;P126;CENTRO DE CUSTODIA PROVISORIO
AP;1600303;MACAPA;80064;P946;COLONIA PENAL COLPE
AP;1600303;MACAPA;80065;P932;NUCLEO DE MEDIDA SOCIOEDUCATIVA DE INTERNACAO MASCULINA  CESEIM
AP;1600303;MACAPA;80066;P1960;PENITENCIARIA FEMININA PEF
AP;1600303;MACAPA;80067;P947;PENITENCIARIA MASCULINA PEM
AP;1600303;MACAPA;80068;P10455;UNIDADE PENAL POLICIAL JOSE EDER UPPJE
BA;2903201;BARREIRAS;80069;P2944;CONJUNTO PENAL DE BARREIRAS
BA;2904605;Brumado;80086;P9755;CONJUNTO PENAL DE BRUMADO
BA;2905701;CAMACARI;80070;P1942;CASE IRMA DULCE  COMUNIDADE DE ATENDIMENTO SOCIOEDUCATIVO
BA;2910727;EUNAPOLIS;80071;P866;CONJUNTO PENAL DE EUNAPOLIS
BA;2910800;FEIRA DE SANTANA;80072;P1472;CASE MELLO MATTOS  COMUNIDADE DE ATENDIMENTO SOCIOEDUCATIVO
BA;2910800;FEIRA DE SANTANA;80073;P119;CASE ZILDA ARNS  COMUNIDADE DE ATENDIMENTO SOCIOEDUCATIVO
BA;2910800;FEIRA DE SANTANA;80074;P1410;CONJUNTO PENAL DE FEIRA DE SANTANA
BA;2914604;IRECE;80075;P9753;CONJUNTO DE PENAL DE IRECE
BA;2914802;ITABUNA;80076;P60;CONJUNTO PENAL DE ITABUNA
BA;2918001;JEQUIE;80077;P1899;CONJUNTO PENAL DE JEQUIE
BA;2918407;JUAZEIRO;80078;P1411;CONJUNTO PENAL DE JUAZEIRO
BA;2919207;LAURO DE FREITAS;80079;P1640;CONJUNTO PENAL DE LAURO DE FREITAS
BA;2919207;LAURO DE FREITAS;80080;P10089;COORDENACAO DE CUSTODIA PROVISORIA DA CORREGEDORIA DA POLICIA MILITAR
BA;2924009;PAULO AFONSO;80081;P4437;CONJUNTO PENAL DE PAULO AFONSOBA
BA;2927408;SALVADOR;80082;P312;CADEIA PUBLICA DE SALVADOR
BA;2927408;SALVADOR;80083;P101;CASE FEMININA  COMUNIDADE DE ATENDIMENTO SOCIOEDUCATIVO
BA;2927408;SALVADOR;80084;P380;CASE SALVADOR  COMUNIDADE DE ATENDIMENTO SOCIOEDUCATIVO
BA;2927408;SALVADOR;80085;P309;COLONIA LAFAYETE COUTINHO
BA;2927408;SALVADOR;80087;P1157;CONJUNTO PENAL FEMININO
BA;2927408;SALVADOR;80088;P2942;CONJUNTO PENAL MASCULINO DE SALVADOR
BA;2927408;SALVADOR;80089;P10422;ESCRITORIO SOACIAL
BA;2927408;SALVADOR;80090;P865;PENITENCIARIA LEMOS BRITO
BA;2927408;SALVADOR;80091;P1898;PRESIDIO SALVADOR
BA;2930501;SERRINHA;80092;P59;CONJUNTO PENAL DE SERRINHA
BA;2930709;SIMOES FILHO;80093;P6005;COLONIA PENAL DE SIMOES FILHO
BA;2931350;TEIXEIRA DE FREITAS;80094;P1409;CONJUNTO PENAL DE TEIXEIRA DE FREITAS
BA;2932903;VALENCA;80095;P1156;CONJUNTO PENAL DE VALENCA
BA;2933307;VITORIA DA CONQUISTA;80096;P8311;CASE PROFESSOR WANDERLINO NOGUEIRA NETO
BA;2933307;VITORIA DA CONQUISTA;80097;P1641;CONJUNTO PENAL ADVOGADO NILTON GONCALVES
BA;2933307;VITORIA DA CONQUISTA;80098;P2124;CONJUNTO PENAL DE VITORIA DA CONQUISTA
CE;2301000;AQUIRAZ;80099;P1184;CADEIA PUBLICA DE HORIZONTE
CE;2301000;AQUIRAZ;80100;P2984;CENTRO DE DETENCAO PROVISORIA
CE;2301000;AQUIRAZ;80101;P887;INSTITUTO PENAL FEMININO DESA AURI MOURA COSTAIPF
CE;2301000;AQUIRAZ;80102;P2226;UNIDADE PRISIONAL IRMA MARIA IMELDA LIMA PONTES
CE;2303709;CAUCAIA;80104;P360;CASA DE PRIVACAO PROVISORIA DE LIBERDADE DES FCO ADALBERTO OLIVEIRA BARROS LEAL
CE;2303808;CEDRO;80105;P93;CADEIA PUBLICA DE CEDRO
CE;2304103;CRATEUS;80106;P913;UNIDADE DE SEMILIBERDADE DA REGIAO DE CRATEUS
CE;2304202;CRATO;80107;P1435;CADEIA PUBLICA DE CRATO
CE;2304285;Eusébio;80117;P9704;INSTITUTO PSIQUIATRICO GOVERNADOR STENIO GOMES
CE;2304400;FORTALEZA;80108;P362;CENTRO EDUCACIONAL CARDEAL ALOISIO LORSCHEIDER
CE;2304400;FORTALEZA;80109;P1682;CENTRO EDUCACIONAL DOM BOSCO
CE;2304400;FORTALEZA;80110;P102;CENTRO EDUCACIONAL PATATIVA DO ASSARE
CE;2304400;FORTALEZA;80111;P914;CENTRO EDUCACIONAL SAO FRANCISCO
CE;2304400;FORTALEZA;80112;P1195;CENTRO EDUCACIONAL SAO MIGUEL
CE;2304400;FORTALEZA;80113;P1194;CENTRO SOCIOEDUCATIVO ALDACI BARBOSA MOTA
CE;2304400;FORTALEZA;80114;P9343;CENTRO SOCIOEDUCATIVO ANTONIO BEZERRA
CE;2304400;FORTALEZA;80115;P2539;CENTRO SOCIOEDUCATIVO CANINDEZINHO
CE;2304400;FORTALEZA;80116;P915;CENTRO SOCIOEDUCATIVO PASSARE
CE;2304400;FORTALEZA;80118;P5201;PRESIDIO MILITAR
CE;2304400;FORTALEZA;80119;P1450;SEMILIBERDADE MARTIR FRANCISCA
CE;2304459;FORTIM;80120;P1441;CADEIA PUBLICA DE FORTIM
CE;2305407;ICO;80121;P94;CADEIA PUBLICA DE ICO
CE;2305506;IGUATU;80122;P912;UNIDADE DE SEMILIBERDADE REGIONAL DE IGUATU
CE;2306256;ITAITINGA;80123;P631;CASA DE PRIVACAO PROVISORIA DE LIBERDADE  AGENTE LUCIANO ANDRADE LIMA
CE;2306256;ITAITINGA;80124;P1924;CASA DE PRIVACAO PROVISORIA DE LIBERDADE AGENTE PENITENCIARIO ELIAS ALVES DA SILVA
CE;2306256;ITAITINGA;80125;P633;CASA DE PRIVACAO PROVISORIA DE LIBERDADECPPLII
CE;2306256;ITAITINGA;80126;P1429;CASA DE PRIVACAO PROVISORIA DE LIBERDADECPPLIII
CE;2306256;ITAITINGA;80127;P2526;CENTRO DE EXECUCAO PENAL E INTEGRACAO SOCIAL VASCO DAMASCENO WEYNE
CE;2306256;ITAITINGA;80128;P2569;CENTRO DE TRIAGEM E OBSERVACAO CRIMINOLOGICA
CE;2306256;ITAITINGA;80129;P903;INSTITUTO PRESIDIO PROFESSOR OLAVO OLIVEIRA II
CE;2306256;ITAITINGA;80130;P4311;UNIDADE PRISIONAL DE ENSINO CAPACITACAO E TRABALHO DE ITAITINGA
CE;2306256;ITAITINGA;80131;P9563;UNIDADE PRISIONAL DE SEGURANCA MAXIMA DO ESTADO DO CEARA UPMAXIMA
CE;2306256;ITAITINGA;80132;P2983;UNIDADE PRISIONAL PROFESSOR JOSE SOBREIRA DE AMORIM
CE;2307304;JUAZEIRO DO NORTE;80133;P911;CENTRO DE SEMILIBERDADE DE JUAZEIRO DO NORTE
CE;2307304;JUAZEIRO DO NORTE;80134;P650;CENTRO SOCIOEDUCATIVO JOSE BEZERRA DE MENEZES
CE;2307304;JUAZEIRO DO NORTE;80135;P6521;CENTRO SOCIOEDUCATIVO PADRE CICERO
CE;2307304;JUAZEIRO DO NORTE;80136;P1927;PENITENCIARIO INDUSTRIAL REGIONAL DO CARIRI
CE;2307304;Juazeiro do Norte;80103;P2283;CADEIA PUBLICA DE JUAZEIRO DO NORTE  MASCULINA
CE;2307650;MARACANAU;80137;P11827;UNIDADE PRISIONAL DE MARACANAU UP DE MARACANAU
CE;2309706;PACATUBA;80138;P1922;PENITENCIARIA FRANCISCO HELIO VIANA DE ARAUJO  PFHVA
CE;2312908;SOBRAL;80139;P85;CADEIA PUBLICA DE SOBRAL
CE;2312908;SOBRAL;80140;P3324;CENTRO SOCIOEDUCATIVO DE SOBRAL
CE;2312908;SOBRAL;80141;P916;CENTRO SOCIOEDUCATIVO DR ZEQUIINHA PARENTE
CE;2312908;SOBRAL;80142;P349;PENITENCIARIO INDUSTRIAL REGIONAL DE SOBRAL
CE;2313401;TIANGUA;80143;P9516;UNIDADE PRISIONAL  DE ENSINO CAPACITACAO E TRABALHO  DE TIANGUA CEARA
DF;5300108;BRASILIA;80144;P1363;CENTRO DE DETENCAO PROVISORIA CDP
DF;5300108;BRASILIA;80145;P3;CENTRO DE INTERNAMENTO E REEDUCACAO  CIR
DF;5300108;BRASILIA;80146;P559;CENTRO DE PROGRESSAO PENITENCIARIA CPP
DF;5300108;BRASILIA;80147;P10074;NUCLEO DE CUSTODIA DA POLICIA MILITAR DO DISTRITO FEDERAL
DF;5300108;BRASILIA;80148;P2;PENITENCIARIA DO DISTRITO FEDERAL I  PDFI
DF;5300108;BRASILIA;80149;P558;PENITENCIARIA DO DISTRITO FEDERAL II  PDFII
DF;5300108;BRASILIA;80150;P1362;PENITENCIARIA DO DISTRITO FEDERAL IV  PDFIV
DF;5300108;BRASILIA;80151;P3186;PENITENCIARIA FEDERAL EM BRASILIADF
DF;5300108;BRASILIA;80152;P1096;PENITENCIARIA FEMININA DO DISTRITO FEDERAL  PFDF
DF;5300108;BRASILIA;80153;P3511;UNIDADE DE INTERNACAO DE BRAZLANDIA  UIBRA
DF;5300108;BRASILIA;80154;P941;UNIDADE DE INTERNACAO DE PLANALTINAUIP
DF;5300108;BRASILIA;80155;P942;UNIDADE DE INTERNACAO DE SAIDA SISTEMATICA UNISS
DF;5300108;BRASILIA;80156;P124;UNIDADE DE INTERNACAO DE SANTA MARIAUISM
DF;5300108;BRASILIA;80157;P125;UNIDADE DE INTERNACAO DE SAO SEBASTIAO UISS
DF;5300108;BRASILIA;80158;P1217;UNIDADE DE INTERNACAO DO RECANTO DAS EMASUNIRE
ES;3200607;ARACRUZ;80159;P432;CENTRO DE DETENCAO PROVISORIA DE ARACRUZ CDPA
ES;3200904;BARRA DE SAO FRANCISCO;80160;P172;PENITENCIARIA REGIONAL DE BARRA DE SAO FRANCISCO
ES;3201209;CACHOEIRO DE ITAPEMIRIM;80161;P150;ASSOCIACAO DE PROTECAO E ASSISTENCIA AOS CONDENADOS
ES;3201209;CACHOEIRO DE ITAPEMIRIM;80162;P2510;CENTRO DE DETENCAO PROVISORIA DE CACHOEIRO DE ITAPEMIRIM  CDPCI
ES;3201209;CACHOEIRO DE ITAPEMIRIM;80163;P1516;CENTRO PRISIONAL FEMININO DE CACHOEIRO DE ITAPEMIRIM
ES;3201209;CACHOEIRO DE ITAPEMIRIM;80164;P714;PENITENCIARIA REGIONAL DE CACHOEIRO DE ITAPEMIRIM
ES;3201209;CACHOEIRO DE ITAPEMIRIM;80165;P652;UNIDADE DE INTERNACAO REGIONAL SUL
ES;3201308;CARIACICA;80166;P1493;CENTRO PRISIONAL FEMININO DE CARIACICACPFC
ES;3201308;CARIACICA;80167;P1196;CENTRO SOCIOEDUCATIVO DE ATENDIMENTO AO ADOLESCENTE EM CONFLITO COM A LEI  CSE
ES;3201308;CARIACICA;80168;P3421;ESPACO PEDAGOGICO
ES;3201308;CARIACICA;80169;P1271;PENITENCIARIA SEMIABERTA DE CARIACICA
ES;3201308;CARIACICA;80170;P1694;UNIDADE DE INTERNACAO PROVISORIA  UNIP I
ES;3201308;CARIACICA;80171;P1458;UNIDADE FEMININA DE INTERNACAO  UFI
ES;3201506;COLATINA;80172;P464;CENTRO DE DETENCAO PROVISORIO DE COLATINA
ES;3201506;COLATINA;80173;P2015;CENTRO PRISIONAL FEMININO DE COLATINA
ES;3201506;COLATINA;80174;P434;PENITENCIARIA DE SEGURANCA MEDIA DE COLATINA
ES;3201506;COLATINA;80175;P716;PENITENCIARIA SEMIABERTA MASCULINA DE COLATINA
ES;3202405;GUARAPARI;80176;P171;CENTRO DE DETENCAO PROVISORIA DE GUARAPARI  CDPG
ES;3203205;LINHARES;80177;P151;CENTRO DE RESSOCIALIZACAO DE LINHARES
ES;3203205;LINHARES;80178;P173;PENITENCIARIA REGIONAL DE LINHARES
ES;3203205;LINHARES;80179;P1945;UNIDADE DE INTERNACAO REGIONAL NORTE
ES;3203320;MARATAIZES;80180;P1519;CENTRO DE DETENCAO PROVISORIA DE MARATAIZES
ES;3204658;SAO DOMINGOS DO NORTE;80181;P435;CDPSDN  CENTRO DE DETENCAO PROVISORIA DE SAO DOMINGOS DO NORTEES
ES;3204906;SAO MATEUS;80182;P1249;CENTRO DE DETENCAO PROVISORIA DE SAO MATEUS CDPSM
ES;3204906;SAO MATEUS;80183;P1517;PENITENCIARIA REGIONAL DE SAO MATEUS
ES;3204906;SAO MATEUS;80184;P8223;PENITENCIARIA REGIONAL DE SAO MATEUS  ALA FEMININA
ES;3204906;SAO MATEUS;80185;P9630;PENITENCIARIA SEMIABERTA DE SAO MATEUS
ES;3205002;SERRA;80186;P465;CENTRO DE DETENCAO PROVISORIA DE SERRA
ES;3205101;VIANA;80187;P1515;CENTRO DE DETENCAO DE VIANA II
ES;3205101;VIANA;80188;P2016;PENITENCIARIA AGRICOLA DO ESPIRITO SANTO
ES;3205101;VIANA;80189;P715;PENITENCIARIA DE SEGURANCA MAXIMA I PSMA I
ES;3205101;VIANA;80190;P1734;PENITENCIARIA DE SEGURANCA MAXIMA II
ES;3205101;VIANA;80191;P2014;PENITENCIARIA DE SEGURANCA MEDIA I
ES;3205101;VIANA;80192;P433;PENITENCIARIA DE SEGURANCA MEDIA II
ES;3205200;VILA VELHA;80193;P1988;CASA DE CUSTODIA DE VILA VELHA
ES;3205200;VILA VELHA;80194;P1751;CENTRO DE DETENCAO PROVISORIA DE VILHA VELHA
ES;3205200;VILA VELHA;80195;P1010;PENITENCIARIA ESTADUAL DE VILA VELHA I PEVV I
ES;3205200;VILA VELHA;80196;P431;PENITENCIARIA ESTADUAL DE VILA VELHA II
ES;3205200;VILA VELHA;80197;P981;PENITENCIARIA ESTADUAL DE VILA VELHA III PEVV III
ES;3205200;VILA VELHA;80198;P4685;PENITENCIARIA ESTADUAL DE VILA VELHA V
ES;3205200;VILA VELHA;80199;P9512;PENITENCIARIA ESTADUAL DE VILA VELHA VI
ES;3205200;VILA VELHA;80200;P462;PENITENCIARIA SEMIABERTA DE VILA VELHA
ES;3205200;VILA VELHA;80201;P1451;UNIDADE DE INTERNACAO METROPOLITANA  UNIMETRO
ES;3205309;VITORIA;80202;P463;PRESIDIO MILITAR DA PMES
GO;5200134;ACREUNA;80203;P1191;UNIDADE PRISIONAL DE ACREUNA
GO;5200258;AGUAS LINDAS DE GOIAS;80204;P1448;UNIDADE PRISIONAL DE AGUAS LINDAS I
GO;5200258;AGUAS LINDAS DE GOIAS;80205;P9443;UNIDADE PRISIONAL DE AGUAS LINDAS II
GO;5200308;ALEXANIA;80206;P645;UNIDADE PRISIONAL DE ALEXANIA
GO;5200605;ALTO PARAISO DE GOIAS;80207;P7422;UNIDADE PRISIONAL REGIONAL DE ALTO PARAISO DE GOIAS
GO;5201108;ANAPOLIS;80208;P521;CENTRO DE ATENDIMENTO SOCIOEDUCATIVO   CASE ANAPOLIS
GO;5201108;ANAPOLIS;80209;P75;UNIDADE PRISIONAL DE ANAPOLIS
GO;5201306;ANICUNS;80210;P9265;UNIDADE PRISIONAL REGIONAL DE ANICUNS
GO;5201405;APARECIDA DE GOIANIA;80211;P1176;CASA DE PRISAO PROVISORIA DE APARECIDA DE GOIANIA
GO;5201405;APARECIDA DE GOIANIA;80212;P330;NUCLEO DE CUSTODIA
GO;5201405;APARECIDA DE GOIANIA;80213;P1913;PENITENCIARIA CORONEL ODENIR GUIMARAES
GO;5201405;APARECIDA DE GOIANIA;80214;P1171;PENITENCIARIA FEMININA CONSUELO NASSER
GO;5201603;ARACU;80215;P9045;UNIDADE PRISIONAL REGIONAL FEMININO DE ARACU
GO;5201702;ARAGARCAS;80216;P1679;UNIDADE PRISIONAL DE ARAGARCAS
GO;5203203;BARRO ALTO;80217;P2562;UNIDADE PRISIONAL DE BARRO ALTO
GO;5203302;BELA VISTA DE GOIAS;80218;P1658;UNIDADE PRISIONAL DE BELA VISTA
GO;5204409;CAIAPONIA;80219;P5122;UNIDADE PRISIONAL REGIONAL DE CAIAPONIA
GO;5204508;CALDAS NOVAS;80220;P1914;UNIDADE PRISIONAL DE CALDAS NOVAS
GO;5204904;CAMPOS BELOS;80221;P882;UNIDADE PRISIONAL DE CAMPOS BELOS
GO;5205109;CATALAO;80222;P1656;UNIDADE PRISIONAL DE CATALAO
GO;5205406;CERES;80223;P3005;UNIDADE PRISIONAL DE CERES
GO;5205497;CIDADE OCIDENTAL;80224;P1657;UNIDADE PRISIONAL DE CIDADE OCIDENTAL
GO;5206206;CRISTALINA;80225;P880;UNIDADE PRISIONAL DE CRISTALINA
GO;5207402;EDEIA;80226;P9266;UNIDADE PRISIONAL REGIONAL DE EDEIA
GO;5208004;FORMOSA;80227;P1169;CASA DE PRISAO PROVISORIA DE FORMOSA
GO;5208004;FORMOSA;80228;P1333;CENTRO DE ATENDIMENTO SOCIOEDUCATIVO  CASE  FORMOSA
GO;5208004;FORMOSA;80229;P9247;UNIDADE PRISIONAL ESTADUAL DE FORMOSA
GO;5208004;FORMOSA;80230;P5601;UNIDADE PRISIONAL REGIONAL FEMININA DE FORMOSA
GO;5208400;GOIANAPOLIS;80231;P2564;UNIDADE PRISIONAL DE GOIANAPOLIS
GO;5208608;GOIANESIA;80232;P1173;UNIDADE PRISIONAL DE GOIANESIA
GO;5208707;GOIANIA;80233;P883;CASA DO ALBERGADO MINISTRO GUIMARAES NATAL
GO;5208707;GOIANIA;80234;P223;CENTRO DE ATENDIMENTO SOCIOEDUCATIVO CASE  GOIANIA
GO;5208707;GOIANIA;80235;P10371;PRESIDIO MILITAR CCDPM
GO;5208905;GOIAS;80236;P1680;UNIDADE PRISIONAL DE GOIAS
GO;5208905;GOIAS;80237;P4328;UNIDADE PRISIONAL DE URUANA
GO;5209952;INDIARA;80238;P5144;UNIDADE PRISIONAL REGIONAL DE INDIARA
GO;5210000;INHUMAS;80239;P646;UNIDADE PRISIONAL DE INHUMAS
GO;5210109;IPAMERI;80240;P648;UNIDADE PRISIONAL DE IPAMERI
GO;5210208;IPORA;80241;P5722;UNIDADE PRISIONAL REGIONAL DE IPORA
GO;5210307;ISRAELANDIA;80242;P3365;UNIDADE PRISONAL DE ISRAELANDIA
GO;5210406;ITABERAI;80243;P10026;CENTRO DE ATENDIMENTO SOCIOEDUCATIVO DE ITABERAI
GO;5210406;ITABERAI;80244;P73;UNIDADE PRISIONAL DE ITABERAI
GO;5211206;ITAPURANGA;80245;P1192;UNIDADE PRISIONAL DE ITAPURANGA
GO;5211404;ITAUCU;80246;P4459;UNIDADE PRISIONAL REGIONAL DE ITAUCU
GO;5211503;ITUMBIARA;80247;P525;CENTRO DE ATENDIMENTO SOCIOEDUCATIVO  CASE ITUMBIARA
GO;5211503;ITUMBIARA;80248;P78;UNIDADE PRISIONAL DE ITUMBIARA
GO;5211800;JARAGUA;80249;P1167;UNIDADE PRISIONAL DE JARAGUA
GO;5211909;JATAI;80250;P4805;UNIDADE PRISIONAL REGIONAL DE JATAI
GO;5212204;JUSSARA;80251;P4506;UNIDADE PRISIONAL REGIONAL DE JUSSARA
GO;5212501;LUZIANIA;80252;P329;CASA DE PRISAO PROVISORIA DE LUZIANIA
GO;5212501;LUZIANIA;80253;P221;CENTRO DE ATENDIMENTO SOCIOEDUCATIVO  CASE  LUZIANIA
GO;5212501;LUZIANIA;80254;P336;PENITENCIARIA FEMININA DE LUZIANIA
GO;5212501;LUZIANIA;80255;P8224;UNIDADE REGIONAL PRISIONAL DE LUZIANIA
GO;5213087;MINACU;80256;P649;UNIDADE PRISIONAL DE MINACU  UPM
GO;5213806;MORRINHOS;80257;P629;UNIDADE PRISIONAL DE MORRINHOS
GO;5214002;MOZARLANDIA;80258;P908;UNIDADE PRISIONAL DE MOZARLANDIA
GO;5214606;NIQUELANDIA;80259;P881;UNIDADE PRISIONAL DE NIQUELANDIA
GO;5214838;NOVA CRIXAS;80260;P4486;UNIDADE PRISIONAL DE NOVA CRIXAS
GO;5215231;NOVO GAMA;80261;P333;UNIDADE PRISIONAL DE NOVO GAMA
GO;5215306;ORIZONA;80262;P4388;UNIDADE PRISIONAL REGIONAL FEMININA DE ORIZONA
GO;5215603;PADRE BERNARDO;80263;P1655;UNIDADE PRISIONAL DE PADRE BERNARDO
GO;5215702;PALMEIRAS DE GOIAS;80264;P1193;UNIDADE PRISIONAL DE PALMEIRAS
GO;5217401;PIRES DO RIO;80265;P4399;UNIDADE PRISIONAL DE PIRES DO RIO
GO;5217609;PLANALTINA;80266;P877;UNIDADE PRISIONAL DE PLANALTINA
GO;5217609;PLANALTINA;80267;P9249;UNIDADE PRISIONAL ESPECIAL DE PLANALTINA
GO;5217708;PONTALINA;80268;P8702;UNIDADE PRISIONAL REGIONAL DE PONTALINA
GO;5218003;PORANGATU;80269;P772;CENTRO DE ATENDIMENTO SOCIOEDUCATIVO  CASE PORANGATU
GO;5218003;PORANGATU;80270;P1175;UNIDADE PRISIONAL DE PORANGATU
GO;5218300;POSSE;80271;P884;UNIDADE PRISIONAL DE POSSE
GO;5218508;QUIRINOPOLIS;80272;P1659;UNIDADE PRISIONAL DE QUIRINOPOLIS
GO;5218805;RIO VERDE;80273;P878;CASA DE PRISAO PROVISORIA DE RIO VERDE
GO;5218805;RIO VERDE;80274;P337;UNIDADE PRISIONAL DE RIO VERDE
GO;5218904;RUBIATABA;80275;P2563;UNIDADE PRISIONAL DE RUBIATABA
GO;5219001;SANCLERLANDIA;80276;P4452;UNIDADE PRISIONAL DE SANCLERLANDIA
GO;5219308;SANTA HELENA DE GOIAS;80277;P1911;UNIDADE PRISIONAL DE SANTA HELENA
GO;5219753;SANTO ANTONIO DO DESCOBERTO;80278;P334;UNIDADE PRISIONAL DE SANTO ANTONIO DO DESCOBERTO
GO;5220108;SAO LUIS DE MONTES BELOS;80279;P1446;UNIDADE PRISIONAL DE SAO LUIS DE MONTES BELOS
GO;5220207;SAO MIGUEL DO ARAGUAIA;80280;P1177;UNIDADE PRISIONAL DE SAO MIGUEL DO ARAGUAIA
GO;5220454;SENADOR CANEDO;80281;P1449;UNIDADE PRISIONAL REGIONAL SENADOR CANEDO
GO;5220603;SILVANIA;80282;P3006;UNIDADE PRISIONAL DE SILVANIA
GO;5220686;SIMOLANDIA;80283;P1939;UNIDADE PRISIONAL DE SIMOLANDIA
GO;5221403;TRINDADE;80284;P1444;UNIDADE PRISIONAL DE TRINDADE
GO;5221601;URUACU;80285;P1653;UNIDADE PRISIONAL DE URUACU
GO;5221858;VALPARAISO DE GOIAS;80286;P1172;UNIDADE PRISIONAL DE VALPARAISO
MA;2100055;ACAILANDIA;80287;P2172;UPR DE ACAILANDIA
MA;2101202;BACABAL;80288;P6843;APAC BACABAL
MA;2101202;BACABAL;80289;P2173;PENITENCIA REGIONAL DE  BACABAL
MA;2101400;BALSAS;80290;P2324;UPR DE BALSAS
MA;2101608;BARRA DO CORDA;80291;P3371;UNIDADE PRISIONAL DE BARRA DO CORDA
MA;2102101;BREJO;80292;P11431;PENITENCIARIA REGIONAL DE BREJO
MA;2102804;CAROLINA;80293;P3605;UNIDADE PRISIONAL DE CAROLINA
MA;2103000;CAXIAS;80294;P9484;UNIDADE PRISIONAL DE RESSOCIALIZACAO DE CAXIAS
MA;2103208;CHAPADINHA;80295;P1624;UPR DE CHAPADINHA
MA;2103307;CODO;80296;P2322;UPR DE CODO
MA;2103505;COLINAS;80297;P3082;UNIDADE PRISIONAL DE COLINAS
MA;2103604;COROATA;80298;P2228;UPR DE COROATA
MA;2103752;DAVINOPOLIS;80299;P1882;UNIDADE PRISIONAL DE RESSOCIALIZACAO DE DAVINOPOLIS
MA;2104305;GODOFREDO VIANA;80300;P5781;UNIDADE PRISIONAL DE RESSOCIALIZACAO DE GODOFREDO VIANA
MA;2104677;GOVERNADOR NUNES FREIRE;80301;P4497;UNIDADE PRISIONAL DE RESSOCIALIZACAO GOVERNADOR NUNES FREIRE
MA;2104800;GRAJAU;80302;P2542;UPR DE GRAJAU
MA;2105302;IMPERATRIZ;80303;P2543;APAC DE IMPERATRIZ
MA;2105302;IMPERATRIZ;80304;P2529;PENITENCIARIA REGIONAL DE IMPERATRIZ
MA;2105302;IMPERATRIZ;80305;P839;UPR DE IMPERATRIZ
MA;2105401;ITAPECURU MIRIM;80306;P2544;APAC DE ITAPECURUMIRIM
MA;2105401;ITAPECURU MIRIM;80307;P2195;UPR DE ITAPECURU MIRIM
MA;2107506;PACO DO LUMIAR;80308;P2537;APAC DE SAO LUIS
MA;2107506;PACO DO LUMIAR;80309;P2550;CENTRO SOCIOEDUCATIVO DE INTERNACAO  SITIO NOVA VIDA
MA;2107506;PACO DO LUMIAR;80310;P2479;UPR DE PACO DO LUMIAR
MA;2108207;PEDREIRAS;80311;P2198;APAC PEDREIRAS
MA;2108207;PEDREIRAS;80312;P37;PENITENCIARIA REGIONAL DE PEDREIRAS
MA;2108603;PINHEIRO;80313;P2541;PENITENCIARIA REGIONAL DE PINHEIRO
MA;2108603;PINHEIRO;80314;P3372;UNIDADE PRISIONAL DE RESSOCIALIZACAO DE PINHEIRO
MA;2109007;PORTO FRANCO;80315;P2323;UPR DE PORTO DE FRANCO
MA;2109106;PRESIDENTE DUTRA;80316;P2500;UPR DE PRESIDENTE DUTRA
MA;2109601;ROSARIO;80317;P1626;UNIDADE PRISIONAL DE RESSOCIALIZACAO ROSARIO
MA;2109908;SANTA INES;80318;P601;UPR DE SANTA INES
MA;2111102;SAO JOAO DOS PATOS;80319;P3045;UNIDADE PRISIONAL DE SAO JOAO DOS PATOS
MA;2111300;SAO LUIS;80320;P11385;CASA DE SEMILIBERDADE SAO LUIS
MA;2111300;SAO LUIS;80321;P365;CENTRO DA JUVENTUDE FLORESCER
MA;2111300;SAO LUIS;80322;P9641;CENTRO DE OBSERVACAO CRIMINOLOGICA E TRIAGEM DE SAO LUIS  COCT
MA;2111300;SAO LUIS;80323;P3507;CENTRO SOCIOEDUCATIVO DE INTERNACAO SAO CRISTOVAO
MA;2111300;SAO LUIS;80324;P1943;CENTRO SOCIOEDUCATIVO DE INTERNACAO SAO JOSE DE RIBAMAR
MA;2111300;SAO LUIS;80325;P38;PENITENCIARIA REGIONAL DE SAO LUIS
MA;2111300;SAO LUIS;80326;P3662;UNIDADE PRISIONAL DE RESSOCIALIZACAO DE SEGURANCA MAXIMA
MA;2111300;SAO LUIS;80327;P599;UNIDADE PRISIONAL DE RESSOCIALIZACAO DO OLHO DAGUA
MA;2111300;SAO LUIS;80328;P1140;UNIDADE PRISIONAL DE RESSOCIALIZACAO MONTE CASTELO
MA;2111300;SAO LUIS;80329;P598;UPR  FEMININA
MA;2111300;SAO LUIS;80330;P1139;UPR DE SAO LUIS 3
MA;2111300;SAO LUIS;80331;P840;UPR DO ANIL
MA;2111300;SAO LUIS;80332;P1623;UPR SAO LUIS 1
MA;2111300;SAO LUIS;80333;P1881;UPR SAO LUIS 2
MA;2111300;SAO LUIS;80334;P1396;UPR SAO LUIS 4
MA;2111300;SAO LUIS;80335;P2533;UPR SAO LUIS 5
MA;2111300;SAO LUIS;80336;P841;UPR SAO LUIS 6
MA;2111300;SAO LUIS;80337;P6963;UPSL 7SAO LUIS 7
MA;2112209;TIMON;80338;P2229;APAC TIMON
MA;2112209;TIMON;80339;P3088;PENITENCIARIA REGIONAL DE TIMON
MA;2112209;TIMON;80340;P11393;UNIDADE PRISIONAL DE REITEGRACAO SOCIAL FEMININA DE TIMON  UPRSFEMTIMON
MA;2112209;TIMON;80341;P1395;UPR DE TIMON
MA;2112803;VIANA;80342;P2534;APAC DE VIANA
MA;2112803;VIANA;80343;P5145;APAC ESTADUAL FEMININA DE VIANA
MA;2112803;VIANA;80344;P2538;UPR DE VIANA
MA;2114007;ZE DOCA;80345;P2532;UPR DE ZE DOCA
MG;3100203;ABAETE;80346;P1772;PRESIDIO DE ABAETE
MG;3100302;ABRE CAMPO;80347;P1299;PRESIDIO DE ABRE CAMPO
MG;3101607;ALFENAS;80348;P1767;PRESIDIO DE ALFENAS
MG;3101706;ALMENARA;80349;P9713;APAC DE ALMENARA
MG;3101706;ALMENARA;80350;P1025;PRESIDIO DE ALMENARA
MG;3102605;ANDRADAS;80351;P177;PRESIDIO DE ANDRADAS
MG;3103405;ARACUAI;80352;P990;PRESIDIO DOUTOR CARLOS VITORIANO
MG;3103504;ARAGUARI;80353;P2028;PRESIDIO DE ARAGUARI
MG;3104007;ARAXA;80354;P2244;APAC ARAXA
MG;3104007;ARAXA;80355;P1526;PRESIDIO DE ARAXA
MG;3104205;ARCOS;80356;P441;APAC ARCOS
MG;3105400;BARAO DE COCAIS;80358;P2033;PRESIDIO DE BARAO DE COCAIS
MG;3105608;BARBACENA;80359;P176;HOSPITAL PSIQUIATRICO E JUDICIARIO JORGE VAZ
MG;3105608;BARBACENA;80360;P1529;PRESIDIO DE BARBACENA
MG;3106200;BELO HORIZONTE;80361;P4396;APAC FEMININA DE BELO HORIZONTE
MG;3106200;BELO HORIZONTE;80362;P4150;CASA DE CUSTODIA DA POLICIA CIVIL
MG;3106200;BELO HORIZONTE;80363;P528;CENTRO  SOCIOEDUCATIVO SAO JERONIMO  CSESJ
MG;3106200;BELO HORIZONTE;80364;P1573;CENTRO SOCIOEDUCATIVO SANTA CLARA
MG;3106200;BELO HORIZONTE;80365;P2024;COMPLEXO PENITENCIARIO FEMININO ESTEVAO PINTO
MG;3106200;BELO HORIZONTE;80366;P11863;UNIDADE MILITAR 13A BPM
MG;3106200;BELO HORIZONTE;80367;P11883;UNIDADE MILITAR 16A BPM
MG;3106200;BELO HORIZONTE;80368;P10136;UNIDADE MILITAR PRISIONAL 1O BPM
MG;3106705;BETIM;80369;P7301;APAC BETIM
MG;3106903;BICAS;80370;P2489;PRESIDIO DE BICAS
MG;3107109;BOA ESPERANCA;80371;P1028;PRESIDIO DE BOA ESPERANCA
MG;3107307;BOCAIUVA;80372;P2464;PRESIDIO DE BOCAIUVA
MG;3109303;BURITIS;80373;P2466;PRESIDIO DE BURITIS
MG;3111200;CAMPO BELO;80374;P703;APAC CAMPO BELO
MG;3111200;CAMPO BELO;80375;P9798;PRESIDIO DE CAMPO BELO
MG;3111804;CANAPOLIS;80376;P2405;PRESIDIO DE CANAPOLIS
MG;3113404;CARATINGA;80377;P1498;APAC DE CARATINGA
MG;3113404;CARATINGA;80378;P1286;PRESIDIO DE CARATINGA
MG;3113701;CARLOS CHAGAS;80379;P7083;PRESIDIO DE CARLOS CHAGAS
MG;3114303;CARMO DO PARANAIBA;80380;P181;COMPLEXO PENITENCIARIO NOSSA SENHORA DO CARMO
MG;3115300;CATAGUASES;80381;P1520;PRESIDIO DE CATAGUASES
MG;3117306;CONCEICAO DAS ALAGOAS;80382;P5265;APAC DE CONCEICAO DAS ALAGOAS
MG;3118007;CONGONHAS;80383;P2494;PRESIDIO DE CONGONHAS
MG;3118304;CONSELHEIRO LAFAIETE;80384;P1499;APAC DE CONSELHEIRO LAFAIETE
MG;3118304;CONSELHEIRO LAFAIETE;80385;P3385;APAC FEMININA DE CONSELHEIRO LAFAIETE
MG;3118304;CONSELHEIRO LAFAIETE;80386;P739;PRESIDIO DE CONSELHEIRO LAFAIETE
MG;3118403;CONSELHEIRO PENA;80387;P717;PRESIDIO DE CONSELHEIRO PENA
MG;3118601;CONTAGEM;80388;P180;COMPLEXO PENITENCIARIO NELSON HUNGRIA
MG;3118601;CONTAGEM;80389;P10783;UNIDADE MILITAR PRISIONAL 39O BPM
MG;3119104;CORINTO;80390;P2406;PRESIDIO DE CORINTO
MG;3119302;COROMANDEL;80391;P1761;PRESIDIO SARGENTO JORGE
MG;3119401;CORONEL FABRICIANO;80392;P2019;PRESIDIO DE CORONEL FABRICIANO
MG;3120904;CURVELO;80393;P179;PRESIDIO DE CURVELO
MG;3121605;DIAMANTINA;80394;P492;PRESIDIO DE DIAMANTINA
MG;3122306;DIVINOPOLIS;80395;P9864;APAC DE DIVINOPOLIS
MG;3122306;DIVINOPOLIS;80396;P2062;CENTRO SOCIOEDUCATIVO DIVINOPOLIS  CSEDV
MG;3122306;DIVINOPOLIS;80397;P1528;PRESIDIO FLORAMAR
MG;3124005;ERVALIA;80398;P1784;PRESIDIO DE ERVALIA
MG;3124906;EUGENOPOLIS;80399;P1254;PRESIDIO DE EUGENOPOLIS
MG;3126109;FORMIGA;80400;P1523;PENITENCIARIA DE FORMIGA
MG;3126703;FRANCISCO SA;80401;P1766;PENITENCIARIA DE FRANCISCO SA
MG;3127107;FRUTAL;80402;P1739;APAC DE FRUTAL
MG;3127107;FRUTAL;80403;P7261;APAC FEMININA DE FRUTAL
MG;3127107;FRUTAL;80404;P469;PRESIDIO DE FRUTAL
MG;3127701;GOVERNADOR VALADARES;80405;P228;CENTRO SOCIOEDUCATIVO GOVERNADOR VALADARES  CSEGV
MG;3127701;GOVERNADOR VALADARES;80406;P1024;PENITENCIARIA FRANCISCO FLORIANO DE PAULA
MG;3127701;GOVERNADOR VALADARES;80407;P1752;PRESIDIO DE GOVERNADOR VALADARES
MG;3128006;GUANHAES;80408;P10284;APAC GUANHAES
MG;3128006;GUANHAES;80409;P1497;PRESIDIO DE GUANHAES
MG;3128303;GUARANESIA;80410;P742;PRESIDIO DE GUARANESIAGUAXUPE
MG;3130903;INHAPIM;80411;P2245;APAC INHAPIM
MG;3130903;INHAPIM;80412;P1276;PRESIDIO DE INHAPIM
MG;3131158;IPABA;80413;P484;PENITENCIARIA DENIO MOREIRA DE CARVALHO
MG;3131307;IPATINGA;80414;P4439;CENTRO SOCIOEDUCATIVO IPATINGA
MG;3131307;IPATINGA;80415;P1771;CERESP  IPATINGA
MG;3131703;ITABIRA;80357;P5124;APAC ITABIRA
MG;3131901;ITABIRITO;80416;P5181;APAC DE ITABIRITO
MG;3132404;ITAJUBA;80417;P1525;PRESIDIO DE ITAJUBA
MG;3132503;ITAMARANDIBA;80418;P2448;PRESIDIO DE ITAMARANDIBA
MG;3133303;ITAOBIM;80419;P175;PRESIDIO DE ITAOBIM
MG;3133808;ITAUNA;80420;P989;APAC FEMININA DE ITAUNA
MG;3133808;ITAUNA;80421;P1736;APAC MASCULINA DE ITAUNA
MG;3133808;ITAUNA;80422;P984;PRESIDIO DE ITAUNA
MG;3134202;ITUIUTABA;80423;P200;APAC ITUIUTABA
MG;3134202;ITUIUTABA;80424;P157;PRESIDIO DE ITUIUTABA
MG;3134400;ITURAMA;80425;P1255;PRESIDIO DE ITURAMA
MG;3134608;JABOTICATUBAS;80426;P1501;PRESIDIO DE JABOTICATUBAS
MG;3134707;JACINTO;80427;P2412;PRESIDIO DE JACINTO
MG;3135100;JANAUBA;80428;P737;PRESIDIO DE JANAUBA
MG;3135209;JANUARIA;80429;P1783;APAC DE JANUARIA
MG;3135209;JANUARIA;80430;P1763;PRESIDIO DE JANUARIA
MG;3135803;JEQUITINHONHA;80431;P1301;PRESIDIO DE JEQUITINHONHA
MG;3136207;JOAO MONLEVADE;80432;P203;PRESIDIO DE JOAO MONLEVADE
MG;3136306;JOAO PINHEIRO;80433;P1287;PRESIDIO DE JOAO PINHEIRO
MG;3136702;JUIZ DE FORA;80434;P1821;CENTRO SOCIOEDUCATIVO JUIZ DE FORA  CSEJF
MG;3136702;JUIZ DE FORA;80435;P6006;PENITENCIARIA ARIOSVALDO DE CAMPOS PIRES
MG;3136702;JUIZ DE FORA;80436;P726;PENITENCIARIA JOSE EDSON CAVALIERI
MG;3137205;LAGOA DA PRATA;80437;P985;APAC DE LAGOA DA PRATA
MG;3137601;LAGOA SANTA;80438;P198;PRESIDIO DE LAGOA SANTA
MG;3138203;LAVRAS;80439;P1279;PRESIDIO DE LAVRAS
MG;3138401;LEOPOLDINA;80440;P487;PRESIDIO DE LEOPOLDINA
MG;3138807;LUZ;80441;P2450;PRESIDIO DE LUZ
MG;3139201;MALACACHETA;80442;P2451;PRESIDIO DE MALACACHETA
MG;3139300;MANGA;80443;P1541;PRESIDIO DE MANGA
MG;3139409;MANHUACU;80444;P154;APAC DE MANHUACU
MG;3139409;MANHUACU;80445;P468;PRESIDIO DE MANHUACU
MG;3139508;MANHUMIRIM;80446;P4480;APAC MANHUMIRIM
MG;3139508;MANHUMIRIM;80447;P983;PRESIDIO DE MANHUMIRIM
MG;3139607;MANTENA;80448;P1782;PRESIDIO DE MANTENA
MG;3140001;MARIANA;80449;P1273;PRESIDIO DE MARIANA
MG;3141108;MATOZINHOS;80450;P9243;CASA DE CUSTODIA DO POLICIAL PENAL E AGENTE DE SEGURANCA SOCIOEDUCATIVO
MG;3143104;MONTE CARMELO;80451;P152;PRESIDIO DE MONTE CARMELO
MG;3143203;MONTE SANTO DE MINAS;80452;P10306;PRESIDIO DE MONTE SANTO DE MINAS
MG;3143302;MONTES CLAROS;80453;P526;CENTRO SOCIOEDUCATIVO MONTES CLAROS  CSEMC
MG;3143302;MONTES CLAROS;80454;P1785;PRESIDIO ALVORADA
MG;3143302;MONTES CLAROS;80455;P735;PRESIDIO REGIONAL DE MONTES CLAROS
MG;3143906;MURIAE;80456;P197;PENITENCIARIA DR MANOEL MARTINS LISBOA JR
MG;3143906;MURIAE;80457;P486;PRESIDIO DE MURIAE
MG;3144300;NANUQUE;80458;P1543;PRESIDIO DE NANUQUE
MG;3144607;NEPOMUCENO;80459;P9509;APAC DE NEPOMUCENO
MG;3144706;NOVA ERA;80460;P2454;PRESIDIO DE NOVA ERA
MG;3144805;NOVA LIMA;80461;P436;APAC NOVA LIMA
MG;3145307;NOVO CRUZEIRO;80462;P4475;PRESIDIO DE NOVO CRUZEIRO
MG;3145604;OLIVEIRA;80463;P153;PRESIDIO DR NELSON PIRES
MG;3146107;OURO PRETO;80464;P1283;PRESIDIO DE OURO PRETO
MG;3147006;PARACATU;80466;P155;APAC DE PARACATU
MG;3147006;PARACATU;80467;P991;PRESIDIO DE PARACATU
MG;3147105;PARA DE MINAS;80465;P1274;COMPLEXO PENITENCIARIO DR PIO CANEDO
MG;3147907;PASSOS;80468;P2031;APAC DE PASSOS
MG;3147907;PASSOS;80469;P2801;CENTRO  SOCIOEDUCATIVO DE PASSOS
MG;3147907;PASSOS;80470;P1538;PRESIDIO DE PASSOS
MG;3148004;PATOS DE MINAS;80471;P2471;APAC PATOS DE MINAS
MG;3148004;PATOS DE MINAS;80472;P1774;PRESIDIO SEBASTIAO SATIRO
MG;3148103;PATROCINIO;80473;P699;APAC DE PATROCINIO
MG;3148103;PATROCINIO;80474;P1779;PENITENCIARIA DEP EXPEDITO DE FARIA TAVARES
MG;3148608;PECANHA;80475;P2416;PRESIDIO  DE PECANHA
MG;3148707;PEDRA AZUL;80476;P1502;APAC PEDRA AZUL
MG;3149309;PEDRO LEOPOLDO;80477;P1764;PRESIDIO DE PEDRO LEOPOLDO
MG;3149903;PERDOES;80478;P1252;APAC DE PERDOES
MG;3151206;PIRAPORA;80479;P1540;APAC DE PIRAPORA
MG;3151206;PIRAPORA;80480;P2064;CENTRO SOCIOEDUCATIVO  PIRAPORA  CSEP
MG;3151206;PIRAPORA;80481;P2184;PRESIDIO DE PIRAPORA
MG;3151800;POCOS DE CALDAS;80482;P1527;PRESIDIO DE POCOS DE CALDAS
MG;3152105;PONTE NOVA;80483;P1282;COMPLEXO PENITENCIARIO DE PONTE NOVA
MG;3152501;POUSO ALEGRE;80484;P439;APAC DE POUSO ALEGRE
MG;3152501;POUSO ALEGRE;80485;P2182;APAC FEMIININA DE POUSO ALEGRE
MG;3152501;POUSO ALEGRE;80486;P485;PRESIDIO DE POUSO ALEGRE
MG;3152808;PRATA;80487;P196;PRESIDIO DE PRATA
MG;3153400;PRESIDENTE OLEGARIO;80488;P719;PRESIDIO DE PRESIDENTE OLEGARIO
MG;3154200;RESENDE COSTA;80489;P2455;PRESIDIO  DE RESENDE COSTA
MG;3154606;RIBEIRAO DAS NEVES;80490;P2061;CENTRO SOCIOEDUCATIVO DE RIBEIRAO DAS NEVES  CSERN
MG;3154606;RIBEIRAO DAS NEVES;80491;P718;COMPLEXO PUBLICO PRIVADO  UNIDADE I
MG;3154606;RIBEIRAO DAS NEVES;80492;P199;COMPLEXO PUBLICO PRIVADO  UNIDADE II
MG;3154606;RIBEIRAO DAS NEVES;80493;P1993;COMPLEXO PUBLICO PRIVADO  UNIDADE III
MG;3154606;RIBEIRAO DAS NEVES;80494;P1780;PENITENCIARIA JOSE MARIA ALKIMIN
MG;3154606;RIBEIRAO DAS NEVES;80495;P1023;PRESIDIO ANTONIO DUTRA LADEIRA
MG;3154606;RIBEIRAO DAS NEVES;80496;P738;PRESIDIO INSPETOR JOSE MARTINHO DRUMOND
MG;3154606;RIBEIRAO DAS NEVES;80497;P1280;PRESIDIO JOSE ABRANCHES GONCALVES
MG;3155702;RIO PIRACICABA;80498;P5061;APAC FEMININA DE RIO PIRACICABA
MG;3155801;RIO POMBA;80499;P2473;PRESIDIO  DE RIO POMBA
MG;3156908;SACRAMENTO;80500;P1303;PRESIDIO DE SACRAMENTO
MG;3157005;SALINAS;80501;P2183;APAC SALINAS
MG;3157005;SALINAS;80502;P2301;PRESIDIO DE SALINAS
MG;3157203;SANTA BARBARA;80503;P1027;APAC SANTA BARBARA
MG;3157807;SANTA LUZIA;80504;P988;APAC SANTA LUZIA
MG;3157807;SANTA LUZIA;80505;P1765;PRESIDIO DE SANTA LUZIA
MG;3158201;SANTA MARIA DO SUACUI;80506;P698;APAC DE SANTA MARIA DO SUACUI
MG;3159605;SANTA RITA DO SAPUCAI;80507;P183;PRESIDIO DE SANTA RITA DO SAPUCAI
MG;3159803;SANTA VITORIA;80508;P2458;PRESIDIO  DE SANTA VITORIA
MG;3160702;SANTOS DUMONT;80509;P1545;PRESIDIO DE SANTOS DUMONT
MG;3161106;SAO FRANCISCO;80510;P702;PRESIDIO DE SAO FRANCISCO
MG;3162500;SAO JOAO DEL REI;80511;P156;APAC DE SAO JOAO DEL REI
MG;3162500;SAO JOAO DEL REI;80512;P2287;APAC FEMININA DE SAO JOAO DEL REI
MG;3162500;SAO JOAO DEL REI;80513;P1755;PRESIDIO DE SAO JOAO DEL REI
MG;3162922;SAO JOAQUIM DE BICAS;80514;P1304;PENITENCIARIA PROFESSOR JASON SOARES ALBERGARIA
MG;3162922;SAO JOAQUIM DE BICAS;80515;P174;PRESIDIO DE SAO JOAQUIM DE BICAS I
MG;3162922;SAO JOAQUIM DE BICAS;80516;P1307;PRESIDIO DE SAO JOAQUIM DE BICAS II
MG;3163706;SAO LOURENCO;80517;P741;PRESIDIO DE SAO LOURENCO
MG;3167103;SERRO;80518;P2459;PRESIDIO  DE SERRO
MG;3167202;SETE LAGOAS;80519;P1735;APAC SETE LAGOAS
MG;3167202;SETE LAGOAS;80520;P1013;PRESIDIO PROMOTOR JOSE COSTA
MG;3168002;TAIOBEIRAS;80521;P2420;PRESIDIO  DE TAIOBEIRAS
MG;3168606;TEOFILO OTONI;80522;P1991;APAC DE TEOFILO OTONI
MG;3168606;TEOFILO OTONI;80523;P2063;CENTRO SOCIOEDUCATIVO TEOFILO OTONI  CSETO
MG;3168606;TEOFILO OTONI;80524;P723;PENITENCIARIA DE TEOFILO OTONI
MG;3168606;TEOFILO OTONI;80525;P1777;PRESIDIO TEOFILO OTONI
MG;3168705;TIMOTEO;80526;P721;PRESIDIO DE TIMOTEO
MG;3169307;TRES CORACOES;80527;P1278;PENITENCIARIA DE TRES CORACOES
MG;3169356;TRES MARIAS;80528;P2505;PRESIDIO DE TRES MARIAS
MG;3169406;TRES PONTAS;80529;P1277;PRESIDIO DE TRES PONTAS
MG;3169604;TUPACIGUARA;80530;P7393;CENTRO SOCIOEDUCATIVO DE TUPACIGUARA
MG;3169604;TUPACIGUARA;80531;P442;PRESIDIO DE TUPACIGUARA
MG;3169703;TURMALINA;80532;P2502;PRESIDIO  DE TURMALINA
MG;3169901;UBA;80533;P471;PRESIDIO DE UBA
MG;3170107;UBERABA;80534;P775;CENTRO SOCIOEDUCATIVO  UBERABA  CSEUR
MG;3170107;UBERABA;80535;P1775;PENITENCIARIA PROFESSOR ALUIZIO IGNACIO DE OLIVEIRA
MG;3170206;UBERLANDIA;80536;P777;CENTRO SOCIOEDUCATIVO  UBERLANDIA  CSEUB
MG;3170206;UBERLANDIA;80537;P182;PENITENCIARIA PROFESSOR JOAO PIMENTA DA VEIGA
MG;3170206;UBERLANDIA;80538;P2018;PRESIDIO PROFESSOR JACY DE ASSIS
MG;3170404;UNAI;80539;P1819;CENTRO SOCIOEDUCATIVO DE UNAI
MG;3170404;UNAI;80540;P1754;PENITENCIARIA AGOSTINHO DE OLIVEIRA JUNIOR
MG;3170404;UNAI;80541;P1306;PRESIDIO DE UNAI
MG;3170701;VARGINHA;80542;P4488;APAC DE VARGINHA
MG;3170701;VARGINHA;80543;P1738;PRESIDIO DE VARGINHA
MG;3170800;VARZEA DA PALMA;80544;P2504;PRESIDIO DE VARZEA DA PALMA
MG;3171204;VESPASIANO;80545;P1544;CENTRO DE REFERENCIA A GESTANTE PRIVADA DE LIBERDADE
MG;3171204;VESPASIANO;80546;P184;PRESIDIO DE VESPASIANO
MG;3171303;VICOSA;80547;P440;APAC DE VICOSA
MG;3171303;VICOSA;80548;P1778;PRESIDIO DE VICOSA
MG;3172004;VISCONDE DO RIO BRANCO;80549;P4319;APAC VISCONDE DO RIO BRANCO I
MS;5000609;AMAMBAI;80550;P570;ESTABELECIMENTO PENAL DE AMAMBAI
MS;5001102;AQUIDAUANA;80551;P1118;ESTABELECIMENTO PENAL DE AQUIDAUANA
MS;5001102;AQUIDAUANA;80552;P1121;ESTABELECIMENTO PENAL DE REGIME SEMIABERTO E AA DE AQUIDAUANA
MS;5001904;BATAGUASSU;80553;P1592;ESTABELECIMENTO PENAL DE BATAGUASSU
MS;5002407;CAARAPO;80554;P3375;ESTABELECIMENTO PENAL MASCULINO DE REGIME FECHADO DE CAARAPO
MS;5002704;CAMPO GRANDE;80555;P1117;CENTRO DE TRIAGEM ANIZIO LIMA
MS;5002704;CAMPO GRANDE;80556;P1850;CENTRO PENAL AGROINDUSTRIAL DA GAMELEIRA
MS;5002704;CAMPO GRANDE;80557;P554;ESTABELECIMENTO PENAL FEMININO IRMA IRMA ZORZI
MS;5002704;CAMPO GRANDE;80558;P1849;ESTABELECIMENTO PENAL FEMININO SEMIABERTOAAA CAMPO GRANDE
MS;5002704;CAMPO GRANDE;80559;P1128;ESTABELECIMENTO PENAL JAIR FERREIRA DE CARVALHO
MS;5002704;CAMPO GRANDE;80560;P261;INSTITUTO PENAL DE CAMPO GRANDE
MS;5002704;CAMPO GRANDE;80561;P3502;PENITENCIARIA ESTADUAL MASCULINA DE REGIME FECHADO DA GAMELEIRA
MS;5002704;CAMPO GRANDE;80562;P6701;PENITENCIARIA ESTADUAL MASCULINA DE REGIME FECHADO DA GAMELEIRA II
MS;5002704;CAMPO GRANDE;80563;P549;PENITENCIARIA FEDERAL EM CAMPO GRANDEMS
MS;5002704;CAMPO GRANDE;80564;P815;PRESIDIO DE TRANSITO
MS;5002704;CAMPO GRANDE;80565;P658;UNIDADE EDUCACIONAL DE INTERNACAO FEMININA ESTRELA DO AMANHA
MS;5002704;CAMPO GRANDE;80566;P377;UNIDADE EDUCACIONAL DE INTERNACAO MASCULINA DOM BOSCO
MS;5002902;CASSILANDIA;80567;P277;ESTABELECIMENTO PENAL DE CASSILANDIA
MS;5003207;CORUMBA;80568;P1871;ESTABELECIMENTO PENAL DE CORUMBA
MS;5003207;CORUMBA;80569;P1859;ESTABELECIMENTO PENAL FEMININO DE CORUMBA
MS;5003207;CORUMBA;80570;P11586;UNIDADE ASSISTENCIAL PATRONATO PENITENCIARIO DE CORUMBA  UAPPC
MS;5003207;CORUMBA;80571;P115;UNIDADE EDUCACIONAL DE INTERNACAO MASCULINA PANTANAL
MS;5003306;COXIM;80572;P264;ESTABELECIMENTO PENAL MASCULINO DE COXIM
MS;5003488;DOIS IRMAOS DO BURITI;80573;P1113;PENITENCIARIA DE DOIS IRMAOS DO BURITI
MS;5003702;DOURADOS;80574;P1095;ESTABELECIMENTO PENAL DE REGIME SEMIABERTO ABERTO E ASSISTENCIA AOS ALBERGADOS DE DOURADOS
MS;5003702;DOURADOS;80575;P10746;PATRONATO PENITENCIARIO DE DOURADOS
MS;5003702;DOURADOS;80576;P1851;PENITENCIARIA ESTADUAL DE DOURADOS
MS;5003702;DOURADOS;80577;P376;UNIDADE EDUCACIONAL DE INTERNACAO MASCULINA LARANJA DOCE
MS;5004700;IVINHEMA;80578;P3376;ESTABELECIMENTO PENAL MASCULINO DE REGIME FECHADO DE IVINHEMA
MS;5005004;JARDIM;80579;P262;ESTABELECIMENTO PENAL  DE JARDIM
MS;5005103;JATEI;80580;P4444;ESTABELECIMENTO PENAL FEMININO LUIZ PEREIRA DA SILVA
MS;5005707;NAVIRAI;80581;P6702;PATRONATO PENITENCIARIO DE NAVIRAI
MS;5005707;NAVIRAI;80582;P1591;PENITENCIARIA DE SEGURANCA MAXIMA DE NAVIRAI
MS;5006200;NOVA ANDRADINA;80583;P1858;ESTABELECIMENTO PENAL MASCULINO DE REGIME FECHADO DE NOVA ANDRADINA
MS;5006309;PARANAIBA;80584;P1114;ESTABELECIMENTO PENAL DE PARANAIBA
MS;5006309;PARANAIBA;80585;P6866;PATRONATO PENITENCIARIO DE PARANAIBA
MS;5006606;PONTA PORA;80586;P553;ESTABELECIMENTO PENAL FEMININO DE PONTA PORA
MS;5006606;PONTA PORA;80587;P3501;PATRONATO PENITENCIARIO ESTADUAL DE PONTA PORA
MS;5006606;PONTA PORA;80588;P930;UNIDADE EDUCACIONAL DE INTERNACAO MITAI
MS;5006606;PONTA PORA;80589;P1360;UNIDADE PENAL RICARDO BRANDAO
MS;5007208;RIO BRILHANTE;80590;P1602;ESTABELECIMENTO PENAL DE RIO BRILHANTE
MS;5007208;RIO BRILHANTE;80591;P259;ESTABELECIMENTO PENAL FEMININO DE RIO BRILHANTE
MS;5007695;SAO GABRIEL DO OESTE;80592;P1115;ESTABELECIMENTO PENAL FEMININO DE SAO GABRIEL DO OESTE
MS;5008305;TRES LAGOAS;80593;P1;CENTRO PENAL INDUSTRIAL PARACELSO DE LIMA VIEIRA JESUS
MS;5008305;TRES LAGOAS;80594;P1369;ESTABELECIMENTO PENAL FEMININO DE TRES LAGOAS
MS;5008305;TRES LAGOAS;80595;P10266;PATRONATO PENITENCIARIO DE TRES LAGOAS
MS;5008305;TRES LAGOAS;80596;P1603;PENITENCIARIA DE SEGURANCA MEDIA DE TRES LAGOAS
MS;5008305;TRES LAGOAS;80597;P1953;UNIDADE EDUCACIONAL DE INTERNACAO MASCULINA TIA AURORA
MT;5100201;AGUA BOA;80598;P1422;PENITENCIARIA MAJOR PM ZUZI ALVES DA SILVA
MT;5100250;ALTA FLORESTA;80599;P857;CADEIA PUBLICA DE ALTA FLORESTA
MT;5100300;ALTO ARAGUAIA;80600;P1416;CADEIA PUBLICA DE ALTO ARAGUAIA
MT;5101258;ARAPUTANGA;80601;P1647;CADEIA PUBLICA DE ARAPUTANGA
MT;5101308;ARENAPOLIS;80602;P54;CADEIA PUBLICA DE ARENAPOLIS
MT;5101704;BARRA DO BUGRES;80603;P868;CADEIA PUBLICA DE BARRA DO BUGRES
MT;5101803;BARRA DO GARCAS;80604;P315;CADEIA PUBLICA DE BARRA DO GARCAS
MT;5101803;Barra do Garças;80639;P9848;CENTRO DE ATENDIMENTO SOCIOEDUCATIVO DE INTERNACAO MASCULINA DE BARRA DO GARCAS
MT;5102504;CACERES;80605;P856;CADEIA PUBLICA DE CACERES
MT;5102504;CACERES;80606;P1166;CADEIA PUBLICA DE CACERES FEMININA
MT;5102504;CACERES;80607;P659;UNIDADE SOCIOEDUCATIVO DE CACERES
MT;5102637;CAMPO NOVO DO PARECIS;80608;P66;CADEIA PUBLICA DE CAMPO NOVO DO PARECIS
MT;5103007;CHAPADA DOS GUIMARAES;80609;P1406;CADEIA PUBLICA DE CHAPADA DOS GUIMARAES
MT;5103254;COLNIZA;80610;P317;CADEIA PUBLICA DE COLNIZA
MT;5103304;COMODORO;80611;P1417;CADEIA PUBLICA DE COMODORO
MT;5103403;CUIABA;80612;P613;CADEIA PUBLICA DE VARZEA GRANDE
MT;5103403;CUIABA;80613;P8981;CENTRO DE ATENDIMENTO SOCIOEDUCATIVO DE INTERNACAO FEMININA
MT;5103403;CUIABA;80614;P9847;CENTRO DE ATENDIMENTO SOCIOEDUCATIVO DE INTERNACAO MASCULINA DE CUIABA
MT;5103403;CUIABA;80615;P3681;COMPLEXO PENITENCIARIO AHMENON LEMON DANTAS
MT;5103403;CUIABA;80616;P3661;FUNDACAO NOVA CHANCE
MT;5103403;CUIABA;80617;P1892;PENITENCIARIA CENTRAL DO ESTADO
MT;5103403;CUIABA;80618;P627;PENITENCIARIA FEMININA ANA MARIA DO COUTO MAY
MT;5103502;DIAMANTINO;80619;P854;CADEIA PUBLICA DE DIAMANTINO
MT;5104807;JACIARA;80620;P52;CADEIA PUBLICA DE JACIARA
MT;5105101;JUARA;80621;P63;CADEIA PUBLICA DE JUARA
MT;5105150;JUINA;80622;P1161;CADEIA PUBLICA DE JUINA
MT;5105259;LUCAS DO RIO VERDE;80624;P316;CADEIA PUBLICA DE LUCAS DO RIO VERDE
MT;5105622;MIRASSOL DOESTE;80625;P1153;CADEIA PUBLICA DE MIRASSOL DOESTE
MT;5105903;NOBRES;80626;P858;CADEIA PUBLICA DE NOBRES
MT;5106000;NORTELANDIA;80627;P1414;CADEIA PUBLICA DE NORTELANDIA
MT;5106257;Nova Xavantina;80636;P321;CADEIA PUBLICA DE NOVA XAVANTINA
MT;5106307;PARANATINGA;80628;P859;CADEIA PUBLICA DE PARANATINGA
MT;5106422;PEIXOTO DE AZEVEDO;80629;P871;CADEIA PUBLICA DE PEIXOTO DE AZEVEDO
MT;5106752;PONTES E LACERDA;80630;P2499;CENTRO DE DETENCAO PROVISORIA PONTES E LACERDA
MT;5106778;PORTO ALEGRE DO NORTE;80631;P1162;CADEIA PUBLICA DE PORTO ALEGRE DO NORTE
MT;5107040;PRIMAVERA DO LESTE;80632;P620;CADEIA PUBLICA DE PRIMAVERA DO LESTE
MT;5107602;RONDONOPOLIS;80633;P67;CADEIA PUBLICA DE RONDONOPOLIS
MT;5107602;RONDONOPOLIS;80634;P628;PENITENCIAARIA MAJOR ELDO SA CORREA  MATA GRANDE
MT;5107602;RONDONOPOLIS;80635;P1702;UNIDADE SOCIOEDUCATIVA DE RONDONOPOLIS
MT;5107800;SANTO ANTONIO DE LEVERGER;80637;P614;UNIDADE PRISIONAL REGIONAL DE AGRICOLA DE PALMEIRAS
MT;5107859;SAO FELIX DO ARAGUAIA;80638;P1905;CADEIA PUBLICA DE SAO FELIX DO ARAGUAIA
MT;5107909;SINOP;80640;P931;CENTRO SOCIOEDUCATIVO DE SINOPMT
MT;5107909;SINOP;80641;P1890;DR OSVALDO FLORENTINO LEITE FERREIRA
MT;5107925;SORRISO;80642;P305;CADEIA PUBLICA DE SORRISO
MT;5107958;Tangará da Serra;80623;P50;CENTRO DE DETENCAO PROVISORIA DE TANGARA DA SERRA
MT;5108600;VILA RICA;80643;P322;CADEIA PUBLICA DE VILA RICA
PA;1500107;ABAETETUBA;80644;P1474;UNIDADE DE CUSTODIA E REINSERCAO DE ABAETETUBA
PA;1500800;ANANINDEUA;80645;P972;CENTRAL DE CUSTODIA PROVISORIA DA CIDADE NOVA
PA;1500800;ANANINDEUA;80646;P774;CENTRO SOCIOEDUCATIVO  FEMININO  CESEF
PA;1500800;ANANINDEUA;80647;P225;UASE II  UNIDADE DE ATENDIMENTO SOCIOEDUCATIVO DE ANANINDEUA
PA;1500800;ANANINDEUA;80648;P226;UASE III  UNIDADE DE ATENDIMENTO SOCIOEDUCATIVO DE ANANINDEUA
PA;1500800;ANANINDEUA;80649;P1473;UNIDADE DE CUSTODIA E REINSERCAO DE ANANINDEUA
PA;1500800;ANANINDEUA;80650;P694;UNIDADE DE CUSTODIA E REINSERCAO FEMININA DE ANANINDEUA
PA;1501402;BELEM;80651;P976;CENTRAL DE CUSTODIA PROVISORIA DA CREMACAO
PA;1501402;BELEM;80652;P2527;CENTRO DE ADOLESCENTE EM SEMILIBERDADE  CAS I
PA;1501402;BELEM;80653;P2497;CENTRO DE ATENDIMENTO EM SEMILIBERDADE FEMININO  CASF
PA;1501402;BELEM;80654;P1335;CENTRO DE ATENDIMENTO SOCIOEDUCATIVO  CAS II
PA;1501402;BELEM;80655;P2058;CENTRO SOCIOEDUCATIVO MASCULINO  CSEM
PA;1501402;BELEM;80656;P5162;ESCRITORIO SOCIAL
PA;1501402;BELEM;80657;P5161;UNIDADE DE CUSTODIA E REINSERCAO DE ICOARACI
PA;1501402;BELEM;80658;P695;UNIDADE DE CUSTODIA E REINSERCAO DE MOSQUEIRO
PA;1501402;BELEM;80659;P1986;UNIDADE DE CUSTODIA E REINSERCAO DO COQUEIRO
PA;1501501;BENEVIDES;80660;P773;UNIDADE SOCIOEDUCATIVA DE BENEVIDES
PA;1501709;BRAGANCA;80661;P1245;UNIDADE DE CUSTODIA E REINSERCAO DE BRAGANCA
PA;1501808;BREVES;80662;P2223;UNIDADE DE CUSTODIA E REINSERCAO DE BREVES
PA;1502103;CAMETA;80663;P418;UNIDADE DE CUSTODIA E REINSERCAO DE CAMETA
PA;1502202;CAPANEMA;80664;P950;UNIDADE DE CUSTODIA E REINSERCAO DE CAPANEMA
PA;1502400;CASTANHAL;80665;P1488;UNIDADE DE CUSTODIA E REINSERCAO DE CASTANHAL
PA;1503606;ITAITUBA;80666;P979;UNIDADE DE CUSTODIA E REINSERCAO DE ITAITUBA
PA;1504208;MARABA;80667;P948;CASA DE HUMANIZACAO ASSISTENCIA E PROTECAO AO APENADO DE MARABA
PA;1504208;MARABA;80668;P10323;CENTRAL DE CUSTODIA PROVISORIA DE MARABA
PA;1504208;MARABA;80669;P3004;CIAM MARABA  CENTRO DE INTERNACAO MASCULINA
PA;1504208;MARABA;80670;P9885;ESCRITORIO SOCIAL DE MARABA
PA;1504208;MARABA;80671;P1238;UNIDADE DE CUSTODIA E REINSERCAO DE MARABA
PA;1504208;MARABA;80672;P949;UNIDADE DE CUSTODIA E REINSERCAO FEMININA DE MARABA
PA;1504208;MARABA;80673;P1978;UNIDADE DE REINSERCAO DE REGIME SEMIABERTO DE MARABA
PA;1504422;MARITUBA;80674;P970;UNIDADE DE CUSTODIA E REINSERCAO DE MARITUBA I
PA;1504422;MARITUBA;80675;P135;UNIDADE DE CUSTODIA E REINSERCAO DE MARITUBA II
PA;1504422;MARITUBA;80676;P1246;UNIDADE DE CUSTODIA E REINSERCAO DE MARITUBA III
PA;1504604;MOCAJUBA;80677;P1239;UNIDADE DE CUSTODIA E REINSERCAO DE MOCAJUBA
PA;1505502;PARAGOMINAS;80678;P136;UNIDADE DE CUSTODIA E REINSERCAO DE PARAGOMINAS
PA;1505536;PARAUAPEBAS;80679;P2540;UNIDADE DE CUSTODIA E REINSERCAO DE PARAUAPEBAS
PA;1506138;REDENCAO;80680;P420;UNIDADE DE CUSTODIA E REINSERCAO DE REDENCAO
PA;1506203;SALINOPOLIS;80681;P138;UNIDADE DE CUSTODIA E REINSERCAO DE SALINOPOLIS
PA;1506500;SANTA IZABEL DO PARA;80682;P2561;CENTRAL DE CUSTODIA PROVISORIA DE SANTA IZABEL
PA;1506500;SANTA IZABEL DO PARA;80683;P1732;HOSPITAL GERAL PENITENCIARIO
PA;1506500;SANTA IZABEL DO PARA;80684;P1987;UNIDADE DE CUSTODIA E REINSERCAO DE SANTA IZABEL I
PA;1506500;SANTA IZABEL DO PARA;80685;P3606;UNIDADE DE CUSTODIA E REINSERCAO DE SANTA IZABEL II
PA;1506500;SANTA IZABEL DO PARA;80686;P3361;UNIDADE DE CUSTODIA E REINSERCAO DE SANTA IZABEL III
PA;1506500;SANTA IZABEL DO PARA;80687;P1475;UNIDADE DE CUSTODIA E REINSERCAO DE SANTA IZABEL IV
PA;1506500;SANTA IZABEL DO PARA;80688;P667;UNIDADE DE CUSTODIA E REINSERCAO DE SANTA IZABEL V
PA;1506500;SANTA IZABEL DO PARA;80689;P10243;UNIDADE DE CUSTODIA E REINSERCAO DE SANTA IZABEL VI
PA;1506500;SANTA IZABEL DO PARA;80690;P1248;UNIDADE DE REINSERCAO DE REGIME SEMIABERTO DE SANTA IZABEL
PA;1506500;SANTA IZABEL DO PARA;80691;P3607;UNIDADE PENITENCIARIA DE SEGURANCA MAXIMA I
PA;1506500;SANTA IZABEL DO PARA;80692;P149;UNIDADE PENITENCIARIA DE SEGURANCA MAXIMA II
PA;1506807;SANTAREM;80693;P1981;CENTRAL DE CUSTODIA PROVISORIA DE SANTAREM
PA;1506807;SANTAREM;80694;P2509;CENTRO   DE SEMILIBERDADE SANTAREM  CSS
PA;1506807;SANTAREM;80695;P10574;ESCRITORIO SOCIAL DE SANTAREM
PA;1506807;SANTAREM;80696;P10244;UNIDADE DE CUSTODIA E REINSERCAO DE SANTAREM
PA;1506807;SANTAREM;80697;P3362;UNIDADE DE CUSTODIA E REINSERCAO FEMININA DE SANTAREM
PA;1507300;SAO FELIX DO XINGU;80698;P8904;UNIDADE DE CUSTODIA E REINSERCAO DE SAO FELIX DO XINGU
PA;1508001;TOMEACU;80699;P1487;UNIDADE DE CUSTODIA E REINSERCAO DE TOMEACU
PA;1508100;TUCURUI;80700;P1982;UNIDADE DE CUSTODIA E REINSERCAO DE TUCURUI
PA;1508100;TUCURUI;80701;P10223;UNIDADE DE REINSERCAO DE REGIME SEMIABERTO DE TUCURUI
PA;1508357;VITORIA DO XINGU;80702;P3608;UNIDADE DE CUSTODIA E REINSERCAO DE VITORIA DO XINGU I
PA;1508357;VITORIA DO XINGU;80703;P11244;UNIDADE DE CUSTODIA E REINSERCAO DE VITORIA DO XINGU II
PA;1508357;VITORIA DO XINGU;80704;P9518;UNIDADE DE CUSTODIA E REINSERCAO FEMININA DE VITORIA DO XINGU
PB;2500304;ALAGOA GRANDE;80705;P40;CADEIA PUBLICA DE ALAGOA GRANDE  OFICIAL
PB;2500403;ALAGOA NOVA;80706;P1398;CADEIA PUBLICA DE ALAGOA NOVA  OFICIAL
PB;2500502;ALAGOINHA;80707;P1372;CADEIA PUBLICA DE ALAGOINHA  OFICIAL
PB;2500601;ALHANDRA;80708;P852;CADEIA PUBLICA DE ALHANDRA
PB;2500700;SAO JOAO DO RIO DO PEIXE;80763;P1146;CADEIA PUBLICA DE SAO JOAO DO RIO DO PEIXE
PB;2501005;ARARUNA;80709;P605;CADEIA PUBLICA DE ARARUNA
PB;2501104;AREIA;80710;P1634;CADEIA PUBLICA DE AREIA
PB;2501500;BANANEIRAS;80711;P1404;CADEIA PUBLICA DE BANANEIRAS
PB;2501807;BAYEUX;80712;P1889;CADEIA PUBLICA DE BAYEUX  OFICIAL
PB;2501906;BELEM;80713;P851;CADEIA PUBLICA DE BELEM
PB;2503704;CAJAZEIRAS;80714;P1147;CADEIA PUBLICA FEMININA DE CAJAZEIRAS
PB;2503704;CAJAZEIRAS;80715;P1887;PENITENCIARIA PADRAO REGIONAL DE CAZAJEIRAS  OFICIAL  MASCULINO
PB;2504009;CAMPINA GRANDE;80716;P1405;PENITENCIARIA DE CAMPINA GRANDE JURISTA AGNELLO AMORIMMONTE SANTO
PB;2504009;CAMPINA GRANDE;80717;P846;PENITENCIARIA FEMININA DE CAMPINA GRANDE  OFICIAL
PB;2504009;CAMPINA GRANDE;80718;P1630;PENITENCIARIA PADRAO DE CAMPINA GRANDE  ESPACO I  OFICIAL
PB;2504009;CAMPINA GRANDE;80719;P42;SERROTAO  ESPACO I PENIT REG DE C GRANDE RAIMUNDO ASFORA  OFICIAL
PB;2504306;CATOLE DO ROCHA;80720;P1143;INSTITUTO PENAL DE REEDUCACAO SOCIAL DE CATOLE DO ROCHA  OFICIAL
PB;2504405;CONCEICAO;80721;P1632;CADEIA PUBLICA DE CONCEICAO
PB;2504801;COREMAS;80722;P1609;CADEIA PUBLICA DE COREMAS
PB;2505006;CUBATI;80723;P4526;CADEIA PUBLICA DE CUBATI
PB;2505105;CUITE;80724;P1373;CADEIA PUBLICA DE CUITE
PB;2506004;ESPERANCA;80725;P1401;CADEIA PUBLICA DE ESPERANCA
PB;2506301;GUARABIRA;80726;P850;PENIT JOAO BOSCO CARNEIRO ESPACO I  OFICIAL
PB;2506301;GUARABIRA;80727;P43;PRESIDIO REGIONAL VICENTE CLAUDINO DE PONTES  ESPACO I  OFICIAL
PB;2506806;INGA;80728;P281;CADEIA PUBLICA DE INGA
PB;2506905;ITABAIANA;80729;P1633;CADEIA PUBLICA DE ITABAIANA
PB;2507002;ITAPORANGA;80730;P47;CADEIA PUBLICA DE ITAPORANGA
PB;2507309;JACARAU;80731;P296;CADEIA PUBLICA DE JACARAU
PB;2507507;JOAO PESSOA;80732;P610;CENTRO DE REED ESP DES FRANCISCO ESPINOLA
PB;2507507;JOAO PESSOA;80733;P1886;CENTRO DE REEDUCACAO FEMININA MARIA JULIA MARANHAO ESPACO I  OFICIAL
PB;2507507;JOAO PESSOA;80734;P2512;CENTRO EDUCACIONAL AO ADOLESCENTE  CEA
PB;2507507;JOAO PESSOA;80735;P1651;CENTRO EDUCACIONAL DO JOVEM  CEJ
PB;2507507;JOAO PESSOA;80736;P1908;CENTRO SOCIOEDUCATIVO  EDSON MOTA   CSE
PB;2507507;JOAO PESSOA;80737;P1165;CENTRO SOCIOEDUCATIVO  RITA GADELHA
PB;2507507;JOAO PESSOA;80738;P3541;GERENCIA EXECUTIVA DE RESSOCIALIZACAO
PB;2507507;JOAO PESSOA;80739;P848;PENITENCIARIA DE PSIQUIATRIA FORENSE  OFICIAL
PB;2507507;JOAO PESSOA;80740;P297;PENITENCIARIA DE SEG MEDIA JUIZ HITLER CANTALICE  ESPACO I  OFICIAL
PB;2507507;JOAO PESSOA;80741;P1628;PENITENCIARIA DE SEGURANCA MAXIMA CRIMINALISTA GERALDO BELTRAO  OFICIAL
PB;2507507;JOAO PESSOA;80742;P1144;PENITENCIARIA DESEMBARGADOR SILVIO PORTO  OFICIAL
PB;2507507;JOAO PESSOA;80743;P1400;PENITENCIARIA DR ROMEU GONCALVES ABRANTES  PBI  PBII
PB;2507507;JOAO PESSOA;80744;P1629;PENITENCIARIA MODELO DESEMBARGADOR FLOSCOLO DA NOBREGA  ROGER  OFICIAL
PB;2507507;JOAO PESSOA;80745;P9366;PRESIDIO ESPECIAL VALENTINA DE FIGUEIREDO  ESPACO I  OFICIAL
PB;2507507;JOAO PESSOA;80746;P3323;UNIDADE DE ATENDIMENTO SOCIOEDUCATIVO DE SEMILIBERDADE
PB;2507705;JUAZEIRINHO;80747;P1631;CADEIA PUBLICA DE JUAZEIRINHO
PB;2508307;LAGOA SECA;80748;P326;COMPLEXO LAR DO GAROTO  PADRE OTAVIO DOS SANTOS
PB;2508802;MALTA;80749;P1884;CADEIA PUBLICA DE MALTA
PB;2508901;MAMANGUAPE;80750;P49;CADEIA PUBLICA DE MAMANGUAPE
PB;2509701;Monteiro;80753;P301;CADEIA PUBLICA DE MONTEIRO
PB;2510808;PATOS;80751;P1888;PENITENCIARIA FEMININA REGIONAL DE PATOS  OFICIAL
PB;2510808;PATOS;80752;P300;PENITENCIARIA REGIONAL DE PATOS JURISTA ROMERO NOBREGA  MASCULINO
PB;2511202;PEDRAS DE FOGO;80754;P818;CADEIA PUBLICA DE PEDRAS DE FOGO
PB;2511301;PIANCO;80755;P576;CADEIA PUBLICA DE PIANCO
PB;2511509;PILAR;80756;P602;CADEIA PUBLICA DE PILAR
PB;2512101;POMBAL;80757;P1862;CADEIA PUBLICA DE POMBAL
PB;2512309;PRINCESA ISABEL;80758;P45;CADEIA PUBLICA DE PRINCESA ISABEL
PB;2512507;QUEIMADAS;80759;P39;CADEIA PUBLICA DE QUEIMADAS
PB;2512705;REMIGIO;80760;P1402;CADEIA PUBLICA DE REMIGIO
PB;2513406;SANTA LUZIA;80761;P1885;CADEIA PUBLICA DE SANTA LUZIA
PB;2513703;SANTA RITA;80762;P298;PENITENCIARIA PADRAO DE SANTA RITA  ESPACO I  OFICIAL
PB;2514503;SAO JOSE DE PIRANHAS;80764;P843;CADEIA PUBLICA DE SAO JOSE DE PIRANHAS
PB;2515302;SAPE;80765;P607;PRESIDIO REGIONAL DE SAPE  ESPACO I OFICIAL
PB;2515500;SERRA BRANCA;80766;P608;CADEIA PUBLICA DE SERRA BRANCA
PB;2516003;SOLANEA;80767;P2361;CADEIA PUBLICA DE SOLANEA
PB;2516102;SOLEDADE;80768;P1635;CADEIA PUBLICA DE SOLEDADE
PB;2516201;SOUSA;80769;P1909;CENTRO EDUCACIONAL DO ADOLESCENTE  RAIMUNDO DOCA BENEVIDES GADLEHA   CEA
PB;2516201;SOUSA;80770;P847;COLONIA PENAL AGRICOLA DE SOUSA  OFICIAL
PB;2516508;TAPEROA;80771;P853;CADEIA PUBLICA DE TAPEROA
PB;2516706;TEIXEIRA;80772;P1636;CADEIA PUBLICA DE TEIXEIRA
PB;2516904;UIRAUNA;80773;P1122;CADEIA PUBLICA DE UIRAUNA
PB;2517001;UMBUZEIRO;80774;P14;CADEIA PUBLICA DE UMBUZEIRO
PE;2600054;ABREU E LIMA;80775;P324;CENTRO DE OBSERVACAO  E TRIAGEM PROFO EVERARDO LUNA
PE;2600054;ABREU E LIMA;80776;P577;CENTRO DE SAUDE PENITENCIARIO  CSP
PE;2600054;ABREU E LIMA;80777;P1163;COLONIA PENAL FEMININA DE ABREU E LIMA
PE;2601201;ARCOVERDE;80778;P561;CASE  ARCOVERDE
PE;2601201;ARCOVERDE;80779;P1648;PRESIDIO ADVOGADO BRITO ALVES
PE;2602100;BOM CONSELHO;80780;P7409;CADEIA PUBLICA DE BOM CONSELHO
PE;2602803;BUIQUE;80781;P1375;COLONIA PENAL FEMININA DE BUIQUE
PE;2602902;CABO DE SANTO AGOSTINHO;80782;P3364;CASE PIRAPAMA
PE;2603702;CANHOTINHO;80783;P1865;CENTRO DE RESSOCIALIZACAO DO AGRESTE
PE;2604007;CARPINA;80784;P9625;CADEIA PUBLICA DE CARPINA
PE;2604106;CARUARU;80785;P1853;CASE CARUARU
PE;2604106;CARUARU;80786;P1596;CASEM CARUARU
PE;2604106;CARUARU;80787;P1649;PENITENCIARIA JUIZ PLACIDO DE SOUZA
PE;2606002;GARANHUNS;80788;P584;CADEIA PUBLICA DE GARANHUNS
PE;2606002;GARANHUNS;80789;P269;CASE GARANHUNS
PE;2606200;GOIANA;80790;P7410;CADEIA PUBLICA DE GOIANA
PE;2606804;IGARASSU;80791;P18;PRESIDIO DE IGARASSU
PE;2607604;ILHA DE ITAMARACA;80792;P68;PENITENCIARIA  AGROINDUSTRIAL SAO JOAO
PE;2607802;ITAQUITINGA;80793;P3181;PRESIDIO  DE  ITAQUITINGA I
PE;2607802;ITAQUITINGA;80794;P9883;PRESIDIO DE ITAQUITINGA II
PE;2607901;JABOATAO DOS GUARARAPES;80795;P11450;CASE MURIBECA
PE;2608453;LAGOA DO CARRO;80796;P9644;CADEIA PUBLICA DE LAGOA DO CARRO
PE;2608800;LAJEDO;80797;P579;CADEIA PUBLICA DE LAJEDO
PE;2608909;LIMOEIRO;80798;P826;PENITENCIARIA DR ENIO PESSOA GUERRA
PE;2609501;NAZARE DA MATA;80799;P876;CADEIA PUBLICA DE NAZARE DA MATA
PE;2610004;PALMARES;80800;P1127;PRESIDIO DR RORINILDO DA ROCHA LEAO
PE;2610905;PESQUEIRA;80801;P1125;PRESIDIO DESEMBARGADOR AUGUSTO DUQUE
PE;2611101;PETROLINA;80802;P2586;CADEIA PUBLICA FEMININA DE PETROLINA
PE;2611101;PETROLINA;80803;P7;CASE PETROLINA
PE;2611101;PETROLINA;80804;P8;CASEM PETROLINA
PE;2611101;PETROLINA;80805;P1124;PENITENCIARIA DR EDVALDO GOMES
PE;2611606;RECIFE;80806;P1852;CASE SANTA LUZIA
PE;2611606;RECIFE;80807;P1102;CASEM  AREIAS
PE;2611606;RECIFE;80808;P562;CASEM HARMONIA
PE;2611606;RECIFE;80809;P3382;CASEM IPUTINGA
PE;2611606;RECIFE;80810;P323;COLONIA PENAL FEMININA DO RECIFE
PE;2611606;RECIFE;80811;P1866;PRESIDIO FREI DAMIAO DE BOZZANO
PE;2611606;RECIFE;80812;P1870;PRESIDIO JUIZ  ANTONIO LUIZ LINS DE BARROS
PE;2611606;RECIFE;80813;P11343;PRESIDIO POLICIAL PENAL LEONARDO LAGO
PE;2612208;SALGUEIRO;80814;P624;PRESIDIO DE SALGUEIRO
PE;2612307;SALOA;80815;P1418;CADEIA PUBLICA DE SALOA
PE;2612505;SANTA CRUZ DO CAPIBARIBE;80816;P2462;PRESIDIO DE SANTA CRUZ DO CAPIBARIBE
PE;2613909;SERRA TALHADA;80817;P17;CADEIA PUBLICA DE SERRA TALHADA
PE;2614709;TACAIMBO;80818;P2481;PENITENCIARIA DE TACAIMBO
PE;2615300;TIMBAUBA;80819;P1420;CADEIA PUBLICA DE TIMBAUBA
PE;2615300;TIMBAUBA;80820;P9;CASE TIMBAUBA
PE;2616100;VERDEJANTE;80821;P70;CADEIA PUBLICA DE VERDEJANTE
PE;2616308;VICENCIA;80822;P10345;CADEIA PUBLICA DE VICENCIA
PE;2616407;VITORIA DE SANTO ANTAO;80823;P565;CASE VITORIA
PE;2616407;VITORIA DE SANTO ANTAO;80824;P1611;PRESIDIO DE VITORIA DE SANTO ANTAO
PI;2200400;ALTOS;80825;P927;PENITENCIARIA CAPITAO CARLOS JOSE GOMES DE ASSIS
PI;2200400;ALTOS;80826;P1460;PENITENCIARIA HUMBERTO DOS REIS DA SILVEIRA
PI;2200400;Altos;80829;P3441;CADEIA PUBLICA ANTONIO JOSE DE SOUSA FILHO
PI;2200400;Altos;80830;P113;COLONIA AGRICOLA PENAL MAJOR CESAR OLIVEIRA
PI;2201903;BOM JESUS;80827;P926;PENITENCIARIA REGIONAL DOM ABEL ALONSO NUNEZ
PI;2202000;BURITI DOS LOPES;80828;P11525;PENITENCIARIA BISPO SEBASTIAO ALVES DE SOUSA
PI;2202208;CAMPO MAIOR;80831;P3084;PENITENCIARIA JOSE DE ARIMATEIA BARBOSA LEITE
PI;2203701;ESPERANTINA;80832;P1462;PENITENCIARIA  LUIZ GONZAGA REBELO
PI;2203909;FLORIANO;80833;P1211;PENITENCIARIA GONCALO DE CASTRO LIMA VEREDA GRANDE
PI;2207009;OEIRAS;80834;P1210;PENITENCIARIA REGIONAL MARIA DE COTA
PI;2207702;PARNAIBA;80835;P1696;PENITENCIARIA MISTA JUIZ FONTES IBIAPINA
PI;2208007;PICOS;80836;P1950;PENITENCIARIA  JOSE DE DEUS BARROS
PI;2208007;PICOS;80837;P656;PENITENCIARIA FEMININA ADALBERTO DE MOURA SANTOS
PI;2210607;SAO RAIMUNDO NONATO;80838;P9745;PENITENCIARIA DOM INOCENCIO LOPEZ SANTA MARIA
PI;2211001;TERESINA;80839;P271;CENTRO EDUCACIONAL FEMININO  CEF
PI;2211001;TERESINA;80840;P1598;CENTRO EDUCACIONAL MASCULINO  CEM
PI;2211001;TERESINA;80841;P1951;PENITENCIARIA  IRMAO GUIDO
PI;2211001;TERESINA;80842;P925;PENITENCIARIA  PROFESSOR JOSE DE RIBAMAR LEITE
PI;2211001;TERESINA;80843;P1697;PENITENCIARIA FEMININA  GARDENIA GOMES LIMA AMORIM
PR;4100608;ALTO PARANA;80844;P9818;CADEIA PUBLICA ALTO PARANA  CPATPR
PR;4101408;APUCARANA;80845;P6783;CADEIA PUBLICA DE APUCARANA
PR;4101507;ARAPONGAS;80846;P10308;CASA DE CUSTODIA DE ARAPONGAS
PR;4101606;ARAPOTI;80847;P3164;CADEIA PUBLICA DE ARAPOTI
PR;4101804;ARAUCARIA;80848;P1688;CASA DE CUSTODIA DE CURITIBA
PR;4101903;ASSAI;80849;P6802;CENTRO DE REINTEGRACAO SOCIAL DE ASSAI
PR;4102109;ASTORGA;80850;P3374;CADEIA PUBLICA DE ASTORGA
PR;4102406;BANDEIRANTES;80851;P6747;CADEIA PUBLICA DE BANDEIRANTES
PR;4102604;BARRACAO;80852;P2943;APAC BARRACAO
PR;4103602;CAMBARA;80853;P6784;CADEIA PUBLICA DE CAMBARA
PR;4103701;CAMBE;80854;P6748;CADEIA PUBLICA DE CAMBE
PR;4103909;CAMPINA DA LAGOA;80855;P10265;CADEIA P CAMPINA DA LAGOA
PR;4104204;CAMPO LARGO;80856;P9932;CADEIA PUBLICA DE CAMPO LARGO
PR;4104303;CAMPO MOURAO;80857;P6941;CADEIA PUBLICA DE CAMPO MOURAO I
PR;4104303;CAMPO MOURAO;80858;P6864;COMPLEXO SOCIAL DE CAMPO MOURAO
PR;4104303;CAMPO MOURAO;80859;P3581;PENITENCIARIA ESTADUAL DE CAMPO MOURAO  PCM
PR;4104501;CAPANEMA;80860;P10077;CADEIA P DECAPANEMA
PR;4104709;CARLOPOLIS;80861;P6741;CADEIA PUBLICA DE CARLOPOLIS
PR;4104808;CASCAVEL;80862;P657;CADEIA PUBLICA DE CASCAVEL
PR;4104808;CASCAVEL;80863;P1506;CENSE CASCAVEL II
PR;4104808;CASCAVEL;80864;P3285;COMPLEXO SOCIAL DE CASCAVEL
PR;4104808;CASCAVEL;80865;P6781;PENITENCIARIA ESTADUAL THIAGO BORGES DE CARVALHO PETBC
PR;4104808;CASCAVEL;80866;P6801;PENITENCIARIA INDUSTRIAL MARCELO PINHEIRO UP PIMPUP
PR;4104907;CASTRO;80867;P2553;CADEIA PUBLICA DE CASTRO
PR;4105003;CATANDUVAS;80868;P1092;PENITENCIARIA FEDERAL EM CATANDUVASPR
PR;4105508;CIANORTE;80869;P9493;CADEIA PUBLICA DE CIANORTE  CPCIAN
PR;4105904;COLORADO;80870;P10432;CADEIA P DE COLORADO
PR;4106308;CORBELIA;80871;P10264;CADEIA P DE CORBELIA
PR;4106407;CORNELIO PROCOPIO;80872;P6742;CADEIA PUBLICA DE CORNELIO PROCOPIO
PR;4106605;CRUZEIRO DO OESTE;80873;P4359;COMPLEXO SOCIAL DE CRUZEIRO DO OESTE
PR;4106605;CRUZEIRO DO OESTE;80874;P374;PENITENCIARIA ESTADUAL DE CRUZEIRO DO OESTE
PR;4106902;CURITIBA;80875;P2001;CENSE JOANA MIGUEL RICHA
PR;4106902;CURITIBA;80876;P2584;ESCRITORIO SOCIAL DE CURITIBA
PR;4107207;DOIS VIZINHOS;80877;P9520;CADEIA PUBLICA DE DOIS VIZINHOS  CPDOISV
PR;4107504;ENGENHEIRO BELTRAO;80878;P6723;CADEIA PUBLICA DE ENGENHEIRO BELTRAO
PR;4107603;FAXINAL;80879;P6744;CADEIA PUBLICA DE FAXINAL
PR;4108304;FOZ DO IGUACU;80880;P1952;CADEIA PUBLICA LAUDEMIR NEVES
PR;4108304;FOZ DO IGUACU;80881;P448;CENSE FOZ DO IGUACU
PR;4108304;FOZ DO IGUACU;80882;P10703;COMPLEXO SOCIAL DE FOZ DO IGUACU
PR;4108304;FOZ DO IGUACU;80883;P104;PENITENCIARIA ESTADUAL DE FOZ DO IGUACU
PR;4108304;FOZ DO IGUACU;80884;P9246;PENITENCIARIA ESTADUAL DE FOZ DO IGUACU  PEF 4
PR;4108304;FOZ DO IGUACU;80885;P1687;PENITENCIARIA ESTADUAL DE FOZ DO IGUACU II
PR;4108304;FOZ DO IGUACU;80886;P9245;PENITENCIARIA ESTADUAL DE FOZ DO IGUACU III
PR;4108304;FOZ DO IGUACU;80887;P3521;PENITENCIARIA FEMININA DE FOZ DO IGUACU  UNIDADE DE PROGRESSAO  PFF UP
PR;4108403;FRANCISCO BELTRAO;80888;P9669;COMPLEXO SOCIAL DE FRANCISCO BELTRAO
PR;4108403;FRANCISCO BELTRAO;80889;P1203;PENITENCIARIA ESTADUAL DE FRANCISCO BELTRAO
PR;4108601;GOIOERE;80890;P4982;CADEIA P DE GOIOERE
PR;4108809;GUAIRA;80891;P9515;PENITENCIARIA ESTADUAL DE GUAIRA
PR;4109401;GUARAPUAVA;80892;P1701;CADEIA PUBLICA DE GUARAPUAVA
PR;4109401;GUARAPUAVA;80893;P3561;COMPLEXO SOCIAL DE GUARAPUAVA
PR;4109401;GUARAPUAVA;80894;P3520;PENITENCIARIA ESTADUAL DE GUARAPUAVA  UNIDADE DE PROGRESSAO  PEG UP
PR;4109401;GUARAPUAVA;80895;P107;PENITENCIARIA INDUSTRIAL DE GUARAPUAVA
PR;4109708;IBAITI;80896;P4781;CADEIA PUBLICA DE IBAITI
PR;4109807;IBIPORA;80897;P6861;CADEIA PUBLICA DE IBIPORA
PR;4110607;IPORA;80898;P9499;CADEIA PUBLICA DE IPORA  CPIPO
PR;4111506;IVAIPORA;80899;P3290;APAC  IVAIPORA
PR;4111506;IVAIPORA;80900;P9543;CADEIA PUBLICA DE IVAIPORA  CPVAI
PR;4111803;JACAREZINHO;80901;P4696;CADEIA PUBLICA DE JACAREZINHO
PR;4112009;JAGUARIAIVA;80902;P3163;CADEIA PUBLICA DE JAGUARIAIVA
PR;4112108;JANDAIA DO SUL;80903;P9760;CADEIA PUBLICA DE JANDAIA DO SUL  CPJANDA
PR;4113205;LAPA;80904;P3516;CENTRO DE REGIME SEMIABERTO DA LAPA  CRSL
PR;4113304;LARANJEIRAS DO SUL;80905;P6862;CADEIA PUBLICA DE LARANJEIRAS DO SUL
PR;4113304;LARANJEIRAS DO SUL;80906;P994;CENSE LARANJEIRAS DO SUL
PR;4113502;LOANDA;80907;P9497;CADEIA PUBLICA DE LOANDA  CPLOA
PR;4113700;LONDRINA;80908;P3287;CADEIA PUBLICA FEMININA DE LONDRINA
PR;4113700;LONDRINA;80909;P1453;CASA DE CUSTODIA DE LONDRINA
PR;4113700;LONDRINA;80910;P1997;CENSE LONDRINA II
PR;4113700;LONDRINA;80911;P1700;CENTRO DE REINTREGRACAO SOCIAL DE LONDRINA
PR;4113700;LONDRINA;80912;P1684;PATRONATO PENITENCIARIO DE LONDRINA
PR;4113700;LONDRINA;80913;P7381;PENITENCIARIA ESTADUAL DE LONDRINA  PEL 1
PR;4113700;LONDRINA;80914;P103;PENITENCIARIA ESTADUAL DE LONDRINA II
PR;4113700;LONDRINA;80915;P8041;PENITENCIARIA ESTADUAL DE LONDRINA III  PEL III
PR;4114104;MANDAGUACU;80916;P10226;CADEIA P MANDAGUACU
PR;4114203;MANDAGUARI;80917;P6943;CADEIA PUBLICA DE MANDAGUARI
PR;4114609;MARECHAL CANDIDO RONDON;80918;P4862;CADEIA P DE MARECHAL CANDIDO RONDON
PR;4114807;MARIALVA;80919;P9783;CADEIA PUBLICA DE MARIALVA
PR;4115200;MARINGA;80920;P2194;CADEIA PUBLICA DE MARINGA
PR;4115200;MARINGA;80921;P366;CASA DE CUSTODIA DE MARINGA
PR;4115200;MARINGA;80922;P1505;CENSE MARINGA
PR;4115200;MARINGA;80923;P1212;COLONIA PENAL INDUSTRIAL DE MARINGA
PR;4115200;MARINGA;80924;P4137;COMPLEXO SOCIAL DE MARINGA
PR;4115200;MARINGA;80925;P1201;PENITENCIARIA ESTADUAL DE MARINGA
PR;4115804;MEDIANEIRA;80926;P9863;CADEIA P DE MEDIANEIRA
PR;4117305;ORTIGUEIRA;80927;P4487;CADEIA PUBLICA DE ORTIGUEIRA
PR;4117602;PALMAS;80928;P10076;CADEIA P PALMAS
PR;4117909;PALOTINA;80929;P10654;CADEIA P PALOTINA
PR;4118105;PARANACITY;80930;P9496;CADEIA PUBLICA DE PARANACITY
PR;4118402;PARANAVAI;80931;P9786;CADEIA PUBLICA DE PARANAVAI  CPPVAI
PR;4118402;PARANAVAI;80932;P4141;COMPLEXO SOCIAL DE PARANAVAI
PR;4118501;PATO BRANCO;80933;P3286;APAC  PATO BRANCO
PR;4118501;PATO BRANCO;80934;P9501;CADEIA PUBLICA DE PATO BRANCO
PR;4118501;PATO BRANCO;80935;P707;CENSE PATO BRANCO
PR;4119152;PINHAIS;80936;P919;COMPLEXO MEDICO PENAL DO PARANA
PR;4119509;PIRAQUARA;80937;P1463;CASA DE CUSTODIA DE PIRAQUARA
PR;4119509;PIRAQUARA;80938;P706;CENSE SAO FRANCISCO
PR;4119509;PIRAQUARA;80939;P3519;CENTRO DE INTEGRACAO SOCIAL DE PIRAQUARA  CIS
PR;4119509;PIRAQUARA;80940;P3481;COLONIA PENAL AGROINDUSTRIAL DO PARANA   OLARIA
PR;4119509;PIRAQUARA;80941;P3462;COLONIA PENAL AGROINDUSTRIAL DO PARANA  SEDE
PR;4119509;PIRAQUARA;80942;P9692;PENITENCIARIA CENTRAL DO ESTADO II  PCE II  US
PR;4119509;PIRAQUARA;80943;P1198;PENITENCIARIA ESTADUAL DE PIRAQUARA
PR;4119509;PIRAQUARA;80944;P1946;PENITENCIARIA ESTADUAL DE PIRAQUARA II
PR;4119509;PIRAQUARA;80945;P1452;PENITENCIARIA FEMININA DO PARANA
PR;4119509;PIRAQUARA;80946;P2480;UNIDADE DE PROGRESSAO PCE UP
PR;4119608;PITANGA;80947;P10744;CADEIA P DE PITANGA
PR;4119905;PONTA GROSSA;80948;P11903;CASA DE CUSTODIA DE PONTA GROSSA
PR;4119905;PONTA GROSSA;80949;P2000;CENSE PONTA GROSSA
PR;4119905;PONTA GROSSA;80950;P10403;COMPLEXO SOCIAL DE PONTA GROSSA
PR;4119905;PONTA GROSSA;80951;P3515;PENITENCIARIA ESTADUAL DE PONTA GROSSA  UNIDADE DE PROGRESSAO  PEPG UP
PR;4119905;PONTA GROSSA;80952;P3514;PENITENCIARIA ESTADUAL DE PONTA GROSSA  UNIDADE DE SEGURANCA  PEPG US
PR;4119905;PONTA GROSSA;80953;P9248;PENITENCIARIA ESTADUAL DE PONTA GROSSA II  UNIDADE SEGURANCA  PEPG IIUS
PR;4120002;PORECATU;80954;P6722;CADEIA PUBLICA DE PORECATU
PR;4122404;ROLANDIA;80955;P6743;CADEIA PUBLICA DE ROLANDIA
PR;4124103;SANTO ANTONIO DA PLATINA;80956;P4768;CADEIA PUBLICA DE SANTO ANTONIO DA PLATINA
PR;4124103;SANTO ANTONIO DA PLATINA;80957;P1256;CENSE SANTO ANTONIO DA PLATINA
PR;4124103;SANTO ANTONIO DA PLATINA;80958;P9506;ESCRITORIO SOCIAL DE SANTO ANTONIO DA PLATINA
PR;4124400;SANTO ANTONIO DO SUDOESTE;80959;P10087;CADEIA P DE SANTO ANTONIO DO SUDOESTE
PR;4125357;SAO JORGE DO PATROCINIO;80960;P9507;CADEIA PUBLICA DE ALTONIA  CPALT
PR;4125506;SAO JOSE DOS PINHAIS;80961;P1686;CASA DE CUSTODIA DE SAO JOSE DOS PINHAIS
PR;4125506;SAO JOSE DOS PINHAIS;80962;P2482;CENSE SAO JOSE DOS PINHAIS
PR;4126256;SARANDI;80963;P9788;CADEIA PUBLICA DE SARANDI
PR;4126306;SENGES;80964;P3289;CADEIA PUBLICA DE SENGES
PR;4127106;TELEMACO BORBA;80965;P3189;CADEIA PUBLICA DE TELEMACO BORBA
PR;4127700;TOLEDO;80966;P6961;APAC TOLEDO
PR;4127700;TOLEDO;80967;P3284;CADEIA PUBLICA DE TOLEDO
PR;4127700;TOLEDO;80968;P1998;CENSE TOLEDO
PR;4127700;TOLEDO;80969;P3562;COMPLEXO SOCIAL DE TOLEDO
PR;4128104;UMUARAMA;80970;P9498;CADEIA PUBLICA DE UMUARAMA  CPUMUA
PR;4128104;UMUARAMA;80971;P1999;CENSE UMUARAMA
PR;4128104;UMUARAMA;80972;P10263;COMPLEXO SOCIAL DE UMUARAMA
PR;4128203;UNIAO DA VITORIA;80973;P10305;CADEIA P DE UNIAO DA VITORIA
PR;4128500;WENCESLAU BRAZ;80974;P2326;CADEIA PUBLICA WENCESLAU BRAZ
RJ;3300456;BELFORD ROXO;80975;P1070;CAI BELFORD ROXO
RJ;3301009;CAMPOS DOS GOYTACAZES;80976;P1824;CENSE CAMPOS PROFESSORA MARLENE HENRIQUE ALVES
RJ;3301009;CAMPOS DOS GOYTACAZES;80977;P531;CENTRO DE RECURSOS INTEGRADOS DE ATENDIMENTO AO ADOLESCENTE  CRIAAD CAMPOS
RJ;3301009;CAMPOS DOS GOYTACAZES;80978;P692;PRESIDIO CARLOS TINOCO DA FONSECA  SEAPCF
RJ;3301009;CAMPOS DOS GOYTACAZES;80979;P1984;PRESIDIO DALTON CRESPO DE CASTRO  SEAPDC
RJ;3301009;CAMPOS DOS GOYTACAZES;80980;P430;PRESIDIO NILZA DA SILVA SANTOS  FEMININO DE CAMPOS  SEAPNS
RJ;3301702;DUQUE DE CAXIAS;80981;P530;CRIAAD DUQUE DE CAXIAS
RJ;3302205;ITAPERUNA;80982;P1727;PRESIDIO NORBERTO FERREIRA DE MORAES  SEAPNF
RJ;3302270;JAPERI;80983;P992;CADEIA PUBLICA COTRIM NETO  SEAPCN
RJ;3302270;JAPERI;80984;P1731;PRESIDIO JOAO CARLOS DA SILVA  SEAPJC
RJ;3302270;JAPERI;80985;P158;PRESIDIO MILTON DIAS MOREIRA  SEAPMM
RJ;3302403;MACAE;80986;P229;CRIAAD MACAE
RJ;3302502;MAGE;80987;P1490;COLONIA AGRICOLA MARCO AURELIO VERGAS TAVARES DE MATTOS  SEAPAM
RJ;3302502;MAGE;80988;P993;PRESIDIO HELIO GOMES  SEAPHG
RJ;3302502;MAGE;80989;P425;PRESIDIO ROMEIRO NETO  SEAPRN
RJ;3303203;NILOPOLIS;80990;P1574;CENTRO DE RECURSOS INTEGRADOS DE ATENDIMENTO AO ADOLESCENTE  CRIAAD NILOPOLIS
RJ;3303302;NITEROI;80991;P2067;CRIAAD NITEROI
RJ;3303302;NITEROI;80992;P1730;HOSPITAL DE CUSTODIA E TRATAMENTO PSIQUIATRICO HENRIQUE ROXO  SEAPHR
RJ;3303302;NITEROI;80993;P8222;INSTITUTO PENAL CEL PM FRANCISCO SPARGOLI ROCHA  SEAPFS
RJ;3303302;NITEROI;80994;P143;INSTITUTO PENAL EDGARD COSTA  SEAPEC
RJ;3303302;NITEROI;80995;P8241;INSTITUTO PENAL ISMAEL PEREIRA SIRIEIRO  SEAPIS
RJ;3303302;NITEROI;80996;P444;PRESIDIO CONSTANTINO COKOTOS  SEAPCK
RJ;3303302;NITEROI;80997;P1995;UNIDADE PRISIONAL DA POLICIA MILITAR
RJ;3303401;NOVA FRIBURGO;80998;P2585;CENSE NOVA FRIBURGO DR ANTONIO ELIAS DOREA DE ARAUJO BASTOS
RJ;3303500;NOVA IGUACU;80999;P529;CRIAAD NOVA IGUACU
RJ;3304201;RESENDE;81000;P2545;PENITENCIARIA INSPETOR LUIS FERNANDES BANDEIRA DUARTE  SEAPBD
RJ;3304557;RIO DE JANEIRO;81001;P973;CADEIA PUBLICA JORGE SANTANA  SEAPJS
RJ;3304557;RIO DE JANEIRO;81002;P1240;CADEIA PUBLICA PAULO ROBERTO ROCHA  SEAPPR
RJ;3304557;RIO DE JANEIRO;81003;P1242;CADEIA PUBLICA PEDRO MELO DA SILVA  SEAPPM
RJ;3304557;RIO DE JANEIRO;81004;P1825;CAMPUS CECEL  COORDENACAO DE EDUCACAO CULTURA ESPORTE E LAZER
RJ;3304557;RIO DE JANEIRO;81005;P9668;CASA DO ALBERGADO CRISPIM VENTINO  SEAPAC
RJ;3304557;RIO DE JANEIRO;81006;P1069;CENTRO DE SOCIOEDUCACAO DOM BOSCO
RJ;3304557;RIO DE JANEIRO;81007;P532;CENTRO DE SOCIOEDUCACAO PROFESSOR  ANTONIO CARLOS GOMES DA COSTA
RJ;3304557;RIO DE JANEIRO;81008;P3322;CRIAAD BONSUCESSO
RJ;3304557;RIO DE JANEIRO;81009;P3701;CRIAAD GALEAO
RJ;3304557;RIO DE JANEIRO;81010;P1339;CRIAAD SANTA CRUZ
RJ;3304557;RIO DE JANEIRO;81011;P8324;ESCOLA JOAO LUIZ ALVES
RJ;3304557;RIO DE JANEIRO;81012;P690;HOSPITAL PENAL PSIQUIATRICO ROBERTO MEDEIROS SEAPRM
RJ;3304557;RIO DE JANEIRO;81013;P1729;INSTITUTO PENAL BENJAMIN DE MORAES FILHO  SEAPBM
RJ;3304557;RIO DE JANEIRO;81014;P1485;INSTITUTO PENAL CANDIDO MENDES  SEAPCM
RJ;3304557;RIO DE JANEIRO;81015;P704;INSTITUTO PENAL OSCAR STEVENSON  SEAPOS
RJ;3304557;RIO DE JANEIRO;81016;P1983;INSTITUTO PENAL PLACIDO SA CARVALHO  SEAPPC
RJ;3304557;RIO DE JANEIRO;81017;P1243;INSTITUTO PENAL VICENTE PIRAGIBE  SEAPVP
RJ;3304557;RIO DE JANEIRO;81018;P443;PATRONATO MAGARINOS TORRES  SEAPMT
RJ;3304557;RIO DE JANEIRO;81019;P1504;PENITENCIARIA BANDEIRA STAMPA  SEAPBS
RJ;3304557;RIO DE JANEIRO;81020;P691;PENITENCIARIA DR SERRANO NEVES  SEAPSN
RJ;3304557;RIO DE JANEIRO;81021;P1241;PENITENCIARIA INDUSTRIAL ESMERALDINO BANDEIRA  SEAPEB
RJ;3304557;RIO DE JANEIRO;81022;P139;PENITENCIARIA MUNIZ SODRE  SEAPMS
RJ;3304557;RIO DE JANEIRO;81023;P147;PENITENCIARIA TALAVERA BRUCE  SEAPTB
RJ;3304557;RIO DE JANEIRO;81024;P1483;PRESIDIO ALFREDO TRANJAN  SEAPAT
RJ;3304557;RIO DE JANEIRO;81025;P1503;PRESIDIO ARY FRANCO  SEAPAF
RJ;3304557;RIO DE JANEIRO;81026;P445;PRESIDIO DA MARINHA DO BRASIL
RJ;3304557;RIO DE JANEIRO;81027;P426;PRESIDIO DJANIRA DOLORES DE OLIVEIRA  SEAPDO
RJ;3304557;RIO DE JANEIRO;81028;P689;PRESIDIO ELIZABETH SA REGO  SEAPSR
RJ;3304557;RIO DE JANEIRO;81029;P422;PRESIDIO EVARISTO DE MORAES  SEAPEM
RJ;3304557;RIO DE JANEIRO;81030;P974;PRESIDIO GABRIEL FERREIRA CASTILHO  SEAPGC
RJ;3304557;RIO DE JANEIRO;81031;P144;PRESIDIO JOAQUIM FERREIRA DE SOUZA  SEAPJF
RJ;3304557;RIO DE JANEIRO;81032;P1484;PRESIDIO JONAS LOPES DE CARVALHO  SEAPJL
RJ;3304557;RIO DE JANEIRO;81033;P2587;PRESIDIO JOSE FREDERICO MARQUES  SEAPFM
RJ;3304557;RIO DE JANEIRO;81034;P142;PRESIDIO LEMOS DE BRITO  SEAPLB
RJ;3304557;RIO DE JANEIRO;81035;P424;PRESIDIO NELSON HUNGRIA  SEAPNH
RJ;3304557;RIO DE JANEIRO;81036;P145;PRESIDIO PEDROLINO WERLING DE OLIVEIRA  SEAPPO
RJ;3304557;RIO DE JANEIRO;81037;P705;PRESIDO INSPETOR JOSE ANTONIO DA COSTA BARROS  SEAPJB
RJ;3304557;RIO DE JANEIRO;81038;P975;SANATORIO PENAL  SEAPSP
RJ;3304557;RIO DE JANEIRO;81039;P141;UNIDADE MATERNO INFANTIL  SEAPUMI
RJ;3304904;SAO GONCALO;81040;P446;CADEIA PUBLICA JUIZA DE DIREITO PATRICIA ACIOLI  SEAPJP
RJ;3304904;SAO GONCALO;81041;P1996;PRESIDIO ISAP TIAGO TELES DE CASTRO DOMINGUES  SEAPTD
RJ;3305802;TERESOPOLIS;81042;P1338;CRIAAD TERESOPOLIS
RJ;3306305;VOLTA REDONDA;81043;P1822;CENSE VOLTA REDONDA  IRMA ASSUNION DE LA GANDARA USTARA
RJ;3306305;VOLTA REDONDA;81044;P2066;CRIAAD VOLTA REDONDA
RJ;3306305;VOLTA REDONDA;81045;P140;PRESIDIO FRANZ DE CASTRO HOLZWARTH  SEAPFC
RN;2401008;APODI;81046;P3061;CDP APODI CENTRO DE DETENCAO PROVISORIA DE APODI
RN;2402006;CAICO;81047;P12045;ESCRITORIO SOCIAL DE CAICORN
RN;2402006;CAICO;81048;P5401;PENITENCIARIA ESTADUAL DO SERIDO FEMININO
RN;2402006;CAICO;81049;P455;PENITENCIARIA ESTADUAL DO SERIDO MASCULINO
RN;2402303;CARAUBAS;81050;P456;CADEIA PUBLICA DE CARAUBAS
RN;2402600;CEARAMIRIM;81051;P3183;CADEIA PUBLICA DINORA SIMAS LIMA DEODATO
RN;2403251;PARNAMIRIM;81069;P10584;CENTRAL DE RECEBIMENTO E TRIAGEM
RN;2403251;PARNAMIRIM;81070;P1512;PENITENCIARIA ESTADUAL DE PARNAMIMIM
RN;2407104;MACAIBA;81052;P11423;APAC MACAIBA ASSOCIACAO DE PROTECAO E ASSISTENCIA AOS CONDENADOS
RN;2407203;MACAU;81053;P10105;APACMACAU ASSOCIACAO DE PROTECAO E ASSISTENCIA AOS CONDENADOS
RN;2408003;MOSSORO;81054;P713;CADEIA PUBLICA DE MOSSORO
RN;2408003;MOSSORO;81055;P6921;COMPLEXO PENAL ESTADUAL AGRICOLA MARIO NEGOCIO FEMININO
RN;2408003;MOSSORO;81056;P168;COMPLEXO PENAL ESTADUAL AGRICOLADR MARIO NEGOCIO MASCULINO
RN;2408003;MOSSORO;81057;P6901;ESCRITORIO SOCIAL DE MOSSORO
RN;2408003;MOSSORO;81058;P550;PENITENCIARIA FEDERAL EM MOSSORORN
RN;2408102;NATAL;81059;P2010;CADEIA PUBLICA DE NATAL
RN;2408102;NATAL;81060;P2284;CENTRO DE DETENCAO PROVISORIA DE PARNAMIRIM  FEMININO
RN;2408102;NATAL;81061;P2012;COMPLEXO PENAL DE JOAO CHAVES FEMININO
RN;2408102;NATAL;81062;P11945;ESCRITORIO SOCIAL DA SEAPRN
RN;2408102;NATAL;81063;P2011;UNIDADE PSIQUIATRICA DE CUSTORIA E TRATAMENTO DE NATAL
RN;2408201;NISIA FLORESTA;81064;P1004;ALCACUZ  PAV 01
RN;2408201;NISIA FLORESTA;81065;P12003;ALCACUZ PAV 04
RN;2408201;NISIA FLORESTA;81066;P166;ALCACUZ PVO3
RN;2408201;NISIA FLORESTA;81067;P1746;PENITENCIARIA ESTADUAL ROGERIO COUTINHO MADRUGA
RN;2408300;NOVA CRUZ;81068;P1511;CADEIA PUBLICA NOMINANDO GOMES NOVA CRUZ
RN;2409407;PAU DOS FERROS;81071;P165;COMPLEXO PENAL REGIONAL DE PAU DOS FERROS
RO;1100015;ALTA FLORESTA DOESTE;81072;P591;CADEIA PUBLICA DE  ALTA FLORESTA DOESTERO
RO;1100023;ARIQUEMES;81074;P1873;CASA DO ALBERGADO E PRESIDIO FEMININO DE ARIQUEMES
RO;1100023;ARIQUEMES;81075;P31;CENTRO DE RESSOCIALIZACAO DE ARIQUEMES
RO;1100023;ARIQUEMES;81076;P935;UNIDADE SOCIOEDUCATIVA DE ARIQUEMES
RO;1100049;CACOAL;81078;P595;CASA DE DETENCAO DE CACOAL
RO;1100049;CACOAL;81079;P1213;UNIDADE SOCIOEDUCATIVA DE CACOAL
RO;1100056;CEREJEIRAS;81080;P1876;CADEIA PUBLICA DE CEREJEIRAS
RO;1100064;COLORADO DO OESTE;81081;P831;CADEIA PUBLICA DE COLORADO DOESTE
RO;1100080;COSTA MARQUES;81082;P33;CADEIA PUBLICA DE COSTA MARQUES
RO;1100106;GUAJARAMIRIM;81083;P588;CASA DE DETENCAO DE GUAJARAMIRIM
RO;1100106;GUAJARAMIRIM;81084;P829;CASA DE DETENCAO FEMININA DE GUAJARA MIRIM
RO;1100106;GUAJARAMIRIM;81085;P586;PENITENCIARIA DE NOVA MAMORE
RO;1100114;JARU;81086;P1131;CASA DE PRISAO ALBERGUE DE JARU E SEMIABERTO
RO;1100114;JARU;81087;P26;CENTRO R DE RESSOCIALIZACAO AUGUSTO SIMON KEMPE
RO;1100122;JIPARANA;81088;P3265;ASSISTENCIA DE PROTECAO AOS CONDENADOS  APAC
RO;1100122;JIPARANA;81089;P934;CENTRO DE ATENDIMENTO SOCIOEDUCATIVO DE JIPARANA
RO;1100122;JIPARANA;81090;P30;PENITENCIARIA REGIONAL DR AGENOR MARTINS DE CARVALHO
RO;1100122;JIPARANA;81091;P3169;PRESIDIO SEMIABERTO DE  JIPARANA
RO;1100130;MACHADINHO DOESTE;81092;P4449;CENTRO DE RESSOCIALIZACAO DE MACHADINHO DOESTE
RO;1100189;PIMENTA BUENO;81093;P1129;CASA DE DETENCAO DE PIMENTA BUENO
RO;1100205;PORTO VELHO;81094;P834;ASSOCIACAO CULTURAL E DE DESENVOLVIMENTO DO APENADO E EGRESSO  ACUDA
RO;1100205;PORTO VELHO;81095;P6725;CASSEMCENTRO ATENDIMENTO SOCIOEDUCATIVO SEMILIBERDADE
RO;1100205;PORTO VELHO;81096;P1387;CENTRO DE DETENCAO PROVISORIO DE PORTO VELHO ANTIGO URSO
RO;1100205;PORTO VELHO;81097;P1878;CENTRO DE RESSOCIALIZACAO SUELY MARIA MENDONCA PENFEN E PEPFEM UNIFICADAS
RO;1100205;PORTO VELHO;81098;P1388;CENTRO DE RESSOCIALIZACAO VALE DO GUAPORE
RO;1100205;PORTO VELHO;81099;P288;PENITENCIARIA DE MEDIO PORTE DE PORTO VELHO
RO;1100205;PORTO VELHO;81100;P827;PENITENCIARIA ESTADUAL ARUANA
RO;1100205;PORTO VELHO;81101;P1622;PENITENCIARIA ESTADUAL EDIVAN MARIANO ROSENDO  PANDA
RO;1100205;PORTO VELHO;81102;P3288;PENITENCIARIA ESTADUAL JORGE THIAGO AGUIAR AFONSO
RO;1100205;PORTO VELHO;81103;P4631;PENITENCIARIA ESTADUAL MILTON SOARES DE CARVALHO
RO;1100205;PORTO VELHO;81104;P800;PENITENCIARIA FEDERAL EM PORTO VELHO
RO;1100205;PORTO VELHO;81105;P1467;UNIDADE DE INTERNACAO PROVISORIA
RO;1100205;PORTO VELHO;81106;P4421;UNIDADE DE MONITORAMENTO ELETRONICO  UMESP CAPITAL   PATRONATO
RO;1100205;PORTO VELHO;81107;P6288;UNIDADE MASCULINA SENTENCIADA II
RO;1100205;PORTO VELHO;81108;P1468;UNIDADE SOCIOEDUCATIVA FEMININA
RO;1100205;PORTO VELHO;81109;P6286;UPES  UNIDADE PROVISORIA ESPECIAL DE SEGURANCA
RO;1100254;PRESIDENTE MEDICI;81110;P286;CADEIA PUBLICA DE PRESIDENTE MEDICE
RO;1100288;ROLIM DE MOURA;81111;P27;PENITENCIARIA REGIONAL DE ROLIM DE MOURA
RO;1100288;ROLIM DE MOURA;81112;P1703;UNIDADE SOCIOEDUCATIVA DE ROLIM DE MOURA
RO;1100304;VILHENA;81115;P587;CENTRO DE RESSOCIALIZACAO DO CONE SUL
RO;1100304;VILHENA;81116;P289;COLONIA PENAL MONITORAMENTO E P FEMININO ELETRONICO VILHENA
RO;1100304;VILHENA;81117;P5621;UNIDADE SOCIOEDUCATIVO DE VILHENARO
RO;1100320;SAO MIGUEL DO GUAPORE;81114;P1133;CADEIA PUBLICA DE SAO MIGUEL DO GUAPORE
RO;1100346;ALVORADA DOESTE;81073;P830;CENTRO DE RESSOCIALIZACAO YOHAN FLAVIO VASSOLER
RO;1100452;BURITIS;81077;P291;CENTRO DE RESSOCIALIZACAO JONAS FERRETI
RO;1101492;SAO FRANCISCO DO GUAPORE;81113;P835;CADEIA PUBLICA DE SAO FRANCISCO DO GUAPORE
RR;1400100;BOA VISTA;81118;P5129;CADEIA PUBLICA FEMININA DE BOA VISTA  CPFBV
RR;1400100;BOA VISTA;81119;P597;CADEIA PUBLICA MASCULINA DE BOA VISTA
RR;1400100;BOA VISTA;81120;P5127;CENTRO DE PROGRESSAO PENITENCIARIO
RR;1400100;BOA VISTA;81121;P838;PENITENCIARIA AGRICOLA DE MONTE CRISTO  PAVILHAO 1
RR;1400100;BOA VISTA;81122;P1393;PENITENCIARIA AGRICOLA DE MONTE CRISTO  PAVILHAO 2
RR;1400472;RORAINOPOLIS;81123;P9751;UNIDADE PRISIONAL DE RORAINOPOLIS
RS;4300109;AGUDO;81124;P415;PRESIDIO ESTADUAL DE AGUDO
RS;4300406;ALEGRETE;81125;P1233;PRESIDIO ESTADUAL DE ALEGRETE
RS;4301008;ARROIO DO MEIO;81126;P1976;PRESIDIO ESTADUAL DE ARROIO DO MEIO
RS;4301107;ARROIO DOS RATOS;81127;P131;PENITENCIARIA ESTADUAL DE ARROIO DOS RATOS
RS;4301602;BAGE;81128;P9123;INSTITUTO PENAL DE BAGE
RS;4301602;BAGE;81129;P678;PRESIDIO REGIONAL DE BAGE
RS;4302105;BENTO GONCALVES;81130;P411;PENITENCIARIA ESTADUAL DE BENTO GONCALVES
RS;4302808;CACAPAVA DO SUL;81131;P1719;PRESIDIO ESTADUAL DE CACAPAVA DO SUL
RS;4302907;CACEQUI;81132;P402;PRESIDIO ESTADUAL DE CACEQUI
RS;4303004;CACHOEIRA DO SUL;81133;P1968;PRESIDIO ESTADUAL DE CACHOEIRA DO SUL
RS;4303509;CAMAQUA;81134;P967;PRESIDIO ESTADUAL DE CAMAQUA
RS;4304200;CANDELARIA;81135;P414;PRESIDIO ESTADUAL DE CANDELARIA
RS;4304408;CANELA;81136;P1479;PRESIDIO ESTADUAL DE CANELA
RS;4304507;CANGUCU;81137;P1482;PRESIDIO ESTADUAL DE CANGUCU
RS;4304606;CANOAS;81138;P2187;PENITENCIARIA ESTADUAL DE CANOAS I  PECAN I
RS;4304606;CANOAS;81139;P2549;PENITENCIARIA ESTADUAL DE CANOAS II  PECAN II
RS;4304606;CANOAS;81140;P3049;PENITENCIARIA ESTADUAL DE CANOAS III  PECAN III
RS;4304606;CANOAS;81141;P3087;PENITENCIARIA ESTADUAL DE CANOAS IV  PECAN IV
RS;4305108;CAXIAS DO SUL;81142;P1104;CASE REGIONAL CAXIAS DO SUL
RS;4305108;CAXIAS DO SUL;81143;P130;PENITENCIARIA ESTADUAL DE CAXIAS DO SUL
RS;4305108;CAXIAS DO SUL;81144;P1957;PRESIDIO REGIONAL DE CAXIAS DO SUL
RS;4305207;CERRO LARGO;81145;P687;PRESIDIO ESTADUAL DE CERRO LARGO
RS;4305355;CHARQUEADAS;81146;P2263;ANEXO REGIME SEMI ABERTO DA PENITENCIARIA ESTADUAL DO JACUI  PEJ
RS;4305355;CHARQUEADAS;81147;P123;COLONIA PENAL AGRICOLA GAL DALTRO FILHO
RS;4305355;CHARQUEADAS;81148;P1707;INSTITUTO PENAL DE CHARQUEADAS
RS;4305355;CHARQUEADAS;81149;P1975;PENITENCIARIA DE ALTA SEGURANCA DE CHARQUEADAS
RS;4305355;CHARQUEADAS;81150;P683;PENITENCIARIA ESTADUAL DE CHARQUEADAS
RS;4305355;CHARQUEADAS;81151;P10292;PENITENCIARIA ESTADUAL DE CHARQUEADAS II
RS;4305355;CHARQUEADAS;81152;P10346;PENITENCIARIA ESTADUAL DE CHARQUEADAS III
RS;4305355;CHARQUEADAS;81153;P1958;PENITENCIARIA ESTADUAL DO JACUI
RS;4305355;CHARQUEADAS;81154;P685;PENITENCIARIA MODULADA ESTADUAL DE CHARQUEADAS  PMEC
RS;4306106;CRUZ ALTA;81155;P1226;PRESIDIO ESTADUAL DE CRUZ ALTA
RS;4306601;DOM PEDRITO;81156;P401;PRESIDIO ESTADUAL DE DOM PEDRITO
RS;4306809;ENCANTADO;81157;P1972;PRESIDIO ESTADUAL DE ENCANTADO
RS;4306908;ENCRUZILHADA DO SUL;81158;P1967;PRESIDIO ESTADUAL DE ENCRUZILHADA DO SUL
RS;4307005;ERECHIM;81159;P1231;PRESIDIO ESTADUAL DE ERECHIM
RS;4307500;ESPUMOSO;81160;P120;PRESIDIO ESTADUAL DE ESPUMOSO
RS;4308904;GETULIO VARGAS;81161;P1705;PRESIDIO ESTADUAL DE GETULIO VARGAS
RS;4309209;GRAVATAI;81162;P682;INSTITUTO PENAL DE GRAVATAI SANTOS E MEDEIROS
RS;4309308;GUAIBA;81163;P407;PENITENCIARIA ESTADUAL FEMININA DE GUAIBA
RS;4309407;GUAPORE;81164;P133;PRESIDIO ESTADUAL DE GUAPORE
RS;4310207;IJUI;81165;P968;INSTITUTO PENAL DE IJUI
RS;4310207;IJUI;81166;P381;PENITENCIARIA MODULADA ESTADUAL DE IJUI
RS;4310603;ITAQUI;81167;P1706;PRESIDIO ESTADUAL DE ITAQUI
RS;4311007;JAGUARAO;81168;P1974;PRESIDIO ESTADUAL DE JAGUARAO
RS;4311106;JAGUARI;81169;P963;PRESIDIO ESTADUAL DE JAGUARI
RS;4311205;JULIO DE CASTILHOS;81170;P684;PRESIDIO ESTADUAL DE JULIO DE CASTILHOS
RS;4311304;LAGOA VERMELHA;81171;P383;PRESIDIO ESTADUAL DE LAGOA VERMELHA
RS;4311403;LAJEADO;81172;P384;PRESIDIO ESTADUAL DE LAJEADO
RS;4311403;LAJEADO;81173;P2531;PRESIDIO ESTADUAL FEMININO DE LAJEADO
RS;4311502;LAVRAS DO SUL;81174;P404;PRESIDIO ESTADUAL DE LAVRAS DO SUL
RS;4312401;MONTENEGRO;81175;P129;INSTITUTO PENAL  DE MONTENEGRO
RS;4312401;MONTENEGRO;81176;P1480;PENITENCIARIA MODULADA ESTADUAL DE MONTENEGRO
RS;4313300;NOVA PRATA;81177;P122;PRESIDIO ESTADUAL DE NOVA PRATA
RS;4313409;NOVO HAMBURGO;81178;P1855;CASE REGIONAL NOVO HAMBURGO
RS;4313409;NOVO HAMBURGO;81179;P966;INSTITUTO PENAL DE NOVO HAMBURGO
RS;4313508;OSORIO;81180;P1966;PENITENCIARIA MODULADA ESTADUAL DE OSORIO
RS;4313706;PALMEIRA DAS MISSOES;81181;P688;PRESIDIO ESTADUAL DE PALMEIRA DAS MISSOES
RS;4314100;PASSO FUNDO;81182;P9796;ASSOCIACAO DE PROTECAO E ASSISTENCIA AOS CONDENADOS DE PASSO FUNDO  APAC PASSO FUNDO
RS;4314100;PASSO FUNDO;81183;P1599;CASE REGIONAL PASSO FUNDO
RS;4314100;PASSO FUNDO;81184;P960;INSTITUTO PENAL DE PASSO FUNDO
RS;4314100;PASSO FUNDO;81185;P1971;PRESIDIO REGIONAL DE PASSO FUNDO
RS;4314407;PELOTAS;81186;P3510;ASSOCIACAO DE PROTECAO E ASSISTENCIA AOS CONDENADOS  APAC PELOTAS
RS;4314407;PELOTAS;81187;P1366;CASE REGIONAL PELOTAS
RS;4314407;PELOTAS;81188;P1720;PRESIDIO REGIONAL DE PELOTAS
RS;4314902;PORTO ALEGRE;81189;P3341;ASSOCIACAO DE PROTECAO  E ASSISTENCIA AOS CONDENADOS DE PORTO ALEGRE PARTENON APAC
RS;4314902;PORTO ALEGRE;81190;P964;CADEIA PUBLICA DE PORTO ALEGRE
RS;4314902;PORTO ALEGRE;81191;P273;CASE FEMININO PORTO ALEGRE
RS;4314902;PORTO ALEGRE;81192;P10;CASE PADRE CACIQUE
RS;4314902;PORTO ALEGRE;81194;P10564;CECONP
RS;4314902;PORTO ALEGRE;81195;P1106;CENTRO DE INTERNACAO PROVISORIA CARLOS SANTOS
RS;4314902;PORTO ALEGRE;81196;P1103;COMUNIDADE SOCIO EDUCATIVA
RS;4314902;PORTO ALEGRE;81197;P403;INSTITUTO PENAL FEMININO DE PORTO ALEGRE
RS;4314902;PORTO ALEGRE;81198;P961;INSTITUTO PENAL IRMAO MIGUEL DARIO
RS;4314902;PORTO ALEGRE;81199;P9764;NUCLEO DE GESTAO ESTRATEGICA DO SISTEMA PRISIONAL  NUGESP
RS;4314902;PORTO ALEGRE;81200;P1721;PATRONATO LIMA DRUMMOND
RS;4314902;PORTO ALEGRE;81201;P3325;PENITENCIARIA ESTADUAL DE PORTO ALEGRE  PEPOA
RS;4314902;PORTO ALEGRE;81202;P1722;PRESIDIO ESTADUAL FEMININO MADRE PELLETIER
RS;4314902;Porto Alegre;81193;P568;CASE REGIONAL POA II
RS;4315305;QUARAI;81203;P1717;PRESIDIO ESTADUAL DE QUARAI
RS;4315602;RIO GRANDE;81204;P409;PENITENCIARIA ESTADUAL DE RIO GRANDE
RS;4315701;RIO PARDO;81205;P969;PRESIDIO ESTADUAL FEMININO DE RIO PARDO
RS;4316402;ROSARIO DO SUL;81206;P1718;PRESIDIO ESTADUAL DE ROSARIO DO SUL
RS;4316808;SANTA CRUZ DO SUL;81207;P1228;PRESIDIO REGIONAL DE SANTA CRUZ DO SUL
RS;4316907;SANTA MARIA;81208;P811;CASE REGIONAL SANTA MARIA
RS;4316907;SANTA MARIA;81209;P132;PENITENCIARIA ESTADUAL DE SANTA MARIA
RS;4316907;SANTA MARIA;81210;P1227;PRESIDIO REGIONAL DE SANTA MARIA
RS;4317103;SANTANA DO LIVRAMENTO;81213;P10754;INSTITUTO PENAL DE MONITORACAO ELETRONICA 6A REGIAO
RS;4317103;SANTANA DO LIVRAMENTO;81214;P410;PENITENCIARIA ESTADUAL DE SANTANA DO LIVRAMENTO
RS;4317202;SANTA ROSA;81211;P1723;PRESIDIO ESTADUAL DE SANTA ROSA  PESR
RS;4317301;SANTA VITORIA DO PALMAR;81212;P1216;PRESIDIO ESTADUAL DE SANTA VITORIA DO PALMAR
RS;4317400;SANTIAGO;81215;P959;PRESIDIO ESTADUAL DE SANTIAGO
RS;4317509;SANTO ANGELO;81216;P809;CASE REGIONAL SANTO ANGELO
RS;4317509;SANTO ANGELO;81217;P417;INSTITUTO PENAL DE SANTO ANGELO
RS;4317509;SANTO ANGELO;81218;P406;PRESIDIO REGIONAL DE SANTO ANGELO
RS;4317905;SANTO CRISTO;81219;P1229;PRESIDIO ESTADUAL DE SANTO CRISTO
RS;4318002;SAO BORJA;81220;P412;PRESIDIO ESTADUAL DE SAO BORJA
RS;4318101;SAO FRANCISCO DE ASSIS;81221;P965;PRESIDIO ESTADUAL DE SAO FRANCISCO DE ASSIS
RS;4318200;SAO FRANCISCO DE PAULA;81222;P686;PRESIDIO ESTADUAL DE SAO FRANCISCO DE PAULA
RS;4318309;SAO GABRIEL;81223;P661;PRESIDIO ESTADUAL DE SAO GABRIEL
RS;4318705;SAO LEOPOLDO;81224;P5301;PENITENCIARIA ESTADUAL DE SAPUCAIA DO SUL
RS;4318903;SAO LUIZ GONZAGA;81225;P1956;PRESIDIO ESTADUAL DE SAO LUIZ GONZAGA
RS;4319604;SAO SEPE;81226;P416;PRESIDIO ESTADUAL DE SAO SEPE
RS;4319802;SAO VICENTE DO SUL;81227;P134;PRESIDIO ESTADUAL DE SAO VICENTE DO SUL
RS;4320107;SARANDI;81228;P1236;PRESIDIO ESTADUAL DE SARANDI
RS;4320701;SOBRADINHO;81229;P1969;PRESIDIO ESTADUAL DE SOBRADINHO
RS;4320800;SOLEDADE;81230;P121;PRESIDIO ESTADUAL DE SOLEDADE
RS;4321204;TAQUARA;81231;P1970;PRESIDIO ESTADUAL DE TAQUARA
RS;4321501;TORRES;81232;P408;PRESIDIO ESTADUAL FEMININO DE TORRES
RS;4321907;TRES PASSOS;81233;P680;PRESIDIO ESTADUAL DE TRES PASSOS
RS;4322400;URUGUAIANA;81234;P1105;CASE REGIONAL URUGUAIANA
RS;4322400;URUGUAIANA;81235;P939;INSTITUTO PENAL DE URUGUAIANA
RS;4322400;URUGUAIANA;81236;P679;PENITENCIARIA MODULADA ESTADUAL DE URUGUAIANA
RS;4322509;VACARIA;81237;P1232;PRESIDIO ESTADUAL DE VACARIA
RS;4322608;VENANCIO AIRES;81238;P1234;PENITENCIARIA ESTADUAL DE VENANCIO AIRES  PEVA
SC;4201406;ARARANGUA;81239;P393;PRESIDIO REGIONAL DE ARARANGUA
SC;4202107;BARRA VELHA;81240;P1456;UNIDADE PRISIONAL AVANCADA DE BARRA VELHA
SC;4202305;BIGUACU;81241;P1220;PRESIDIO MASCULINO DE BIGUACU
SC;4202404;BLUMENAU;81242;P2204;PENITENCIARIA INDUSTRIAL DE BLUMENAU
SC;4202404;BLUMENAU;81243;P1455;PRESIDIO REGIONAL DE BLUMENAU
SC;4202909;BRUSQUE;81244;P1690;UNIDADE PRISIONAL AVANCADA DE BRUSQUE
SC;4203006;CACADOR;81245;P951;PRESIDIO REGIONAL DE CACADOR
SC;4203600;CAMPOS NOVOS;81246;P1204;UNIDADE PRISIONAL AVANCADA DE CAMPOS NOVOS
SC;4203808;CANOINHAS;81247;P957;UNIDADE PRISIONAL AVANCADA DE CANOINHAS
SC;4204202;CHAPECO;81248;P1368;CASER CHAPECO  CENTRO DE ATENDIMENTO SOCIOEDUCATIVO REGIONAL DE  CHAPECO
SC;4204202;CHAPECO;81249;P813;CIF CHAPECO  CENTRO DE INTERNACAO FEMININO DE CHAPECO
SC;4204202;CHAPECO;81250;P1963;PENITENCIARIA AGRICOLA DE CHAPECO
SC;4204202;CHAPECO;81251;P5701;PENITENCIARIA INDUSTRIAL DE CHAPECO  PICH
SC;4204202;CHAPECO;81252;P3291;PRESIDIO FEMININO DE CHAPECO
SC;4204202;CHAPECO;81253;P367;PRESIDIO REGIONAL DE CHAPECO
SC;4204301;CONCORDIA;81254;P952;PRESIDIO REGIONAL DE CONCORDIA
SC;4204608;CRICIUMA;81255;P3101;CASER  CRICIUMA  CENTRO DE ATENDIMENTO SOCIOEDUCATIVO REGIONAL DE CRICIUMA
SC;4204608;CRICIUMA;81256;P2945;PENITENCIARIA FEMININA DE CRICIUMA
SC;4204608;CRICIUMA;81257;P676;PENITENCIARIA SUL
SC;4204608;CRICIUMA;81258;P109;PRESIDIO REGIONAL DE CRICIUMA
SC;4204806;CURITIBANOS;81259;P9758;CASE CURITIBANOS  CENTRO DE ATENDIMENTO SOCIOEDUCATIVO DE CURITIBANOS
SC;4205407;FLORIANOPOLIS;81260;P392;HOSPITAL DE CUSTODIA E TRATAMENTO PSIQUIATRICO
SC;4205407;FLORIANOPOLIS;81261;P394;PENITENCIARIA DE FLORIANOPOLIS
SC;4205407;FLORIANOPOLIS;81262;P677;PRESIDIO FEMININO DE FLORIANOPOLIS
SC;4205407;FLORIANOPOLIS;81263;P1965;PRESIDIO MASCULINO DE FLORIANOPOLIS
SC;4207304;IMBITUBA;81264;P391;PRESIDIO REGIONAL DE IMBITUBA
SC;4207502;INDAIAL;81265;P670;UNIDADE PRISIONAL AVANCADA DE INDAIAL
SC;4208203;ITAJAI;81266;P1478;PENITENCIARIA  COMPLEXO PENITENCIARIO DO VALE DO ITAJAI
SC;4208203;ITAJAI;81267;P1691;PRESIDIO DO COMPLEXO PENITENCIARIO DO VALE DO ITAJAI
SC;4208203;ITAJAI;81268;P1715;PRESIDIO FEMININO REGIONAL DE ITAJAI
SC;4208302;ITAPEMA;81269;P1964;UNIDADE PRISIONAL AVANCADA DE ITAPEMA
SC;4208500;ITUPORANGA;81270;P1961;UNIDADE PRISIONAL AVANCADA DE ITUPORANGA
SC;4208906;JARAGUA DO SUL;81271;P1225;PRESIDIO REGIONAL DE JARAGUA DO SUL
SC;4209003;JOACABA;81272;P127;PRESIDIO REGIONAL DE JOACABA
SC;4209102;JOINVILLE;81273;P1716;PENITENCIARIA INDUSTRIAL DE JOINVILLE
SC;4209102;JOINVILLE;81274;P7008;PRESIDIO FEMININO REGIONAL DE JOINVILLE
SC;4209102;JOINVILLE;81275;P674;PRESIDIO REGIONAL DE JOINVILLE
SC;4209300;LAGES;81276;P1107;CASER LAGES  CENTRO DE ATENDIMENTO SOCIOEDUCATIVO REGIONAL LAGES
SC;4209300;LAGES;81277;P1223;PRESIDIO MASCULINO DE LAGES
SC;4209300;LAGES;81278;P669;PRESIDIO REGIONAL DE LAGES
SC;4209409;LAGUNA;81279;P673;UNIDADE PRISIONAL AVANCADA DE LAGUNA
SC;4210100;MAFRA;81280;P955;PRESIDIO REGIONAL MAFRA
SC;4210506;MARAVILHA;81281;P1692;UNIDADE PRISIONAL AVANCADA DE MARAVILHA
SC;4211900;PALHOCA;81282;P1224;COLONIA PENAL AGRICOLA DA PALHOCA
SC;4213609;PORTO UNIAO;81283;P1962;UNIDADE PRISIONAL AVANCADA PORTO UNIAO
SC;4214805;RIO DO SUL;81284;P956;PRESIDIO REGIONAL DE RIO DO SUL
SC;4215802;SAO BENTO DO SUL;81285;P10723;PENITENCIARIA INDUSTRIAL DE SAO BENTO DO SUL
SC;4216057;SAO CRISTOVAO DO SUL;81286;P2262;PENITENCIARIA INDUSTRIAL DE SAO CRISTOVAO DO SUL
SC;4216057;SAO CRISTOVAO DO SUL;81287;P1221;PENITENCIARIA REGIONAL DE CURITIBANOS
SC;4216206;SAO FRANCISCO DO SUL;81288;P108;UNIDADE PRISIONAL AVANCADA DE SAO FRANCISCO DE SUL
SC;4216602;SAO JOSE;81289;P275;CASER SAO JOSE  CENTRO DE ATENDIMENTO SOCIOEDUCATIVO REGIONAL DE SAO JOSE
SC;4216701;SAO JOSE DO CEDRO;81290;P1948;UNIDADE PRISIONAL AVANCADA DE SAO JOSE DO CEDRO
SC;4217204;SAO MIGUEL DO OESTE;81291;P2782;CASE SMO  CENTRO DE ATENDIMENTO SOCIOEDUCATIVO DE SAO MIGUEL DO OESTE
SC;4217204;SAO MIGUEL DO OESTE;81292;P672;UNIDADE PRISIONAL AVANCADA DE SAO MIGUEL DO OESTE
SC;4217253;SAO PEDRO DE ALCANTARA;81293;P396;PENITENCIARIA DE SAO PEDRO DE ALCANTARA
SC;4218004;TIJUCAS;81294;P671;PRESIDIO REGIONAL DE TIJUCAS
SC;4218707;TUBARAO;81295;P5021;PENITENCIARIA MASCULINA DE TUBARAO
SC;4218707;TUBARAO;81296;P397;PRESIDIO MASCULINO DE TUBARAO
SC;4219309;VIDEIRA;81297;P398;UNIDADE PRISIONAL AVANCADA DE VIDEIRA
SC;4219507;XANXERE;81298;P1949;PRESIDIO DE XANXERE
SE;2800308;ARACAJU;81299;P2013;COMPLEXO PENITENCIARIO ADVOGADO ANTONIO JACINTO FILHO
SE;2800308;ARACAJU;81300;P461;HOSPITAL DE CUSTODIA E TRATAMENTO PSIQUIATRICO DE SERGIPE
SE;2800308;ARACAJU;81301;P9987;PRESIDIO MILITAR DO ESTADO DE SERGIPE
SE;2800506;AREIA BRANCA;81302;P2507;CADEIA PUBLICA DE AREIA BRANCA  CPAB
SE;2800506;AREIA BRANCA;81303;P8003;PRESIDIO SEMIABERTO DE AREIA BRANCA
SE;2802106;ESTANCIA;81304;P2522;CADEIA PUBLICA DE ESTANCIA TABELIAO FILADELFO LUIZ DA COSTA
SE;2804805;NOSSA SENHORA DO SOCORRO;81305;P1007;CADEIA TERRITORIAL DE NOSSA SENHORA DO SOCORRO
SE;2804805;NOSSA SENHORA DO SOCORRO;81306;P3363;COMUNIDADE DE ATENDIMENTO SOCIOEDUCATIVO  MASCULINO  CASEM
SE;2804805;NOSSA SENHORA DO SOCORRO;81307;P460;PRESIDIO FEMININO
SE;2806701;SAO CRISTOVAO;81308;P459;COMPLEXO PENITENCIARIO MANOEL CARVALHO NETO
SE;2807402;TOBIAS BARRETO;81309;P1513;PRESIDIO REGIONAL JUIZ MANOEL BARBOSA DE SOUZA
SP;3500303;AGUAI;81310;P10417;CENTRO DE DETENCAO PROVISORIA DE AGUAI
SP;3501400;ALVARO DE CARVALHO;81311;P2045;PENITENCIARIA  DE ALVARO DE CARVALHO  VALETIM ALVES DA SILVA
SP;3501400;ALVARO DE CARVALHO;81312;P4394;PENITENCIARIA DE ALVARO DE CARVALHO  VALETIM ALVES DA SILVA   ESPACO II
SP;3501400;ALVARO DE CARVALHO;81313;P4393;PENITENCIARIA DE ALVARO DE CARVALHO II
SP;3501608;AMERICANA;81314;P495;CENTRO DE DETENCAO PROVISORIA DE AMERICANA  FECHADO
SP;3502101;ANDRADINA;81315;P211;PENITENCIARIA DE ANDRADINA
SP;3502101;ANDRADINA;81316;P3796;PENITENCIARIA DE ANDRADINA  FE  ESPACO II
SP;3502101;ANDRADINA;81317;P3804;PENITENCIARIA DE ANDRADINA  FE  ESPACO III
SP;3502101;ANDRADINA;81318;P3805;PENITENCIARIA DE ANDRADINA  FE  ESPACO IV
SP;3502101;ANDRADINA;81319;P3797;PENITENCIARIA DE ANDRADINA  FE  ESPACO V
SP;3502804;ARACATUBA;81320;P1815;CENTRO DE ATENDIMENTO SOCIOEDUCATIVO AO ADOLESCENTE ARACACI
SP;3502804;ARACATUBA;81321;P544;CENTRO DE ATENDIMENTO SOCIOEDUCATIVO AO ADOLESCENTE DE ARACATUBACI
SP;3502804;ARACATUBA;81322;P209;CENTRO DE RESSOCIALIZACAO DE ARACATUBA
SP;3502804;ARACATUBA;81323;P4046;CENTRO DE RESSOCIALIZACAO DE ARACATUBA  SA  ESPACO I
SP;3503208;ARARAQUARA;81324;P246;CENTRO DE ATENDIMENTO SOCIOEDUCATIVO AO ADOLESCENTE ARARAQUARACI
SP;3503208;ARARAQUARA;81325;P782;CR FEMININO DE ARARAQUARA
SP;3503208;ARARAQUARA;81326;P768;CR MASCULINO DE ARARAQUARA
SP;3503208;ARARAQUARA;81327;P1568;PENITENCIARIA DE ARARAQUARA
SP;3503208;ARARAQUARA;81328;P7401;PENITENCIARIA DE ARARAQUARA  SEMIABERTO
SP;3504008;ASSIS;81329;P7311;PENITENCIARIA DE ASSIS  SA
SP;3504107;ATIBAIA;81330;P771;CENTRO DE ATENDIMENTO SOCIOEDUCATIVO CASA ATIBAIA
SP;3504107;ATIBAIA;81331;P1804;CENTRO DE RESSOCIALIZACAO MASCULINO DE ATIBAIA  SEMIABERTO
SP;3504404;AVANHANDAVA;81332;P757;PENITENCIARIA COMPACTA DE AVANHANDAVA
SP;3504503;AVARE;81333;P2049;CR DE AVARE   DR MAURO DE MACEDO
SP;3504503;AVARE;81334;P4027;CR DE AVARE  DR MAURO DE MACEDO   ESPACO II
SP;3504503;AVARE;81335;P1312;PENITENCIARIA II  NELSON MARCONDES DO AMARAL  DE AVARE
SP;3504503;AVARE;81336;P7309;PENITENCIARIA II  NELSON MARCONDES DO AMARAL  DE AVARE  SEMIABERTO
SP;3504701;BALBINOS;81337;P1055;PENITENCIARIA I  RODRIGO DOS SANTOS FREITAS  DE BALBINOS
SP;3504701;BALBINOS;81338;P734;PENITENCIARIA II DE BALBINOS
SP;3506003;BAURU;81339;P496;CDP DE BAURU
SP;3506003;BAURU;81340;P4017;CDP DE BAURU  ESPACO II
SP;3506003;BAURU;81341;P4019;CDP DE BAURU  ESPACO III
SP;3506003;BAURU;81342;P4081;CDP DE BAURU  ESPACO IV
SP;3506003;BAURU;81343;P4062;CDP DE BAURU  ESPACO V
SP;3506003;BAURU;81344;P4084;CDP DE BAURU  ESPACO VI
SP;3506003;BAURU;81345;P4063;CDP DE BAURU  ESPACO VII
SP;3506003;BAURU;81346;P1841;CENTRO DE ATENDIMENTO SOCIOEDUCATIVO AO ADOLESCENTE CASA NELSON MANDELA
SP;3506003;BAURU;81347;P1349;CENTRO DE ATENDIMENTO SOCIOEDUCATIVO AO ADOLESCENTE DE BAURUCI
SP;3506003;BAURU;81348;P1073;CENTRO DE PROGRESSAO PENITENCIARIA  PROF NOE DE AZEVEDO  DE BAURU III
SP;3506003;BAURU;81349;P236;CPP DE BAURU II  DREDUARDO DE OLIVEIRA VIANNA
SP;3506003;BAURU;81350;P1344;CPP I DE BAURU  DR ALBERTO BROCCHIERI
SP;3506300;BERNARDINO DE CAMPOS;81351;P748;PENITENCIARIA DE BERNARDINO DE CAMPOS
SP;3506508;BIRIGUI;81352;P1793;CENTRO DE RESSOCIALIZACAO DE BIRIGUI
SP;3507506;BOTUCATU;81353;P2078;CENTRO DE ATENDIMENTO SOCIOEDUCATIVO AO ADOLESCENTE BOTUCATU  CI
SP;3507605;BRAGANCA PAULISTA;81354;P764;CENTRO DE RESSOCIALIZACAO MASCULINO DE BRAGANCA PAULISTA
SP;3509106;CAIUA;81355;P1535;CENTRO DE DETENCAO PROVISORIA TACIO APARECIDO SANTANA DE CAIUA
SP;3509106;CAIUA;81356;P4366;PENITENCIARIA DE CAIUA
SP;3509106;CAIUA;81357;P7312;PENITENCIARIA DE CAIUA  SA
SP;3509502;CAMPINAS;81358;P1581;CENTRO DE ATENDIMENTO SOCIOEDUCATIVO AO ADOLESCENTE MAESTRO CARLOS GOMESCI
SP;3509502;CAMPINAS;81359;P1534;CENTRO DE PROGRESSAO PENITENCIARIA DE CAMPINAS  SEMIABERTO  ESPACO I
SP;3509502;CAMPINAS;81360;P4000;CENTRO DE PROGRESSAO PENITENCIARIA DE CAMPINAS  SEMIABERTO  ESPACO II
SP;3509502;CAMPINAS;81361;P4544;CENTRO DE PROGRESSAO PENITENCIARIA DE CAMPINAS  SEMIABERTO  ESPACO III
SP;3509502;CAMPINAS;81362;P1318;PENITENCIARIA FEMININA DE CAMPINAS  SEMIABERTO  ESPACO I
SP;3509502;CAMPINAS;81363;P3927;PENITENCIARIA FEMININA DE CAMPINAS  SEMIABERTO  ESPACO II
SP;3510302;CAPELA DO ALTO;81364;P2034;PENITENCIARIA I DE CAPELA DO ALTO  FECHADO  ESPACO I
SP;3510302;CAPELA DO ALTO;81365;P7305;PENITENCIARIA I DE CAPELA DO ALTO  SEMIABERTO  ESPACO II
SP;3510302;CAPELA DO ALTO;81366;P7741;PENITENCIARIA II CAPELA DO ALTO  SEMIABERTO  ESPACO III
SP;3510302;CAPELA DO ALTO;81367;P498;PENITENCIARIA II DE CAPELA DO ALTO  FECHADO  ESPACO I
SP;3510500;CARAGUATATUBA;81368;P2075;CENTRO DE ATENDIMENTO SOCIOEDUCATIVO AO ADOLESCENTE DE CARAGUATATUBA  CI
SP;3510500;CARAGUATATUBA;81369;P2053;CENTRO DE DETENCAO PROVISORIA DE CARAGUATATUBA DR JOSE EDUARDO MARIZ DE OLIVEIRA
SP;3510500;CARAGUATATUBA;81370;P7121;CENTRO DE DETENCAO PROVISORIA DE CARAGUATATUBA DR JOSE EDUARDO MARIZ DE OLIVEIRA SA ESPACO II
SP;3510807;CASA BRANCA;81371;P1809;PENITENCIARIA DE CASA BRANCA  FECHADO
SP;3511409;CERQUEIRA CESAR;81372;P1080;CENTRO DE ATENDIMENTO SOCIOEDUCATIVO AO ADOLESCENTE ANITA GARIBALDI CI
SP;3511409;CERQUEIRA CESAR;81373;P794;CENTRO DE ATENDIMENTO SOCIOEDUCATIVO AO ADOLESCENTE JOAO PAULO II
SP;3511409;CERQUEIRA CESAR;81374;P1834;CENTRO DE ATENDIMENTO SOCIOEDUCATIVO AO AO ADOLESCENTE FEMININO CERQUEIRA CESAR
SP;3511409;CERQUEIRA CESAR;81375;P517;PENITENCIARIA DE CERQUEIRA CESAR
SP;3511409;CERQUEIRA CESAR;81376;P1054;PENITENCIARIA DE CERQUEIRA CESAR II
SP;3513801;DIADEMA;81377;P1844;CENTRO DE ATENDIMENTO SOCIOEDUCATIVO AO ADOLESCENTE FEMININO DIADEMA  CI
SP;3513801;DIADEMA;81378;P729;CENTRO DE DETENCAO PROVISORIA DE DIADEMA
SP;3513801;DIADEMA;81379;P3886;CENTRO DE DETENCAO PROVISORIA DE DIADEMA  ESPACO II
SP;3513801;DIADEMA;81380;P9931;CENTRO DE DETENCAO PROVISORIA DE DIADEMA  MPSP
SP;3513801;DIADEMA;81381;P9586;CENTRO DE DETENCAO PROVISORIA DE DIADEMA ESPACO III
SP;3514403;DRACENA;81382;P1046;PENITENCIARIA DE DRACENA  ASP ADRIANO APARECIDO DE PIERI
SP;3514403;DRACENA;81383;P7324;PENITENCIARIA DE DRACENA  ASP ADRIANO APARECIDO DE PIERI   SA
SP;3516002;FLORIDA PAULISTA;81384;P2039;PENITENCIARIA DE FLORIDA PAULISTA
SP;3516101;FLORINEA;81385;P2230;PENITENCIARIA DE FLORINEA
SP;3516200;FRANCA;81386;P5041;CENTRO DE ATENDIMENTO SOCIOEDUCATIVO AO ADOLESCENTE ARCEBISPO DOM HELDER CAMARA  CI
SP;3516200;FRANCA;81387;P1051;PENITENCIARIA DE FRANCA
SP;3516408;FRANCO DA ROCHA;81388;P785;CENTRO DE ATENDIMENTO SOCIOEDUCATIVO AO ADOLESCENTE MANACA DA SERRA
SP;3516408;FRANCO DA ROCHA;81389;P542;CENTRO DE ATENDIMENTO SOCIOEDUCATIVO AO ADOLESCENTE TAPAJOSCI
SP;3516408;FRANCO DA ROCHA;81390;P1016;CENTRO DE DETENCAO PROVISORIA FEMININO DE FRANCO DA ROCHA
SP;3516408;FRANCO DA ROCHA;81391;P1317;CENTRO DE PROGRESSAO PENITENCIARIO DE FRANCO DA ROCHA
SP;3516408;FRANCO DA ROCHA;81392;P4059;HCTP I DE FRANCO DA ROCHA  PROF ANDRE TEIXEIRA LIMA   ESPACO FEMININO
SP;3516408;FRANCO DA ROCHA;81393;P1053;HCTP I DE FRANCO DA ROCHA  PROF ANDRE TEIXEIRA LIMA   ESPACO MASCULINO
SP;3516408;FRANCO DA ROCHA;81394;P516;HCTP II DE FRANCO DA ROCHA
SP;3516408;FRANCO DA ROCHA;81395;P1326;PENITENCIARIA  DE FRANCO DA ROCHA II  NILTON SILVA
SP;3516408;FRANCO DA ROCHA;81396;P1308;PENITENCIARIA DE FRANCO DA ROCHA I  MARIO DE MOURA ALBUQUERQUE
SP;3516408;FRANCO DA ROCHA;81397;P478;PENITENCIARIA III DE FRANCO DA ROCHA
SP;3516408;FRANCO DA ROCHA;81398;P3968;PENITENCIARIA III DE FRANCO DA ROCHA  ESPACO II
SP;3516408;FRANCO DA ROCHA;81399;P3938;PENITENCIARIA III DE FRANCO DA ROCHA  ESPACO III
SP;3516408;FRANCO DA ROCHA;81400;P3939;PENITENCIARIA III DE FRANCO DA ROCHA  ESPACO IV
SP;3516408;FRANCO DA ROCHA;81401;P3970;PENITENCIARIA III DE FRANCO DA ROCHA  ESPACO V
SP;3516408;FRANCO DA ROCHA;81402;P3971;PENITENCIARIA III DE FRANCO DA ROCHA  ESPACO VI
SP;3516408;FRANCO DA ROCHA;81403;P11460;PENITENCIARIA III DE FRANCO DA ROCHA  MPSP
SP;3516408;FRANCO DA ROCHA;81404;P9650;PENITENCIARIA III DE FRANCO DA ROCHA ESPACO VII
SP;3516606;GALIA;81405;P9698;PENITENCIARIA GALIA I
SP;3516606;GALIA;81406;P9705;PENITENCIARIA GALIA I  SEMIABERTO  ESPACO II
SP;3516606;GALIA;81407;P9699;PENITENCIARIA GALIA II
SP;3516606;GALIA;81408;P9700;PENITENCIARIA GALIA II SEMIABERTO  ESPACO II
SP;3517000;GETULINA;81409;P1328;PENITENCIARIA  OSIRIS SOUZA E SILVA  DE GETULINA
SP;3517000;GETULINA;81410;P4414;PENITENCIARIA  OSIRIS SOUZA E SILVA  DE GETULINA  ESPACO II
SP;3517000;GETULINA;81411;P5221;PENITENCIARIA  OSIRIS SOUZA E SILVA  DE GETULINA  ESPACO III
SP;3517000;GETULINA;81412;P5222;PENITENCIARIA  OSIRIS SOUZA E SILVA  DE GETULINA  ESPACO IV
SP;3518503;GUAREI;81413;P1310;PENITENCIARIA I DE GUAREI  FECHADO  ESPACO I
SP;3518503;GUAREI;81414;P1288;PENITENCIARIA II DE GUAREI  FECHADO
SP;3518602;GUARIBA;81415;P9463;CPP DE GUARIBA
SP;3518602;GUARIBA;81416;P4415;CPP DE GUARIBA  ESPACO II
SP;3518602;GUARIBA;81417;P4416;CPP DE GUARIBA  ESPACO III
SP;3518602;GUARIBA;81418;P10755;CPP DE GUARIBA  ESPACO IV
SP;3518800;GUARULHOS;81419;P1085;CENTRO DE ATENDIMENTO SOCIOEDUCATIVO AO ADOLESCENTE   GUAYI
SP;3518800;GUARULHOS;81420;P1838;CENTRO DE ATENDIMENTO SOCIOEDUCATIVO AO ADOLESCENTE DE GUARULHOS
SP;3518800;GUARULHOS;81421;P1072;CENTRO DE DETENCAO PROVISORIA 2 DE GUARULHOS
SP;3518800;GUARULHOS;81422;P3859;CENTRO DE DETENCAO PROVISORIA 2 DE GUARULHOS  ESPACO II
SP;3518800;GUARULHOS;81423;P3981;CENTRO DE DETENCAO PROVISORIA 2 DE GUARULHOS  MPSP
SP;3518800;GUARULHOS;81424;P535;CENTRO DE DETENCAO PROVISORIA DE GUARULHOS I ASP GIOVANI MARTINS RODRIGUES
SP;3518800;GUARULHOS;81425;P514;PENITENCIARIA  II DE GUARULHOS  ADRIANO MARREY
SP;3518800;GUARULHOS;81426;P501;PENITENCIARIA DE GUARULHOS I  JOSE PARADA NETO
SP;3518800;GUARULHOS;81427;P3798;PENITENCIARIA DE GUARULHOS I  JOSE PARADA NETO   SEMIABERTO
SP;3518800;GUARULHOS;81428;P759;PENITENCIARIA DE GUARULHOS II   ADRIANO MARREY
SP;3518800;GUARULHOS;81429;P11925;PENITENCIARIA II DE GUARULHOS    ADRIANO MARREY   ESPACO VII
SP;3518800;GUARULHOS;81430;P11926;PENITENCIARIA II DE GUARULHOS   ADRIANO MARREY   ESPACO VIII
SP;3518800;GUARULHOS;81431;P10756;PENITENCIARIA II DE GUARULHOS  ADRIANO MARREY   ALA DE TRABALHO
SP;3518800;GUARULHOS;81432;P4064;PENITENCIARIA II DE GUARULHOS  ADRIANO MARREY   ESPACO II
SP;3518800;GUARULHOS;81433;P5104;PENITENCIARIA II DE GUARULHOS  ADRIANO MARREY   ESPACO III
SP;3518800;GUARULHOS;81434;P9646;PENITENCIARIA II DE GUARULHOS  ADRIANO MARREY   ESPACO IV
SP;3519071;HORTOLANDIA;81435;P1810;CENTRO DE PROGRESSAO PENITENCIARIA DE HORTOLANDIA  SEMIABERTO
SP;3519071;HORTOLANDIA;81436;P220;PENITENCIARIA II DE HORTOLANDIA  SEMIABERTO
SP;3519071;HORTOLANDIA;81437;P743;PENITENCIARIA III DE HORTOLANDIA  FECHADO
SP;3519253;IARAS;81438;P2083;CENTRO DE ATENDIMENTO SOCIOEDUCATIVO AO ADOLESCENTE  TRES RIOS  CI
SP;3519253;IARAS;81439;P2047;PENITENCIARIA  ORLANDO BRANDO FILINTO  DE IARAS
SP;3519253;IARAS;81440;P4068;PENITENCIARIA  ORLANDO BRANDO FILINTO  DE IARAS  ESPACO II
SP;3519253;IARAS;81441;P4044;PENITENCIARIA  ORLANDO BRANDO FILINTO  DE IARAS  ESPACO III
SP;3519253;IARAS;81442;P4069;PENITENCIARIA  ORLANDO BRANDO FILINTO  DE IARAS  ESPACO IV
SP;3519253;IARAS;81443;P4045;PENITENCIARIA  ORLANDO BRANDO FILINTO  DE IARAS  ESPACO V SEMIABERTO
SP;3519808;ICEM;81444;P2461;CENTRO DE DETENCAO PROVISORIA DE ICEM MARCOS AMILTON RAYSARO
SP;3521002;IPERO;81445;P1057;PENITENCIARIA DE IPERO  FECHADO  ESPACO I
SP;3521002;IPERO;81446;P4006;PENITENCIARIA DE IPERO  SEMIABERTO  ESPACO II
SP;3521606;IRAPURU;81447;P1832;CENTRO DE ATENDIMENTO SOCIOEDUCATIVO AO ADOLESCENTE DE IRAPURU ICI
SP;3521606;IRAPURU;81448;P1833;CENTRO DE ATENDIMENTO SOCIOEDUCATIVO AO ADOLESCENTE DE IRAPURU IICI
SP;3521606;IRAPURU;81449;P1309;PENITENCIARIA DE IRAPURU
SP;3521804;ITAI;81450;P765;PENITENCIARIA DE ITAI  CABO PM MARCELO PIRES DA SILVA
SP;3521804;ITAI;81451;P4030;PENITENCIARIA DE ITAI  CABO PM MARCELO PIRES DA SILVA   ESPACO III SEMIABERTO
SP;3521804;ITAI;81452;P4071;PENITENCIARIA DE ITAI  CABO PM MARCELO PIRES DA SILVA   ESPACO IV SEMIABERTO
SP;3521804;ITAI;81453;P4085;PENITENCIARIA DE ITAI  CABO PM MARCELO PIRES DA SILVA  ESPACO II
SP;3521804;ITAI;81454;P11963;PENITENCIARIA DE ITAI  CABO PM MARCELO PIRES DA SILVA  ESPACO V
SP;3522208;ITAPECERICA DA SERRA;81455;P2264;CDP DE ITAPECERICA DA SERRA
SP;3522208;ITAPECERICA DA SERRA;81456;P3943;CDP DE ITAPECERICA DA SERRA  MPSP
SP;3522208;ITAPECERICA DA SERRA;81457;P3890;CDP DE ITAPECERICA DA SERRA  SEMIABERTO
SP;3522307;ITAPETININGA;81458;P520;CENTRO DE RESSOCIALIZACAO MASCULINO DE ITAPETININGA  SEMIABERTO
SP;3522307;ITAPETININGA;81459;P1324;PENITENCIARIA I DE ITAPETININGA  FECHADO  ESPACO I
SP;3522307;ITAPETININGA;81460;P3937;PENITENCIARIA I DE ITAPETININGA  SEMIABERTO  ESPACO II
SP;3522307;ITAPETININGA;81461;P1786;PENITENCIARIA II DE ITAPETININGA  FECHADO  ESPACO I
SP;3522307;ITAPETININGA;81462;P4001;PENITENCIARIA II DE ITAPETININGA  SEMIABERTO  ESPACO II
SP;3523107;ITAQUAQUECETUBA;81463;P1570;CENTRO DE ATENDIMENTO SOCIOEDUCATIVO AO ADOLESCENTE DE ITAQUAQUECETUBA ICI
SP;3523107;ITAQUAQUECETUBA;81464;P1332;CENTRO DE ATENDIMENTO SOCIOEDUCATIVO AO ADOLESCENTE TERRA NOVA
SP;3523503;ITATINGA;81465;P2174;PENITENCIARIA DE ITATINGA
SP;3523602;ITIRAPINA;81466;P1331;PENITENCIARIA I DE ITIRAPINA  FECHADO  ESPACO I
SP;3523602;ITIRAPINA;81467;P4007;PENITENCIARIA I DE ITIRAPINA  SEMIABERTO  ESPACO II
SP;3523602;ITIRAPINA;81468;P1577;PENITENCIARIA II DE ITIRAPINA  FECHADO  ESPACO I
SP;3523602;ITIRAPINA;81469;P4008;PENITENCIARIA II DE ITIRAPINA  SEMIABERTO  ESPACO II
SP;3524402;JACAREI;81470;P1839;CENTRO DE ATENDIMENTO SOCIOEDUCATIVO AO ADOLESCENTE DE JACAREI  CI
SP;3525102;JARDINOPOLIS;81471;P234;CPP DE JARDINOPOLIS
SP;3525102;JARDINOPOLIS;81472;P4413;CPP DE JARDINOPOLIS  ESPACO II
SP;3525300;JAU;81473;P2055;CR DE JAU   DRJOAO  EDUARDO FRANCO PERLATI
SP;3525904;JUNDIAI;81474;P10618;CENTRO DE DETENCAO PROVISORIA MARCOS ANTONIO ALVES BEZERRA DE JUNDIAI
SP;3526001;JUNQUEIROPOLIS;81475;P482;PENITENCIARIA DE JUNQUEIROPOLIS
SP;3526506;LAVINIA;81476;P4298;CENTRO DE DETENCAO PROVISORIA DE LAVINIA
SP;3526506;LAVINIA;81477;P746;PENITENCIARIA  II DE LAVINIA  LUIS APARECIDO FERNANDES
SP;3526506;LAVINIA;81478;P506;PENITENCIARIA I DE LAVINIA
SP;3526506;LAVINIA;81479;P4322;PENITENCIARIA I DE LAVINIA  FE  ESPACO II
SP;3526506;LAVINIA;81480;P1014;PENITENCIARIA III DE LAVINIA
SP;3526902;LIMEIRA;81481;P1587;CENTRO DE ATENDIMENTO   SOCIOEDUCATIVO AO ADOLESCENTE MORRO AZUL
SP;3526902;LIMEIRA;81482;P2080;CENTRO DE ATENDIMENTO SOCIOEDUCATIVO AO ADOLESCENTE LIMEIRA CI
SP;3526902;LIMEIRA;81483;P193;CENTRO DE RESSOCIALIZACAO MASCULINO DE LIMEIRA
SP;3526902;LIMEIRA;81484;P2982;PENITENCIARIA DE LIMEIRA  FECHADO  ESPACO I
SP;3527108;LINS;81485;P1579;CENTRO DE ATENDIMENTO SOCIOEDUCATIVO AO ADOLESCENTE RIO DOURADOCI
SP;3527108;LINS;81486;P1064;CENTRO DE ATENDIMENTO SOCIOEDUCATIVO AO ADOLESCENTE VITORIA REGIACI
SP;3527108;LINS;81487;P1797;CENTRO DE RESSOCIALIZACAO DR MANOEL CARLOS MUNIZ DE LINS
SP;3527108;LINS;81488;P4042;CENTRO DE RESSOCIALIZACAO DR MANOEL CARLOS MUNIZ DE LINS  ESPACO II
SP;3527207;LORENA;81489;P1086;CENTRO DE ATENDIMENTO SOCIOEDUCATIVO AO ADOLESCENTE LORENA   CI
SP;3527405;LUCELIA;81490;P238;PENITENCIARIA DE LUCELIA  ALA
SP;3527405;LUCELIA;81491;P4373;PENITENCIARIA DE LUCELIA  ALA  FE  ESPACO II
SP;3527405;LUCELIA;81492;P4374;PENITENCIARIA DE LUCELIA  ALA  FE  ESPACO III
SP;3527405;LUCELIA;81493;P4347;PENITENCIARIA DE LUCELIA  ALA  FE  ESPACO IV
SP;3527405;LUCELIA;81494;P4375;PENITENCIARIA DE LUCELIA  ALA  SA  ESPACO I
SP;3528403;MAIRINQUE;81495;P1033;PENITENCIARIA DE MAIRINQUE  FECHADO  ESPACO I
SP;3528403;MAIRINQUE;81496;P7323;PENITENCIARIA DE MAIRINQUE  SEMIABERTO  ESPACO II
SP;3528700;MARABA PAULISTA;81497;P1576;PENITENCIARIA DE MARABA PAULISTA  JOAO AUGUSTINHO  PANUCCI
SP;3528700;MARABA PAULISTA;81498;P7317;PENITENCIARIA DE MARABA PAULISTA  JOAO AUGUSTINHO PANUCCI   SA
SP;3529005;MARILIA;81499;P1835;CENTRO DE ATENDIMENTO SOCIOEDUCATIVO AO ADOLESCENTE DE MARILIACI
SP;3529005;MARILIA;81500;P1292;CENTRO DE RESSOCIALIZACAO DE MARILIA
SP;3529005;MARILIA;81501;P4028;CENTRO DE RESSOCIALIZACAO DE MARILIA  ESPACO II
SP;3529005;MARILIA;81502;P1801;PENITENCIARIA DE MARILIA
SP;3529005;MARILIA;81503;P4072;PENITENCIARIA DE MARILIA  ESPACO II SEMIABERTO
SP;3529203;MARTINOPOLIS;81504;P2052;PENITENCIARIA DE MARTINOPOLIS  TACYAN MENEZES DE LUCENA
SP;3529401;MAUA;81505;P480;CENTRO DE DETENCAO PROVISORIA DE MAUA
SP;3529401;MAUA;81506;P3925;CENTRO DE DETENCAO PROVISORIA DE MAUA  ESPACO II
SP;3529401;MAUA;81507;P6442;CENTRO DE DETENCAO PROVISORIA DE MAUA  ESPACO III
SP;3529401;MAUA;81508;P11968;CENTRO DE DETENCAO PROVISORIA DE MAUA  ESPACO IV
SP;3529401;MAUA;81509;P3926;CENTRO DE DETENCAO PROVISORIA DE MAUA  MPSP
SP;3530102;MIRANDOPOLIS;81510;P760;PENITENCIARIA DE MIRANDOPOLIS II  ASP LINDOLFO TERCARIOL FILHO
SP;3530102;MIRANDOPOLIS;81511;P754;PENITENCIARIA I DE MIRANDOPOLIS  NESTOR CANOA
SP;3530102;MIRANDOPOLIS;81512;P4325;PENITENCIARIA I DE MIRANDOPOLIS  NESTOR CANOA   SA  ESPACO I
SP;3530508;MOCOCA;81513;P1323;CENTRO DE RESSOCIALIZACAO MASCULINO DE MOCOCA  SEMIABERTO  ESPACO I
SP;3530607;MOGI DAS CRUZES;81514;P9631;CENTRO DE DETENCAO PROVISORIA DE MOGI DAS CRUZES
SP;3530706;MOGI GUACU;81515;P3858;PENITENCIARIA FEMININA DE MOGI GUACU  FECHADO  ESPACO I
SP;3530706;MOGI GUACU;81516;P3893;PENITENCIARIA FEMININA DE MOGI GUACU  FECHADO  ESPACO II
SP;3530706;MOGI GUACU;81517;P1342;PENITENCIARIA FEMININA DE MOGI GUACU  FECHADO  ESPACO III
SP;3530706;MOGI GUACU;81518;P9697;PENITENCIARIA FEMININA DE MOGI GUACU  FECHADO  ESPACO IV
SP;3530706;MOGI GUACU;81519;P3985;PENITENCIARIA FEMININA DE MOGI GUACU  SEMIABERTO  ESPACO V
SP;3530805;MOGI MIRIM;81520;P1348;CENTRO DE ATENDIMENTO SOCIOEDUCATIVO AO ADOLESCENTE LARANJEIRASCI
SP;3530805;MOGI MIRIM;81521;P790;CENTRO DE ATENDIMENTO SOCIOEDUCATIVO AO ADOLESCENTE MOGI MIRIMCI
SP;3530805;MOGI MIRIM;81522;P1811;CENTRO DE RESSOCIALIZACAO MASCULINO DE MOGI MIRIM  SEMIABERTO
SP;3531100;MONGAGUA;81523;P1580;CENTRO DE ATENDIMENTO SOCIOEDUCATIVO AO ADOLESCENTE MONGAGUA  CI
SP;3531100;MONGAGUA;81524;P756;CPP DE MONGAGUA   DR  RUBENS ALEIXO SENDIN
SP;3531100;MONGAGUA;81525;P7281;CPP DE MONGAGUA  DR RUBENS ALEIXO SENDIN   SA  ESPACO II
SP;3531100;MONGAGUA;81526;P9653;CPP DE MONGAGUA  DR RUBENS ALEIXO SENDIN   SA  ESPACO III
SP;3533205;NOVA INDEPENDENCIA;81527;P3366;CENTRO DE DETENCAO PROVISORIA DE NOVA INDEPENDENCIA
SP;3534401;OSASCO;81528;P230;CDP DE OSASCO I EDERSON VIEIRA DE JESUS
SP;3534401;OSASCO;81529;P3892;CDP DE OSASCO I EDERSON VIEIRA DE JESUS  ESPACO II
SP;3534401;OSASCO;81530;P3982;CDP DE OSASCO I EDERSON VIEIRA DE JESUS  ESPACO III
SP;3534401;OSASCO;81531;P3983;CDP DE OSASCO I EDERSON VIEIRA DE JESUS  ESPACO IV
SP;3534401;OSASCO;81532;P3984;CDP DE OSASCO I EDERSON VIEIRA DE JESUS  MPSP
SP;3534401;OSASCO;81533;P747;CDP DE OSASCO II ASP VANDA RITA BRITO DO REGO
SP;3534401;OSASCO;81534;P3990;CDP DE OSASCO II ASP VANDA RITA BRITO DO REGO  ESPACO II
SP;3534401;OSASCO;81535;P3962;CDP DE OSASCO II ASP VANDA RITA BRITO DO REGO  ESPACO III
SP;3534401;OSASCO;81536;P3991;CDP DE OSASCO II ASP VANDA RITA BRITO DO REGO  ESPACO IV
SP;3534401;OSASCO;81537;P10343;CDP DE OSASCO II ASP VANDA RITA BRITO DO REGO MPSP
SP;3534401;OSASCO;81538;P1074;CENTRO DE ATENDIMENTO SOCIOEDUCATIVO AO ADOLESCENTE  OSASCO II  CI
SP;3534401;OSASCO;81539;P789;CENTRO DE ATENDIMENTO SOCIOEDUCATIVO AO ADOLESCENTE OSASCO I  CI
SP;3534609;OSVALDO CRUZ;81540;P7318;PENITENCIARIA DE OSVALDO CRUZ  SA
SP;3534708;OURINHOS;81541;P1042;CENTRO DE RESSOCIALIZACAO DE OURINHOS
SP;3534708;OURINHOS;81542;P4043;CENTRO DE RESSOCIALIZACAO DE OURINHOS  ESPACO II
SP;3534906;PACAEMBU;81543;P3367;CENTRO DE DETENCAO PROVISORIA I DE PACAEMBU
SP;3534906;PACAEMBU;81544;P3383;CENTRO DE DETENCAO PROVISORIA II DE PACAEMBU
SP;3534906;PACAEMBU;81545;P1812;CPP DE PACAEMBU
SP;3534906;PACAEMBU;81546;P509;PENITENCIARIA DE PACAEMBU
SP;3534906;PACAEMBU;81547;P4380;PENITENCIARIA DE PACAEMBU  FE  ESPACO II
SP;3534906;PACAEMBU;81548;P4381;PENITENCIARIA DE PACAEMBU  FE  ESPACO III
SP;3534906;PACAEMBU;81549;P4306;PENITENCIARIA DE PACAEMBU  FE  ESPACO IV
SP;3535507;PARAGUACU PAULISTA;81550;P1291;PENITENCIARIA DE PARAGUACU PAULISTA
SP;3537602;PERUIBE;81551;P245;CENTRO DE ATENDIMENTO SOCIOEDUCATIVO AO ADOLESCENTE PERUIBE  CI
SP;3538709;PIRACICABA;81552;P1081;CENTRO DE ATENDIMENTO SOCIOEDUCATIVO AO ADOLESCENTE RIO PIRACICABACI
SP;3538709;PIRACICABA;81553;P2044;CENTRO DE DETENCAO PROVISORIA DE PIRACICABA  SEMIABERTO
SP;3538709;PIRACICABA;81554;P744;CENTRO DE RESSOCIALIZACAO FEMININO DE PIRACICABA  SEMIABERTO
SP;3538709;PIRACICABA;81555;P2282;PENITENCIARIA DE PIRACICABA
SP;3538709;PIRACICABA;81556;P7325;PENITENCIARIA DE PIRACICABA  ESPACO II
SP;3538907;PIRAJUI;81557;P11587;PENITENCIARIA FEMININA DE PIRAJUI  ESPACO I
SP;3538907;PIRAJUI;81558;P4073;PENITENCIARIA FEMININA DE PIRAJUI  ESPACO II
SP;3538907;PIRAJUI;81559;P4074;PENITENCIARIA FEMININA DE PIRAJUI  ESPACO III
SP;3538907;PIRAJUI;81560;P4086;PENITENCIARIA FEMININA DE PIRAJUI  ESPACO IV
SP;3538907;PIRAJUI;81561;P204;PENITENCIARIA FEMININA DE PIRAJUI  SEMIABERTO
SP;3538907;PIRAJUI;81562;P758;PENITENCIARIA I DR WALTER FARIA PEREIRA DE QUEIROZ  DE PIRAJUI
SP;3538907;PIRAJUI;81563;P7402;PENITENCIARIA I DR WALTER FARIA PEREIRA DE QUEIROZ  DE PIRAJUI  SEMIABERTO
SP;3538907;PIRAJUI;81564;P1813;PENITENCIARIA II DE PIRAJUI  LUIZ GONZAGA VIEIRA
SP;3540200;PONTAL;81565;P1314;PENITENCIARIA DE PONTAL
SP;3540606;PORTO FELIZ;81566;P534;CENTRO DE PROGRESSAO PENITENCIARIA DE PORTO FELIZ  SEMIABERTO  ESPACO I
SP;3540606;PORTO FELIZ;81567;P3895;CENTRO DE PROGRESSAO PENITENCIARIA DE PORTO FELIZ  SEMIABERTO  ESPACO II
SP;3540754;POTIM;81568;P1557;PENITENCIARIA I DE POTIM
SP;3540754;POTIM;81569;P4300;PENITENCIARIA II DE POTIM  SA  ESPACO II
SP;3540853;PRACINHA;81570;P1536;PENITENCIARIA DE PRACINHA
SP;3541208;PRESIDENTE BERNARDES;81571;P1548;CRP DE PRESIDENTE BERNARDES  DRJOSE ISMAEL PEDROSA
SP;3541208;PRESIDENTE BERNARDES;81572;P5022;CRP DE PRESIDENTE BERNARDES  DRJOSE ISMAEL PEDROSA   FEMININO
SP;3541208;PRESIDENTE BERNARDES;81573;P188;PENITENCIARIA DE PRESIDENTE BERNARDES
SP;3541208;PRESIDENTE BERNARDES;81574;P4095;PENITENCIARIA DE PRESIDENTE BERNARDES  SA  ESPACO I
SP;3541406;PRESIDENTE PRUDENTE;81575;P2022;CENTRO DE RESSOCIALIZACAO DE PRESIDENTE PRUDENTE
SP;3541406;PRESIDENTE PRUDENTE;81576;P1794;PENITENCIARIA DE PRESIDENTE PRUDENTE E ANEXO PENITENCIARIO
SP;3541406;PRESIDENTE PRUDENTE;81577;P12204;PENITENCIARIA DE PRESIDENTE PRUDENTE E ANEXO PENITENCIARIO  FE  ESPACO I
SP;3541406;PRESIDENTE PRUDENTE;81578;P4105;PENITENCIARIA DE PRESIDENTE PRUDENTE E ANEXO PENITENCIARIO  SA  ESPACO I
SP;3541505;PRESIDENTE VENCESLAU;81579;P2050;PENITENCIARIA DE PRESIDENTE VENCESLAU I  ZWINGLIO FERREIRA
SP;3541505;PRESIDENTE VENCESLAU;81580;P10413;PENITENCIARIA DE PRESIDENTE VENCESLAU I  ZWINGLIO FERREIRA   FE  ESPACO II
SP;3541505;PRESIDENTE VENCESLAU;81581;P11466;PENITENCIARIA DE PRESIDENTE VENCESLAU I  ZWINGLIO FERREIRA   FE  ESPACO III
SP;3541505;PRESIDENTE VENCESLAU;81582;P4348;PENITENCIARIA DE PRESIDENTE VENCESLAU I  ZWINGLIO FERREIRA   SA  ESPACO I
SP;3542503;REGINOPOLIS;81583;P508;PENITENCIARIA I DE REGINOPOLIS
SP;3542503;REGINOPOLIS;81584;P11927;PENITENCIARIA I DE REGINOPOLIS  ESPACO II
SP;3542503;REGINOPOLIS;81585;P730;PENITENCIARIA II DE REGINOPOLIS
SP;3542602;REGISTRO;81586;P4341;PENITENCIARIA DE REGISTRO
SP;3542602;REGISTRO;81587;P7286;PENITENCIARIA DE REGISTRO  SA  ESPACO II
SP;3543402;RIBEIRAO PRETO;81588;P253;CENTRO DE ATENDIMENTO SOCIOEDUCATIVO AO ADOLESCENTE  RIBEIRAO PRETO CI
SP;3543402;RIBEIRAO PRETO;81589;P1345;CENTRO DE ATENDIMENTO SOCIOEDUCATIVO AO ADOLESCENTE  RIO PARDO CI
SP;3543402;RIBEIRAO PRETO;81590;P781;PENITENCIARIA DE  RIBEIRAO PRETO
SP;3543402;RIBEIRAO PRETO;81591;P4076;PENITENCIARIA DE RIBEIRAO PRETO  ESPACO II SEMIABERTO
SP;3543402;RIBEIRAO PRETO;81592;P1038;PENITENCIARIA FEMININA DE RIBEIRAO PRETO
SP;3543402;RIBEIRAO PRETO;81593;P4075;PENITENCIARIA FEMININA DE RIBEIRAO PRETO  ESPACO II SEMIABERTO
SP;3543907;RIO CLARO;81594;P1802;CENTRO DE RESSOCIALIZACAO FEMININO DE RIO CLARO  ESPACO I
SP;3543907;RIO CLARO;81595;P515;CENTRO DE RESSOCIALIZACAO MASCULINO DE RIO CLARO  ESPACO I
SP;3544202;RIOLANDIA;81596;P1826;CENTRO DE DETENCAO PROVISORIA DE RIOLANDIA VALDECIR FABIANO
SP;3544202;RIOLANDIA;81597;P4329;PENITENCIARIA DE RIOLANDIA  JOAO BATISTA DE SANTANA   FE  ESPACO II
SP;3544202;RIOLANDIA;81598;P4349;PENITENCIARIA DE RIOLANDIA  JOAO BATISTA DE SANTANA   FE  ESPACO IV
SP;3544202;RIOLANDIA;81599;P1549;PENITENCIARIA DE RIOLANDIA  JOAO BATISTA DE SANTANA  III
SP;3547809;SANTO ANDRE;81600;P252;CENTRO DE ATENDIMENTO   SOCIOEDUCATIVO AO ADOLESCENTE SANTO ANDRE I
SP;3547809;SANTO ANDRE;81601;P250;CENTRO DE ATENDIMENTO   SOCIOEDUCATIVO AO ADOLESCENTE SANTO ANDRE II
SP;3547809;SANTO ANDRE;81602;P1565;CENTRO DE DETENCAO PROVISORIA DE SANTO ANDRE
SP;3547809;SANTO ANDRE;81603;P10314;CENTRO DE DETENCAO PROVISORIA DE SANTO ANDRE MPSP
SP;3548708;SAO BERNARDO DO CAMPO;81604;P2224;CDP DE SAO BERNARDO DO CAMPO
SP;3548708;SAO BERNARDO DO CAMPO;81605;P541;CENTRO DE ATENDIMENTO SOCIOEDUCATIVO AO ADOLESCENTE SAO BERNARDO I  CI
SP;3549805;SAO JOSE DO RIO PRETO;81606;P1816;CENTRO DE ATENDIMENTO SOCIOEDUCATIVO AO ADOLESCENTE SE SAO JOSE DO RIO PRETOCI
SP;3549805;SAO JOSE DO RIO PRETO;81607;P1320;CENTRO DE PROGRESSAO PENITENCIARIA  DR JAVERT DE ANDRADE DE SAO JOSE DO RIO PRETO
SP;3549805;SAO JOSE DO RIO PRETO;81608;P6081;CENTRO DE PROGRESSAO PENITENCIARIA DR JAVERT DE ANDRADE DE SAO JOSE DO RIO PRETO  ESPACO II
SP;3549805;SAO JOSE DO RIO PRETO;81609;P1321;CENTRO DE RESSOCIALIZACAO FEMININO DE SAO JOSE DO RIO PRETO
SP;3549805;SAO JOSE DO RIO PRETO;81610;P10373;CENTRO DE RESSOCIALIZACAO FEMININO DE SAO JOSE DO RIO PRETO   SA  ESPACO I
SP;3549904;SAO JOSE DOS CAMPOS;81611;P1084;CENTRO DE ATENDIMENTO SOCIOEDUCATIVO AO ADOLESCENTE TAMOIOS  CI
SP;3550308;SAO PAULO;81612;P4451;CASA SAO PAULO
SP;3550308;SAO PAULO;81613;P2206;CDP DE VILA INDEPENDENCIA
SP;3550308;SAO PAULO;81614;P3860;CDP DE VILA INDEPENDENCIA  MPSP
SP;3550308;SAO PAULO;81615;P493;CDP II DE PINHEIROS
SP;3550308;SAO PAULO;81616;P11924;CDP II DE PINHEIROS  ESPACO II
SP;3550308;SAO PAULO;81617;P1343;CDP III DE PINHEIROS
SP;3550308;SAO PAULO;81618;P1586;CENTRO DE ATENDIMENTO SOCIOEDUCATIVO AO ADOLESCENTE  GOVERNADOR  MARIO COVAS  CI
SP;3550308;SAO PAULO;81619;P769;CENTRO DE ATENDIMENTO SOCIOEDUCATIVO AO ADOLESCENTE BELA VISTACI
SP;3550308;SAO PAULO;81620;P1814;CENTRO DE ATENDIMENTO SOCIOEDUCATIVO AO ADOLESCENTE ITAQUERACI
SP;3550308;SAO PAULO;81621;P2077;CENTRO DE ATENDIMENTO SOCIOEDUCATIVO AO ADOLESCENTE JOAO DO PULO  CI
SP;3550308;SAO PAULO;81622;P1060;CENTRO DE ATENDIMENTO SOCIOEDUCATIVO AO ADOLESCENTE JUQUIA  CI
SP;3550308;SAO PAULO;81623;P247;CENTRO DE ATENDIMENTO SOCIOEDUCATIVO AO ADOLESCENTE NOVA VIDA  CI
SP;3550308;SAO PAULO;81624;P248;CENTRO DE ATENDIMENTO SOCIOEDUCATIVO AO ADOLESCENTE ONIXCI
SP;3550308;SAO PAULO;81625;P543;CENTRO DE ATENDIMENTO SOCIOEDUCATIVO AO ADOLESCENTE OURO PRETOCI
SP;3550308;SAO PAULO;81626;P1076;CENTRO DE ATENDIMENTO SOCIOEDUCATIVO AO ADOLESCENTE PIRITUBA  CI
SP;3550308;SAO PAULO;81627;P797;CENTRO DE ATENDIMENTO SOCIOEDUCATIVO AO ADOLESCENTE RIO PARANA
SP;3550308;SAO PAULO;81628;P2081;CENTRO DE ATENDIMENTO SOCIOEDUCATIVO AO ADOLESCENTE RIO TAMISACI
SP;3550308;SAO PAULO;81629;P1087;CENTRO DE ATENDIMENTO SOCIOEDUCATIVO AO ADOLESCENTE TOPAZIO
SP;3550308;SAO PAULO;81630;P537;CENTRO DE ATENDIMENTO SOCIOEDUCATIVO AO ADOLESCENTE VILA GUILHERME  CI
SP;3550308;SAO PAULO;81631;P1330;CENTRO DE DETENCAO PROVISORIA CHACARA BELEM I
SP;3550308;SAO PAULO;81632;P4023;CENTRO DE DETENCAO PROVISORIA CHACARA BELEM I  SEMIABERTO
SP;3550308;SAO PAULO;81633;P512;CENTRO DE DETENCAO PROVISORIA CHACARA BELEM II
SP;3550308;SAO PAULO;81634;P3999;CENTRO DE DETENCAO PROVISORIA CHACARA BELEM II  SEMIABERTO
SP;3550308;SAO PAULO;81635;P1551;CENTRO DE DETENCAO PROVISORIA DE PINHEIROS IV
SP;3550308;SAO PAULO;81636;P1289;CENTRO DE DETENCAO PROVISORIA I DE PINHEIROS
SP;3550308;SAO PAULO;81637;P2046;CPP FEMININO  DRA MARINA MARIGO CARDOSO DE OLIVEIRA  BUTANTAN
SP;3550308;SAO PAULO;81638;P1546;PENITENCIARIA  DE PARELHEIROS  ASP JOAQUIM FONSECA LOPES   ESPACO I
SP;3550308;SAO PAULO;81639;P10828;PENITENCIARIA DA CAPITAL  SEMIABERTO
SP;3550308;SAO PAULO;81640;P9628;PENITENCIARIA DE PARELHEIROS  ASP JOAQUIM FONSECA LOPES   ESPACO II
SP;3550308;SAO PAULO;81641;P10289;PENITENCIARIA DE PARELHEIROS  ASP JOAQUIM FONSECA LOPES   ESPACO III
SP;3550308;SAO PAULO;81642;P1030;PENITENCIARIA FEMININA DE SANTANNA
SP;3550308;SAO PAULO;81643;P3184;PRESIDIO DA POLICIA MILITAR ROMAO GOMES
SP;3550308;SAO PAULO;81644;P5143;PRESIDIO DA POLICIA MILITAR ROMAO GOMES  ESPACO II
SP;3550308;SAO PAULO;81645;P3185;PRESIDIO ESPECIAL DA POLICIA CIVIL
SP;3551009;SAO VICENTE;81646;P1350;CENTRO DE ATENDIMENTO SOCIOEDUCATIVO AO ADOLESCENTE SAO VICENTE  CI
SP;3551009;SAO VICENTE;81647;P7282;CPP DE SAO VICENTE  SA  ESPACO I
SP;3551009;SAO VICENTE;81648;P7283;CPP DE SAO VICENTE  SA  ESPACO II
SP;3551009;SAO VICENTE;81649;P7284;CPP DE SAO VICENTE  SA  ESPACO III
SP;3551009;SAO VICENTE;81650;P7285;CPP DE SAO VICENTE  SA  ESPACO IV
SP;3551009;SAO VICENTE;81651;P1808;PENITENCIARIA I  DE SAOVICENTE  DR GERALDO DE ANDRADE VIEIRA
SP;3551009;SAO VICENTE;81652;P3854;PENITENCIARIA I DE SAOVICENTE  DR GERALDO DE ANDRADE VIEIRA   SA  ESPACO II
SP;3551009;SAO VICENTE;81653;P231;PENITENCIARIA II DE SAO VICENTE
SP;3551009;SAO VICENTE;81654;P3891;PENITENCIARIA II DE SAO VICENTE  SA  ESPACO II
SP;3551405;SERRA AZUL;81655;P732;PENITENCIARIA I DE SERRA AZUL
SP;3551405;SERRA AZUL;81656;P1564;PENITENCIARIA II DE SERRA  AZUL
SP;3551405;SERRA AZUL;81657;P9666;PENITENCIARIA II DE SERRA AZUL  ESPACO II
SP;3551405;SERRA AZUL;81658;P219;PENITENCIARIA III DE SERRA AZUL
SP;3551702;SERTAOZINHO;81659;P540;CENTRO DE ATENDIMENTO SOCIOEDUCATIVO AO ADOLESCENTE SERTAOZINHO CI
SP;3552205;SOROCABA;81660;P4481;CENTRO DE ATENDIMENTO SOCIOEDUCATIVO AO ADOLESCENTE DE SOROCABA II
SP;3552205;SOROCABA;81661;P793;CENTRO DE ATENDIMENTO SOCIOEDUCATIVO AO ADOLESCENTE DE SOROCABA IIICI
SP;3552205;SOROCABA;81662;P1078;CENTRO DE ATENDIMENTO SOCIOEDUCATIVO AO ADOLESCENTE SOROCABA  I  CI
SP;3552205;SOROCABA;81663;P494;CENTRO DE DETENCAO PROVISORIA DE SOROCABA  FECHADO  ESPACO I
SP;3552205;SOROCABA;81664;P5281;CENTRO DE DETENCAO PROVISORIA DE SOROCABA  SEMIABERTO  ESPACO II
SP;3552205;SOROCABA;81665;P215;PENITENCIARIA I DE SOROCABA  FECHADO  ESPACO I
SP;3552205;SOROCABA;81666;P3996;PENITENCIARIA I DE SOROCABA  SEMIABERTO  ESPACO II
SP;3552205;SOROCABA;81667;P3976;PENITENCIARIA II SOROCABA  FECHADO  ESPACO I
SP;3552205;SOROCABA;81668;P1787;PENITENCIARIA II SOROCABA  SEMIABERTO  ESPACO II
SP;3552403;SUMARE;81669;P1045;CENTRO DE RESSOCIALIZACAO MASCULINO DE SUMARE  SEMIABERTO  ESPACO I
SP;3552403;SUMARE;81670;P4004;CENTRO DE RESSOCIALIZACAO MASCULINO DE SUMARE  SEMIABERTO  ESPACO II
SP;3552502;SUZANO;81671;P1791;CENTRO DE DETENCAO PROVISORIA DE SUZANO
SP;3553203;TAIUVA;81672;P762;PENITENCIARIA DE TAIUVA
SP;3553807;TAQUARITUBA;81673;P2069;PENITENCIARIA DE TAQUARITUBA
SP;3553807;TAQUARITUBA;81674;P10487;PENITENCIARIA DE TAQUARITUBA  ESPACO II
SP;3554102;TAUBATE;81675;P254;CENTRO DE ATENDIMENTO SOCIOEDUCATIVO AO ADOLESCENTE DE TAUBATE  CI
SP;3554102;TAUBATE;81676;P1807;CENTRO DE DETENCAO PROVISORIA DE TAUBATE  DR FELIX NOBRE DE CAMPOS
SP;3554102;TAUBATE;81677;P1789;HCTP DE TAUBATE DR ARNALDO AMADO FERREIRA
SP;3554805;TREMEMBE;81678;P1325;CPP DE TREMEMBE  DR EDGARD MAGALHAES NORONHA
SP;3554805;TREMEMBE;81679;P767;PENITENCIARIA FEMININA DE TREMEMBE I  SANTA MARIA EUFRASIA PELLETIER
SP;3554805;TREMEMBE;81680;P4299;PENITENCIARIA FEMININA DE TREMEMBE I  SANTA MARIA EUFRASIA PELLETIER   SA  ESPACO II
SP;3554805;TREMEMBE;81681;P232;PENITENCIARIA FEMININA II DE TREMEMBE
SP;3554805;TREMEMBE;81682;P4280;PENITENCIARIA FEMININA II DE TREMEMBE  FE  ESPACO IV
SP;3554805;TREMEMBE;81683;P4279;PENITENCIARIA FEMININA II DE TREMEMBE  FE ESPACO II
SP;3554805;TREMEMBE;81684;P4238;PENITENCIARIA FEMININA II DE TREMEMBE  SA  ESPACO V
SP;3554805;TREMEMBE;81685;P4297;PENITENCIARIA FEMININA II TREMEMBE  FE  ESPACO III
SP;3554805;TREMEMBE;81686;P4323;PENITENCIARIA I DE TREMEMBE   TARCIZO LEONCE PINHEIRO CINTRA  SA  ESPACO II
SP;3554805;TREMEMBE;81687;P1567;PENITENCIARIA I DE TREMEMBE  TARCIZO LEONCE PINHEIRO CINTRA
SP;3554805;TREMEMBE;81688;P755;PENITENCIARIA II DE TREMEMBE   DR JOSE AUGUSTO CESAR  SALGADO
SP;3554805;TREMEMBE;81689;P4324;PENITENCIARIA II DE TREMEMBE  DR JOSE AUGUSTO CESAR  SALGADO  SA  ESPACO II
SP;3555109;TUPI PAULISTA;81690;P766;PENITENCIARIA COMPACTA  DE TUPI PAULISTA
SP;3555109;TUPI PAULISTA;81691;P1031;PENITENCIARIA FEMININA DE TUPI PAULISTA
SP;3555109;TUPI PAULISTA;81692;P1018;PENITENCIARIA FEMININA DE TUPI PAULISTA  FE  ESPACO I
SP;3555109;TUPI PAULISTA;81693;P4350;PENITENCIARIA FEMININA DE TUPI PAULISTA  FE  ESPACO II
SP;3555109;TUPI PAULISTA;81694;P4351;PENITENCIARIA FEMININA DE TUPI PAULISTA  FE  ESPACO III
SP;3555109;TUPI PAULISTA;81695;P4330;PENITENCIARIA FEMININA DE TUPI PAULISTA  SA  ESPACO I
SP;3556305;VALPARAISO;81696;P1032;CENTRO DE PROGRESSAO PENITENCIARIA DE VALPARAISO
SP;3556305;VALPARAISO;81697;P4385;CENTRO DE PROGRESSAO PENITENCIARIA DE VALPARAISO  SA  ESPACO II
SP;3556305;VALPARAISO;81698;P763;PENITENCIARIA DE VALPARAISO
SP;3556305;VALPARAISO;81699;P4309;PENITENCIARIA DE VALPARAISO  FE  ESPACO II
SP;3556305;VALPARAISO;81700;P4384;PENITENCIARIA DE VALPARAISO  FE  ESPACO III
SP;3557006;VOTORANTIM;81701;P3928;PENITENCIARIA FEMININA DE VOTORANTIM   FECHADO  ESPACO II
SP;3557006;VOTORANTIM;81702;P2552;PENITENCIARIA FEMININA DE VOTORANTIM  FECHADO  ESPACO I
SP;3557006;VOTORANTIM;81703;P3987;PENITENCIARIA FEMININA DE VOTORANTIM  FECHADO  ESPACO III
SP;3557006;VOTORANTIM;81704;P7881;PENITENCIARIA FEMININA DE VOTORANTIM  FECHADO  ESPACO IV
SP;3557006;VOTORANTIM;81705;P3988;PENITENCIARIA FEMININA DE VOTORANTIM  SEMIABERTO  ESPACO V
TO;1701002;ANANAS;81706;P995;UNIDADE PENAL FEMININA DE ANANAS
TO;1702109;ARAGUAINA;81707;P1510;UNIDADE DE TRATAMENTO PENAL BARRA DA GROTA
TO;1702109;ARAGUAINA;81708;P1266;UNIDADE PENAL DE ARAGUAINA
TO;1702208;ARAGUATINS;81709;P1265;UNIDADE PENAL REGIONAL DE ARAGUATINS
TO;1702406;ARRAIAS;81710;P4466;UNIDADE PENAL REGIONAL DE ARRAIAS
TO;1702554;AUGUSTINOPOLIS;81711;P161;UNIDADE PENAL DE AUGUSTINOPOLIS
TO;1703867;CARIRI DO TOCANTINS;81712;P4484;FAZENDA PENAL AGROPECUARIA DO CARIRI
TO;1703867;CARIRI DO TOCANTINS;81713;P1744;UNIDADE DE TRATAMENTO PENAL DO CARIRI
TO;1705508;COLINAS DO TOCANTINS;81714;P2009;UNIDADE PENAL DE COLINAS
TO;1707009;DIANOPOLIS;81716;P4709;UNIDADE PENAL REGIONAL DE DIANOPOLIS
TO;1708205;FORMOSO DO ARAGUAIA;81717;P162;UNIDADE PENAL FEMININA DE FORMOSO DO ARAGUAIA
TO;1709302;GUARAI;81718;P1000;UNIDADE PENAL DE GUARAI
TO;1709500;GURUPI;81719;P387;CENTRO DE INTERNACAO PROVISORIA  CEIP SUL
TO;1709500;GURUPI;81720;P999;UNIDADE PENAL DE GURUPI
TO;1713205;MIRACEMA DO TOCANTINS;81721;P1267;UNIDADE PENAL DE MIRACEMA
TO;1713304;MIRANORTE;81722;P1742;UNIDADE PENAL FEMININA DE MIRANORTE
TO;1714203;NATIVIDADE;81723;P450;UNIDADE PENAL DE NATIVIDADE
TO;1715754;PALMEIROPOLIS;81727;P4764;UNIDADE PENAL DE PALMEIROPOLIS
TO;1716109;PARAISO DO TOCANTINS;81728;P1268;UNIDADE PENAL REGIONAL DE PARAISO DO TOCANTINS
TO;1716703;COLMEIA;81715;P453;UNIDADE PENAL DE COLMEIA
TO;1718204;PORTO NACIONAL;81729;P454;UNIDADE PENAL DE PORTO NACIONAL
TO;1720903;TAGUATINGA;81730;P4355;UNIDADE PENAL DE TAGUATINGA
TO;1721000;PALMAS;81724;P10478;CENTRO DE ATENDIMENTO SOCIOEDUCATIVO CASE DE PALMAS
TO;1721000;PALMAS;81725;P2203;UNIDADE PENAL FEMININA DE PALMAS
TO;1721000;PALMAS;81726;P452;UNIDADE PENAL REGIONAL  DE PALMAS
TO;1721208;TOCANTINOPOLIS;81731;P163;UNIDADE PENAL DE TOCANTINOPOLIS
AC;1200385;PLACIDO DE CASTRO;90002;P77434;EEEF JOSÉ FRANCISCO DA SILVA
AC;1200401;RIO BRANCO;90000;P76802;ESCOLA DE ENSINO FUNDAMENTAL PADRE ANTÔNIO DIOGO FEIJÓ
AC;1200450;SENADOR GUIOMARD;90001;P77001;ESCOLA CIVICO MILITAR PROF. ALDACI SIMÕES
AL;2700300;ARAPIRACA;90095;P76589;ESCOLA ESTADUAL DE EDUCAÇÃO BÁSICA PROFª IZAURA ANTÔNIA DE LISBOA
AL;2704302;MACEIO;90096;P76249;CENTRO DE FORMAÇÃO IB GATTO FALCÃO - CENFOR (CEPA)
AL;2706703;PENEDO;90099;P76871;ESCOLA ESTADUAL GABINO BESOURO
AL;2707701;RIO LARGO;90097;P75811;ESCOLA MUNICIPAL DE ENSINO BÁSICO INDUSTRIAL LUIGI BAUDUCCO
AL;2708501;SAO LUIS DO QUITUNDE;90098;P76414;ESCOLA ESTADUAL MESSIAS DE GUSMÃO
AM;1300086;ANAMA;90006;P76975;ESCOLA ESTADUAL TANCREDO NEVES
AM;1301100;CAREIRO;90007;P76853;ESCOLA ESTADUAL THOMÉ FERREIRA SANTIAGO
AM;1302603;MANAUS;90008;P75784;EETI GILBERTO MESTRINHO DE MEDEIROS RAPOSO
AM;1303536;PRESIDENTE FIGUEIREDO;90009;P75788;CETI MARIA EVA DOS SANTOS
AM;1303908;SAO PAULO DE OLIVENCA;90010;P75688;CENTRO DE EDUCAÇÃO EM TEMPO INTEGRAL CALIXTO RIBEIRO
AM;1304203;TEFE;90011;P76770;ESCOLA ESTADUAL MADRE MARIA DAS MERCES
AM;1304237;TONANTINS;90012;P75095;ESCOLA ESTADUAL MADRE REGINA PROTMANN
AP;1600105;AMAPA;90003;P77131;ESCOLA ESTADUAL VIDAL DE NEGREIROS
AP;1600303;MACAPA;90004;P75107;ESCOLA ESTADUAL TIRADENTES
AP;1600600;SANTANA;90005;P75073;ESCOLA ESTADUAL PROFESSORA ELIZABETH PICANÇO ESTEVES
AP;1600600;SANTANA;91005;P75073;ESCOLA ESTADUAL PROFESSORA ELIZABETH PICANÇO ESTEVES
BA;2901007;AMARGOSA;90124;P76930;COLÉGIO ESTADUAL SANTA BERNADETE
BA;2901353;ANDORINHA;90147;P76974;COLÉGIO ESTADUAL DO CAMPO DE TEMPO INTEGRAL DE ANDORINHA
BA;2905701;CAMACARI;90125;P76820;CENTRO TERRITORIAL DE EDUCAÇÃO PROFISSIONAL DA REGIÃO METROPOLITANA DE SALVADOR - CETEP - RMS
BA;2906204;CANARANA;90135;P77004;COLÉGIO ESTADUAL JOSÉ RIBEIRO DE ARAÚJO
BA;2906303;CANAVIEIRAS;90132;P77782;COLÉGIO MUNICIPAL PAULO FREIRE
BA;2906501;CANDEIAS;90126;P77041;ESCOLA MUNICIPAL PAPA PAULO VI
BA;2906709;CANDIDO SALES;90150;P76884;CESCS - COLÉGIO ESTADUAL DE CÂNDIDO SALES
BA;2906873;CAPIM GROSSO;90137;P76963;COLÉGIO MUNICIPAL EDIVALDO MACHADO BOAVENTURA
BA;2908408;CONCEICAO DO COITE;90127;P77184;UNIVERSIDADE DO ESTADO DA BAHIA (UNEB) - DEPARTAMENTO DE EDUCAÇÃO (DEDC) - CAMPUS XIV
BA;2908903;CORACAO DE MARIA;90130;P77103;COLÉGIO ESTADUAL DOM PEDRO II
BA;2909000;CORDEIROS;90128;P77084;COLÉGIO ESTADUAL DE TEMPO INTEGRAL JOSE MOREIRA CORDEIRO
BA;2909802;CRUZ DAS ALMAS;90145;P77487;CETEP - CENTRO TERRITORIAL DE EDUCACAO PROFISSIONAL RECÔNCAVO II ALBERTO TÔRRES
BA;2910701;EUCLIDES DA CUNHA;90129;P76652;EDUCANDARIO OLIVEIRA BRITO
BA;2910800;FEIRA DE SANTANA;90131;P76255;COLÉGIO MODELO LUÍS EDUARDO MAGALHÃES
BA;2912103;IBICARAI;90133;P77223;ESCOLA ESTADUAL ANGELO MAGALHAES
BA;2914000;IPIRA;90329;P77833;CETI - PROFESSOR ARISMÁRIO SENA FERREIRA
BA;2914604;IRECE;90136;P77092;COLÉGIO ESTADUAL LUIZ VIANA FILHO
BA;2914802;ITABUNA;90134;P76745;COLÉGIO ESTADUAL VALDELICE SOARES PINHEIRO
BA;2917508;JACOBINA;90138;P77003;ESCOLA MUNICIPAL NÚBIA MARIA MANGABEIRA GUERRA
BA;2917607;JAGUAQUARA;90139;P77123;INSTITUTO FEDERAL DE EDUCAÇÃO, CIÊNCIA E TECNOLOGIA DA BAHIA - CAMPUS JAGUAQUARA
BA;2918407;JUAZEIRO;90140;P76287;COLÉGIO ESTADUAL DE TEMPO INTEGRAL LOMANTO JÚNIOR
BA;2919207;LAURO DE FREITAS;90141;P76387;COLÉGIO ESTADUAL AMÉRICO SIMAS
BA;2920601;MARAGOGIPE;90148;P76965;ESCOLA MUNICIPALIZADA LUÍS EDUARDO MAGALHÃES
BA;2924306;PIATA;90142;P76881;COLÉGIO ESTADUAL DE TEMPO INTEGRAL DE PIATÃ
BA;2925105;POCOES;90143;P76918;ESCOLA MUNICIPAL WOLNEA MACÊDO
BA;2926301;RIACHAO DO JACUIPE;90144;P77602;COLÉGIO ESTADUAL DE TEMPO INTEGRAL MARIA DAGMAR MIRANDA
BA;2927408;SALVADOR;90146;P76686;COLÉGIO ESTADUAL PROFESSOR RÔMULO ALMEIDA
BA;2931350;TEIXEIRA DE FREITAS;90149;P76936;COLÉGIO ESTADUAL MACHADO DE ASSIS - CEMAS
BA;2933604;XIQUE-XIQUE;90151;P77099;COLÉGIO MUNICIPAL SENHOR DO BONFIM
CE;2300309;ACOPIARA;90066;P76995;E. E. F. DR JOSÉ ADONIAS GURGEL DE ALBUQUERQUE
CE;2302008;BARRO;90056;P77351;ESCOLA ESTADUAL DE EDUCAÇÃO PROFISSIONAL JOSÉ OSMAR PLÁCIDO DA SILVA
CE;2302057;BARROQUINHA;90059;P76775;EEF FRANCISCO BENICIO DE VASCONCELOS
CE;2302305;BELA CRUZ;90055;P77220;EMETI JOÃO DAMASCENO VASCONCELOS
CE;2303709;CAUCAIA;90075;P75046;E.E.I.E.F FLÁVIO PORTELA MARCILIO
CE;2304301;FARIAS BRITO;90069;P77360;EEF SANTA BÁRBARA
CE;2304400;FORTALEZA;90076;P77785;ESTÁCIO CENTRO
CE;2305506;IGUATU;90067;P76969;E. E. M. T. I. LICEU DR JOSÉ GONDIM
CE;2306405;ITAPIPOCA;90060;P77368;UNIVERSIDADE ABERTA DO BRASIL - POLO DE  ITAPIPOCA
CE;2306900;JAGUARIBE;90061;P77361;EEEP POETA SINÓ PINHEIRO
CE;2307106;JARDIM;90070;P77369;EEEP DR NAPOLEÃO NEVES DA LUZ
CE;2307304;JUAZEIRO DO NORTE;90071;P77467;UNILEÃO CENTRO UNIVERSITÁRIO - CAMPUS CRAJUBAR
CE;2307403;JUCAS;90068;P76997;E. E. I. E. F. CENTRO EDUCACIONAL ANTONIETA CALS - CEPAC
CE;2307650;MARACANAU;90074;P75279;EEMTI PROFESSOR ANTÔNIO MARTINS FILHO
CE;2308104;MAURITI;90057;P77472;E. E. E. P. PADRE JOÃO BOSCO DE LIMA
CE;2308302;MILAGRES;90058;P77483;ESCOLA ESTADUAL DE EDUCAÇÃO PROFISSIONAL IRMÃ ANA ZÉLIA DA FONSECA
CE;2308401;MISSAO VELHA;90072;P77501;EEM MONSENHOR ANTÔNIO FEITOSA
CE;2308500;MOMBACA;90062;P76994;ESCOLA CÍVICO-MILITAR PROFESSORA LAURA ALENCAR
CE;2309201;NOVA OLINDA;90073;P77485;EEMTI PADRE LUIS FILGUEIRAS
CE;2311306;QUIXADA;90065;P76992;EEMTI GOV. CÉSAR CALS DE OLIVEIRA FILHO
CE;2312700;SENADOR POMPEU;90063;P76829;CENTRO DE EDUCAÇÃO DE JOVENS E ADULTOS - CEJA DE SENADOR POMPEU
CE;2313005;SOLONOPOLE;90064;P77340;E.E.F. BOM JESUS
DF;5300108;Brasília;90157;P76769;CENTRO DE APERFEIÇOAMENTO DOS PROFISSIONAIS EM EDUCAÇÃO - EAPE
ES;3200607;ARACRUZ;90198;P76828;POLO DE APOIO PRESENCIAL DA UAB E CENTRO DE FORMAÇÃO DE PROFESSORES JOSÉ MODENESE
ES;3201209;CACHOEIRO DE ITAPEMIRIM;90199;P76553;CEEMTI LICEU MUNIZ FREIRE
ES;3201506;COLATINA;90200;P76391;EEEFM HONORIO FRAGA
ES;3203908;NOVA VENECIA;90201;P76314;MULTIVIX - NOVA VENÉCIA
ES;3204906;SAO MATEUS;90203;P76691;MULTIVIX
ES;3205002;SERRA;90202;P76779;EEEFM BELMIRO TEIXEIRA PIMENTA
ES;3205069;VENDA NOVA DO IMIGRANTE;90205;P76882;E.E.E.F.M FIORAVANTE CALIMAN
ES;3205200;VILA VELHA;90204;P75145;FACULDADE MULTIVIX VILA VELHA
ES;3205309;VITORIA;90206;P76634;EMEF JUSCELINO KUBITSCHEK DE OLIVEIRA
GO;5200258;AGUAS LINDAS DE GOIAS;90242;P76485;COLÉGIO ESTADUAL EMÍLIA FERREIRA BRANCO
GO;5201405;APARECIDA DE GOIANIA;90245;P76813;CENTRO DE ENSINO EM PERÍODO INTEGRAL CRUZEIRO DO SUL
GO;5205109;CATALAO;90246;P75775;COLÉGIO ESTADUAL DA POLÍCIA MILITAR DE GOIÁS IRIS REZENDE MACHADO
GO;5208707;GOIANIA;90247;P76633;UNIFASAM - CENTRO UNIVERSITÁRIO SUL-AMERICANO
GO;5211503;ITUMBIARA;90248;P76446;COLÉGIO ESTADUAL DA POLÍCIA MILITAR DE GOIÁS DIONARIA ROCHA
GO;5211909;JATAI;90249;P76817;CENTRO DE ENSINO EM PERÍODO INTEGRAL SERAFIM DE CARVALHO
GO;5220454;SENADOR CANEDO;90250;P77613;ESCOLA MUNICIPAL CLARINDA RODRIGUES DE MELO
GO;5221858;VALPARAISO DE GOIAS;90243;P77631;CEPI DESEMBARGADOR DILERMANDO MEIRELES
GO;5221858;VALPARAISO DE GOIAS;90244;P77807;COLÉGIO ESTADUAL ALMIRANTE TAMANDARÉ
MA;2101202;BACABAL;90014;P77171;U.E.F. CLEÔMENES FALCÃO
MA;2102101;BREJO;90016;P76972;CENTRO DE ENSINO CÂNDIDO MENDES
MA;2103505;COLINAS;90017;P77168;CENTRO EDUCA MAIS MARIA JOSÉ MACEDO COSTA
MA;2105302;IMPERATRIZ;90013;P77207;CENTRO EDUCA MAIS NASCIMENTO DE MORAES
MA;2108504;PINDARE MIRIM;90022;P77462;E.M. MARIA DA CONCEIÇÃO CUNHA MAGALHÃES
MA;2108603;PINHEIRO;90020;P77169;COLÉGIO PINHEIRENSE
MA;2109106;PRESIDENTE DUTRA;90018;P77172;CENTRO EDUCA MAIS DEP REMY SOARES
MA;2110005;SANTA LUZIA;90023;P77197;COLÉGIO DEHON ENSINO FUNDAMENTAL
MA;2110500;SAO BENTO;90021;P76989;C. E. DOM LUÍS DE BRITO
MA;2111300;SAO LUIS;90024;P76326;CE SOTERO DOS REIS (GRUPO ESCOLAR)
MA;2111508;SAO MATEUS DO MARANHAO;90015;P77500;COLÉGIO MUNICIPAL JOSÉ DE SENNA ROSA
MA;2112209;TIMON;90027;P76987;EMEF ANTÔNIO MARIA ZACARIAS RIBEIRO
MA;2112308;TUNTUM;90019;P77478;ESCOLA SANTA GIANNA BERETTA MOLLA
MA;2112506;TUTOIA;90025;P77356;COLÉGIO NEMÉSIO NEVES
MA;2112803;VIANA;90026;P77511;UNIDADE ESCOLAR NOSSA SENHORA DA CONCEIÇÃO
MG;3101508;ALEM PARAIBA;90330;P77108;ESCOLA MUNICIPAL  PROFESSOR LA-FAYETTE CORTES
MG;3101607;ALFENAS;90184;P75535;ESCOLA MUNICIPAL ANTÔNIO JOAQUIM VIEIRA POLIVALENTE
MG;3102803;ANDRELANDIA;90183;P76590;ESCOLA ESTADUAL VISCONDE DE ARANTES
MG;3104205;ARCOS;90192;P76980;IFMG CAMPUS ARCOS
MG;3105608;BARBACENA;90173;P76846;ESCOLA ESTADUAL PROFESSOR SOARES FERREIRA
MG;3106200;BELO HORIZONTE;90171;P76554;ESCOLA ESTADUAL BARÃO DE MACAÚBAS
MG;3117504;CONCEICAO DO MATO DENTRO;90193;P75501;ESCOLA ESTADUAL ARACY PEDRELINA DE LIMA OLIVEIRA
MG;3118304;CONSELHEIRO LAFAIETE;90174;P76851;ESCOLA ESTADUAL MONSENHOR HORTA
MG;3122306;DIVINOPOLIS;90165;P76402;ESCOLA ESTADUAL SANTO TOMAZ DE AQUINO
MG;3123908;ENTRE RIOS DE MINAS;90175;P76857;ESCOLA ESTADUAL DOM RODOLFO
MG;3127107;FRUTAL;90182;P76861;ESCOLA MUNICIPAL CORONEL ALONSO DE MORAIS
MG;3131703;ITABIRA;90167;P76377;ESCOLA ESTADUAL PROFESSOR EMÍLIO PEREIRA DE MAGALHÃES
MG;3132404;ITAJUBA;90185;P76865;ESCOLA ESTADUAL MAJOR JOÃO PEREIRA
MG;3135100;JANAUBA;90194;P76435;ESCOLA ESTADUAL RÔMULO SALES DE AZEVEDO
MG;3136207;JOAO MONLEVADE;90168;P76866;ESCOLA ESTADUAL MANOEL LOUREIRO
MG;3136702;JUIZ DE FORA;90188;P76765;CENTRO UNIVERSITÁRIO UNIVÉRTIX
MG;3139409;MANHUACU;90189;P75754;ESCOLA ESTADUAL RENATO GUSMAN
MG;3140001;MARIANA;90195;P76372;ESCOLA ESTADUAL DOM SILVÉRIO
MG;3140704;MATEUS LEME;90166;P77106;ESCOLA ESTADUAL ELIAS SALOMÃO
MG;3143302;MONTES CLAROS;90190;P76821;UNIFIPMOC
MG;3143906;MURIAE;90176;P76856;ESCOLA ESTADUAL PADRE MAXIMINO BENASSATI
MG;3144805;NOVA LIMA;90172;P76695;ESCOLA ESTADUAL AUGUSTO DE LIMA
MG;3145208;NOVA SERRANA;90196;P75566;FANS FUNDAÇÃO EDUCACIONAL FAUSTO PINTO DA FONSECA
MG;3145901;OURO BRANCO;90197;P75545;ESCOLA MUNICIPAL LIVREMENTE
MG;3146107;OURO PRETO;90169;P76309;UFOP - DEPARTAMENTO DE GEOLOGIA - DEGEO
MG;3151404;PITANGUI;90170;P75560;E. E. DOUTOR JACINTO ÁLVARES
MG;3151800;POCOS DE CALDAS;90186;P76667;ESCOLA ESTADUAL DAVID CAMPISTA
MG;3152501;POUSO ALEGRE;90191;P75763;FACULDADE DE DIREITO DO SUL DE MINAS
MG;3168606;TEOFILO OTONI;90178;P76365;ESCOLA ESTADUAL CLOTILDE ONOFRI DE CAMPOS
MG;3169901;UBA;90179;P76807;ESCOLA ESTADUAL DR. JOSÉ JANUÁRIO CARNEIRO
MG;3170206;UBERLANDIA;90181;P75716;ESCOLA ESTADUAL MESSIAS PEDREIRO
MG;3170701;VARGINHA;90187;P76655;FACULDADE DE DIREITO DE VARGINHA (FADIVA) - PRÉDIO 2
MG;3170800;VARZEA DA PALMA;90177;P76824;ESCOLA ESTADUAL JOSEPH HEIN
MG;3171303;VICOSA;90180;P76398;COLÉGIO DE APLICAÇÃO DA UFV - COLUNI
MG;3172004;VISCONDE DO RIO BRANCO;90332;P75492;COLÉGIO MUNICIPAL RIO BRANCO
MS;5002704;CAMPO GRANDE;90030;P77429;UNIVERSIDADE CATÓLICA DOM BOSCO - CAMPUS 2
MS;5002951;CHAPADAO DO SUL;90029;P77385;ESCOLA MUNICIPAL ÉRICO VERÍSSIMO
MS;5007109;RIBAS DO RIO PARDO;90031;P77371;ESCOLA ESTADUAL DR. JOÃO PONCE DE ARRUDA
MT;5103403;CUIABA;90028;P76792;FACULDADE INVEST - FACULDADE INVEST DE CIÊNCIAS E TECNOLOGIA
PA;1500107;ABAETETUBA;90040;P76919;EEEFM PROF. CARMEM CARDOSO FERREIRA
PA;1500206;ACARA;90041;P76946;ESCOLA ESTADUAL DE ENSINO MÉDIO FELIPE PATRONI
PA;1500602;ALTAMIRA;90038;P75093;EMEF PROF. ANTÔNIO GONDINS
PA;1501303;BARCARENA;90047;P77510;EEEFM EDUARDO ANGELIM
PA;1501709;BRAGANCA;90042;P76833;EEEFM PROFESSOR BOLÍVAR BORDALLO DA SILVA
PA;1502103;CAMETA;90044;P77007;EMEIF PROFESSORA MARIA VALDA BRAGA VALENTE
PA;1502152;CANAA DOS CARAJAS;90053;P76796;EEEM JOÃO NELSON DOS PRAZERES HENRIQUES
PA;1502301;CAPITAO POCO;90045;P77117;EEEFM OSVALDO CRUZ
PA;1502400;CASTANHAL;90043;P76371;E.E.E.M. CONEGO LEITÃO
PA;1504208;MARABA;90048;P76638;EMEF MARTINHO MOTA DA SILVEIRA
PA;1505304;ORIXIMINA;90051;P76875;EMEF PROFª JOANA BANDEIRA
PA;1505502;PARAGOMINAS;90046;P76679;E.M.E.F. BELARMINA FERNANDES
PA;1505536;PARAUAPEBAS;90049;P76862;EEEM EDUARDO ANGELIM SEDE
PA;1505700;PONTA DE PEDRAS;90039;P76375;E.E.E.M. DALCIDIO JURANDIR
PA;1506138;REDENCAO;90050;P76811;EEEM PROFª. DEUZUITA PEREIRA DE QUEIROZ
PA;1506807;SANTAREM;90052;P76756;UFOPA - UNIDADE TAPAJÓS
PB;2500304;ALAGOA GRANDE;90089;P77107;ECIT OSWALDO TRIGUEIRO DE ALBUQUERQUE MELLO
PB;2500502;ALAGOINHA;90090;P77174;ESCOLA MUNICIPAL DE ENSINO FUNDAMENTAL JOSÉ BARBOSA DE LUCENA
PB;2503209;CABEDELO;90086;P76986;UNIESP - SOCIEDADE DE ENSINO SUPERIOR DA PARAÍBA
PB;2504009;CAMPINA GRANDE;90094;P76954;EMEIF MONSENHOR SALES
PB;2506301;GUARABIRA;90091;P77353;EMEF DOM HELDER CAMARA
PB;2507309;JACARAU;90092;P77124;EMEIF SENADOR RUY CARNEIRO
PB;2507507;JOAO PESSOA;90087;P76723;EEEF PROF ORLANDO CAVALCANTI GOMES
PB;2510808;PATOS;90093;P76990;EMEF NOSSO LAR TIO JUCA
PB;2513703;SANTA RITA;90088;P77005;EEEF MACHADO DE ASSIS
PE;2600500;AGUAS BELAS;90102;P76803;COLÉGIO MUNICIPAL GERSON DE ALBUQUERQUE MARANHÃO
PE;2601102;ARARIPINA;90113;P76395;ESCOLA DE REFERÊNCIA EM ENSINO MÉDIO PADRE LUIZ GONZAGA
PE;2602308;BONITO;90100;P75076;COLÉGIO MUNICIPAL PAULO VIANA DE QUEIROZ
PE;2602902;CABO DE SANTO AGOSTINHO;90107;P75041;ESCOLA DE REFERÊNCIA EM ENSINO MÉDIO SENADOR FRANCISCO PESSOA DE QUEIROZ
PE;2604106;CARUARU;90101;P75554;ETE NELSON BARBALHO
PE;2605301;EXU;90114;P75586;ESCOLA MUNICIPAL DE EDUCAÇÃO EM TEMPO INTEGRAL BÁRBARA DE ALENCAR
PE;2606002;GARANHUNS;90103;P76584;ESCOLA  DE REFERÊNCIA DO ENSINO FUNDAMENTAL DOM JUVÊNCIO DE BRITO
PE;2607653;ITAMBE;90109;P75764;ESCOLA DE REFERÊNCIA DE ENSINO MÉDIO FREI ORLANDO
PE;2607901;JABOATAO DOS GUARARAPES;90110;P76273;ESCOLA ESTADUAL FILIPE CAMARÃO
PE;2608800;LAJEDO;90104;P75534;ETE ANTÔNIO DOURADO CAVALCANTI
PE;2609006;MACAPARANA;90111;P75541;EM SEVERINO FRANCISCO DA SILVA
PE;2610707;PAULISTA;90112;P75114;EREM PADRE OSMAR NOVAES
PE;2611101;PETROLINA;90105;P75139;ESCOLA DE REFERÊNCIA EM ENSINO FUNDAMENTAL EDUARDO COELHO
PE;2611606;RECIFE;90108;P75543;ESCOLA TÉCNICA ESTADUAL CÍCERO DIAS
PE;2612208;SALGUEIRO;90115;P75770;EREF PROFESSORA MARIA DA CONCEIÇÃO CISNEIROS SAMPAIO
PE;2612604;SANTA MARIA DA BOA VISTA;90106;P75675;ESCOLA MUNICIPAL PREFEITO BARRINHO
PE;2613909;SERRA TALHADA;90116;P75778;ETE CLÓVIS NOGUEIRA ALVES
PI;2200400;ALTOS;90034;P76844;UNIDADE ESCOLAR JOÃO DE PAIVA OLIVEIRA
PI;2203909;FLORIANO;90035;P76939;C. E. E. P. CALISTO LOBO
PI;2207702;PARNAIBA;90036;P76848;UNIVERSIDADE FEDERAL DO DELTA DO PARNAÍBA - UFDPAR
PI;2210607;SAO RAIMUNDO NONATO;90032;P76812;UNIDADE ESCOLAR ROSA TEIXEIRA DE CASTRO
PI;2211001;TERESINA;90037;P76806;COLÉGIO MADRE SAVINA
PI;2211308;VALENCA DO PIAUI;90033;P76759;UAB - UNIVERSIDADE ABERTA DO BRASIL
PR;4100806;ALVORADA DO SUL;90218;P76415;COLÉGIO ESTADUAL 14 DE DEZEMBRO
PR;4104204;CAMPO LARGO;90212;P77291;COLÉGIO ESTADUAL DESEMBARGADOR CLOTÁRIO PORTUGAL- EFM PROFIS.
PR;4104808;CASCAVEL;90207;P75050;COLÉGIO EST. PADRE CARMELO PERRONE - EFMP
PR;4105805;COLOMBO;90213;P77330;COLÉGIO CÍVICO MILITAR JOÃO RIBEIRO DE CAMARGO
PR;4106902;CURITIBA;90214;P77183;COLÉGIO ESTADUAL SANTA CÂNDIDA
PR;4108304;FOZ DO IGUACU;90209;P76388;COLÉGIO ESTADUAL TRÊS FRONTEIRAS
PR;4109807;IBIPORA;90219;P75086;COLÉGIO ESTADUAL OLAVO BILAC
PR;4111803;JACAREZINHO;90217;P75130;COLÉGIO ESTADUAL RUI BARBOSA - E.F.M.P.
PR;4113304;LARANJEIRAS DO SUL;90222;P75113;UNIVERSIDADE FEDERAL DA FRONTEIRA SUL UFFS
PR;4114609;MARECHAL CANDIDO RONDON;90211;P76345;COLÉGIO ESTADUAL ANTÔNIO MAXIMILIANO CERETTA
PR;4115200;MARINGA;90220;P76361;UNICESUMAR
PR;4115705;MATINHOS;90215;P75809;COLÉGIO ESTADUAL PROFESSORA TEREZA DA SILVA RAMOS
PR;4118402;PARANAVAI;90221;P76251;UNIPAR - UNIVERSIDADE PARANAENSE
PR;4118501;PATO BRANCO;90210;P76329;UTFPR - CÂMPUS PATO BRANCO
PR;4121406;REALEZA;90208;P77408;COLÉGIO ESTADUAL DOZE DE NOVEMBRO - EFMNP
PR;4125506;SAO JOSE DOS PINHAIS;90216;P76259;COLÉGIO ESTADUAL AFONSO PENA
RJ;3300456;BELFORD ROXO;90232;P77331;ESCOLA MUNICIPAL JOSÉ MARIANO DOS PASSOS
RJ;3301009;CAMPOS DOS GOYTACAZES;90227;P77302;CE DR THIERS CARDOSO
RJ;3301702;DUQUE DE CAXIAS;90225;P76694;COLÉGIO ESTADUAL DUQUE DE CAXIAS
RJ;3302205;ITAPERUNA;90231;P76904;EM FRANCISCO DE MATTOS LIGIÉRO
RJ;3303203;NILOPOLIS;90233;P77325;COLÉGIO ESTADUAL AYDANO DE ALMEIDA
RJ;3303302;NITEROI;90229;P77337;CE GUILHERME BRIGGS
RJ;3303401;NOVA FRIBURGO;90228;P77646;COLÉGIO ESTADUAL CANADÁ
RJ;3303500;NOVA IGUACU;90234;P77055;ESCOLA ESTADUAL MACHADO DE ASSIS
RJ;3303906;PETROPOLIS;90237;P76897;LICEU MUNICIPAL CARLOS CHAGAS FILHO
RJ;3304144;QUEIMADOS;90238;P76894;CIEP 355 ROQUETE PINTO
RJ;3304201;RESENDE;90240;P77332;COLÉGIO ESTADUAL MARECHAL SOUZA DANTAS
RJ;3304524;RIO DAS OSTRAS;90239;P76920;CIEP BRIZOLÃO 257 - JOAQUIM DO REGO BARROS
RJ;3304557;RIO DE JANEIRO;90223;P77571;UNIVERSIDADE ESTÁCIO  DE SÁ - CAMPUS WEST SHOPPING
RJ;3304557;RIO DE JANEIRO;90226;P77755;UNIVERSIDADE ESTÁCIO DE SÁ - CAMPUS MARACANÃ
RJ;3304557;RIO DE JANEIRO;90236;P77506;COLÉGIO ESTADUAL OLGA BENÁRIO PRESTES
RJ;3305109;SAO JOAO DE MERITI;90235;P76999;CIEP BRIZOLÃO 169 - MARIA AUGUSTA CORREIA
RJ;3305554;SEROPEDICA;90230;P77297;ESCOLA MUNICIPALIZADA OLAVO BILAC
RJ;3306107;VALENCA;90224;P77407;UNIFAA CENTRO UNIVERSITÁRIO DE VALENÇA
RJ;3306305;VOLTA REDONDA;90241;P77335;INSTITUTO DE CULTURA TÉCNICA - COLÉGIO ICT / FASF
RN;2400208;ACU;90078;P75947;E. E. TEN. CEL. JOSÉ CORREIA
RN;2400505;ALEXANDRIA;90081;P75752;ESCOLA ESTADUAL WALDEMAR DE SOUSA VERAS
RN;2402600;CEARA-MIRIM;90079;P75059;E. E. INTERVENTOR UBALDO BEZERRA
RN;2403251;PARNAMIRIM;90084;P75056;CEEP - CENTRO ESTADUAL DE EDUCAÇÃO PROFISSIONAL PROFESSORA LOURDINHA GUERRA
RN;2408003;MOSSORO;90080;P75054;ESCOLA ESTADUAL PROFESSOR ABEL FREIRE COELHO
RN;2408102;NATAL;90083;P74997;ESCOLA ESTADUAL DESEMBARGADOR FLORIANO CAVALCANTI
RN;2409407;PAU DOS FERROS;90082;P75546;ESCOLA ESTADUAL 4 DE SETEMBRO
RN;2412005;SAO GONCALO DO AMARANTE;90085;P75133;E.E PADRE JOSÉ MARIA BIEZINGER
RO;1100205;PORTO VELHO;90054;P75110;EEEF BRANCA DE NEVE
RR;1400100;BOA VISTA;90077;P77323;ESCOLA ESTADUAL MONTEIRO LOBATO
RS;4303004;CACHOEIRA DO SUL;90325;P75055;EEEF JUVENCIO SOARES
RS;4304606;CANOAS;90311;P76791;E.E.E.M  VISCONDE DO RIO BRANCO
RS;4304705;CARAZINHO;90319;P77170;EEE BÁSICA ÉRICO VERÍSSIMO
RS;4305108;CAXIAS DO SUL;90307;P76781;EEEF PRESIDENTE VARGAS
RS;4306767;ELDORADO DO SUL;90315;P76985;E.E.E.M.ELDORADO DO SUL
RS;4307906;FARROUPILHA;90308;P76942;COLÉGIO ESTADUAL FARROUPILHA
RS;4309209;GRAVATAI;90309;P75106;ESCOLA ESTADUAL DE ENSINO MÉDIO ANITA GARIBALDI
RS;4309407;GUAPORE;90320;P76883;ESCOLA ESTADUAL DE ENSINO MÉDIO -  FREI CANECA
RS;4311403;LAJEADO;90326;P76988;COLÉGIO ESTADUAL PRESIDENTE CASTELO BRANCO
RS;4314407;PELOTAS;90322;P76786;ESCOLA ESTADUAL DE EDUCAÇÃO PROFISSIONAL JOÃO XXIII
RS;4314902;PORTO ALEGRE;90316;P77456;INSTITUTO EDUCACIONAL DO RIO GRANDE DO SUL  - IERGS - CENTRO HISTÓRICO
RS;4314902;PORTO ALEGRE;90317;P77669;COLÉGIO ESTADUAL PROFESSOR ELMANO LAUFFER LEAL
RS;4314902;PORTO ALEGRE;90318;P76876;ESCOLA TÉCNICA ESTADUAL IRMÃO PEDRO
RS;4315602;RIO GRANDE;90323;P77366;EEEF BARÃO DE CERRO LARGO
RS;4316808;SANTA CRUZ DO SUL;90327;P76773;UNISC - UNIVERSIDADE DE SANTA CRUZ DO SUL
RS;4316907;SANTA MARIA;90328;P77205;COLÉGIO ESTADUAL MANOEL RIBAS
RS;4317103;SANT ANA DO LIVRAMENTO;90324;P77792;EEEF VITÉLLIO GAZAPINA
RS;4318705;SAO LEOPOLDO;90312;P77192;ESCOLA MUNICIPAL DE ENSINO FUNDAMENTAL PROFESSORA MARIA GUSMÃO BRITTO
RS;4320008;SAPUCAIA DO SUL;90313;P77820;INSTITUTO DE EDUCAÇÃO ESTADUAL RUBÉN DÁRIO
RS;4320107;SARANDI;90321;P75101;ESCOLA ESTADUAL DE ENSINO FUNDAMENTAL DOM JOSÉ COUTINHO
RS;4321204;TAQUARA;90314;P76804;FACCAT
RS;4323002;VIAMAO;90310;P76916;INSTITUTO ESTADUAL DE EDUCAÇÃO ISABEL DE ESPANHA
SC;4203600;CAMPOS NOVOS;90161;P76978;EEB PAULO BLASI
SC;4205407;FLORIANOPOLIS;90159;P77426;ESCOLA DE EDUCAÇÃO BASICA PADRE ANCHIETA
SC;4207502;INDAIAL;90158;P77219;ESCOLA DE EDUCAÇÃO BÁSICA FREDERICO HARDT
SC;4208302;ITAPEMA;90160;P77725;EMEB EDUCAR
SC;4209102;JOINVILLE;90162;P77187;EEB PROFESSORA ANTÔNIA ALPAÍDES CARDOSO DOS SANTOS
SC;4211900;PALHOCA;90163;P77202;E.E.B. PROFª URSULINA DE SENNA CASTRO
SC;4218707;TUBARAO;90164;P77343;CEDUP DIOMÍCIO FREITAS
SE;2800308;ARACAJU;90117;P75845;ESCOLA ESTADUAL JACINTHO DE FIGUEIREDO MARTINS
SE;2802908;ITABAIANA;90118;P77231;COLÉGIO ESTADUAL MURILO BRAGA
SE;2803302;JAPARATUBA;90119;P77333;CENTRO DE EXCELÊNCIA SENADOR GONÇALO ROLLEMBERG
SE;2804805;NOSSA SENHORA DO SOCORRO;90120;P77214;COLÉGIO ESTADUAL JOÃO BATISTA NASCIMENTO
SE;2805604;PORTO DA FOLHA;90121;P77268;COLÉGIO ESTADUAL CEL. MAYNARD GOMES
SE;2805703;PROPRIA;90122;P77322;ESCOLA ESTADUAL PROFESSOR IRMÃO SALATIEL FRANCISCO DO AMARAL
SE;2807105;SIMAO DIAS;90123;P76993;CE DR. MILTON DORTAS
SP;3503307;ARARAS;90305;P77495;EMEF THEREZA COLETTE OMETTO (TCO)
SP;3503901;ARUJA;90301;P76640;ESCOLA ESTADUAL PASTOR CARLOS RICHARD STRAUTMANN
SP;3504008;ASSIS;90251;P77006;E. E. DR CLYBAS PINTO FERRAZ
SP;3505708;BARUERI;90283;P76703;EE PEI PROFESSORA MYRTHES THEREZINHA ASSAD VILLELA
SP;3507506;BOTUCATU;90253;P75489;E.E. DOM LÚCIO ANTUNES DE SOUZA
SP;3507605;BRAGANCA PAULISTA;90258;P77464;E.E. PROFESSORA MARIA JOSÉ MORAES SALES
SP;3508405;CABREUVA;90263;P77432;EMEB .PROFESSORA JAIRA  BATISTA SANTANA DA SILVA
SP;3509007;CAIEIRAS;90284;P77230;EE OTTO WEISZFLOG
SP;3509205;CAJAMAR;90285;P76596;E. E. TENENTE JOAQUIM MARQUES DA SILVA SOBRINHO
SP;3509502;CAMPINAS;90259;P77801;ESCOLA ESTADUAL CLÁUDIA FRANCISCO DA SILVA
SP;3510401;CAPIVARI;90260;P76556;EEPSG PE FABIANO JOSÉ MOREIRA DE CAMARGO
SP;3510609;CARAPICUIBA;90286;P76214;E. E. DONA MARIA ALICE CRISSIUMA MESQUITA
SP;3511102;CATANDUVA;90277;P76662;UNIFIPA- CENTRO UNIVERSITÁRIO PADRE ALBINO
SP;3512803;COSMOPOLIS;90264;P77446;EMEB DR LUIZ NICOLAU NOLANDI
SP;3513405;CRUZEIRO;90275;P77352;FATEC CRUZEIRO - PROFESSOR WALDOMIRO MAY
SP;3513801;DIADEMA;90293;P76673;EE  DIADEMA
SP;3515004;EMBU DAS ARTES;90289;P77489;EE RODOLFO JOSÉ DA COSTA E SILVA
SP;3515103;EMBU-GUACU;90290;P77380;E.E. ALEXANDRE RODRIGUES NOGUEIRA
SP;3515509;FERNANDOPOLIS;90279;P76115;ETEC PROFESSOR ARMANDO JOSÉ FARINAZZO
SP;3516200;FRANCA;90270;P77389;E E TORQUATO CALEIRO
SP;3518404;GUARATINGUETA;90276;P77417;UNESP - FACULDADE DE ENGENHARIA E CIÊNCIAS DE GUARATINGUETÁ
SP;3518800;GUARULHOS;90304;P75821;EE PEI PROFESSOR HOMERO RUBENS DE SA
SP;3522307;ITAPETININGA;90261;P77493;FACULDADES INTEGRADAS DE ITAPETININGA
SP;3525300;JAU;90252;P76266;EE CAETANO LOURENÇO DE CAMARGO
SP;3527108;LINS;90255;P76645;ESCOLA ESTAUDAL DOM HENRIQUE MOURÃO
SP;3529401;MAUA;90294;P76211;EE PADRE AFONSO PASCHOTTE
SP;3530607;MOGI DAS CRUZES;90302;P75519;E.E. FREI THIMÓTEO VAN DEN BROECK
SP;3531100;MONGAGUA;90299;P77372;ETEC ADOLPHO BEREZIN
SP;3534401;OSASCO;90287;P76661;EE MAJOR TELMO COELHO FILHO
SP;3538709;PIRACICABA;90265;P76552;EE PROFESSOR EDUIR BENEDICTO SCARPARI
SP;3540200;PONTAL;90271;P77614;E. E. PROF. YOLANDA LUIZ SICHIERI
SP;3541406;PRESIDENTE PRUDENTE;90256;P77477;FATEC DE PRESIDENTE PRUDENTE
SP;3541505;PRESIDENTE VENCESLAU;90257;P77654;E.E. DRA. ISABEL CAMPOS
SP;3543303;RIBEIRAO PIRES;90295;P75946;E.E. PROFESSORA MARIA PASTANA MENATO
SP;3543402;RIBEIRAO PRETO;90272;P77770;FATEC RIBEIRÃO PRETO
SP;3543907;RIO CLARO;90266;P76317;EE PROFESSOR MARCIANO DE TOLEDO PIZA
SP;3544103;RIO GRANDE DA SERRA;90296;P77327;E. E. PROFESSOR CARLOS ROBERTO GUARIENTO
SP;3547809;SANTO ANDRE;90297;P76903;EE SENADOR JOÃO GALEÃO CARVALHAL
SP;3548500;SANTOS;90300;P77000;E.E. MARQUES DE SÃO VICENTE
SP;3548708;SAO BERNARDO DO CAMPO;90298;P76396;ESCOLA ESTADUAL LAURO GOMES DE ALMEIDA
SP;3548807;SAO CAETANO DO SUL;90306;P77375;E.E. PROFESSORA YOLANDA ASCENCIO
SP;3548906;SAO CARLOS;90267;P76406;ESCOLA ESTADUAL CONDE DO PINHAL
SP;3549805;SAO JOSE DO RIO PRETO;90278;P76984;CENTRO UNIVERSITÁRIO DE RIO PRETO - UNIRP
SP;3549904;SAO JOSE DOS CAMPOS;90274;P76760;E. E. PROFESSOR ESTEVAM FERRI
SP;3550100;SAO MANUEL;90254;P75944;E.E. DR MANUEL JOSÉ CHAVES
SP;3550308;SAO PAULO;90280;P77448;ETEC CARLOS DE CAMPOS
SP;3550308;SAO PAULO;90281;P77812;HOSPITAL BENEFICÊNCIA PORTUGUESA DE SÃO PAULO - BP
SP;3550308;SAO PAULO;90282;P77805;EE PROFESSOR JOÃO BORGES
SP;3550308;SAO PAULO;90288;P76639;EE ALBERTO TORRES
SP;3550308;SAO PAULO;90291;P77808;E. E. MARIA PETRONILA LIMEIRA DOS MILAGRES MONTEIRO
SP;3551702;SERTAOZINHO;90273;P77647;E.E. PROF  MARIA CONCEIÇÃO MAGON
SP;3552205;SOROCABA;90268;P76301;E.E. PROF. JOAQUIM IZIDORO MARINS
SP;3552502;SUZANO;90303;P75786;ESCOLA ESTADUAL LUIZ BIANCONI
SP;3552809;TABOAO DA SERRA;90292;P75522;EE DEP. HEITOR CAVALCANTI ALENCAR FURTAD
SP;3554003;TATUI;90262;P76262;E.E CHICO PEREIRA
SP;3554508;TIETE;90269;P76401;EMEB PROFESSOR MILTON SOARES DE CAMARGO
SP;3557105;VOTUPORANGA;90331;P77355;INSTITUTO FEDERAL DE EDUCAÇÃO, CIÊNCIA E TECNOLOGIA DE SÃO PAULO - IFSP
TO;1702109;ARAGUAINA;90153;P76648;CENTRO DE ENSINO MÉDIO PAULO FREIRE
TO;1702554;AUGUSTINOPOLIS;90152;P75049;UNIVERSIDADE ESTADUAL DO TOCANTINS - UNITINS
TO;1713205;MIRACEMA DO TOCANTINS;90154;P76569;ESCOLA ESTADUAL OSCAR SARDINHA
TO;1716109;PARAISO DO TOCANTINS;90156;P75740;COLÉGIO ESTADUAL IDALINA DE PAULA
TO;1721000;PALMAS;90155;P76605;COLÉGIO ESTADUAL DOM ALANO MARIE DU NODAY
