{"type":"FeatureCollection","features":[{"type":"Feature","properties":{"municipio":"34b1685d-0a08-48ce-bd60-29a4ce3a7048","title":"TO - TOCANTINOPOLIS","tipo":"FGV","url":"\/dashboard\/details-assets\/34b1685d-0a08-48ce-bd60-29a4ce3a7048"},"geometry":{"type":"Point","coordinates":[-47.429498,-6.324747]}},{"type":"Feature","properties":{"municipio":"2bbb9c5b-eca3-426d-8c6e-d1f53553e26b","title":"TO - PALMAS","tipo":"FGV","url":"\/dashboard\/details-assets\/2bbb9c5b-eca3-426d-8c6e-d1f53553e26b"},"geometry":{"type":"Point","coordinates":[-48.317036,-10.230299]}},{"type":"Feature","properties":{"municipio":"0c4a7f2d-bdfb-4f7e-9d67-309a88dc3093","title":"TO - PORTO NACIONAL","tipo":"FGV","url":"\/dashboard\/details-assets\/0c4a7f2d-bdfb-4f7e-9d67-309a88dc3093"},"geometry":{"type":"Point","coordinates":[-48.408486,-10.703164]}},{"type":"Feature","properties":{"municipio":"36391d27-d169-4517-9272-9bb32a3176c6","title":"TO - PARAISO DO TOCANTINS","tipo":"FGV","url":"\/dashboard\/details-assets\/36391d27-d169-4517-9272-9bb32a3176c6"},"geometry":{"type":"Point","coordinates":[-48.874963,-10.102218]}},{"type":"Feature","properties":{"municipio":"611042cd-5b16-41a6-995e-1d0e920538ad","title":"TO - PEDRO AFONSO","tipo":"FGV","url":"\/dashboard\/details-assets\/611042cd-5b16-41a6-995e-1d0e920538ad"},"geometry":{"type":"Point","coordinates":[-48.178975,-8.962943]}},{"type":"Feature","properties":{"municipio":"b780c0c5-833f-4c0a-b17a-409c67bbb7f4","title":"TO - MIRACEMA DO TOCANTINS","tipo":"FGV","url":"\/dashboard\/details-assets\/b780c0c5-833f-4c0a-b17a-409c67bbb7f4"},"geometry":{"type":"Point","coordinates":[-48.419984,-9.570547]}},{"type":"Feature","properties":{"municipio":"f6aa51c1-1d8a-4ffe-8949-cc2a626b763b","title":"TO - GURUPI","tipo":"FGV","url":"\/dashboard\/details-assets\/f6aa51c1-1d8a-4ffe-8949-cc2a626b763b"},"geometry":{"type":"Point","coordinates":[-49.120839,-11.735005]}},{"type":"Feature","properties":{"municipio":"54e11c59-1e76-4c39-b386-62b05735cd21","title":"TO - GUARAI","tipo":"FGV","url":"\/dashboard\/details-assets\/54e11c59-1e76-4c39-b386-62b05735cd21"},"geometry":{"type":"Point","coordinates":[-48.525934,-8.841813]}},{"type":"Feature","properties":{"municipio":"07585f99-3c70-4927-81db-351bfcfcf550","title":"TO - DIANOPOLIS","tipo":"FGV","url":"\/dashboard\/details-assets\/07585f99-3c70-4927-81db-351bfcfcf550"},"geometry":{"type":"Point","coordinates":[-46.825934,-11.748062]}},{"type":"Feature","properties":{"municipio":"c304c9d2-5d51-4e68-ac19-d216ecc92165","title":"TO - COLINAS DO TOCANTINS","tipo":"FGV","url":"\/dashboard\/details-assets\/c304c9d2-5d51-4e68-ac19-d216ecc92165"},"geometry":{"type":"Point","coordinates":[-48.448591,-7.990545]}},{"type":"Feature","properties":{"municipio":"fc899b5b-a8ca-4ad7-a343-b49d7fcb4a9b","title":"TO - ARRAIAS","tipo":"FGV","url":"\/dashboard\/details-assets\/fc899b5b-a8ca-4ad7-a343-b49d7fcb4a9b"},"geometry":{"type":"Point","coordinates":[-46.98051,-12.67706]}},{"type":"Feature","properties":{"municipio":"d0c809b3-dfa0-4a87-88d4-93fdbc5a0322","title":"TO - ARAGUATINS","tipo":"FGV","url":"\/dashboard\/details-assets\/d0c809b3-dfa0-4a87-88d4-93fdbc5a0322"},"geometry":{"type":"Point","coordinates":[-48.119389,-5.648411]}},{"type":"Feature","properties":{"municipio":"a547146b-3b7b-414b-b19a-650982efffb7","title":"TO - ARAGUAINA","tipo":"FGV","url":"\/dashboard\/details-assets\/a547146b-3b7b-414b-b19a-650982efffb7"},"geometry":{"type":"Point","coordinates":[-48.287407,-7.210941]}},{"type":"Feature","properties":{"municipio":"2cc5555e-0d05-4971-86e9-1a67fba66b92","title":"SP - VOTUPORANGA","tipo":"FGV","url":"\/dashboard\/details-assets\/2cc5555e-0d05-4971-86e9-1a67fba66b92"},"geometry":{"type":"Point","coordinates":[-49.970325,-20.417194]}},{"type":"Feature","properties":{"municipio":"1668e328-a577-490e-8a14-97a452deddfa","title":"SP - VOTORANTIM","tipo":"FGV","url":"\/dashboard\/details-assets\/1668e328-a577-490e-8a14-97a452deddfa"},"geometry":{"type":"Point","coordinates":[-47.444598,-23.540286]}},{"type":"Feature","properties":{"municipio":"56a9b8eb-dd5b-417c-afe1-fd1c9b194268","title":"SP - VARZEA PAULISTA","tipo":"FGV","url":"\/dashboard\/details-assets\/56a9b8eb-dd5b-417c-afe1-fd1c9b194268"},"geometry":{"type":"Point","coordinates":[-46.82989,-23.214466]}},{"type":"Feature","properties":{"municipio":"6eeb939d-3c8e-4ba6-a1e9-c225b544aa0b","title":"SP - VALINHOS","tipo":"FGV","url":"\/dashboard\/details-assets\/6eeb939d-3c8e-4ba6-a1e9-c225b544aa0b"},"geometry":{"type":"Point","coordinates":[-46.99663,-22.971244]}},{"type":"Feature","properties":{"municipio":"58397fcc-97cd-46d4-ae4a-8bd40215d238","title":"SP - UBATUBA","tipo":"FGV","url":"\/dashboard\/details-assets\/58397fcc-97cd-46d4-ae4a-8bd40215d238"},"geometry":{"type":"Point","coordinates":[-45.072091,-23.435965]}},{"type":"Feature","properties":{"municipio":"62e944da-6dd0-4cea-a400-d7cf6f85a681","title":"SP - TEODORO SAMPAIO","tipo":"FGV","url":"\/dashboard\/details-assets\/62e944da-6dd0-4cea-a400-d7cf6f85a681"},"geometry":{"type":"Point","coordinates":[-52.173362,-22.53144]}},{"type":"Feature","properties":{"municipio":"397095f9-2345-49b5-b8b4-b0446b077fec","title":"SP - TUPA","tipo":"FGV","url":"\/dashboard\/details-assets\/397095f9-2345-49b5-b8b4-b0446b077fec"},"geometry":{"type":"Point","coordinates":[-50.514006,-21.934822]}},{"type":"Feature","properties":{"municipio":"5c3d8ec2-0eb6-4791-8f41-73175e28f106","title":"SP - TAUBATE","tipo":"FGV","url":"\/dashboard\/details-assets\/5c3d8ec2-0eb6-4791-8f41-73175e28f106"},"geometry":{"type":"Point","coordinates":[-45.556609,-23.026555]}},{"type":"Feature","properties":{"municipio":"6b479e5a-9e1f-434e-8149-bffca7b3e972","title":"SP - TATUI","tipo":"FGV","url":"\/dashboard\/details-assets\/6b479e5a-9e1f-434e-8149-bffca7b3e972"},"geometry":{"type":"Point","coordinates":[-47.849464,-23.348576]}},{"type":"Feature","properties":{"municipio":"7dd42152-dd61-46ac-9bb0-b4f0c8d3180a","title":"SP - TABOAO DA SERRA","tipo":"FGV","url":"\/dashboard\/details-assets\/7dd42152-dd61-46ac-9bb0-b4f0c8d3180a"},"geometry":{"type":"Point","coordinates":[-46.78578,-23.623328]}},{"type":"Feature","properties":{"municipio":"88ee99bc-2758-4eca-8b0d-4517a3a858c6","title":"SP - SUZANO","tipo":"FGV","url":"\/dashboard\/details-assets\/88ee99bc-2758-4eca-8b0d-4517a3a858c6"},"geometry":{"type":"Point","coordinates":[-46.30781,-23.536827]}},{"type":"Feature","properties":{"municipio":"623be864-fbe1-4bdb-9c49-35b502bfb6f3","title":"SP - SUMARE","tipo":"FGV","url":"\/dashboard\/details-assets\/623be864-fbe1-4bdb-9c49-35b502bfb6f3"},"geometry":{"type":"Point","coordinates":[-47.265803,-22.822145]}},{"type":"Feature","properties":{"municipio":"469bfa02-8d60-4479-9f6f-6e7a1c3229b4","title":"SP - SOROCABA","tipo":"FGV","url":"\/dashboard\/details-assets\/469bfa02-8d60-4479-9f6f-6e7a1c3229b4"},"geometry":{"type":"Point","coordinates":[-47.457853,-23.499323]}},{"type":"Feature","properties":{"municipio":"eaab8d16-23bc-4183-b283-1c7eae4aec90","title":"SP - SERTAOZINHO","tipo":"FGV","url":"\/dashboard\/details-assets\/eaab8d16-23bc-4183-b283-1c7eae4aec90"},"geometry":{"type":"Point","coordinates":[-47.991148,-21.137022]}},{"type":"Feature","properties":{"municipio":"96b96a37-a019-4f03-a19f-bea806813983","title":"SP - SAO VICENTE","tipo":"FGV","url":"\/dashboard\/details-assets\/96b96a37-a019-4f03-a19f-bea806813983"},"geometry":{"type":"Point","coordinates":[-46.384491,-23.967373]}},{"type":"Feature","properties":{"municipio":"7886b247-5cd2-4e28-a3a5-9f0814ae980c","title":"SP - SAO SEBASTIAO","tipo":"FGV","url":"\/dashboard\/details-assets\/7886b247-5cd2-4e28-a3a5-9f0814ae980c"},"geometry":{"type":"Point","coordinates":[-45.40268,-23.806688]}},{"type":"Feature","properties":{"municipio":"45283c77-c31f-49ae-93cd-d345b83833b4","title":"SP - SAO PAULO","tipo":"FGV","url":"\/dashboard\/details-assets\/45283c77-c31f-49ae-93cd-d345b83833b4"},"geometry":{"type":"Point","coordinates":[-46.570383,-23.567386]}},{"type":"Feature","properties":{"municipio":"6eafad14-fdb3-4f9e-bfd8-0e84c8e20de0","title":"SP - SAO ROQUE","tipo":"FGV","url":"\/dashboard\/details-assets\/6eafad14-fdb3-4f9e-bfd8-0e84c8e20de0"},"geometry":{"type":"Point","coordinates":[-47.135423,-23.530359]}},{"type":"Feature","properties":{"municipio":"f4bc20b3-77b9-416c-8a65-1237faea7238","title":"SP - SAO JOSE DOS CAMPOS","tipo":"FGV","url":"\/dashboard\/details-assets\/f4bc20b3-77b9-416c-8a65-1237faea7238"},"geometry":{"type":"Point","coordinates":[-45.899405,-23.23021]}},{"type":"Feature","properties":{"municipio":"bd7029a9-91e3-4a07-92af-5721741492d6","title":"SP - SAO JOSE DO RIO PARDO","tipo":"FGV","url":"\/dashboard\/details-assets\/bd7029a9-91e3-4a07-92af-5721741492d6"},"geometry":{"type":"Point","coordinates":[-46.887746,-21.59577]}},{"type":"Feature","properties":{"municipio":"2104d171-2085-44fd-979f-11b39cbd2805","title":"SP - SAO JOSE DO RIO PRETO","tipo":"FGV","url":"\/dashboard\/details-assets\/2104d171-2085-44fd-979f-11b39cbd2805"},"geometry":{"type":"Point","coordinates":[-49.376227,-20.811761]}},{"type":"Feature","properties":{"municipio":"4eb2adf5-91c2-4698-985d-bfa10e4c82a5","title":"SP - SAO JOAO DA BOA VISTA","tipo":"FGV","url":"\/dashboard\/details-assets\/4eb2adf5-91c2-4698-985d-bfa10e4c82a5"},"geometry":{"type":"Point","coordinates":[-46.796351,-21.972011]}},{"type":"Feature","properties":{"municipio":"47763687-aad3-49e4-9b91-ad7472312fea","title":"SP - SAO CARLOS","tipo":"FGV","url":"\/dashboard\/details-assets\/47763687-aad3-49e4-9b91-ad7472312fea"},"geometry":{"type":"Point","coordinates":[-53.017394,-27.078635]}},{"type":"Feature","properties":{"municipio":"215f2112-35d3-41fa-9f78-c96d3607b1b5","title":"SP - SAO CAETANO DO SUL","tipo":"FGV","url":"\/dashboard\/details-assets\/215f2112-35d3-41fa-9f78-c96d3607b1b5"},"geometry":{"type":"Point","coordinates":[-46.571515,-23.614705]}},{"type":"Feature","properties":{"municipio":"9c387fc8-7ea7-438d-a1d1-a6612e416fe8","title":"SP - SAO BERNARDO DO CAMPO","tipo":"FGV","url":"\/dashboard\/details-assets\/9c387fc8-7ea7-438d-a1d1-a6612e416fe8"},"geometry":{"type":"Point","coordinates":[-46.550257,-23.710304]}},{"type":"Feature","properties":{"municipio":"c9a8a483-ef00-4446-8be5-2fb8cf4d09a8","title":"SP - SANTOS","tipo":"FGV","url":"\/dashboard\/details-assets\/c9a8a483-ef00-4446-8be5-2fb8cf4d09a8"},"geometry":{"type":"Point","coordinates":[-46.331371,-23.933737]}},{"type":"Feature","properties":{"municipio":"0b7d78af-3b75-46d3-be3d-248851338be4","title":"SP - SANTO ANDRE","tipo":"FGV","url":"\/dashboard\/details-assets\/0b7d78af-3b75-46d3-be3d-248851338be4"},"geometry":{"type":"Point","coordinates":[-46.530874,-23.65751]}},{"type":"Feature","properties":{"municipio":"7d1c26a9-5ca3-4bbb-85ad-7c6928ed5703","title":"SP - SANTANA DE PARNAIBA","tipo":"FGV","url":"\/dashboard\/details-assets\/7d1c26a9-5ca3-4bbb-85ad-7c6928ed5703"},"geometry":{"type":"Point","coordinates":[-46.922093,-23.449453]}},{"type":"Feature","properties":{"municipio":"cbeeeb48-030d-4c9b-84a2-99ec0cbdc971","title":"SP - SANTA BARBARA D OESTE","tipo":"FGV","url":"\/dashboard\/details-assets\/cbeeeb48-030d-4c9b-84a2-99ec0cbdc971"},"geometry":{"type":"Point","coordinates":[-47.413955,-22.755393]}},{"type":"Feature","properties":{"municipio":"ed634845-9c93-42d1-ae13-ce3a03233194","title":"SP - SANTA CRUZ DO RIO PARDO","tipo":"FGV","url":"\/dashboard\/details-assets\/ed634845-9c93-42d1-ae13-ce3a03233194"},"geometry":{"type":"Point","coordinates":[-49.624609,-22.905722]}},{"type":"Feature","properties":{"municipio":"675a3e8a-f3fc-46bb-b06a-f0a52dd0d9ff","title":"SP - SALTO","tipo":"FGV","url":"\/dashboard\/details-assets\/675a3e8a-f3fc-46bb-b06a-f0a52dd0d9ff"},"geometry":{"type":"Point","coordinates":[-47.292416,-23.204074]}},{"type":"Feature","properties":{"municipio":"bcefe301-5c05-46fc-bd25-30619740abf6","title":"SP - RIBEIRAO PRETO","tipo":"FGV","url":"\/dashboard\/details-assets\/bcefe301-5c05-46fc-bd25-30619740abf6"},"geometry":{"type":"Point","coordinates":[-47.805476,-21.184834]}},{"type":"Feature","properties":{"municipio":"6ad4d4bb-e701-4681-9b38-1100c4113113","title":"SP - RIO CLARO","tipo":"FGV","url":"\/dashboard\/details-assets\/6ad4d4bb-e701-4681-9b38-1100c4113113"},"geometry":{"type":"Point","coordinates":[-47.563533,-22.412511]}},{"type":"Feature","properties":{"municipio":"496cc301-4722-49cf-b204-ecf470de3ecf","title":"SP - RIBEIRAO PIRES","tipo":"FGV","url":"\/dashboard\/details-assets\/496cc301-4722-49cf-b204-ecf470de3ecf"},"geometry":{"type":"Point","coordinates":[-46.415344,-23.707423]}},{"type":"Feature","properties":{"municipio":"d4646835-6056-4e37-b15e-27aa66c02af3","title":"SP - REGISTRO","tipo":"FGV","url":"\/dashboard\/details-assets\/d4646835-6056-4e37-b15e-27aa66c02af3"},"geometry":{"type":"Point","coordinates":[-47.841055,-24.494251]}},{"type":"Feature","properties":{"municipio":"9832094f-c682-4f9a-b7e8-40ddfc407a17","title":"SP - PRESIDENTE PRUDENTE","tipo":"FGV","url":"\/dashboard\/details-assets\/9832094f-c682-4f9a-b7e8-40ddfc407a17"},"geometry":{"type":"Point","coordinates":[-51.386766,-22.122743]}},{"type":"Feature","properties":{"municipio":"90a4087a-d111-472b-93bc-8fcbddcdd3af","title":"SP - PRAIA GRANDE","tipo":"FGV","url":"\/dashboard\/details-assets\/90a4087a-d111-472b-93bc-8fcbddcdd3af"},"geometry":{"type":"Point","coordinates":[-46.412462,-24.008842]}},{"type":"Feature","properties":{"municipio":"142b50b8-0654-474e-869e-2152a83c4f2b","title":"SP - PRESIDENTE EPITACIO","tipo":"FGV","url":"\/dashboard\/details-assets\/142b50b8-0654-474e-869e-2152a83c4f2b"},"geometry":{"type":"Point","coordinates":[-52.115276,-21.768782]}},{"type":"Feature","properties":{"municipio":"08a4cde1-d6e8-40c0-ab02-43206b35ad8b","title":"SP - POA","tipo":"FGV","url":"\/dashboard\/details-assets\/08a4cde1-d6e8-40c0-ab02-43206b35ad8b"},"geometry":{"type":"Point","coordinates":[-46.34622,-23.528627]}},{"type":"Feature","properties":{"municipio":"ec804220-996a-4e5a-a450-68f7433a8438","title":"SP - PIRAJU","tipo":"FGV","url":"\/dashboard\/details-assets\/ec804220-996a-4e5a-a450-68f7433a8438"},"geometry":{"type":"Point","coordinates":[-49.383974,-23.192991]}},{"type":"Feature","properties":{"municipio":"25b20522-982c-40e3-8fbe-760cebb07ed6","title":"SP - PIRASSUNUNGA","tipo":"FGV","url":"\/dashboard\/details-assets\/25b20522-982c-40e3-8fbe-760cebb07ed6"},"geometry":{"type":"Point","coordinates":[-47.425173,-21.994049]}},{"type":"Feature","properties":{"municipio":"82ee1bd3-fc4d-4d66-9fff-5f69965904b0","title":"SP - PIRACICABA","tipo":"FGV","url":"\/dashboard\/details-assets\/82ee1bd3-fc4d-4d66-9fff-5f69965904b0"},"geometry":{"type":"Point","coordinates":[-47.646846,-22.723722]}},{"type":"Feature","properties":{"municipio":"ffc749dc-1c3b-4876-bfc6-f338979d7d04","title":"SP - PERUIBE","tipo":"FGV","url":"\/dashboard\/details-assets\/ffc749dc-1c3b-4876-bfc6-f338979d7d04"},"geometry":{"type":"Point","coordinates":[-46.997302,-24.319509]}},{"type":"Feature","properties":{"municipio":"b1208419-098b-44a0-8087-417e7b09b2d4","title":"SP - PINDAMONHANGABA","tipo":"FGV","url":"\/dashboard\/details-assets\/b1208419-098b-44a0-8087-417e7b09b2d4"},"geometry":{"type":"Point","coordinates":[-45.462049,-22.926669]}},{"type":"Feature","properties":{"municipio":"d8ceaf76-369f-444f-85bf-a44c774da12c","title":"SP - PAULINIA","tipo":"FGV","url":"\/dashboard\/details-assets\/d8ceaf76-369f-444f-85bf-a44c774da12c"},"geometry":{"type":"Point","coordinates":[-47.154386,-22.759922]}},{"type":"Feature","properties":{"municipio":"b248c685-77d8-4b0d-b0ef-6267ca17db4f","title":"SP - PENAPOLIS","tipo":"FGV","url":"\/dashboard\/details-assets\/b248c685-77d8-4b0d-b0ef-6267ca17db4f"},"geometry":{"type":"Point","coordinates":[-50.073036,-21.418383]}},{"type":"Feature","properties":{"municipio":"fc053029-1963-49b9-9870-f739da9af8de","title":"SP - OURINHOS","tipo":"FGV","url":"\/dashboard\/details-assets\/fc053029-1963-49b9-9870-f739da9af8de"},"geometry":{"type":"Point","coordinates":[-49.86858,-22.977267]}},{"type":"Feature","properties":{"municipio":"b84a0b91-531b-4852-8d4a-89329484ce0a","title":"SP - MOGI GUACU","tipo":"FGV","url":"\/dashboard\/details-assets\/b84a0b91-531b-4852-8d4a-89329484ce0a"},"geometry":{"type":"Point","coordinates":[-46.944474,-22.36572]}},{"type":"Feature","properties":{"municipio":"80e9a5f0-b9a8-457c-b201-e28844337457","title":"SP - OSASCO","tipo":"FGV","url":"\/dashboard\/details-assets\/80e9a5f0-b9a8-457c-b201-e28844337457"},"geometry":{"type":"Point","coordinates":[-46.78881,-23.533612]}},{"type":"Feature","properties":{"municipio":"4da0d990-e1a4-4a48-b5d2-283c50d613c0","title":"SP - MOGI DAS CRUZES","tipo":"FGV","url":"\/dashboard\/details-assets\/4da0d990-e1a4-4a48-b5d2-283c50d613c0"},"geometry":{"type":"Point","coordinates":[-46.19676,-23.522706]}},{"type":"Feature","properties":{"municipio":"fc56928d-6f27-4f58-9e4e-9d111f92a26b","title":"SP - MAUA","tipo":"FGV","url":"\/dashboard\/details-assets\/fc56928d-6f27-4f58-9e4e-9d111f92a26b"},"geometry":{"type":"Point","coordinates":[-46.461709,-23.668163]}},{"type":"Feature","properties":{"municipio":"033ff4aa-e472-4467-b287-a1d176c91535","title":"SP - MIRASSOL","tipo":"FGV","url":"\/dashboard\/details-assets\/033ff4aa-e472-4467-b287-a1d176c91535"},"geometry":{"type":"Point","coordinates":[-49.512139,-20.817004]}},{"type":"Feature","properties":{"municipio":"e638c5e2-216e-4cba-ba69-2be17e0af2f0","title":"SP - MARILIA","tipo":"FGV","url":"\/dashboard\/details-assets\/e638c5e2-216e-4cba-ba69-2be17e0af2f0"},"geometry":{"type":"Point","coordinates":[-49.950529,-22.217585]}},{"type":"Feature","properties":{"municipio":"965ad9f4-a163-4762-ab4c-239af8a9483c","title":"SP - MATAO","tipo":"FGV","url":"\/dashboard\/details-assets\/965ad9f4-a163-4762-ab4c-239af8a9483c"},"geometry":{"type":"Point","coordinates":[-48.364423,-21.602989]}},{"type":"Feature","properties":{"municipio":"0f84355f-48ff-4e56-8520-af5f0f897181","title":"SP - MAIRINQUE","tipo":"FGV","url":"\/dashboard\/details-assets\/0f84355f-48ff-4e56-8520-af5f0f897181"},"geometry":{"type":"Point","coordinates":[-47.194723,-23.529723]}},{"type":"Feature","properties":{"municipio":"216e4c6e-4393-45ef-b80d-dd509b303e0b","title":"SP - LORENA","tipo":"FGV","url":"\/dashboard\/details-assets\/216e4c6e-4393-45ef-b80d-dd509b303e0b"},"geometry":{"type":"Point","coordinates":[-45.124248,-22.731693]}},{"type":"Feature","properties":{"municipio":"2d2b96e9-7720-4970-8860-458e840a6bc3","title":"SP - LINS","tipo":"FGV","url":"\/dashboard\/details-assets\/2d2b96e9-7720-4970-8860-458e840a6bc3"},"geometry":{"type":"Point","coordinates":[-49.751423,-21.672346]}},{"type":"Feature","properties":{"municipio":"1ea4f71e-69b3-4807-893f-e71eb227d697","title":"SP - LIMEIRA","tipo":"FGV","url":"\/dashboard\/details-assets\/1ea4f71e-69b3-4807-893f-e71eb227d697"},"geometry":{"type":"Point","coordinates":[-47.40194,-22.562194]}},{"type":"Feature","properties":{"municipio":"b0db8c2c-8a19-485a-9a84-f0808e055950","title":"SP - LEME","tipo":"FGV","url":"\/dashboard\/details-assets\/b0db8c2c-8a19-485a-9a84-f0808e055950"},"geometry":{"type":"Point","coordinates":[-47.388708,-22.185436]}},{"type":"Feature","properties":{"municipio":"892696b6-73ea-44c3-936c-5214fde19eab","title":"SP - JUNDIAI","tipo":"FGV","url":"\/dashboard\/details-assets\/892696b6-73ea-44c3-936c-5214fde19eab"},"geometry":{"type":"Point","coordinates":[-46.885274,-23.187668]}},{"type":"Feature","properties":{"municipio":"1aabbf54-de74-44e0-9fe6-a8646f9d4272","title":"SP - JAU","tipo":"FGV","url":"\/dashboard\/details-assets\/1aabbf54-de74-44e0-9fe6-a8646f9d4272"},"geometry":{"type":"Point","coordinates":[-48.558141,-22.295791]}},{"type":"Feature","properties":{"municipio":"4c9136c7-1213-412a-8f98-c08529c9bcf7","title":"SP - JANDIRA","tipo":"FGV","url":"\/dashboard\/details-assets\/4c9136c7-1213-412a-8f98-c08529c9bcf7"},"geometry":{"type":"Point","coordinates":[-46.905221,-23.529939]}},{"type":"Feature","properties":{"municipio":"5085b64d-fab3-411a-a85b-ae5ad887d519","title":"SP - JALES","tipo":"FGV","url":"\/dashboard\/details-assets\/5085b64d-fab3-411a-a85b-ae5ad887d519"},"geometry":{"type":"Point","coordinates":[-50.550356,-20.267853]}},{"type":"Feature","properties":{"municipio":"4c8c6c0d-7d1c-4b27-ad23-67b0e23fd0f4","title":"SP - JABOTICABAL","tipo":"FGV","url":"\/dashboard\/details-assets\/4c8c6c0d-7d1c-4b27-ad23-67b0e23fd0f4"},"geometry":{"type":"Point","coordinates":[-48.32035,-21.254471]}},{"type":"Feature","properties":{"municipio":"07e4f85a-b0d9-4507-8657-f60737f891fa","title":"SP - JACAREI","tipo":"FGV","url":"\/dashboard\/details-assets\/07e4f85a-b0d9-4507-8657-f60737f891fa"},"geometry":{"type":"Point","coordinates":[-45.969593,-23.30488]}},{"type":"Feature","properties":{"municipio":"d5bcab87-1ad6-4f64-8f9f-57a38462a52e","title":"SP - ITU","tipo":"FGV","url":"\/dashboard\/details-assets\/d5bcab87-1ad6-4f64-8f9f-57a38462a52e"},"geometry":{"type":"Point","coordinates":[-47.29975,-23.265442]}},{"type":"Feature","properties":{"municipio":"42930236-161f-48da-9f2d-7b9c35578128","title":"SP - ITUVERAVA","tipo":"FGV","url":"\/dashboard\/details-assets\/42930236-161f-48da-9f2d-7b9c35578128"},"geometry":{"type":"Point","coordinates":[-47.780416,-20.336288]}},{"type":"Feature","properties":{"municipio":"3ccea8f5-6673-42f4-9bbe-9eaeb4bbafb4","title":"SP - ITATIBA","tipo":"FGV","url":"\/dashboard\/details-assets\/3ccea8f5-6673-42f4-9bbe-9eaeb4bbafb4"},"geometry":{"type":"Point","coordinates":[-46.837558,-23.004853]}},{"type":"Feature","properties":{"municipio":"b6cedd6a-5298-4e06-8fe2-77ce8b336fd4","title":"SP - ITAQUAQUECETUBA","tipo":"FGV","url":"\/dashboard\/details-assets\/b6cedd6a-5298-4e06-8fe2-77ce8b336fd4"},"geometry":{"type":"Point","coordinates":[-46.351603,-23.476897]}},{"type":"Feature","properties":{"municipio":"08360de7-ec13-4858-baf4-748d8cf58932","title":"SP - ITARARE","tipo":"FGV","url":"\/dashboard\/details-assets\/08360de7-ec13-4858-baf4-748d8cf58932"},"geometry":{"type":"Point","coordinates":[-49.33612,-24.112138]}},{"type":"Feature","properties":{"municipio":"06aa4062-0555-4802-8881-787851d823aa","title":"SP - ITAPEVI","tipo":"FGV","url":"\/dashboard\/details-assets\/06aa4062-0555-4802-8881-787851d823aa"},"geometry":{"type":"Point","coordinates":[-46.933373,-23.546934]}},{"type":"Feature","properties":{"municipio":"f6c0301b-a91c-4de3-8375-cabe65715d5d","title":"SP - ITAPEVA","tipo":"FGV","url":"\/dashboard\/details-assets\/f6c0301b-a91c-4de3-8375-cabe65715d5d"},"geometry":{"type":"Point","coordinates":[-48.877389,-23.983438]}},{"type":"Feature","properties":{"municipio":"bef3631d-5949-4166-95f6-2e50294ed70b","title":"SP - ITAPETININGA","tipo":"FGV","url":"\/dashboard\/details-assets\/bef3631d-5949-4166-95f6-2e50294ed70b"},"geometry":{"type":"Point","coordinates":[-48.046143,-23.587872]}},{"type":"Feature","properties":{"municipio":"65ed1929-d7ec-4283-9a75-9db262940ae4","title":"SP - ITAPECERICA DA SERRA","tipo":"FGV","url":"\/dashboard\/details-assets\/65ed1929-d7ec-4283-9a75-9db262940ae4"},"geometry":{"type":"Point","coordinates":[-46.850552,-23.715357]}},{"type":"Feature","properties":{"municipio":"faf0ba0a-2582-45b1-bc87-99cc27324c8e","title":"SP - INDAIATUBA","tipo":"FGV","url":"\/dashboard\/details-assets\/faf0ba0a-2582-45b1-bc87-99cc27324c8e"},"geometry":{"type":"Point","coordinates":[-47.212309,-23.081646]}},{"type":"Feature","properties":{"municipio":"47be0516-f725-469d-9204-e73c20457604","title":"SP - ITANHAEM","tipo":"FGV","url":"\/dashboard\/details-assets\/47be0516-f725-469d-9204-e73c20457604"},"geometry":{"type":"Point","coordinates":[-46.790991,-24.186121]}},{"type":"Feature","properties":{"municipio":"644510ba-a6ba-4586-af02-8630e6abf3eb","title":"SP - IGUAPE","tipo":"FGV","url":"\/dashboard\/details-assets\/644510ba-a6ba-4586-af02-8630e6abf3eb"},"geometry":{"type":"Point","coordinates":[-47.553137,-24.706954]}},{"type":"Feature","properties":{"municipio":"5c88625d-5bbc-4d5a-a2a4-99f0002b710a","title":"SP - IBITINGA","tipo":"FGV","url":"\/dashboard\/details-assets\/5c88625d-5bbc-4d5a-a2a4-99f0002b710a"},"geometry":{"type":"Point","coordinates":[-48.827695,-21.757083]}},{"type":"Feature","properties":{"municipio":"d0509bef-3a33-4e66-93c0-dca0a1524ae2","title":"SP - IBIUNA","tipo":"FGV","url":"\/dashboard\/details-assets\/d0509bef-3a33-4e66-93c0-dca0a1524ae2"},"geometry":{"type":"Point","coordinates":[-47.220491,-23.652632]}},{"type":"Feature","properties":{"municipio":"7a5a227c-1152-4580-ba22-b3523f71272e","title":"SP - HORTOLANDIA","tipo":"FGV","url":"\/dashboard\/details-assets\/7a5a227c-1152-4580-ba22-b3523f71272e"},"geometry":{"type":"Point","coordinates":[-47.221097,-22.858395]}},{"type":"Feature","properties":{"municipio":"0bc3d264-0f64-4e16-b71a-94fc831c0ab6","title":"SP - GUARULHOS","tipo":"FGV","url":"\/dashboard\/details-assets\/0bc3d264-0f64-4e16-b71a-94fc831c0ab6"},"geometry":{"type":"Point","coordinates":[-46.531084,-23.468506]}},{"type":"Feature","properties":{"municipio":"6f1cc704-9703-48e5-b935-58a8d32494ce","title":"SP - GUARUJA","tipo":"FGV","url":"\/dashboard\/details-assets\/6f1cc704-9703-48e5-b935-58a8d32494ce"},"geometry":{"type":"Point","coordinates":[-46.249034,-23.995149]}},{"type":"Feature","properties":{"municipio":"4d62b4f8-e3a0-474b-adf1-b65a3561f227","title":"SP - GUARATINGUETA","tipo":"FGV","url":"\/dashboard\/details-assets\/4d62b4f8-e3a0-474b-adf1-b65a3561f227"},"geometry":{"type":"Point","coordinates":[-45.1916,-22.817425]}},{"type":"Feature","properties":{"municipio":"eeeed067-bf26-4768-ad50-5e5908b162a7","title":"SP - FRANCO DA ROCHA","tipo":"FGV","url":"\/dashboard\/details-assets\/eeeed067-bf26-4768-ad50-5e5908b162a7"},"geometry":{"type":"Point","coordinates":[-46.727875,-23.320302]}},{"type":"Feature","properties":{"municipio":"82b98b0e-22da-4460-9cc1-953520a48b5f","title":"SP - FRANCA","tipo":"FGV","url":"\/dashboard\/details-assets\/82b98b0e-22da-4460-9cc1-953520a48b5f"},"geometry":{"type":"Point","coordinates":[-47.402332,-20.536097]}},{"type":"Feature","properties":{"municipio":"55e20bc2-0166-4908-a301-9c4c07d1ce4d","title":"SP - FRANCISCO MORATO","tipo":"FGV","url":"\/dashboard\/details-assets\/55e20bc2-0166-4908-a301-9c4c07d1ce4d"},"geometry":{"type":"Point","coordinates":[-46.732527,-23.275825]}},{"type":"Feature","properties":{"municipio":"63e6b6ca-a1d6-4a4e-95f6-156f621eeebf","title":"SP - FERRAZ DE VASCONCELOS","tipo":"FGV","url":"\/dashboard\/details-assets\/63e6b6ca-a1d6-4a4e-95f6-156f621eeebf"},"geometry":{"type":"Point","coordinates":[-46.364493,-23.528796]}},{"type":"Feature","properties":{"municipio":"e52b1f71-c781-4c25-8e97-e55dcc487d34","title":"SP - EMBU DAS ARTES","tipo":"FGV","url":"\/dashboard\/details-assets\/e52b1f71-c781-4c25-8e97-e55dcc487d34"},"geometry":{"type":"Point","coordinates":[-46.85086,-23.647312]}},{"type":"Feature","properties":{"municipio":"c631863a-135e-4de1-aa46-a7479a1b8d65","title":"SP - FERNANDOPOLIS","tipo":"FGV","url":"\/dashboard\/details-assets\/c631863a-135e-4de1-aa46-a7479a1b8d65"},"geometry":{"type":"Point","coordinates":[-50.248748,-20.282383]}},{"type":"Feature","properties":{"municipio":"077824b0-f37c-4209-89c9-de3f504e72be","title":"SP - DRACENA","tipo":"FGV","url":"\/dashboard\/details-assets\/077824b0-f37c-4209-89c9-de3f504e72be"},"geometry":{"type":"Point","coordinates":[-51.53405,-21.486138]}},{"type":"Feature","properties":{"municipio":"e4e1fb0c-71ec-4aeb-a0a9-6796aa69a24f","title":"SP - DIADEMA","tipo":"FGV","url":"\/dashboard\/details-assets\/e4e1fb0c-71ec-4aeb-a0a9-6796aa69a24f"},"geometry":{"type":"Point","coordinates":[-46.623381,-23.689295]}},{"type":"Feature","properties":{"municipio":"1c7fb55a-e328-44a8-915f-efefe8d9a882","title":"SP - CUBATAO","tipo":"FGV","url":"\/dashboard\/details-assets\/1c7fb55a-e328-44a8-915f-efefe8d9a882"},"geometry":{"type":"Point","coordinates":[-46.420032,-23.883839]}},{"type":"Feature","properties":{"municipio":"b7207eca-b2e5-4570-ae21-abb4d63edda2","title":"SP - COTIA","tipo":"FGV","url":"\/dashboard\/details-assets\/b7207eca-b2e5-4570-ae21-abb4d63edda2"},"geometry":{"type":"Point","coordinates":[-46.931846,-23.603514]}},{"type":"Feature","properties":{"municipio":"d3a218e3-2a54-4a51-a176-d2488efe85ee","title":"SP - CRUZEIRO","tipo":"FGV","url":"\/dashboard\/details-assets\/d3a218e3-2a54-4a51-a176-d2488efe85ee"},"geometry":{"type":"Point","coordinates":[-44.961732,-22.57775]}},{"type":"Feature","properties":{"municipio":"e5893f1c-55ff-42f1-8194-d172266f309b","title":"SP - CATANDUVA","tipo":"FGV","url":"\/dashboard\/details-assets\/e5893f1c-55ff-42f1-8194-d172266f309b"},"geometry":{"type":"Point","coordinates":[-48.975871,-21.139538]}},{"type":"Feature","properties":{"municipio":"1a404963-86a2-4c3e-bb8e-389b6c29b4e7","title":"SP - CARAPICUIBA","tipo":"FGV","url":"\/dashboard\/details-assets\/1a404963-86a2-4c3e-bb8e-389b6c29b4e7"},"geometry":{"type":"Point","coordinates":[-46.841445,-23.535249]}},{"type":"Feature","properties":{"municipio":"c33c32f1-7775-4c7e-a2b2-b1c44e230fea","title":"SP - CARAGUATATUBA","tipo":"FGV","url":"\/dashboard\/details-assets\/c33c32f1-7775-4c7e-a2b2-b1c44e230fea"},"geometry":{"type":"Point","coordinates":[-45.410818,-23.622006]}},{"type":"Feature","properties":{"municipio":"c6de92f5-8ef6-418c-923a-b61cb864d351","title":"SP - CAPAO BONITO","tipo":"FGV","url":"\/dashboard\/details-assets\/c6de92f5-8ef6-418c-923a-b61cb864d351"},"geometry":{"type":"Point","coordinates":[-48.351435,-24.006801]}},{"type":"Feature","properties":{"municipio":"dd0e7a2b-c72d-490c-a859-f7f73ddbc219","title":"SP - CAMPOS DO JORDAO","tipo":"FGV","url":"\/dashboard\/details-assets\/dd0e7a2b-c72d-490c-a859-f7f73ddbc219"},"geometry":{"type":"Point","coordinates":[-45.589202,-22.740092]}},{"type":"Feature","properties":{"municipio":"63a70aeb-d2e3-4c01-a3c6-e7bbf1a9fc18","title":"SP - CAMPO LIMPO PAULISTA","tipo":"FGV","url":"\/dashboard\/details-assets\/63a70aeb-d2e3-4c01-a3c6-e7bbf1a9fc18"},"geometry":{"type":"Point","coordinates":[-46.789369,-23.208293]}},{"type":"Feature","properties":{"municipio":"cef2fa7c-8587-4ada-a933-e5cefbf019bb","title":"SP - CACAPAVA","tipo":"FGV","url":"\/dashboard\/details-assets\/cef2fa7c-8587-4ada-a933-e5cefbf019bb"},"geometry":{"type":"Point","coordinates":[-45.70773,-23.100664]}},{"type":"Feature","properties":{"municipio":"0cee295e-441d-426f-8b83-d8b9db2762f8","title":"SP - CAMPINAS","tipo":"FGV","url":"\/dashboard\/details-assets\/0cee295e-441d-426f-8b83-d8b9db2762f8"},"geometry":{"type":"Point","coordinates":[-47.060156,-22.907342]}},{"type":"Feature","properties":{"municipio":"0f2a9423-9181-4769-8d80-ae4cc4f47869","title":"SP - BRAGANCA PAULISTA","tipo":"FGV","url":"\/dashboard\/details-assets\/0f2a9423-9181-4769-8d80-ae4cc4f47869"},"geometry":{"type":"Point","coordinates":[-46.542333,-22.956895]}},{"type":"Feature","properties":{"municipio":"a224ded4-b697-4e7a-a8b8-69b517e4309a","title":"SP - BOITUVA","tipo":"FGV","url":"\/dashboard\/details-assets\/a224ded4-b697-4e7a-a8b8-69b517e4309a"},"geometry":{"type":"Point","coordinates":[-47.671473,-23.281944]}},{"type":"Feature","properties":{"municipio":"31d158f0-2a2a-4a0b-9ee0-7e9a6f2a8262","title":"SP - BOTUCATU","tipo":"FGV","url":"\/dashboard\/details-assets\/31d158f0-2a2a-4a0b-9ee0-7e9a6f2a8262"},"geometry":{"type":"Point","coordinates":[-48.441289,-22.888381]}},{"type":"Feature","properties":{"municipio":"522aaf66-4e79-4eb0-82ea-724fdbab8dad","title":"SP - BIRIGUI","tipo":"FGV","url":"\/dashboard\/details-assets\/522aaf66-4e79-4eb0-82ea-724fdbab8dad"},"geometry":{"type":"Point","coordinates":[-50.339329,-21.292392]}},{"type":"Feature","properties":{"municipio":"793a04f0-0adf-4baf-a4fc-011a4985390f","title":"SP - BEBEDOURO","tipo":"FGV","url":"\/dashboard\/details-assets\/793a04f0-0adf-4baf-a4fc-011a4985390f"},"geometry":{"type":"Point","coordinates":[-48.477362,-20.949816]}},{"type":"Feature","properties":{"municipio":"85abd4ed-bfa9-44f0-a9a6-35fbe6a1abf6","title":"SP - BAURU","tipo":"FGV","url":"\/dashboard\/details-assets\/85abd4ed-bfa9-44f0-a9a6-35fbe6a1abf6"},"geometry":{"type":"Point","coordinates":[-49.083001,-22.325122]}},{"type":"Feature","properties":{"municipio":"df1f6b73-cd6e-4f7c-9517-98a3658dc575","title":"SP - BATATAIS","tipo":"FGV","url":"\/dashboard\/details-assets\/df1f6b73-cd6e-4f7c-9517-98a3658dc575"},"geometry":{"type":"Point","coordinates":[-47.586107,-20.891929]}},{"type":"Feature","properties":{"municipio":"92b2491a-8663-43de-9308-feed338a51ca","title":"SP - BARRETOS","tipo":"FGV","url":"\/dashboard\/details-assets\/92b2491a-8663-43de-9308-feed338a51ca"},"geometry":{"type":"Point","coordinates":[-48.567378,-20.558456]}},{"type":"Feature","properties":{"municipio":"3559f327-2c19-4b51-b0d0-cb01d1b36c5d","title":"SP - BARUERI","tipo":"FGV","url":"\/dashboard\/details-assets\/3559f327-2c19-4b51-b0d0-cb01d1b36c5d"},"geometry":{"type":"Point","coordinates":[-46.874653,-23.508902]}},{"type":"Feature","properties":{"municipio":"2b7b3686-c9f0-476a-84e8-4306aa1f0697","title":"SP - AVARE","tipo":"FGV","url":"\/dashboard\/details-assets\/2b7b3686-c9f0-476a-84e8-4306aa1f0697"},"geometry":{"type":"Point","coordinates":[-48.923263,-23.103193]}},{"type":"Feature","properties":{"municipio":"401acbab-fcd5-47b5-a1f2-e364cfd7ca35","title":"SP - ASSIS","tipo":"FGV","url":"\/dashboard\/details-assets\/401acbab-fcd5-47b5-a1f2-e364cfd7ca35"},"geometry":{"type":"Point","coordinates":[-50.41751,-22.662835]}},{"type":"Feature","properties":{"municipio":"f685b093-5300-4855-8752-86efcbd3555e","title":"SP - ATIBAIA","tipo":"FGV","url":"\/dashboard\/details-assets\/f685b093-5300-4855-8752-86efcbd3555e"},"geometry":{"type":"Point","coordinates":[-46.555063,-23.116308]}},{"type":"Feature","properties":{"municipio":"d3ebecb9-d2ad-4ce0-8df6-2c317748b295","title":"SP - ARARAS","tipo":"FGV","url":"\/dashboard\/details-assets\/d3ebecb9-d2ad-4ce0-8df6-2c317748b295"},"geometry":{"type":"Point","coordinates":[-47.38583,-22.357087]}},{"type":"Feature","properties":{"municipio":"a2cf5972-3148-4d6e-9735-c95522adb3f6","title":"SP - ARUJA","tipo":"FGV","url":"\/dashboard\/details-assets\/a2cf5972-3148-4d6e-9735-c95522adb3f6"},"geometry":{"type":"Point","coordinates":[-46.32049,-23.395827]}},{"type":"Feature","properties":{"municipio":"20db2f0f-4cee-4365-befe-e7e7a670a4c4","title":"SP - ARARAQUARA","tipo":"FGV","url":"\/dashboard\/details-assets\/20db2f0f-4cee-4365-befe-e7e7a670a4c4"},"geometry":{"type":"Point","coordinates":[-48.17444,-21.790359]}},{"type":"Feature","properties":{"municipio":"1a1b55b5-2272-4e4a-b07c-6644c5ee52eb","title":"SP - APIAI","tipo":"FGV","url":"\/dashboard\/details-assets\/1a1b55b5-2272-4e4a-b07c-6644c5ee52eb"},"geometry":{"type":"Point","coordinates":[-48.84866,-24.513316]}},{"type":"Feature","properties":{"municipio":"854646a9-787e-4c69-8a9a-69f60b39a9a3","title":"SP - ARACATUBA","tipo":"FGV","url":"\/dashboard\/details-assets\/854646a9-787e-4c69-8a9a-69f60b39a9a3"},"geometry":{"type":"Point","coordinates":[-50.439226,-21.205476]}},{"type":"Feature","properties":{"municipio":"b99a70e8-917b-4e41-bf1d-c7712bad8417","title":"SP - ANDRADINA","tipo":"FGV","url":"\/dashboard\/details-assets\/b99a70e8-917b-4e41-bf1d-c7712bad8417"},"geometry":{"type":"Point","coordinates":[-51.378848,-20.901464]}},{"type":"Feature","properties":{"municipio":"0981fd54-d57e-40db-a2b3-403a45347ba6","title":"SP - AMERICANA","tipo":"FGV","url":"\/dashboard\/details-assets\/0981fd54-d57e-40db-a2b3-403a45347ba6"},"geometry":{"type":"Point","coordinates":[-47.330363,-22.740883]}},{"type":"Feature","properties":{"municipio":"54433c28-a00b-41be-b48c-ac9a6a36283d","title":"SP - AMPARO","tipo":"FGV","url":"\/dashboard\/details-assets\/54433c28-a00b-41be-b48c-ac9a6a36283d"},"geometry":{"type":"Point","coordinates":[-46.765086,-22.699389]}},{"type":"Feature","properties":{"municipio":"4594a18c-4b7a-466b-ba5c-d9ddbcce6a3f","title":"SE - TOBIAS BARRETO","tipo":"FGV","url":"\/dashboard\/details-assets\/4594a18c-4b7a-466b-ba5c-d9ddbcce6a3f"},"geometry":{"type":"Point","coordinates":[-38.000521,-11.185188]}},{"type":"Feature","properties":{"municipio":"54cab3b2-f68b-45bc-b6a8-8921331266d6","title":"SE - SAO CRISTOVAO","tipo":"FGV","url":"\/dashboard\/details-assets\/54cab3b2-f68b-45bc-b6a8-8921331266d6"},"geometry":{"type":"Point","coordinates":[-37.205934,-11.012236]}},{"type":"Feature","properties":{"municipio":"85ce48e1-a39c-469e-88b2-5f6833397ed9","title":"SE - PROPRIA","tipo":"FGV","url":"\/dashboard\/details-assets\/85ce48e1-a39c-469e-88b2-5f6833397ed9"},"geometry":{"type":"Point","coordinates":[-36.837185,-10.212228]}},{"type":"Feature","properties":{"municipio":"001970fe-44fc-443e-a130-fa1615efeb4c","title":"SE - PORTO DA FOLHA","tipo":"FGV","url":"\/dashboard\/details-assets\/001970fe-44fc-443e-a130-fa1615efeb4c"},"geometry":{"type":"Point","coordinates":[-37.275759,-9.919741]}},{"type":"Feature","properties":{"municipio":"a1b50fa7-5e8c-413f-b5a5-0130834fde5d","title":"SE - NOSSA SENHORA DO SOCORRO","tipo":"FGV","url":"\/dashboard\/details-assets\/a1b50fa7-5e8c-413f-b5a5-0130834fde5d"},"geometry":{"type":"Point","coordinates":[-37.126979,-10.853164]}},{"type":"Feature","properties":{"municipio":"8e85e553-0cb8-46f0-b9a9-71821b5f13de","title":"SE - NOSSA SENHORA DAS DORES","tipo":"FGV","url":"\/dashboard\/details-assets\/8e85e553-0cb8-46f0-b9a9-71821b5f13de"},"geometry":{"type":"Point","coordinates":[-37.196622,-10.485792]}},{"type":"Feature","properties":{"municipio":"c4dc44a5-a7f4-4346-83bd-5d2487f22de7","title":"SE - LAGARTO","tipo":"FGV","url":"\/dashboard\/details-assets\/c4dc44a5-a7f4-4346-83bd-5d2487f22de7"},"geometry":{"type":"Point","coordinates":[-37.666353,-10.915301]}},{"type":"Feature","properties":{"municipio":"f0a7d7a5-1ce3-4125-ad72-5937a5fcb7f0","title":"SE - NOSSA SENHORA DA GLORIA","tipo":"FGV","url":"\/dashboard\/details-assets\/f0a7d7a5-1ce3-4125-ad72-5937a5fcb7f0"},"geometry":{"type":"Point","coordinates":[-37.421281,-10.215655]}},{"type":"Feature","properties":{"municipio":"98abc66b-0e09-4305-a671-e5e8d94aae60","title":"SE - JAPARATUBA","tipo":"FGV","url":"\/dashboard\/details-assets\/98abc66b-0e09-4305-a671-e5e8d94aae60"},"geometry":{"type":"Point","coordinates":[-36.942008,-10.577323]}},{"type":"Feature","properties":{"municipio":"d82d2b6d-c001-4745-9b6f-b216d02c449c","title":"SE - ITABAIANINHA","tipo":"FGV","url":"\/dashboard\/details-assets\/d82d2b6d-c001-4745-9b6f-b216d02c449c"},"geometry":{"type":"Point","coordinates":[-37.787411,-11.276785]}},{"type":"Feature","properties":{"municipio":"63bd9b79-65c9-4249-8594-6fe9c3966961","title":"SE - ITABAIANA","tipo":"FGV","url":"\/dashboard\/details-assets\/63bd9b79-65c9-4249-8594-6fe9c3966961"},"geometry":{"type":"Point","coordinates":[-37.426861,-10.685716]}},{"type":"Feature","properties":{"municipio":"c0c7c196-615d-4755-90fa-c689b2068636","title":"SE - ARACAJU","tipo":"FGV","url":"\/dashboard\/details-assets\/c0c7c196-615d-4755-90fa-c689b2068636"},"geometry":{"type":"Point","coordinates":[-37.073082,-10.947247]}},{"type":"Feature","properties":{"municipio":"77075c30-7838-4ff0-a63b-8b31b725de36","title":"SC - VIDEIRA","tipo":"FGV","url":"\/dashboard\/details-assets\/77075c30-7838-4ff0-a63b-8b31b725de36"},"geometry":{"type":"Point","coordinates":[-51.151705,-27.006129]}},{"type":"Feature","properties":{"municipio":"7c24fcd0-b9da-4414-b287-ee9e002387c2","title":"SC - XANXERE","tipo":"FGV","url":"\/dashboard\/details-assets\/7c24fcd0-b9da-4414-b287-ee9e002387c2"},"geometry":{"type":"Point","coordinates":[-52.404667,-26.874584]}},{"type":"Feature","properties":{"municipio":"47311b92-9d6d-4502-9c1a-6d13757da8e3","title":"SC - TUBARAO","tipo":"FGV","url":"\/dashboard\/details-assets\/47311b92-9d6d-4502-9c1a-6d13757da8e3"},"geometry":{"type":"Point","coordinates":[-49.005268,-28.480034]}},{"type":"Feature","properties":{"municipio":"147b5b6f-f70f-4e07-af97-c5b9560418ba","title":"SC - TIJUCAS","tipo":"FGV","url":"\/dashboard\/details-assets\/147b5b6f-f70f-4e07-af97-c5b9560418ba"},"geometry":{"type":"Point","coordinates":[-48.632071,-27.239454]}},{"type":"Feature","properties":{"municipio":"8543d097-ea4c-4e98-b432-1f4e79768f58","title":"SC - TIMBO","tipo":"FGV","url":"\/dashboard\/details-assets\/8543d097-ea4c-4e98-b432-1f4e79768f58"},"geometry":{"type":"Point","coordinates":[-49.277712,-26.822903]}},{"type":"Feature","properties":{"municipio":"43edd192-47a8-4a26-af4e-8db092ae7f35","title":"SC - TAIO","tipo":"FGV","url":"\/dashboard\/details-assets\/43edd192-47a8-4a26-af4e-8db092ae7f35"},"geometry":{"type":"Point","coordinates":[-50.005096,-27.117937]}},{"type":"Feature","properties":{"municipio":"8d7075a5-0192-4fcd-87ef-3dd4112d1814","title":"SC - SOMBRIO","tipo":"FGV","url":"\/dashboard\/details-assets\/8d7075a5-0192-4fcd-87ef-3dd4112d1814"},"geometry":{"type":"Point","coordinates":[-49.63421,-29.109133]}},{"type":"Feature","properties":{"municipio":"cdcc74f8-6251-4637-afa0-23074996f1bd","title":"SC - SEARA","tipo":"FGV","url":"\/dashboard\/details-assets\/cdcc74f8-6251-4637-afa0-23074996f1bd"},"geometry":{"type":"Point","coordinates":[-52.307093,-27.14266]}},{"type":"Feature","properties":{"municipio":"007f6fc0-d32e-404d-bfb3-5283927e217b","title":"SC - SAO MIGUEL DO OESTE","tipo":"FGV","url":"\/dashboard\/details-assets\/007f6fc0-d32e-404d-bfb3-5283927e217b"},"geometry":{"type":"Point","coordinates":[-53.518839,-26.726427]}},{"type":"Feature","properties":{"municipio":"7a02b0e1-9a8c-4653-b913-6affaf859001","title":"SC - SAO LOURENCO DO OESTE","tipo":"FGV","url":"\/dashboard\/details-assets\/7a02b0e1-9a8c-4653-b913-6affaf859001"},"geometry":{"type":"Point","coordinates":[-52.852705,-26.354526]}},{"type":"Feature","properties":{"municipio":"a8f96227-4c5d-450b-9fe7-b7a30863cb79","title":"SC - SAO JOSE","tipo":"FGV","url":"\/dashboard\/details-assets\/a8f96227-4c5d-450b-9fe7-b7a30863cb79"},"geometry":{"type":"Point","coordinates":[-48.642802,-27.610088]}},{"type":"Feature","properties":{"municipio":"d98b3295-2c9d-4175-b5ec-2dae22d8b461","title":"SC - SAO JOSE DO CEDRO","tipo":"FGV","url":"\/dashboard\/details-assets\/d98b3295-2c9d-4175-b5ec-2dae22d8b461"},"geometry":{"type":"Point","coordinates":[-53.4841,-26.4502]}},{"type":"Feature","properties":{"municipio":"35621ffb-f691-474f-8fe5-a1fdd12f0b6c","title":"SC - SAO JOAQUIM","tipo":"FGV","url":"\/dashboard\/details-assets\/35621ffb-f691-474f-8fe5-a1fdd12f0b6c"},"geometry":{"type":"Point","coordinates":[-49.937587,-28.292455]}},{"type":"Feature","properties":{"municipio":"5725af61-f71d-4801-98ca-62cd78bb0198","title":"SC - SAO FRANCISCO DO SUL","tipo":"FGV","url":"\/dashboard\/details-assets\/5725af61-f71d-4801-98ca-62cd78bb0198"},"geometry":{"type":"Point","coordinates":[-48.637571,-26.244018]}},{"type":"Feature","properties":{"municipio":"74e382e3-1232-4533-a0e5-cf52f7d5dcb3","title":"SC - SAO BENTO DO SUL","tipo":"FGV","url":"\/dashboard\/details-assets\/74e382e3-1232-4533-a0e5-cf52f7d5dcb3"},"geometry":{"type":"Point","coordinates":[-49.383557,-26.250037]}},{"type":"Feature","properties":{"municipio":"5a6eed1f-70b7-4acd-a667-d85b318c35ff","title":"SC - RIO DO SUL","tipo":"FGV","url":"\/dashboard\/details-assets\/5a6eed1f-70b7-4acd-a667-d85b318c35ff"},"geometry":{"type":"Point","coordinates":[-49.643238,-27.217903]}},{"type":"Feature","properties":{"municipio":"5eb63834-91a4-49b2-939b-af19f38e8484","title":"SC - QUILOMBO","tipo":"FGV","url":"\/dashboard\/details-assets\/5eb63834-91a4-49b2-939b-af19f38e8484"},"geometry":{"type":"Point","coordinates":[-52.72761,-26.740056]}},{"type":"Feature","properties":{"municipio":"ed3fe209-6ecc-403b-b1b5-d0ec963fb933","title":"SC - PALMITOS","tipo":"FGV","url":"\/dashboard\/details-assets\/ed3fe209-6ecc-403b-b1b5-d0ec963fb933"},"geometry":{"type":"Point","coordinates":[-53.159223,-27.071789]}},{"type":"Feature","properties":{"municipio":"4f690b2a-8ec5-4d1c-b760-1720378a955e","title":"SC - PALHOCA","tipo":"FGV","url":"\/dashboard\/details-assets\/4f690b2a-8ec5-4d1c-b760-1720378a955e"},"geometry":{"type":"Point","coordinates":[-48.670288,-27.647044]}},{"type":"Feature","properties":{"municipio":"af0d2076-6f7b-4a85-ac23-5291e195309d","title":"SC - NAVEGANTES","tipo":"FGV","url":"\/dashboard\/details-assets\/af0d2076-6f7b-4a85-ac23-5291e195309d"},"geometry":{"type":"Point","coordinates":[-48.649183,-26.897439]}},{"type":"Feature","properties":{"municipio":"3cfc8a39-43da-4ead-902a-f1d302e7bcf1","title":"SC - MARAVILHA","tipo":"FGV","url":"\/dashboard\/details-assets\/3cfc8a39-43da-4ead-902a-f1d302e7bcf1"},"geometry":{"type":"Point","coordinates":[-53.174819,-26.761624]}},{"type":"Feature","properties":{"municipio":"66ca2fd5-3ab1-4ca5-84f3-634907d510d4","title":"SC - LAGUNA","tipo":"FGV","url":"\/dashboard\/details-assets\/66ca2fd5-3ab1-4ca5-84f3-634907d510d4"},"geometry":{"type":"Point","coordinates":[-48.781389,-28.483586]}},{"type":"Feature","properties":{"municipio":"10b4fa97-ad02-4ba2-8822-d9622a2b9cf5","title":"SC - MAFRA","tipo":"FGV","url":"\/dashboard\/details-assets\/10b4fa97-ad02-4ba2-8822-d9622a2b9cf5"},"geometry":{"type":"Point","coordinates":[-49.801038,-26.115228]}},{"type":"Feature","properties":{"municipio":"8b158b1d-71ad-4e9c-b2e2-802f1ab73335","title":"SC - LAGES","tipo":"FGV","url":"\/dashboard\/details-assets\/8b158b1d-71ad-4e9c-b2e2-802f1ab73335"},"geometry":{"type":"Point","coordinates":[-50.330222,-27.817259]}},{"type":"Feature","properties":{"municipio":"68567dfc-fc76-44cb-9acc-84bb230f0d9b","title":"SC - JOINVILLE","tipo":"FGV","url":"\/dashboard\/details-assets\/68567dfc-fc76-44cb-9acc-84bb230f0d9b"},"geometry":{"type":"Point","coordinates":[-48.849409,-26.304518]}},{"type":"Feature","properties":{"municipio":"135cfd51-5f1c-4b51-8b8f-286bd43cfc1b","title":"SC - JARAGUA DO SUL","tipo":"FGV","url":"\/dashboard\/details-assets\/135cfd51-5f1c-4b51-8b8f-286bd43cfc1b"},"geometry":{"type":"Point","coordinates":[-49.076299,-26.490484]}},{"type":"Feature","properties":{"municipio":"915ddc20-a2ca-4287-a155-0302f771b4a5","title":"SC - ITUPORANGA","tipo":"FGV","url":"\/dashboard\/details-assets\/915ddc20-a2ca-4287-a155-0302f771b4a5"},"geometry":{"type":"Point","coordinates":[-49.603415,-27.414858]}},{"type":"Feature","properties":{"municipio":"e1b61236-b245-41c6-959b-9eac68e63b35","title":"SC - ITAPIRANGA","tipo":"FGV","url":"\/dashboard\/details-assets\/e1b61236-b245-41c6-959b-9eac68e63b35"},"geometry":{"type":"Point","coordinates":[-53.714802,-27.175375]}},{"type":"Feature","properties":{"municipio":"a6167cf6-5d4e-4320-b05a-70db6d734800","title":"SC - ITAPEMA","tipo":"FGV","url":"\/dashboard\/details-assets\/a6167cf6-5d4e-4320-b05a-70db6d734800"},"geometry":{"type":"Point","coordinates":[-48.617399,-27.095938]}},{"type":"Feature","properties":{"municipio":"d1b52730-b053-4d00-ae4f-1c2597144b6d","title":"SC - ITAJAI","tipo":"FGV","url":"\/dashboard\/details-assets\/d1b52730-b053-4d00-ae4f-1c2597144b6d"},"geometry":{"type":"Point","coordinates":[-48.670913,-26.910705]}},{"type":"Feature","properties":{"municipio":"1dbeca16-8e4a-42c7-b820-d4f42a852ffb","title":"SC - INDAIAL","tipo":"FGV","url":"\/dashboard\/details-assets\/1dbeca16-8e4a-42c7-b820-d4f42a852ffb"},"geometry":{"type":"Point","coordinates":[-49.24014,-26.906256]}},{"type":"Feature","properties":{"municipio":"6963cc8d-4c42-4402-8d9f-9a64ad7f40a7","title":"SC - IMBITUBA","tipo":"FGV","url":"\/dashboard\/details-assets\/6963cc8d-4c42-4402-8d9f-9a64ad7f40a7"},"geometry":{"type":"Point","coordinates":[-48.669284,-28.239951]}},{"type":"Feature","properties":{"municipio":"9f93f9e6-0186-40d5-84af-7389f302e14a","title":"SC - IBIRAMA","tipo":"FGV","url":"\/dashboard\/details-assets\/9f93f9e6-0186-40d5-84af-7389f302e14a"},"geometry":{"type":"Point","coordinates":[-49.5166,-27.0505]}},{"type":"Feature","properties":{"municipio":"88fc3533-e3b8-4672-a68f-5e443abb7a71","title":"SC - HERVAL D OESTE","tipo":"FGV","url":"\/dashboard\/details-assets\/88fc3533-e3b8-4672-a68f-5e443abb7a71"},"geometry":{"type":"Point","coordinates":[-51.495,-27.176]}},{"type":"Feature","properties":{"municipio":"0d609b63-cf31-4d5b-8556-b0314f355054","title":"SC - GUARAMIRIM","tipo":"FGV","url":"\/dashboard\/details-assets\/0d609b63-cf31-4d5b-8556-b0314f355054"},"geometry":{"type":"Point","coordinates":[-48.992104,-26.474445]}},{"type":"Feature","properties":{"municipio":"152deb9d-53a7-46be-9e38-fe0b61247ac1","title":"SC - FLORIANOPOLIS","tipo":"FGV","url":"\/dashboard\/details-assets\/152deb9d-53a7-46be-9e38-fe0b61247ac1"},"geometry":{"type":"Point","coordinates":[-48.547637,-27.587796]}},{"type":"Feature","properties":{"municipio":"7d972c1a-3c49-47fe-aa3b-451968c21c7d","title":"SC - GASPAR","tipo":"FGV","url":"\/dashboard\/details-assets\/7d972c1a-3c49-47fe-aa3b-451968c21c7d"},"geometry":{"type":"Point","coordinates":[-48.9588,-26.9313]}},{"type":"Feature","properties":{"municipio":"7981a2f2-1b05-4c10-b521-dad3b6bf6bc2","title":"SC - CURITIBANOS","tipo":"FGV","url":"\/dashboard\/details-assets\/7981a2f2-1b05-4c10-b521-dad3b6bf6bc2"},"geometry":{"type":"Point","coordinates":[-50.582601,-27.282983]}},{"type":"Feature","properties":{"municipio":"f07c7752-2e74-4d5b-a533-868a5990220a","title":"SC - CONCORDIA","tipo":"FGV","url":"\/dashboard\/details-assets\/f07c7752-2e74-4d5b-a533-868a5990220a"},"geometry":{"type":"Point","coordinates":[-52.023971,-27.233659]}},{"type":"Feature","properties":{"municipio":"006fab19-70e5-4704-9e49-b99b5babed6d","title":"SC - CRICIUMA","tipo":"FGV","url":"\/dashboard\/details-assets\/006fab19-70e5-4704-9e49-b99b5babed6d"},"geometry":{"type":"Point","coordinates":[-49.36594,-28.673572]}},{"type":"Feature","properties":{"municipio":"423b3ad8-51ae-4624-8564-a2c9c50e9c9f","title":"SC - CHAPECO","tipo":"FGV","url":"\/dashboard\/details-assets\/423b3ad8-51ae-4624-8564-a2c9c50e9c9f"},"geometry":{"type":"Point","coordinates":[-52.615699,-27.100934]}},{"type":"Feature","properties":{"municipio":"1700b109-a7c8-445c-abca-1d82b6e6d8a4","title":"SC - CANOINHAS","tipo":"FGV","url":"\/dashboard\/details-assets\/1700b109-a7c8-445c-abca-1d82b6e6d8a4"},"geometry":{"type":"Point","coordinates":[-50.397849,-26.178807]}},{"type":"Feature","properties":{"municipio":"ebd24561-f862-4d3b-a8cc-2a50f72e9bd9","title":"SC - CAMPOS NOVOS","tipo":"FGV","url":"\/dashboard\/details-assets\/ebd24561-f862-4d3b-a8cc-2a50f72e9bd9"},"geometry":{"type":"Point","coordinates":[-51.223673,-27.399053]}},{"type":"Feature","properties":{"municipio":"7a3b8f41-04bd-4354-9bbe-1c7459da31d5","title":"SC - CAMBORIU","tipo":"FGV","url":"\/dashboard\/details-assets\/7a3b8f41-04bd-4354-9bbe-1c7459da31d5"},"geometry":{"type":"Point","coordinates":[-48.649996,-27.026456]}},{"type":"Feature","properties":{"municipio":"ff2a5e9e-33bc-44c7-8744-2e807d7f6d28","title":"SC - CACADOR","tipo":"FGV","url":"\/dashboard\/details-assets\/ff2a5e9e-33bc-44c7-8744-2e807d7f6d28"},"geometry":{"type":"Point","coordinates":[-51.019035,-26.775348]}},{"type":"Feature","properties":{"municipio":"69b60f41-37d7-43e8-af11-40ff4cc8b0bc","title":"SC - BRACO DO NORTE","tipo":"FGV","url":"\/dashboard\/details-assets\/69b60f41-37d7-43e8-af11-40ff4cc8b0bc"},"geometry":{"type":"Point","coordinates":[-49.164548,-28.280039]}},{"type":"Feature","properties":{"municipio":"89565866-ceb2-442e-9e3c-7b4128d8318d","title":"SC - BRUSQUE","tipo":"FGV","url":"\/dashboard\/details-assets\/89565866-ceb2-442e-9e3c-7b4128d8318d"},"geometry":{"type":"Point","coordinates":[-48.915163,-27.09831]}},{"type":"Feature","properties":{"municipio":"e438caf7-8ab4-4274-9b9c-ba55ee58b38f","title":"SC - BLUMENAU","tipo":"FGV","url":"\/dashboard\/details-assets\/e438caf7-8ab4-4274-9b9c-ba55ee58b38f"},"geometry":{"type":"Point","coordinates":[-49.057631,-26.916108]}},{"type":"Feature","properties":{"municipio":"778f1a02-1d4e-4433-baa6-3cb038edb589","title":"SC - BIGUACU","tipo":"FGV","url":"\/dashboard\/details-assets\/778f1a02-1d4e-4433-baa6-3cb038edb589"},"geometry":{"type":"Point","coordinates":[-48.654489,-27.494323]}},{"type":"Feature","properties":{"municipio":"d0b863f4-d68b-4845-b806-c2f7169a68fe","title":"SC - BALNEARIO CAMBORIU","tipo":"FGV","url":"\/dashboard\/details-assets\/d0b863f4-d68b-4845-b806-c2f7169a68fe"},"geometry":{"type":"Point","coordinates":[-48.634617,-26.991819]}},{"type":"Feature","properties":{"municipio":"45a95707-e962-48a8-9236-a187058d52e7","title":"SC - ARARANGUA","tipo":"FGV","url":"\/dashboard\/details-assets\/45a95707-e962-48a8-9236-a187058d52e7"},"geometry":{"type":"Point","coordinates":[-49.492301,-28.936119]}},{"type":"Feature","properties":{"municipio":"268957f7-f3c2-40c1-82bd-e04dbecc9734","title":"SC - ARAQUARI","tipo":"FGV","url":"\/dashboard\/details-assets\/268957f7-f3c2-40c1-82bd-e04dbecc9734"},"geometry":{"type":"Point","coordinates":[-48.7219,-26.37]}},{"type":"Feature","properties":{"municipio":"a7c3da85-a21f-4d11-b50e-55ea3055b272","title":"RS - VIAMAO","tipo":"FGV","url":"\/dashboard\/details-assets\/a7c3da85-a21f-4d11-b50e-55ea3055b272"},"geometry":{"type":"Point","coordinates":[-51.098978,-30.065259]}},{"type":"Feature","properties":{"municipio":"0711c6d1-3976-4394-ab48-150766fb08c1","title":"RS - VACARIA","tipo":"FGV","url":"\/dashboard\/details-assets\/0711c6d1-3976-4394-ab48-150766fb08c1"},"geometry":{"type":"Point","coordinates":[-50.936599,-28.502354]}},{"type":"Feature","properties":{"municipio":"599595b9-6155-4b45-9201-3b03023b69dc","title":"RS - TRES PASSOS","tipo":"FGV","url":"\/dashboard\/details-assets\/599595b9-6155-4b45-9201-3b03023b69dc"},"geometry":{"type":"Point","coordinates":[-53.929699,-27.45616]}},{"type":"Feature","properties":{"municipio":"bbb5f654-cc19-4310-9e58-8a9d9c9ee140","title":"RS - URUGUAIANA","tipo":"FGV","url":"\/dashboard\/details-assets\/bbb5f654-cc19-4310-9e58-8a9d9c9ee140"},"geometry":{"type":"Point","coordinates":[-57.085843,-29.761912]}},{"type":"Feature","properties":{"municipio":"67d563c2-cc6f-4a2d-a736-dd4d252b278e","title":"RS - TORRES","tipo":"FGV","url":"\/dashboard\/details-assets\/67d563c2-cc6f-4a2d-a736-dd4d252b278e"},"geometry":{"type":"Point","coordinates":[-49.730404,-29.335931]}},{"type":"Feature","properties":{"municipio":"5ba0ffe3-d88c-4e57-bdba-2e062dd7d690","title":"RS - SOLEDADE","tipo":"FGV","url":"\/dashboard\/details-assets\/5ba0ffe3-d88c-4e57-bdba-2e062dd7d690"},"geometry":{"type":"Point","coordinates":[-52.509866,-28.827738]}},{"type":"Feature","properties":{"municipio":"d47a6cbe-eb52-41c9-a468-36433ce7eede","title":"RS - SAPUCAIA DO SUL","tipo":"FGV","url":"\/dashboard\/details-assets\/d47a6cbe-eb52-41c9-a468-36433ce7eede"},"geometry":{"type":"Point","coordinates":[-51.151875,-29.824868]}},{"type":"Feature","properties":{"municipio":"d0db5cfb-b8f0-476e-b75e-ce20a3566503","title":"RS - SAO LUIZ GONZAGA","tipo":"FGV","url":"\/dashboard\/details-assets\/d0db5cfb-b8f0-476e-b75e-ce20a3566503"},"geometry":{"type":"Point","coordinates":[-54.95966,-28.406647]}},{"type":"Feature","properties":{"municipio":"9ab484c7-38ee-44c8-b591-27bb38a052ab","title":"RS - SAPIRANGA","tipo":"FGV","url":"\/dashboard\/details-assets\/9ab484c7-38ee-44c8-b591-27bb38a052ab"},"geometry":{"type":"Point","coordinates":[-51.003623,-29.638554]}},{"type":"Feature","properties":{"municipio":"54bc8743-a17a-4803-acbd-6b0f6e9bbc17","title":"RS - SAO LEOPOLDO","tipo":"FGV","url":"\/dashboard\/details-assets\/54bc8743-a17a-4803-acbd-6b0f6e9bbc17"},"geometry":{"type":"Point","coordinates":[-51.146235,-29.765867]}},{"type":"Feature","properties":{"municipio":"36b0260c-c37f-4bb7-9c4e-313929b73d4d","title":"RS - SAO BORJA","tipo":"FGV","url":"\/dashboard\/details-assets\/36b0260c-c37f-4bb7-9c4e-313929b73d4d"},"geometry":{"type":"Point","coordinates":[-53.77626,-27.843667]}},{"type":"Feature","properties":{"municipio":"98506bce-4e2c-45e4-abdf-f374e5fcfbc8","title":"RS - SAO GABRIEL","tipo":"FGV","url":"\/dashboard\/details-assets\/98506bce-4e2c-45e4-abdf-f374e5fcfbc8"},"geometry":{"type":"Point","coordinates":[-54.320478,-30.33676]}},{"type":"Feature","properties":{"municipio":"821e9c96-6b45-43a1-b790-cf3a837f5696","title":"RS - SANTO ANGELO","tipo":"FGV","url":"\/dashboard\/details-assets\/821e9c96-6b45-43a1-b790-cf3a837f5696"},"geometry":{"type":"Point","coordinates":[-54.264143,-28.301938]}},{"type":"Feature","properties":{"municipio":"1ed2e078-6b0e-441d-9927-0b4d0e932adc","title":"RS - SANTIAGO","tipo":"FGV","url":"\/dashboard\/details-assets\/1ed2e078-6b0e-441d-9927-0b4d0e932adc"},"geometry":{"type":"Point","coordinates":[-54.869076,-29.19146]}},{"type":"Feature","properties":{"municipio":"a34eb0e4-5280-4a19-9436-c41c14e33550","title":"RS - SANTA ROSA","tipo":"FGV","url":"\/dashboard\/details-assets\/a34eb0e4-5280-4a19-9436-c41c14e33550"},"geometry":{"type":"Point","coordinates":[-54.480156,-27.870682]}},{"type":"Feature","properties":{"municipio":"07bcba51-caf8-4f6f-8502-2fcf73637fdf","title":"RS - SANTA CRUZ DO SUL","tipo":"FGV","url":"\/dashboard\/details-assets\/07bcba51-caf8-4f6f-8502-2fcf73637fdf"},"geometry":{"type":"Point","coordinates":[-52.434838,-29.722516]}},{"type":"Feature","properties":{"municipio":"261904af-c063-4731-bf50-fac9025d63c2","title":"RS - SANTA MARIA","tipo":"FGV","url":"\/dashboard\/details-assets\/261904af-c063-4731-bf50-fac9025d63c2"},"geometry":{"type":"Point","coordinates":[-53.809876,-29.690439]}},{"type":"Feature","properties":{"municipio":"7f77757a-2111-46fd-830f-57fbd052b235","title":"RS - RIO GRANDE","tipo":"FGV","url":"\/dashboard\/details-assets\/7f77757a-2111-46fd-830f-57fbd052b235"},"geometry":{"type":"Point","coordinates":[-52.08677,-32.050446]}},{"type":"Feature","properties":{"municipio":"90e5a1de-571d-48ef-8ae2-a6fc0e290073","title":"RS - PORTO ALEGRE","tipo":"FGV","url":"\/dashboard\/details-assets\/90e5a1de-571d-48ef-8ae2-a6fc0e290073"},"geometry":{"type":"Point","coordinates":[-51.217658,-30.034647]}},{"type":"Feature","properties":{"municipio":"4b448a19-9306-4882-878a-93c04badc3a4","title":"RS - PORTAO","tipo":"FGV","url":"\/dashboard\/details-assets\/4b448a19-9306-4882-878a-93c04badc3a4"},"geometry":{"type":"Point","coordinates":[-51.24,-29.69]}},{"type":"Feature","properties":{"municipio":"66c92db6-7d54-4c74-9409-559f546a84b8","title":"RS - PELOTAS","tipo":"FGV","url":"\/dashboard\/details-assets\/66c92db6-7d54-4c74-9409-559f546a84b8"},"geometry":{"type":"Point","coordinates":[-52.34432,-31.749965]}},{"type":"Feature","properties":{"municipio":"d8782de4-cd79-4d2f-a66b-af444ef484eb","title":"RS - PASSO FUNDO","tipo":"FGV","url":"\/dashboard\/details-assets\/d8782de4-cd79-4d2f-a66b-af444ef484eb"},"geometry":{"type":"Point","coordinates":[-52.407095,-28.261767]}},{"type":"Feature","properties":{"municipio":"4997acf5-d3b0-4eb3-93c1-fdb84001ff2c","title":"RS - OSORIO","tipo":"FGV","url":"\/dashboard\/details-assets\/4997acf5-d3b0-4eb3-93c1-fdb84001ff2c"},"geometry":{"type":"Point","coordinates":[-50.266798,-29.892697]}},{"type":"Feature","properties":{"municipio":"b3a72364-6581-4d27-b99f-c34c298b918f","title":"RS - MONTENEGRO","tipo":"FGV","url":"\/dashboard\/details-assets\/b3a72364-6581-4d27-b99f-c34c298b918f"},"geometry":{"type":"Point","coordinates":[-51.461299,-29.688119]}},{"type":"Feature","properties":{"municipio":"a7ae85f1-4d95-488d-9c76-e387318d6242","title":"RS - NOVO HAMBURGO","tipo":"FGV","url":"\/dashboard\/details-assets\/a7ae85f1-4d95-488d-9c76-e387318d6242"},"geometry":{"type":"Point","coordinates":[-51.12557,-29.691899]}},{"type":"Feature","properties":{"municipio":"dca38dfd-61f7-4e56-a6e5-7c217ab37677","title":"RS - LAJEADO","tipo":"FGV","url":"\/dashboard\/details-assets\/dca38dfd-61f7-4e56-a6e5-7c217ab37677"},"geometry":{"type":"Point","coordinates":[-51.967828,-29.465454]}},{"type":"Feature","properties":{"municipio":"7a69ad97-6cc9-4fa7-8989-ce9ae49740d8","title":"RS - IJUI","tipo":"FGV","url":"\/dashboard\/details-assets\/7a69ad97-6cc9-4fa7-8989-ce9ae49740d8"},"geometry":{"type":"Point","coordinates":[-53.918067,-28.388537]}},{"type":"Feature","properties":{"municipio":"6a0ceb9e-3102-4291-94c1-13a3348aca6b","title":"RS - GUAIBA","tipo":"FGV","url":"\/dashboard\/details-assets\/6a0ceb9e-3102-4291-94c1-13a3348aca6b"},"geometry":{"type":"Point","coordinates":[-51.314684,-30.108602]}},{"type":"Feature","properties":{"municipio":"34159339-05e5-45ad-854a-b150ab2df1a5","title":"RS - GRAVATAI","tipo":"FGV","url":"\/dashboard\/details-assets\/34159339-05e5-45ad-854a-b150ab2df1a5"},"geometry":{"type":"Point","coordinates":[-50.990793,-29.945519]}},{"type":"Feature","properties":{"municipio":"3cd95a85-6689-4148-8afc-380621e57568","title":"RS - FREDERICO WESTPHALEN","tipo":"FGV","url":"\/dashboard\/details-assets\/3cd95a85-6689-4148-8afc-380621e57568"},"geometry":{"type":"Point","coordinates":[-53.400777,-27.358882]}},{"type":"Feature","properties":{"municipio":"8daf4ebb-28d7-43dc-bd30-a26f0bcc1b59","title":"RS - ERECHIM","tipo":"FGV","url":"\/dashboard\/details-assets\/8daf4ebb-28d7-43dc-bd30-a26f0bcc1b59"},"geometry":{"type":"Point","coordinates":[-52.275877,-27.633406]}},{"type":"Feature","properties":{"municipio":"9a55212d-485a-40e3-9723-a118aed84d0e","title":"RS - CRUZ ALTA","tipo":"FGV","url":"\/dashboard\/details-assets\/9a55212d-485a-40e3-9723-a118aed84d0e"},"geometry":{"type":"Point","coordinates":[-53.605355,-28.645488]}},{"type":"Feature","properties":{"municipio":"496b1fb8-0e97-46c3-802c-0616b101709d","title":"RS - CAXIAS DO SUL","tipo":"FGV","url":"\/dashboard\/details-assets\/496b1fb8-0e97-46c3-802c-0616b101709d"},"geometry":{"type":"Point","coordinates":[-51.17886,-29.166899]}},{"type":"Feature","properties":{"municipio":"1dcce977-8f68-4ca2-a943-627dbbc01a93","title":"RS - CAPAO DA CANOA","tipo":"FGV","url":"\/dashboard\/details-assets\/1dcce977-8f68-4ca2-a943-627dbbc01a93"},"geometry":{"type":"Point","coordinates":[-50.020022,-29.761467]}},{"type":"Feature","properties":{"municipio":"2cb46e40-c504-4d8e-86f4-2cf41d88f76a","title":"RS - CARAZINHO","tipo":"FGV","url":"\/dashboard\/details-assets\/2cb46e40-c504-4d8e-86f4-2cf41d88f76a"},"geometry":{"type":"Point","coordinates":[-52.791897,-28.286511]}},{"type":"Feature","properties":{"municipio":"306c3638-c1af-4dcf-b01e-88ceb0ac70ca","title":"RS - CANOAS","tipo":"FGV","url":"\/dashboard\/details-assets\/306c3638-c1af-4dcf-b01e-88ceb0ac70ca"},"geometry":{"type":"Point","coordinates":[-51.18103,-29.918697]}},{"type":"Feature","properties":{"municipio":"806fd6e1-abc3-42c9-b257-2e4958582b46","title":"RS - CAMAQUA","tipo":"FGV","url":"\/dashboard\/details-assets\/806fd6e1-abc3-42c9-b257-2e4958582b46"},"geometry":{"type":"Point","coordinates":[-51.814601,-30.850704]}},{"type":"Feature","properties":{"municipio":"65f1ebe3-1f68-4c4e-bd02-29cb2ad6ae49","title":"RS - CACHOEIRINHA","tipo":"FGV","url":"\/dashboard\/details-assets\/65f1ebe3-1f68-4c4e-bd02-29cb2ad6ae49"},"geometry":{"type":"Point","coordinates":[-51.093677,-29.950629]}},{"type":"Feature","properties":{"municipio":"8bbeeded-1d76-41e4-83ac-bacc626d4516","title":"RS - CACHOEIRA DO SUL","tipo":"FGV","url":"\/dashboard\/details-assets\/8bbeeded-1d76-41e4-83ac-bacc626d4516"},"geometry":{"type":"Point","coordinates":[-52.893413,-30.04582]}},{"type":"Feature","properties":{"municipio":"4375effb-6fb8-40c4-8599-134f6f283141","title":"RS - BENTO GONCALVES","tipo":"FGV","url":"\/dashboard\/details-assets\/4375effb-6fb8-40c4-8599-134f6f283141"},"geometry":{"type":"Point","coordinates":[-51.51556,-29.167402]}},{"type":"Feature","properties":{"municipio":"0d71cc8e-822e-47f4-b9c0-4574ecad670f","title":"RS - BAGE","tipo":"FGV","url":"\/dashboard\/details-assets\/0d71cc8e-822e-47f4-b9c0-4574ecad670f"},"geometry":{"type":"Point","coordinates":[-54.107083,-31.330502]}},{"type":"Feature","properties":{"municipio":"c3d21d83-f0aa-47d3-b17c-67fca1b8f7b8","title":"RS - ALEGRETE","tipo":"FGV","url":"\/dashboard\/details-assets\/c3d21d83-f0aa-47d3-b17c-67fca1b8f7b8"},"geometry":{"type":"Point","coordinates":[-55.779303,-29.766027]}},{"type":"Feature","properties":{"municipio":"bc6b8ef6-6330-427e-8025-d7092d8fefeb","title":"RS - ALVORADA","tipo":"FGV","url":"\/dashboard\/details-assets\/bc6b8ef6-6330-427e-8025-d7092d8fefeb"},"geometry":{"type":"Point","coordinates":[-51.077729,-29.997493]}},{"type":"Feature","properties":{"municipio":"071959a6-1b26-4674-a519-d5f06dc8fac3","title":"RR - BOA VISTA","tipo":"FGV","url":"\/dashboard\/details-assets\/071959a6-1b26-4674-a519-d5f06dc8fac3"},"geometry":{"type":"Point","coordinates":[-60.670533,2.816682]}},{"type":"Feature","properties":{"municipio":"0b82e531-6b28-485c-afb5-c56ef3d6b729","title":"RO - MIRANTE DA SERRA","tipo":"FGV","url":"\/dashboard\/details-assets\/0b82e531-6b28-485c-afb5-c56ef3d6b729"},"geometry":{"type":"Point","coordinates":[-62.669427,-11.045609]}},{"type":"Feature","properties":{"municipio":"d21e5572-0e69-45b4-b21d-13e39c1427a9","title":"RO - BURITIS","tipo":"FGV","url":"\/dashboard\/details-assets\/d21e5572-0e69-45b4-b21d-13e39c1427a9"},"geometry":{"type":"Point","coordinates":[-63.829679,-10.209805]}},{"type":"Feature","properties":{"municipio":"2c6edbf5-c2e8-4294-a949-6272e7816ecb","title":"RO - ALTO ALEGRE DOS PARECIS","tipo":"FGV","url":"\/dashboard\/details-assets\/2c6edbf5-c2e8-4294-a949-6272e7816ecb"},"geometry":{"type":"Point","coordinates":[-61.8505,-12.128]}},{"type":"Feature","properties":{"municipio":"7b7e9f5b-ed32-47ae-9391-4f326fb4f541","title":"RO - SAO MIGUEL DO GUAPORE","tipo":"FGV","url":"\/dashboard\/details-assets\/7b7e9f5b-ed32-47ae-9391-4f326fb4f541"},"geometry":{"type":"Point","coordinates":[-62.714485,-11.693907]}},{"type":"Feature","properties":{"municipio":"ff431722-7778-47b7-9595-b41e6d37d752","title":"RO - VILHENA","tipo":"FGV","url":"\/dashboard\/details-assets\/ff431722-7778-47b7-9595-b41e6d37d752"},"geometry":{"type":"Point","coordinates":[-60.138584,-12.741373]}},{"type":"Feature","properties":{"municipio":"77ed48d6-320a-46e5-9130-27b1ceec9842","title":"RO - ROLIM DE MOURA","tipo":"FGV","url":"\/dashboard\/details-assets\/77ed48d6-320a-46e5-9130-27b1ceec9842"},"geometry":{"type":"Point","coordinates":[-61.785781,-11.722259]}},{"type":"Feature","properties":{"municipio":"dcca4466-f34d-40e1-9fa3-2125f9e01494","title":"RO - PORTO VELHO","tipo":"FGV","url":"\/dashboard\/details-assets\/dcca4466-f34d-40e1-9fa3-2125f9e01494"},"geometry":{"type":"Point","coordinates":[-63.831446,-8.768892]}},{"type":"Feature","properties":{"municipio":"3fa3c7c0-9a5d-4e75-8833-2e094ec0ac17","title":"RO - PIMENTA BUENO","tipo":"FGV","url":"\/dashboard\/details-assets\/3fa3c7c0-9a5d-4e75-8833-2e094ec0ac17"},"geometry":{"type":"Point","coordinates":[-61.183666,-11.677537]}},{"type":"Feature","properties":{"municipio":"2fa3781c-3f24-4e0d-90f3-0dfade29a327","title":"RO - MACHADINHO D OESTE","tipo":"FGV","url":"\/dashboard\/details-assets\/2fa3781c-3f24-4e0d-90f3-0dfade29a327"},"geometry":{"type":"Point","coordinates":[-61.999593,-9.425562]}},{"type":"Feature","properties":{"municipio":"b462ea49-1da5-41d9-ac61-ca3e3e9babcc","title":"RO - JI-PARANA","tipo":"FGV","url":"\/dashboard\/details-assets\/b462ea49-1da5-41d9-ac61-ca3e3e9babcc"},"geometry":{"type":"Point","coordinates":[-61.945095,-10.882051]}},{"type":"Feature","properties":{"municipio":"04dd8fcb-1c69-4b47-bdfc-4b1830f4d337","title":"RO - JARU","tipo":"FGV","url":"\/dashboard\/details-assets\/04dd8fcb-1c69-4b47-bdfc-4b1830f4d337"},"geometry":{"type":"Point","coordinates":[-62.476231,-10.435949]}},{"type":"Feature","properties":{"municipio":"2aa594cc-6e87-4321-af04-7610c6a39c89","title":"RO - GUAJARA-MIRIM","tipo":"FGV","url":"\/dashboard\/details-assets\/2aa594cc-6e87-4321-af04-7610c6a39c89"},"geometry":{"type":"Point","coordinates":[-65.323952,-10.773884]}},{"type":"Feature","properties":{"municipio":"428e84c7-3acb-4c7b-bb0f-f439c48707c6","title":"RO - CEREJEIRAS","tipo":"FGV","url":"\/dashboard\/details-assets\/428e84c7-3acb-4c7b-bb0f-f439c48707c6"},"geometry":{"type":"Point","coordinates":[-60.818426,-13.195033]}},{"type":"Feature","properties":{"municipio":"6a104d4e-c6ee-4544-a758-9fac50ee1b48","title":"RO - ESPIGAO D OESTE","tipo":"FGV","url":"\/dashboard\/details-assets\/6a104d4e-c6ee-4544-a758-9fac50ee1b48"},"geometry":{"type":"Point","coordinates":[-61.020173,-11.528555]}},{"type":"Feature","properties":{"municipio":"d36dd82c-f2f5-4241-a7f6-f883b80fe3b3","title":"RO - ARIQUEMES","tipo":"FGV","url":"\/dashboard\/details-assets\/d36dd82c-f2f5-4241-a7f6-f883b80fe3b3"},"geometry":{"type":"Point","coordinates":[-63.033269,-9.908463]}},{"type":"Feature","properties":{"municipio":"fe5fe40f-3dd3-49ad-a568-c4f9439c9694","title":"RO - CACOAL","tipo":"FGV","url":"\/dashboard\/details-assets\/fe5fe40f-3dd3-49ad-a568-c4f9439c9694"},"geometry":{"type":"Point","coordinates":[-61.442944,-11.433865]}},{"type":"Feature","properties":{"municipio":"3f44f498-825c-4cd5-9a4f-a919cb88f8f2","title":"RN - SAO PAULO DO POTENGI","tipo":"FGV","url":"\/dashboard\/details-assets\/3f44f498-825c-4cd5-9a4f-a919cb88f8f2"},"geometry":{"type":"Point","coordinates":[-35.7627,-5.895]}},{"type":"Feature","properties":{"municipio":"1e629a75-c3c3-468f-861f-2b185dcf5f4b","title":"RN - SANTA CRUZ","tipo":"FGV","url":"\/dashboard\/details-assets\/1e629a75-c3c3-468f-861f-2b185dcf5f4b"},"geometry":{"type":"Point","coordinates":[-40.337688,-8.237961]}},{"type":"Feature","properties":{"municipio":"85404bd8-23da-47ca-a750-a46522a3917e","title":"RN - SAO GONCALO DO AMARANTE","tipo":"FGV","url":"\/dashboard\/details-assets\/85404bd8-23da-47ca-a750-a46522a3917e"},"geometry":{"type":"Point","coordinates":[-35.331156,-5.789556]}},{"type":"Feature","properties":{"municipio":"025ca269-8ddd-4e79-bcbc-e8ae26c1e98c","title":"RN - PAU DOS FERROS","tipo":"FGV","url":"\/dashboard\/details-assets\/025ca269-8ddd-4e79-bcbc-e8ae26c1e98c"},"geometry":{"type":"Point","coordinates":[-38.203262,-6.114732]}},{"type":"Feature","properties":{"municipio":"915c5339-b47f-42f1-b30f-6b06ea6c42e9","title":"RN - PATU","tipo":"FGV","url":"\/dashboard\/details-assets\/915c5339-b47f-42f1-b30f-6b06ea6c42e9"},"geometry":{"type":"Point","coordinates":[-37.640102,-6.101532]}},{"type":"Feature","properties":{"municipio":"1d8bb6be-1674-4172-a36c-710a7ed88598","title":"RN - NOVA CRUZ","tipo":"FGV","url":"\/dashboard\/details-assets\/1d8bb6be-1674-4172-a36c-710a7ed88598"},"geometry":{"type":"Point","coordinates":[-35.4323,-6.480065]}},{"type":"Feature","properties":{"municipio":"bc7bd601-1e91-4561-9e8d-4cea699adc0a","title":"RN - NATAL","tipo":"FGV","url":"\/dashboard\/details-assets\/bc7bd601-1e91-4561-9e8d-4cea699adc0a"},"geometry":{"type":"Point","coordinates":[-35.215863,-5.79872]}},{"type":"Feature","properties":{"municipio":"1e15a18f-5636-4121-934b-e70b5fa33d9c","title":"RN - MACAU","tipo":"FGV","url":"\/dashboard\/details-assets\/1e15a18f-5636-4121-934b-e70b5fa33d9c"},"geometry":{"type":"Point","coordinates":[-36.634973,-5.113368]}},{"type":"Feature","properties":{"municipio":"c75ae8d8-d029-4ca2-8f77-884375587fba","title":"RN - MOSSORO","tipo":"FGV","url":"\/dashboard\/details-assets\/c75ae8d8-d029-4ca2-8f77-884375587fba"},"geometry":{"type":"Point","coordinates":[-37.356874,-5.193801]}},{"type":"Feature","properties":{"municipio":"753228f6-420c-46e4-83e7-4ef5f337c77e","title":"RN - JOAO CAMARA","tipo":"FGV","url":"\/dashboard\/details-assets\/753228f6-420c-46e4-83e7-4ef5f337c77e"},"geometry":{"type":"Point","coordinates":[-35.816788,-5.538423]}},{"type":"Feature","properties":{"municipio":"03ebe036-491a-4ade-9f31-1da74bdfa80b","title":"RN - PARNAMIRIM","tipo":"FGV","url":"\/dashboard\/details-assets\/03ebe036-491a-4ade-9f31-1da74bdfa80b"},"geometry":{"type":"Point","coordinates":[-39.575787,-8.090138]}},{"type":"Feature","properties":{"municipio":"95e3b0aa-4ae8-4973-a267-e97298bbcc89","title":"RN - CURRAIS NOVOS","tipo":"FGV","url":"\/dashboard\/details-assets\/95e3b0aa-4ae8-4973-a267-e97298bbcc89"},"geometry":{"type":"Point","coordinates":[-36.516219,-6.264672]}},{"type":"Feature","properties":{"municipio":"c041df38-c8ac-41da-a116-79b9af342556","title":"RN - CAICO","tipo":"FGV","url":"\/dashboard\/details-assets\/c041df38-c8ac-41da-a116-79b9af342556"},"geometry":{"type":"Point","coordinates":[-37.096489,-6.459139]}},{"type":"Feature","properties":{"municipio":"dcde4a27-58a9-40da-af24-e28cfa84da6a","title":"RN - CEARA-MIRIM","tipo":"FGV","url":"\/dashboard\/details-assets\/dcde4a27-58a9-40da-af24-e28cfa84da6a"},"geometry":{"type":"Point","coordinates":[-35.424487,-5.640984]}},{"type":"Feature","properties":{"municipio":"ace412de-d29e-4ee4-b228-b3382f6ad8b8","title":"RN - APODI","tipo":"FGV","url":"\/dashboard\/details-assets\/ace412de-d29e-4ee4-b228-b3382f6ad8b8"},"geometry":{"type":"Point","coordinates":[-37.797784,-5.66377]}},{"type":"Feature","properties":{"municipio":"368bfa5b-dcf2-47b8-ad32-5e3bbcc18601","title":"RN - ANGICOS","tipo":"FGV","url":"\/dashboard\/details-assets\/368bfa5b-dcf2-47b8-ad32-5e3bbcc18601"},"geometry":{"type":"Point","coordinates":[-36.605433,-5.660365]}},{"type":"Feature","properties":{"municipio":"89da6df7-d9c1-475b-b50f-ea61455305a9","title":"RN - ACU","tipo":"FGV","url":"\/dashboard\/details-assets\/89da6df7-d9c1-475b-b50f-ea61455305a9"},"geometry":{"type":"Point","coordinates":[-36.917923,-5.571946]}},{"type":"Feature","properties":{"municipio":"9cda7080-0d54-484e-99f5-a956d21f28d0","title":"RJ - TRES RIOS","tipo":"FGV","url":"\/dashboard\/details-assets\/9cda7080-0d54-484e-99f5-a956d21f28d0"},"geometry":{"type":"Point","coordinates":[-43.218947,-22.117006]}},{"type":"Feature","properties":{"municipio":"0b8a6ff3-ae09-49fd-8c08-466a0b30ef00","title":"RJ - VOLTA REDONDA","tipo":"FGV","url":"\/dashboard\/details-assets\/0b8a6ff3-ae09-49fd-8c08-466a0b30ef00"},"geometry":{"type":"Point","coordinates":[-44.09473,-22.50776]}},{"type":"Feature","properties":{"municipio":"8e646ff4-77ba-4fc7-9767-05b71e3b6258","title":"RJ - TERESOPOLIS","tipo":"FGV","url":"\/dashboard\/details-assets\/8e646ff4-77ba-4fc7-9767-05b71e3b6258"},"geometry":{"type":"Point","coordinates":[-42.975619,-22.416956]}},{"type":"Feature","properties":{"municipio":"a79fcaed-310e-4113-9a34-4f234ea092ff","title":"RJ - SAQUAREMA","tipo":"FGV","url":"\/dashboard\/details-assets\/a79fcaed-310e-4113-9a34-4f234ea092ff"},"geometry":{"type":"Point","coordinates":[-42.486684,-22.932382]}},{"type":"Feature","properties":{"municipio":"f9877c1b-1262-446c-b0e8-85f9d15b3971","title":"RJ - SEROPEDICA","tipo":"FGV","url":"\/dashboard\/details-assets\/f9877c1b-1262-446c-b0e8-85f9d15b3971"},"geometry":{"type":"Point","coordinates":[-43.69508,-22.769165]}},{"type":"Feature","properties":{"municipio":"c834cbc9-7554-4a46-81e3-fb3dabc41e03","title":"RJ - SAO PEDRO DA ALDEIA","tipo":"FGV","url":"\/dashboard\/details-assets\/c834cbc9-7554-4a46-81e3-fb3dabc41e03"},"geometry":{"type":"Point","coordinates":[-42.103001,-22.84336]}},{"type":"Feature","properties":{"municipio":"42956e82-d059-4c05-bcc7-ed37e7717626","title":"RJ - SAO JOAO DE MERITI","tipo":"FGV","url":"\/dashboard\/details-assets\/42956e82-d059-4c05-bcc7-ed37e7717626"},"geometry":{"type":"Point","coordinates":[-43.369805,-22.790968]}},{"type":"Feature","properties":{"municipio":"ae9c6e39-b5df-4d50-b888-7d47448642a7","title":"RJ - SAO GONCALO","tipo":"FGV","url":"\/dashboard\/details-assets\/ae9c6e39-b5df-4d50-b888-7d47448642a7"},"geometry":{"type":"Point","coordinates":[-43.063765,-22.827288]}},{"type":"Feature","properties":{"municipio":"7bfb8ccf-9429-4de9-9187-435eb728a73c","title":"RJ - SAO FIDELIS","tipo":"FGV","url":"\/dashboard\/details-assets\/7bfb8ccf-9429-4de9-9187-435eb728a73c"},"geometry":{"type":"Point","coordinates":[-41.745717,-21.649378]}},{"type":"Feature","properties":{"municipio":"7e99c9d5-b752-4a4a-b900-c18aa8f72864","title":"RJ - SAO FRANCISCO DE ITABAPOANA","tipo":"FGV","url":"\/dashboard\/details-assets\/7e99c9d5-b752-4a4a-b900-c18aa8f72864"},"geometry":{"type":"Point","coordinates":[-41.134167,-21.453241]}},{"type":"Feature","properties":{"municipio":"16bb71b1-466d-40d6-9a09-b1015b657dca","title":"RJ - RIO DE JANEIRO","tipo":"FGV","url":"\/dashboard\/details-assets\/16bb71b1-466d-40d6-9a09-b1015b657dca"},"geometry":{"type":"Point","coordinates":[-43.209229,-22.916026]}},{"type":"Feature","properties":{"municipio":"11c1c9b8-82f0-43c5-8b6a-f3240b685641","title":"RJ - SANTO ANTONIO DE PADUA","tipo":"FGV","url":"\/dashboard\/details-assets\/11c1c9b8-82f0-43c5-8b6a-f3240b685641"},"geometry":{"type":"Point","coordinates":[-42.183713,-21.541816]}},{"type":"Feature","properties":{"municipio":"860cab96-e799-461a-b7a3-bbd461f40aec","title":"RJ - RESENDE","tipo":"FGV","url":"\/dashboard\/details-assets\/860cab96-e799-461a-b7a3-bbd461f40aec"},"geometry":{"type":"Point","coordinates":[-44.45133,-22.470962]}},{"type":"Feature","properties":{"municipio":"91fc8778-048f-4cf1-a4a5-cf0f67912ad2","title":"RJ - RIO DAS OSTRAS","tipo":"FGV","url":"\/dashboard\/details-assets\/91fc8778-048f-4cf1-a4a5-cf0f67912ad2"},"geometry":{"type":"Point","coordinates":[-41.946379,-22.527262]}},{"type":"Feature","properties":{"municipio":"2beb5093-d2de-4d81-8903-8fbd475bceac","title":"RJ - QUEIMADOS","tipo":"FGV","url":"\/dashboard\/details-assets\/2beb5093-d2de-4d81-8903-8fbd475bceac"},"geometry":{"type":"Point","coordinates":[-43.552226,-22.710669]}},{"type":"Feature","properties":{"municipio":"0ffa8b31-9d2b-4843-9c27-d070b08f44e7","title":"RJ - PETROPOLIS","tipo":"FGV","url":"\/dashboard\/details-assets\/0ffa8b31-9d2b-4843-9c27-d070b08f44e7"},"geometry":{"type":"Point","coordinates":[-43.177914,-22.511264]}},{"type":"Feature","properties":{"municipio":"d752dad3-2d74-4f51-8cab-45954c6cc47a","title":"RJ - PIRAI","tipo":"FGV","url":"\/dashboard\/details-assets\/d752dad3-2d74-4f51-8cab-45954c6cc47a"},"geometry":{"type":"Point","coordinates":[-43.8977,-22.6288]}},{"type":"Feature","properties":{"municipio":"5c663d8d-2c47-4dbc-b8c8-924866dfba72","title":"RJ - PARACAMBI","tipo":"FGV","url":"\/dashboard\/details-assets\/5c663d8d-2c47-4dbc-b8c8-924866dfba72"},"geometry":{"type":"Point","coordinates":[-43.711255,-22.608307]}},{"type":"Feature","properties":{"municipio":"0f2c908c-400e-4921-8e91-31785fb8ec58","title":"RJ - NOVA FRIBURGO","tipo":"FGV","url":"\/dashboard\/details-assets\/0f2c908c-400e-4921-8e91-31785fb8ec58"},"geometry":{"type":"Point","coordinates":[-42.53408,-22.288726]}},{"type":"Feature","properties":{"municipio":"93340a5f-4898-450e-be2a-8660b71d0b13","title":"RJ - NOVA IGUACU","tipo":"FGV","url":"\/dashboard\/details-assets\/93340a5f-4898-450e-be2a-8660b71d0b13"},"geometry":{"type":"Point","coordinates":[-43.460742,-22.756132]}},{"type":"Feature","properties":{"municipio":"ccd596b9-c682-4c79-b0ae-71a9f96fb2a4","title":"RJ - NITEROI","tipo":"FGV","url":"\/dashboard\/details-assets\/ccd596b9-c682-4c79-b0ae-71a9f96fb2a4"},"geometry":{"type":"Point","coordinates":[-43.115221,-22.885898]}},{"type":"Feature","properties":{"municipio":"f7f27589-199a-488b-b81c-ab81251ffa05","title":"RJ - NILOPOLIS","tipo":"FGV","url":"\/dashboard\/details-assets\/f7f27589-199a-488b-b81c-ab81251ffa05"},"geometry":{"type":"Point","coordinates":[-43.41941,-22.809816]}},{"type":"Feature","properties":{"municipio":"6c0c387b-8376-43bc-8039-a508798a6c9b","title":"RJ - MESQUITA","tipo":"FGV","url":"\/dashboard\/details-assets\/6c0c387b-8376-43bc-8039-a508798a6c9b"},"geometry":{"type":"Point","coordinates":[-43.429318,-22.781945]}},{"type":"Feature","properties":{"municipio":"291c01e3-9194-4821-bd53-63b397beff61","title":"RJ - MARICA","tipo":"FGV","url":"\/dashboard\/details-assets\/291c01e3-9194-4821-bd53-63b397beff61"},"geometry":{"type":"Point","coordinates":[-42.819192,-22.916099]}},{"type":"Feature","properties":{"municipio":"a4a3c1d5-18cf-4c71-a2d6-ebe3860b3265","title":"RJ - MAGE","tipo":"FGV","url":"\/dashboard\/details-assets\/a4a3c1d5-18cf-4c71-a2d6-ebe3860b3265"},"geometry":{"type":"Point","coordinates":[-43.039835,-22.656602]}},{"type":"Feature","properties":{"municipio":"e72fcbb5-7566-4146-af84-e5862b3b959f","title":"RJ - MACAE","tipo":"FGV","url":"\/dashboard\/details-assets\/e72fcbb5-7566-4146-af84-e5862b3b959f"},"geometry":{"type":"Point","coordinates":[-41.782789,-22.38369]}},{"type":"Feature","properties":{"municipio":"5db72c7d-3d50-420b-bedb-05837b5e0b21","title":"RJ - JAPERI","tipo":"FGV","url":"\/dashboard\/details-assets\/5db72c7d-3d50-420b-bedb-05837b5e0b21"},"geometry":{"type":"Point","coordinates":[-43.660646,-22.643998]}},{"type":"Feature","properties":{"municipio":"3e024bbc-7743-4f12-9f82-c84cdf80965e","title":"RJ - ITAPERUNA","tipo":"FGV","url":"\/dashboard\/details-assets\/3e024bbc-7743-4f12-9f82-c84cdf80965e"},"geometry":{"type":"Point","coordinates":[-41.880233,-21.200081]}},{"type":"Feature","properties":{"municipio":"6369c4c7-aa44-4a30-95dc-de3e9655cfd1","title":"RJ - ITABORAI","tipo":"FGV","url":"\/dashboard\/details-assets\/6369c4c7-aa44-4a30-95dc-de3e9655cfd1"},"geometry":{"type":"Point","coordinates":[-42.864317,-22.757003]}},{"type":"Feature","properties":{"municipio":"069913f5-1257-4bc1-83a7-5549211a3bcd","title":"RJ - ITAGUAI","tipo":"FGV","url":"\/dashboard\/details-assets\/069913f5-1257-4bc1-83a7-5549211a3bcd"},"geometry":{"type":"Point","coordinates":[-43.777919,-22.863185]}},{"type":"Feature","properties":{"municipio":"77551e12-1f52-41c4-886d-2b737537d05c","title":"RJ - CAMPOS DOS GOYTACAZES","tipo":"FGV","url":"\/dashboard\/details-assets\/77551e12-1f52-41c4-886d-2b737537d05c"},"geometry":{"type":"Point","coordinates":[-41.318488,-21.76269]}},{"type":"Feature","properties":{"municipio":"973f34a8-8130-4ac7-a095-7bb7aa753547","title":"RJ - DUQUE DE CAXIAS","tipo":"FGV","url":"\/dashboard\/details-assets\/973f34a8-8130-4ac7-a095-7bb7aa753547"},"geometry":{"type":"Point","coordinates":[-43.305311,-22.786299]}},{"type":"Feature","properties":{"municipio":"be48cef6-d5c5-4b2d-b189-6a62f8633e48","title":"RJ - CABO FRIO","tipo":"FGV","url":"\/dashboard\/details-assets\/be48cef6-d5c5-4b2d-b189-6a62f8633e48"},"geometry":{"type":"Point","coordinates":[-42.026254,-22.886751]}},{"type":"Feature","properties":{"municipio":"350a3b70-a0f4-405b-b52e-a364c7ddb34e","title":"RJ - BOM JESUS DO ITABAPOANA","tipo":"FGV","url":"\/dashboard\/details-assets\/350a3b70-a0f4-405b-b52e-a364c7ddb34e"},"geometry":{"type":"Point","coordinates":[-41.740739,-21.133006]}},{"type":"Feature","properties":{"municipio":"5c8effe8-b177-489c-a3c2-a27fc936c0b7","title":"RJ - BELFORD ROXO","tipo":"FGV","url":"\/dashboard\/details-assets\/5c8effe8-b177-489c-a3c2-a27fc936c0b7"},"geometry":{"type":"Point","coordinates":[-43.399626,-22.764539]}},{"type":"Feature","properties":{"municipio":"518067bf-e548-4c2a-825c-2a14fe21676e","title":"RJ - BARRA MANSA","tipo":"FGV","url":"\/dashboard\/details-assets\/518067bf-e548-4c2a-825c-2a14fe21676e"},"geometry":{"type":"Point","coordinates":[-44.17726,-22.540852]}},{"type":"Feature","properties":{"municipio":"1bb4afaa-8fdc-4246-9d09-8e247458a55d","title":"RJ - BARRA DO PIRAI","tipo":"FGV","url":"\/dashboard\/details-assets\/1bb4afaa-8fdc-4246-9d09-8e247458a55d"},"geometry":{"type":"Point","coordinates":[-43.827337,-22.472026]}},{"type":"Feature","properties":{"municipio":"320b9550-c551-4119-92cd-2c28ef891d93","title":"RJ - ARARUAMA","tipo":"FGV","url":"\/dashboard\/details-assets\/320b9550-c551-4119-92cd-2c28ef891d93"},"geometry":{"type":"Point","coordinates":[-42.333631,-22.863619]}},{"type":"Feature","properties":{"municipio":"2d25e608-7944-47b8-98c7-50860421f772","title":"PR - WENCESLAU BRAZ","tipo":"FGV","url":"\/dashboard\/details-assets\/2d25e608-7944-47b8-98c7-50860421f772"},"geometry":{"type":"Point","coordinates":[-49.802985,-23.870423]}},{"type":"Feature","properties":{"municipio":"d155c71b-b329-4f9d-966b-1b23b8a1e18a","title":"RJ - ANGRA DOS REIS","tipo":"FGV","url":"\/dashboard\/details-assets\/d155c71b-b329-4f9d-966b-1b23b8a1e18a"},"geometry":{"type":"Point","coordinates":[-44.315791,-23.005804]}},{"type":"Feature","properties":{"municipio":"e8bd7a83-8e8d-4c79-8694-c4bd539da5e0","title":"PR - UNIAO DA VITORIA","tipo":"FGV","url":"\/dashboard\/details-assets\/e8bd7a83-8e8d-4c79-8694-c4bd539da5e0"},"geometry":{"type":"Point","coordinates":[-51.09061,-26.228434]}},{"type":"Feature","properties":{"municipio":"417d5d88-201c-4620-94b5-68fce3bd293e","title":"PR - TOLEDO","tipo":"FGV","url":"\/dashboard\/details-assets\/417d5d88-201c-4620-94b5-68fce3bd293e"},"geometry":{"type":"Point","coordinates":[-53.741411,-24.732077]}},{"type":"Feature","properties":{"municipio":"dde0bf06-5961-42a4-b928-00f433677877","title":"PR - UMUARAMA","tipo":"FGV","url":"\/dashboard\/details-assets\/dde0bf06-5961-42a4-b928-00f433677877"},"geometry":{"type":"Point","coordinates":[-53.30846,-23.76395]}},{"type":"Feature","properties":{"municipio":"f26b2788-1ec1-4e30-b51a-71948c92c3b1","title":"PR - TELEMACO BORBA","tipo":"FGV","url":"\/dashboard\/details-assets\/f26b2788-1ec1-4e30-b51a-71948c92c3b1"},"geometry":{"type":"Point","coordinates":[-50.623123,-24.328686]}},{"type":"Feature","properties":{"municipio":"16b00cbd-58cc-49ca-8f4b-7be3efb13f39","title":"PR - SARANDI","tipo":"FGV","url":"\/dashboard\/details-assets\/16b00cbd-58cc-49ca-8f4b-7be3efb13f39"},"geometry":{"type":"Point","coordinates":[-51.852143,-23.441199]}},{"type":"Feature","properties":{"municipio":"60ad9425-b6ab-4015-ba6d-740cb7e91b05","title":"PR - SAO MATEUS DO SUL","tipo":"FGV","url":"\/dashboard\/details-assets\/60ad9425-b6ab-4015-ba6d-740cb7e91b05"},"geometry":{"type":"Point","coordinates":[-50.384232,-25.868184]}},{"type":"Feature","properties":{"municipio":"976d6fef-af59-415a-8d3a-217f20a0fc2e","title":"PR - RIO NEGRO","tipo":"FGV","url":"\/dashboard\/details-assets\/976d6fef-af59-415a-8d3a-217f20a0fc2e"},"geometry":{"type":"Point","coordinates":[-49.801133,-26.092555]}},{"type":"Feature","properties":{"municipio":"a7540065-82bd-4f78-a161-1479b28b7032","title":"PR - SAO JOSE DOS PINHAIS","tipo":"FGV","url":"\/dashboard\/details-assets\/a7540065-82bd-4f78-a161-1479b28b7032"},"geometry":{"type":"Point","coordinates":[-53.725613,-26.074187]}},{"type":"Feature","properties":{"municipio":"a96721c4-5593-4218-8804-d3334898bd82","title":"PR - RIO BRANCO DO SUL","tipo":"FGV","url":"\/dashboard\/details-assets\/a96721c4-5593-4218-8804-d3334898bd82"},"geometry":{"type":"Point","coordinates":[-49.316714,-25.190165]}},{"type":"Feature","properties":{"municipio":"28fb267a-1470-4d01-9b96-de08778878c3","title":"PR - PRUDENTOPOLIS","tipo":"FGV","url":"\/dashboard\/details-assets\/28fb267a-1470-4d01-9b96-de08778878c3"},"geometry":{"type":"Point","coordinates":[-50.975885,-25.211569]}},{"type":"Feature","properties":{"municipio":"1b7fbf3e-1100-49e9-8606-3a94adc78b2c","title":"PR - REALEZA","tipo":"FGV","url":"\/dashboard\/details-assets\/1b7fbf3e-1100-49e9-8606-3a94adc78b2c"},"geometry":{"type":"Point","coordinates":[-53.534619,-25.771492]}},{"type":"Feature","properties":{"municipio":"5dbda480-7b38-48a0-adae-53c3cf523405","title":"PR - PONTA GROSSA","tipo":"FGV","url":"\/dashboard\/details-assets\/5dbda480-7b38-48a0-adae-53c3cf523405"},"geometry":{"type":"Point","coordinates":[-50.161442,-25.092547]}},{"type":"Feature","properties":{"municipio":"239b6a24-f6b1-4dfa-9538-5d121e70b0d1","title":"PR - PIRAQUARA","tipo":"FGV","url":"\/dashboard\/details-assets\/239b6a24-f6b1-4dfa-9538-5d121e70b0d1"},"geometry":{"type":"Point","coordinates":[-49.065306,-25.44655]}},{"type":"Feature","properties":{"municipio":"5784e3bd-7d93-4cbb-b3a4-6461a4a9eaa6","title":"PR - PITANGA","tipo":"FGV","url":"\/dashboard\/details-assets\/5784e3bd-7d93-4cbb-b3a4-6461a4a9eaa6"},"geometry":{"type":"Point","coordinates":[-51.763154,-24.752748]}},{"type":"Feature","properties":{"municipio":"505a5562-a8a8-4e0d-bf36-3c80d9f6864c","title":"PR - PATO BRANCO","tipo":"FGV","url":"\/dashboard\/details-assets\/505a5562-a8a8-4e0d-bf36-3c80d9f6864c"},"geometry":{"type":"Point","coordinates":[-52.677362,-26.229959]}},{"type":"Feature","properties":{"municipio":"c05c1992-b7d6-4ee2-b807-040d0826f789","title":"PR - PINHAIS","tipo":"FGV","url":"\/dashboard\/details-assets\/c05c1992-b7d6-4ee2-b807-040d0826f789"},"geometry":{"type":"Point","coordinates":[-49.193145,-25.443441]}},{"type":"Feature","properties":{"municipio":"d7c63661-dfd4-4e3a-a5dd-4c25788c3381","title":"PR - PARANAVAI","tipo":"FGV","url":"\/dashboard\/details-assets\/d7c63661-dfd4-4e3a-a5dd-4c25788c3381"},"geometry":{"type":"Point","coordinates":[-52.462402,-23.081879]}},{"type":"Feature","properties":{"municipio":"1155e115-c6df-4740-8a7d-ddff02fe4519","title":"PR - PARANAGUA","tipo":"FGV","url":"\/dashboard\/details-assets\/1155e115-c6df-4740-8a7d-ddff02fe4519"},"geometry":{"type":"Point","coordinates":[-48.524733,-25.506841]}},{"type":"Feature","properties":{"municipio":"76c0f549-33cc-453e-ab1d-7e9b04f0db63","title":"PR - PALMAS","tipo":"FGV","url":"\/dashboard\/details-assets\/76c0f549-33cc-453e-ab1d-7e9b04f0db63"},"geometry":{"type":"Point","coordinates":[-51.988774,-26.481473]}},{"type":"Feature","properties":{"municipio":"06b92c49-750f-4f31-9b27-7e1708048128","title":"PR - MEDIANEIRA","tipo":"FGV","url":"\/dashboard\/details-assets\/06b92c49-750f-4f31-9b27-7e1708048128"},"geometry":{"type":"Point","coordinates":[-54.091782,-25.292497]}},{"type":"Feature","properties":{"municipio":"cd6b0bf4-accf-401e-a43e-5bb10ae2ee5e","title":"PR - MARINGA","tipo":"FGV","url":"\/dashboard\/details-assets\/cd6b0bf4-accf-401e-a43e-5bb10ae2ee5e"},"geometry":{"type":"Point","coordinates":[-51.939882,-23.42228]}},{"type":"Feature","properties":{"municipio":"ac036458-061c-4330-a299-1dadc697a12a","title":"PR - MATINHOS","tipo":"FGV","url":"\/dashboard\/details-assets\/ac036458-061c-4330-a299-1dadc697a12a"},"geometry":{"type":"Point","coordinates":[-48.533771,-25.81641]}},{"type":"Feature","properties":{"municipio":"b0d7e748-e780-48e5-9f67-7d0f4aeb6096","title":"PR - MARECHAL CANDIDO RONDON","tipo":"FGV","url":"\/dashboard\/details-assets\/b0d7e748-e780-48e5-9f67-7d0f4aeb6096"},"geometry":{"type":"Point","coordinates":[-54.056788,-24.556873]}},{"type":"Feature","properties":{"municipio":"2929d878-bc18-430c-99eb-e2f95c0fcd08","title":"PR - LOANDA","tipo":"FGV","url":"\/dashboard\/details-assets\/2929d878-bc18-430c-99eb-e2f95c0fcd08"},"geometry":{"type":"Point","coordinates":[-53.134469,-22.930229]}},{"type":"Feature","properties":{"municipio":"ef6ba31f-30b6-4d66-a1c8-d3e8a67dd4f7","title":"PR - LONDRINA","tipo":"FGV","url":"\/dashboard\/details-assets\/ef6ba31f-30b6-4d66-a1c8-d3e8a67dd4f7"},"geometry":{"type":"Point","coordinates":[-51.162773,-23.312156]}},{"type":"Feature","properties":{"municipio":"c50ddd8c-bebf-4ea4-b9b1-4b91a75f3332","title":"PR - LAPA","tipo":"FGV","url":"\/dashboard\/details-assets\/c50ddd8c-bebf-4ea4-b9b1-4b91a75f3332"},"geometry":{"type":"Point","coordinates":[-49.718596,-25.765102]}},{"type":"Feature","properties":{"municipio":"f89e5ba8-3fe1-4d98-b61a-799a16ac3c21","title":"PR - LARANJEIRAS DO SUL","tipo":"FGV","url":"\/dashboard\/details-assets\/f89e5ba8-3fe1-4d98-b61a-799a16ac3c21"},"geometry":{"type":"Point","coordinates":[-52.408847,-25.401682]}},{"type":"Feature","properties":{"municipio":"ceb8e747-0859-4113-8bdf-427d8e8891d2","title":"PR - JACAREZINHO","tipo":"FGV","url":"\/dashboard\/details-assets\/ceb8e747-0859-4113-8bdf-427d8e8891d2"},"geometry":{"type":"Point","coordinates":[-49.97772,-23.157939]}},{"type":"Feature","properties":{"municipio":"b1a8afb5-4624-4a90-9560-9e8fc1c18721","title":"PR - IVAIPORA","tipo":"FGV","url":"\/dashboard\/details-assets\/b1a8afb5-4624-4a90-9560-9e8fc1c18721"},"geometry":{"type":"Point","coordinates":[-51.674552,-24.241948]}},{"type":"Feature","properties":{"municipio":"77c6c369-d1a8-4941-8756-c1e8903a86a9","title":"PR - IRATI","tipo":"FGV","url":"\/dashboard\/details-assets\/77c6c369-d1a8-4941-8756-c1e8903a86a9"},"geometry":{"type":"Point","coordinates":[-50.650913,-25.470032]}},{"type":"Feature","properties":{"municipio":"790355d1-aae0-42ce-aa5d-964cc830a8b1","title":"PR - IBAITI","tipo":"FGV","url":"\/dashboard\/details-assets\/790355d1-aae0-42ce-aa5d-964cc830a8b1"},"geometry":{"type":"Point","coordinates":[-50.190666,-23.849821]}},{"type":"Feature","properties":{"municipio":"1ed847e9-fa03-4d03-854e-d395dbb823a2","title":"PR - GUARAPUAVA","tipo":"FGV","url":"\/dashboard\/details-assets\/1ed847e9-fa03-4d03-854e-d395dbb823a2"},"geometry":{"type":"Point","coordinates":[-51.463431,-25.393592]}},{"type":"Feature","properties":{"municipio":"be81ebd6-6595-4a95-837d-b39902feda1d","title":"PR - GOIOERE","tipo":"FGV","url":"\/dashboard\/details-assets\/be81ebd6-6595-4a95-837d-b39902feda1d"},"geometry":{"type":"Point","coordinates":[-53.027319,-24.189188]}},{"type":"Feature","properties":{"municipio":"9707b520-48af-4ec0-b6a3-a3852e378819","title":"PR - FRANCISCO BELTRAO","tipo":"FGV","url":"\/dashboard\/details-assets\/9707b520-48af-4ec0-b6a3-a3852e378819"},"geometry":{"type":"Point","coordinates":[-53.056136,-26.07845]}},{"type":"Feature","properties":{"municipio":"adf40eeb-3a44-4d17-a425-3e858f5f38d3","title":"PR - FOZ DO IGUACU","tipo":"FGV","url":"\/dashboard\/details-assets\/adf40eeb-3a44-4d17-a425-3e858f5f38d3"},"geometry":{"type":"Point","coordinates":[-54.587102,-25.542493]}},{"type":"Feature","properties":{"municipio":"66038658-650c-40e7-b1ff-695c2cb9c11a","title":"PR - FAZENDA RIO GRANDE","tipo":"FGV","url":"\/dashboard\/details-assets\/66038658-650c-40e7-b1ff-695c2cb9c11a"},"geometry":{"type":"Point","coordinates":[-49.307765,-25.662834]}},{"type":"Feature","properties":{"municipio":"b759f171-2221-41ac-9d01-9fe5c0fdb35a","title":"PR - DOIS VIZINHOS","tipo":"FGV","url":"\/dashboard\/details-assets\/b759f171-2221-41ac-9d01-9fe5c0fdb35a"},"geometry":{"type":"Point","coordinates":[-53.054836,-25.74601]}},{"type":"Feature","properties":{"municipio":"aad2e9fa-4e4d-486c-af0a-1f43de5274d5","title":"PR - CURITIBA","tipo":"FGV","url":"\/dashboard\/details-assets\/aad2e9fa-4e4d-486c-af0a-1f43de5274d5"},"geometry":{"type":"Point","coordinates":[-49.271848,-25.432956]}},{"type":"Feature","properties":{"municipio":"cab6a10d-f306-403e-8a15-567de4ec99a1","title":"PR - CORNELIO PROCOPIO","tipo":"FGV","url":"\/dashboard\/details-assets\/cab6a10d-f306-403e-8a15-567de4ec99a1"},"geometry":{"type":"Point","coordinates":[-50.651484,-23.183257]}},{"type":"Feature","properties":{"municipio":"b29a4242-85b8-43bb-919d-c44047eb4305","title":"PR - COLORADO","tipo":"FGV","url":"\/dashboard\/details-assets\/b29a4242-85b8-43bb-919d-c44047eb4305"},"geometry":{"type":"Point","coordinates":[-51.975739,-22.83125]}},{"type":"Feature","properties":{"municipio":"7827f29a-c289-4e6d-b453-f0731ff4f790","title":"PR - COLOMBO","tipo":"FGV","url":"\/dashboard\/details-assets\/7827f29a-c289-4e6d-b453-f0731ff4f790"},"geometry":{"type":"Point","coordinates":[-49.227438,-25.29434]}},{"type":"Feature","properties":{"municipio":"1df73aba-a7ae-4624-a08e-ac2df83ed4d2","title":"PR - CIANORTE","tipo":"FGV","url":"\/dashboard\/details-assets\/1df73aba-a7ae-4624-a08e-ac2df83ed4d2"},"geometry":{"type":"Point","coordinates":[-52.609151,-23.653813]}},{"type":"Feature","properties":{"municipio":"6e66f7ed-5b8d-4aeb-8047-5b19e9d96dac","title":"PR - CHOPINZINHO","tipo":"FGV","url":"\/dashboard\/details-assets\/6e66f7ed-5b8d-4aeb-8047-5b19e9d96dac"},"geometry":{"type":"Point","coordinates":[-52.53396,-25.854684]}},{"type":"Feature","properties":{"municipio":"3a005391-cccc-47ed-a138-9a52cf019012","title":"PR - CASCAVEL","tipo":"FGV","url":"\/dashboard\/details-assets\/3a005391-cccc-47ed-a138-9a52cf019012"},"geometry":{"type":"Point","coordinates":[-53.459511,-24.957777]}},{"type":"Feature","properties":{"municipio":"64290fe9-a637-4a0f-929b-73dd14e3b987","title":"PR - CAMPO MOURAO","tipo":"FGV","url":"\/dashboard\/details-assets\/64290fe9-a637-4a0f-929b-73dd14e3b987"},"geometry":{"type":"Point","coordinates":[-52.381115,-24.041223]}},{"type":"Feature","properties":{"municipio":"5a9fa40e-7008-48e8-af33-fd7ccefa687e","title":"PR - CAMPO LARGO","tipo":"FGV","url":"\/dashboard\/details-assets\/5a9fa40e-7008-48e8-af33-fd7ccefa687e"},"geometry":{"type":"Point","coordinates":[-49.528841,-25.45949]}},{"type":"Feature","properties":{"municipio":"f9a42b83-fe02-4c77-bd40-e789fcfce357","title":"PR - ASSIS CHATEAUBRIAND","tipo":"FGV","url":"\/dashboard\/details-assets\/f9a42b83-fe02-4c77-bd40-e789fcfce357"},"geometry":{"type":"Point","coordinates":[-53.521237,-24.40853]}},{"type":"Feature","properties":{"municipio":"ddb706c1-02e8-4c58-9116-c7b0799a391c","title":"PR - CAMBE","tipo":"FGV","url":"\/dashboard\/details-assets\/ddb706c1-02e8-4c58-9116-c7b0799a391c"},"geometry":{"type":"Point","coordinates":[-51.277728,-23.281632]}},{"type":"Feature","properties":{"municipio":"3b0908ed-e910-4095-bac4-4b05a20b1e95","title":"PR - ARAUCARIA","tipo":"FGV","url":"\/dashboard\/details-assets\/3b0908ed-e910-4095-bac4-4b05a20b1e95"},"geometry":{"type":"Point","coordinates":[-49.40194,-25.591645]}},{"type":"Feature","properties":{"municipio":"6edac003-ad80-46a5-8291-23a12a858750","title":"PR - APUCARANA","tipo":"FGV","url":"\/dashboard\/details-assets\/6edac003-ad80-46a5-8291-23a12a858750"},"geometry":{"type":"Point","coordinates":[-51.459985,-23.551593]}},{"type":"Feature","properties":{"municipio":"707bd14a-500c-4f08-a1d9-28a43a0ceafb","title":"PR - ARAPONGAS","tipo":"FGV","url":"\/dashboard\/details-assets\/707bd14a-500c-4f08-a1d9-28a43a0ceafb"},"geometry":{"type":"Point","coordinates":[-51.43828,-23.413517]}},{"type":"Feature","properties":{"municipio":"79a0a7e4-ea15-45d7-94ac-d3263b7fcc78","title":"PR - ALMIRANTE TAMANDARE","tipo":"FGV","url":"\/dashboard\/details-assets\/79a0a7e4-ea15-45d7-94ac-d3263b7fcc78"},"geometry":{"type":"Point","coordinates":[-49.345011,-25.298557]}},{"type":"Feature","properties":{"municipio":"06d6c4c6-917f-48d4-95ae-64fe01c99191","title":"PI - VALENCA DO PIAUI","tipo":"FGV","url":"\/dashboard\/details-assets\/06d6c4c6-917f-48d4-95ae-64fe01c99191"},"geometry":{"type":"Point","coordinates":[-41.740536,-6.398196]}},{"type":"Feature","properties":{"municipio":"b0c74235-d727-48a5-9f89-f2756235aada","title":"PI - UNIAO","tipo":"FGV","url":"\/dashboard\/details-assets\/b0c74235-d727-48a5-9f89-f2756235aada"},"geometry":{"type":"Point","coordinates":[-42.86293,-4.586018]}},{"type":"Feature","properties":{"municipio":"ddc3cc96-3616-4bbb-97ca-4065613ccd26","title":"PI - URUCUI","tipo":"FGV","url":"\/dashboard\/details-assets\/ddc3cc96-3616-4bbb-97ca-4065613ccd26"},"geometry":{"type":"Point","coordinates":[-44.560256,-7.229503]}},{"type":"Feature","properties":{"municipio":"018f680a-c540-4dd3-9b25-2f3423159b85","title":"PI - TERESINA","tipo":"FGV","url":"\/dashboard\/details-assets\/018f680a-c540-4dd3-9b25-2f3423159b85"},"geometry":{"type":"Point","coordinates":[-42.80527,-5.086342]}},{"type":"Feature","properties":{"municipio":"698e1e82-0453-437e-b21b-e3949d80ce2b","title":"PI - SAO RAIMUNDO NONATO","tipo":"FGV","url":"\/dashboard\/details-assets\/698e1e82-0453-437e-b21b-e3949d80ce2b"},"geometry":{"type":"Point","coordinates":[-42.692285,-9.01536]}},{"type":"Feature","properties":{"municipio":"bf73de42-480b-4628-990c-5ffc16e7b749","title":"PI - PIRIPIRI","tipo":"FGV","url":"\/dashboard\/details-assets\/bf73de42-480b-4628-990c-5ffc16e7b749"},"geometry":{"type":"Point","coordinates":[-41.778505,-4.276069]}},{"type":"Feature","properties":{"municipio":"7d5ac3c5-2082-4730-b16f-6570e0f53033","title":"PI - SAO JOAO DO PIAUI","tipo":"FGV","url":"\/dashboard\/details-assets\/7d5ac3c5-2082-4730-b16f-6570e0f53033"},"geometry":{"type":"Point","coordinates":[-42.256438,-8.34885]}},{"type":"Feature","properties":{"municipio":"da482ee0-2ea1-42cd-9320-67967b767760","title":"PI - PIO IX","tipo":"FGV","url":"\/dashboard\/details-assets\/da482ee0-2ea1-42cd-9320-67967b767760"},"geometry":{"type":"Point","coordinates":[-40.618273,-6.832687]}},{"type":"Feature","properties":{"municipio":"2cfec6ab-6733-4659-9c13-b37eadf6f18a","title":"PI - PICOS","tipo":"FGV","url":"\/dashboard\/details-assets\/2cfec6ab-6733-4659-9c13-b37eadf6f18a"},"geometry":{"type":"Point","coordinates":[-41.468827,-7.081374]}},{"type":"Feature","properties":{"municipio":"5653233b-d760-4682-8993-e6432e666652","title":"PI - PEDRO II","tipo":"FGV","url":"\/dashboard\/details-assets\/5653233b-d760-4682-8993-e6432e666652"},"geometry":{"type":"Point","coordinates":[-41.45856,-4.427055]}},{"type":"Feature","properties":{"municipio":"4e7ecc7a-a2ce-4b2a-a6b4-0048ea8bdc83","title":"PI - PAULISTANA","tipo":"FGV","url":"\/dashboard\/details-assets\/4e7ecc7a-a2ce-4b2a-a6b4-0048ea8bdc83"},"geometry":{"type":"Point","coordinates":[-41.147096,-8.141436]}},{"type":"Feature","properties":{"municipio":"0a576fb8-cf42-4d30-ab8a-5445df85dc51","title":"PI - PARNAIBA","tipo":"FGV","url":"\/dashboard\/details-assets\/0a576fb8-cf42-4d30-ab8a-5445df85dc51"},"geometry":{"type":"Point","coordinates":[-41.778171,-2.90336]}},{"type":"Feature","properties":{"municipio":"0662b1a9-ca6d-4cca-91e0-2a725498b9e2","title":"PI - OEIRAS","tipo":"FGV","url":"\/dashboard\/details-assets\/0662b1a9-ca6d-4cca-91e0-2a725498b9e2"},"geometry":{"type":"Point","coordinates":[-42.131406,-7.016418]}},{"type":"Feature","properties":{"municipio":"1bce4599-e675-4a45-91f5-642cdf696c21","title":"PI - FLORIANO","tipo":"FGV","url":"\/dashboard\/details-assets\/1bce4599-e675-4a45-91f5-642cdf696c21"},"geometry":{"type":"Point","coordinates":[-43.020645,-6.769672]}},{"type":"Feature","properties":{"municipio":"328f860e-5c51-46b3-96c9-ff8459bec98a","title":"PI - CORRENTE","tipo":"FGV","url":"\/dashboard\/details-assets\/328f860e-5c51-46b3-96c9-ff8459bec98a"},"geometry":{"type":"Point","coordinates":[-45.163313,-10.440936]}},{"type":"Feature","properties":{"municipio":"74ec7960-3a73-4fdb-a332-e998c51b876b","title":"PI - CAMPO MAIOR","tipo":"FGV","url":"\/dashboard\/details-assets\/74ec7960-3a73-4fdb-a332-e998c51b876b"},"geometry":{"type":"Point","coordinates":[-42.166745,-4.829114]}},{"type":"Feature","properties":{"municipio":"52fa1e62-bf05-4148-97b1-8941509a82dc","title":"PI - BOM JESUS","tipo":"FGV","url":"\/dashboard\/details-assets\/52fa1e62-bf05-4148-97b1-8941509a82dc"},"geometry":{"type":"Point","coordinates":[-44.357392,-9.074637]}},{"type":"Feature","properties":{"municipio":"61d40f88-e16e-407c-ac65-00765876445f","title":"PI - BARRAS","tipo":"FGV","url":"\/dashboard\/details-assets\/61d40f88-e16e-407c-ac65-00765876445f"},"geometry":{"type":"Point","coordinates":[-42.29534,-4.243093]}},{"type":"Feature","properties":{"municipio":"a2507671-ae53-40dc-a390-1b912f0c50eb","title":"PI - AGUA BRANCA","tipo":"FGV","url":"\/dashboard\/details-assets\/a2507671-ae53-40dc-a390-1b912f0c50eb"},"geometry":{"type":"Point","coordinates":[-42.637341,-5.888951]}},{"type":"Feature","properties":{"municipio":"4096b7ac-c864-4384-971e-e94f5dffbc92","title":"PE - VITORIA DE SANTO ANTAO","tipo":"FGV","url":"\/dashboard\/details-assets\/4096b7ac-c864-4384-971e-e94f5dffbc92"},"geometry":{"type":"Point","coordinates":[-35.293864,-8.118748]}},{"type":"Feature","properties":{"municipio":"8e91557a-8c8d-42ce-981f-979fd68316c3","title":"PE - SURUBIM","tipo":"FGV","url":"\/dashboard\/details-assets\/8e91557a-8c8d-42ce-981f-979fd68316c3"},"geometry":{"type":"Point","coordinates":[-35.756784,-7.835157]}},{"type":"Feature","properties":{"municipio":"318e10f2-ea5d-4930-885a-fda40a707e62","title":"PE - SERRA TALHADA","tipo":"FGV","url":"\/dashboard\/details-assets\/318e10f2-ea5d-4930-885a-fda40a707e62"},"geometry":{"type":"Point","coordinates":[-38.296315,-7.987998]}},{"type":"Feature","properties":{"municipio":"458b9c1c-96c7-4aaf-bdd1-c77fcfc4d9e8","title":"PE - SAO LOURENCO DA MATA","tipo":"FGV","url":"\/dashboard\/details-assets\/458b9c1c-96c7-4aaf-bdd1-c77fcfc4d9e8"},"geometry":{"type":"Point","coordinates":[-35.041278,-7.995938]}},{"type":"Feature","properties":{"municipio":"eadb9870-a046-42fb-b254-b36f09a3e27d","title":"PE - SANTA CRUZ DO CAPIBARIBE","tipo":"FGV","url":"\/dashboard\/details-assets\/eadb9870-a046-42fb-b254-b36f09a3e27d"},"geometry":{"type":"Point","coordinates":[-36.20395,-7.955189]}},{"type":"Feature","properties":{"municipio":"c6b8697e-a767-4151-92aa-0641679ba2da","title":"PE - SALGUEIRO","tipo":"FGV","url":"\/dashboard\/details-assets\/c6b8697e-a767-4151-92aa-0641679ba2da"},"geometry":{"type":"Point","coordinates":[-39.120851,-8.070678]}},{"type":"Feature","properties":{"municipio":"6448a593-7202-47ea-ad60-2f10f4d70165","title":"PE - RECIFE","tipo":"FGV","url":"\/dashboard\/details-assets\/6448a593-7202-47ea-ad60-2f10f4d70165"},"geometry":{"type":"Point","coordinates":[-34.888942,-8.062762]}},{"type":"Feature","properties":{"municipio":"c2eedc01-2a95-4388-99b5-5669b9dfb1ac","title":"PE - PETROLINA","tipo":"FGV","url":"\/dashboard\/details-assets\/c2eedc01-2a95-4388-99b5-5669b9dfb1ac"},"geometry":{"type":"Point","coordinates":[-40.499999,-9.397376]}},{"type":"Feature","properties":{"municipio":"70db1713-8a65-4737-875a-54f14cd9eb28","title":"PE - PESQUEIRA","tipo":"FGV","url":"\/dashboard\/details-assets\/70db1713-8a65-4737-875a-54f14cd9eb28"},"geometry":{"type":"Point","coordinates":[-36.695515,-8.355456]}},{"type":"Feature","properties":{"municipio":"f43591a1-47bb-4856-aa28-a72bfcfff290","title":"PE - PAULISTA","tipo":"FGV","url":"\/dashboard\/details-assets\/f43591a1-47bb-4856-aa28-a72bfcfff290"},"geometry":{"type":"Point","coordinates":[-34.82076,-7.91819]}},{"type":"Feature","properties":{"municipio":"0d0817a9-fb95-4d49-9a90-f52ccf0019c3","title":"PE - PALMARES","tipo":"FGV","url":"\/dashboard\/details-assets\/0d0817a9-fb95-4d49-9a90-f52ccf0019c3"},"geometry":{"type":"Point","coordinates":[-35.588336,-8.679082]}},{"type":"Feature","properties":{"municipio":"1292e170-b186-4c1e-8be4-6bf3fe02a98f","title":"PE - OURICURI","tipo":"FGV","url":"\/dashboard\/details-assets\/1292e170-b186-4c1e-8be4-6bf3fe02a98f"},"geometry":{"type":"Point","coordinates":[-40.081463,-7.883152]}},{"type":"Feature","properties":{"municipio":"c52a0169-115d-4edb-826f-5ffb382ca09b","title":"PE - OLINDA","tipo":"FGV","url":"\/dashboard\/details-assets\/c52a0169-115d-4edb-826f-5ffb382ca09b"},"geometry":{"type":"Point","coordinates":[-34.86131,-7.99266]}},{"type":"Feature","properties":{"municipio":"e3e38bcc-60c8-4a69-aded-0225e45dd054","title":"PE - NAZARE DA MATA","tipo":"FGV","url":"\/dashboard\/details-assets\/e3e38bcc-60c8-4a69-aded-0225e45dd054"},"geometry":{"type":"Point","coordinates":[-35.221339,-7.737688]}},{"type":"Feature","properties":{"municipio":"95f79add-0c22-402e-9814-85665942a25d","title":"PE - JABOATAO DOS GUARARAPES","tipo":"FGV","url":"\/dashboard\/details-assets\/95f79add-0c22-402e-9814-85665942a25d"},"geometry":{"type":"Point","coordinates":[-34.921173,-8.165391]}},{"type":"Feature","properties":{"municipio":"fe956f93-4243-4f4a-a1cb-b4e27b2f035a","title":"PE - IPOJUCA","tipo":"FGV","url":"\/dashboard\/details-assets\/fe956f93-4243-4f4a-a1cb-b4e27b2f035a"},"geometry":{"type":"Point","coordinates":[-35.063472,-8.396986]}},{"type":"Feature","properties":{"municipio":"9ed2ee37-f286-496c-96be-cf8eda854c36","title":"PE - IGARASSU","tipo":"FGV","url":"\/dashboard\/details-assets\/9ed2ee37-f286-496c-96be-cf8eda854c36"},"geometry":{"type":"Point","coordinates":[-34.910583,-7.828372]}},{"type":"Feature","properties":{"municipio":"1a143827-fca9-4bb2-bdf3-7958c0164008","title":"PE - GARANHUNS","tipo":"FGV","url":"\/dashboard\/details-assets\/1a143827-fca9-4bb2-bdf3-7958c0164008"},"geometry":{"type":"Point","coordinates":[-36.49305,-8.888906]}},{"type":"Feature","properties":{"municipio":"e9f54f81-11fe-41d8-aa56-90cfee8c0182","title":"PE - FLORESTA","tipo":"FGV","url":"\/dashboard\/details-assets\/e9f54f81-11fe-41d8-aa56-90cfee8c0182"},"geometry":{"type":"Point","coordinates":[-38.563907,-8.611573]}},{"type":"Feature","properties":{"municipio":"2f77eb00-6650-488a-877a-d93cbd49c536","title":"PE - CARPINA","tipo":"FGV","url":"\/dashboard\/details-assets\/2f77eb00-6650-488a-877a-d93cbd49c536"},"geometry":{"type":"Point","coordinates":[-35.258061,-7.846887]}},{"type":"Feature","properties":{"municipio":"87995601-0cf0-4b15-bdc6-96004eed3ef6","title":"PE - CARUARU","tipo":"FGV","url":"\/dashboard\/details-assets\/87995601-0cf0-4b15-bdc6-96004eed3ef6"},"geometry":{"type":"Point","coordinates":[-35.967073,-8.285898]}},{"type":"Feature","properties":{"municipio":"1ed5c774-ab05-46d5-94e7-22e2966ed5e2","title":"PE - CAMARAGIBE","tipo":"FGV","url":"\/dashboard\/details-assets\/1ed5c774-ab05-46d5-94e7-22e2966ed5e2"},"geometry":{"type":"Point","coordinates":[-34.995721,-8.020522]}},{"type":"Feature","properties":{"municipio":"e6e226a6-430f-4e6d-8a6a-540f4eeede74","title":"PE - CABO DE SANTO AGOSTINHO","tipo":"FGV","url":"\/dashboard\/details-assets\/e6e226a6-430f-4e6d-8a6a-540f4eeede74"},"geometry":{"type":"Point","coordinates":[-35.038489,-8.289864]}},{"type":"Feature","properties":{"municipio":"b6a1dbc1-a41c-42e8-a5ed-d43e1d55ff1b","title":"PE - BELO JARDIM","tipo":"FGV","url":"\/dashboard\/details-assets\/b6a1dbc1-a41c-42e8-a5ed-d43e1d55ff1b"},"geometry":{"type":"Point","coordinates":[-36.420035,-8.335295]}},{"type":"Feature","properties":{"municipio":"99b24681-c57e-42ed-9e51-ec3d0c479b84","title":"PE - ARCOVERDE","tipo":"FGV","url":"\/dashboard\/details-assets\/99b24681-c57e-42ed-9e51-ec3d0c479b84"},"geometry":{"type":"Point","coordinates":[-37.056506,-8.42394]}},{"type":"Feature","properties":{"municipio":"db7c7d4a-54d7-41b9-8526-f04cc3619ec2","title":"PE - AFOGADOS DA INGAZEIRA","tipo":"FGV","url":"\/dashboard\/details-assets\/db7c7d4a-54d7-41b9-8526-f04cc3619ec2"},"geometry":{"type":"Point","coordinates":[-37.637686,-7.748328]}},{"type":"Feature","properties":{"municipio":"096b77e2-8a94-4d34-ab8f-a6d20acfd328","title":"PE - ARARIPINA","tipo":"FGV","url":"\/dashboard\/details-assets\/096b77e2-8a94-4d34-ab8f-a6d20acfd328"},"geometry":{"type":"Point","coordinates":[-40.502461,-7.578141]}},{"type":"Feature","properties":{"municipio":"875aa926-dbf6-45c3-9faa-aed9b7b60056","title":"PE - ABREU E LIMA","tipo":"FGV","url":"\/dashboard\/details-assets\/875aa926-dbf6-45c3-9faa-aed9b7b60056"},"geometry":{"type":"Point","coordinates":[-34.898709,-7.901149]}},{"type":"Feature","properties":{"municipio":"068c7e76-1167-4a30-9984-bb05aaf03532","title":"PB - SOUSA","tipo":"FGV","url":"\/dashboard\/details-assets\/068c7e76-1167-4a30-9984-bb05aaf03532"},"geometry":{"type":"Point","coordinates":[-38.229605,-6.763378]}},{"type":"Feature","properties":{"municipio":"2372cf91-1d3f-4b38-a0cb-bc9a5eb80dca","title":"PB - SAPE","tipo":"FGV","url":"\/dashboard\/details-assets\/2372cf91-1d3f-4b38-a0cb-bc9a5eb80dca"},"geometry":{"type":"Point","coordinates":[-35.230433,-7.087111]}},{"type":"Feature","properties":{"municipio":"a7802923-91ed-42d2-b8b9-1744575e2b73","title":"PB - RIO TINTO","tipo":"FGV","url":"\/dashboard\/details-assets\/a7802923-91ed-42d2-b8b9-1744575e2b73"},"geometry":{"type":"Point","coordinates":[-35.078852,-6.808448]}},{"type":"Feature","properties":{"municipio":"cc844506-d04e-4f12-aa92-99ffd5e148d4","title":"PB - SANTA RITA","tipo":"FGV","url":"\/dashboard\/details-assets\/cc844506-d04e-4f12-aa92-99ffd5e148d4"},"geometry":{"type":"Point","coordinates":[-34.966235,-7.135868]}},{"type":"Feature","properties":{"municipio":"2da9880c-5e4c-4bff-91aa-30140a8dc79a","title":"PB - PRINCESA ISABEL","tipo":"FGV","url":"\/dashboard\/details-assets\/2da9880c-5e4c-4bff-91aa-30140a8dc79a"},"geometry":{"type":"Point","coordinates":[-37.991699,-7.736212]}},{"type":"Feature","properties":{"municipio":"cd546790-5d8d-4377-ba99-92bd55c9545d","title":"PB - POMBAL","tipo":"FGV","url":"\/dashboard\/details-assets\/cd546790-5d8d-4377-ba99-92bd55c9545d"},"geometry":{"type":"Point","coordinates":[-37.798267,-6.769855]}},{"type":"Feature","properties":{"municipio":"24e86e27-281e-4f43-8de6-b23c1cb3bff9","title":"PB - PATOS","tipo":"FGV","url":"\/dashboard\/details-assets\/24e86e27-281e-4f43-8de6-b23c1cb3bff9"},"geometry":{"type":"Point","coordinates":[-37.276913,-7.024492]}},{"type":"Feature","properties":{"municipio":"f367450c-8118-4c4a-9e56-3ab4b09b3ca9","title":"PB - MAMANGUAPE","tipo":"FGV","url":"\/dashboard\/details-assets\/f367450c-8118-4c4a-9e56-3ab4b09b3ca9"},"geometry":{"type":"Point","coordinates":[-35.123893,-6.833715]}},{"type":"Feature","properties":{"municipio":"acbb3608-e7d6-4cc1-abd1-78f87ee471d4","title":"PB - MONTEIRO","tipo":"FGV","url":"\/dashboard\/details-assets\/acbb3608-e7d6-4cc1-abd1-78f87ee471d4"},"geometry":{"type":"Point","coordinates":[-37.122681,-7.892217]}},{"type":"Feature","properties":{"municipio":"8428cad7-6970-4582-a9bd-87722952422c","title":"PB - JUAREZ TAVORA","tipo":"FGV","url":"\/dashboard\/details-assets\/8428cad7-6970-4582-a9bd-87722952422c"},"geometry":{"type":"Point","coordinates":[-35.568623,-7.171302]}},{"type":"Feature","properties":{"municipio":"91db1a7b-1ef2-4f9b-99d7-0a15faa56dd3","title":"PB - JOAO PESSOA","tipo":"FGV","url":"\/dashboard\/details-assets\/91db1a7b-1ef2-4f9b-99d7-0a15faa56dd3"},"geometry":{"type":"Point","coordinates":[-34.873385,-7.149382]}},{"type":"Feature","properties":{"municipio":"77940b78-2b2e-42db-a337-edabfc5227e6","title":"PB - ITAPORANGA","tipo":"FGV","url":"\/dashboard\/details-assets\/77940b78-2b2e-42db-a337-edabfc5227e6"},"geometry":{"type":"Point","coordinates":[-49.484396,-23.7035]}},{"type":"Feature","properties":{"municipio":"cddb502a-4247-4dc1-8b3a-e83738b70b30","title":"PB - GUARABIRA","tipo":"FGV","url":"\/dashboard\/details-assets\/cddb502a-4247-4dc1-8b3a-e83738b70b30"},"geometry":{"type":"Point","coordinates":[-35.489965,-6.852715]}},{"type":"Feature","properties":{"municipio":"b9df00fa-3ff7-4321-a3dd-f539ecce94bf","title":"PB - CUITE","tipo":"FGV","url":"\/dashboard\/details-assets\/b9df00fa-3ff7-4321-a3dd-f539ecce94bf"},"geometry":{"type":"Point","coordinates":[-36.153208,-6.485555]}},{"type":"Feature","properties":{"municipio":"002e4618-cae8-44b8-b74b-2bb9b2d14a18","title":"PB - CATOLE DO ROCHA","tipo":"FGV","url":"\/dashboard\/details-assets\/002e4618-cae8-44b8-b74b-2bb9b2d14a18"},"geometry":{"type":"Point","coordinates":[-37.7485,-6.346753]}},{"type":"Feature","properties":{"municipio":"4d01783d-158c-4730-89b6-249b601f232a","title":"PB - CAMPINA GRANDE","tipo":"FGV","url":"\/dashboard\/details-assets\/4d01783d-158c-4730-89b6-249b601f232a"},"geometry":{"type":"Point","coordinates":[-35.883859,-7.221497]}},{"type":"Feature","properties":{"municipio":"5081d284-7cc0-4416-bf4a-770b0911a609","title":"PB - CAJAZEIRAS","tipo":"FGV","url":"\/dashboard\/details-assets\/5081d284-7cc0-4416-bf4a-770b0911a609"},"geometry":{"type":"Point","coordinates":[-38.56053,-6.890464]}},{"type":"Feature","properties":{"municipio":"d65f757d-3e05-4a61-b150-6279c5a4f275","title":"PA - XINGUARA","tipo":"FGV","url":"\/dashboard\/details-assets\/d65f757d-3e05-4a61-b150-6279c5a4f275"},"geometry":{"type":"Point","coordinates":[-49.942701,-7.101513]}},{"type":"Feature","properties":{"municipio":"dbe4e9c0-b185-4e7b-8491-e075c2117381","title":"PA - TUCURUI","tipo":"FGV","url":"\/dashboard\/details-assets\/dbe4e9c0-b185-4e7b-8491-e075c2117381"},"geometry":{"type":"Point","coordinates":[-49.667184,-3.766889]}},{"type":"Feature","properties":{"municipio":"8c20d5d1-1632-477c-aacc-88d1eac5cdf9","title":"PA - TOME-ACU","tipo":"FGV","url":"\/dashboard\/details-assets\/8c20d5d1-1632-477c-aacc-88d1eac5cdf9"},"geometry":{"type":"Point","coordinates":[-48.146897,-2.419367]}},{"type":"Feature","properties":{"municipio":"098b64e9-96f0-42df-840b-4d0fef053538","title":"PA - SOURE","tipo":"FGV","url":"\/dashboard\/details-assets\/098b64e9-96f0-42df-840b-4d0fef053538"},"geometry":{"type":"Point","coordinates":[-48.516013,-0.725925]}},{"type":"Feature","properties":{"municipio":"cd8971f9-9d4b-47be-8835-0c35c0b63f4b","title":"PA - SAO FELIX DO XINGU","tipo":"FGV","url":"\/dashboard\/details-assets\/cd8971f9-9d4b-47be-8835-0c35c0b63f4b"},"geometry":{"type":"Point","coordinates":[-51.993783,-6.642483]}},{"type":"Feature","properties":{"municipio":"0200cbae-e670-4aea-9fd6-fc4d691d5c61","title":"PA - SANTAREM","tipo":"FGV","url":"\/dashboard\/details-assets\/0200cbae-e670-4aea-9fd6-fc4d691d5c61"},"geometry":{"type":"Point","coordinates":[-54.71857,-2.436213]}},{"type":"Feature","properties":{"municipio":"1bd4c90a-5303-43c2-82df-be978c595586","title":"PA - REDENCAO","tipo":"FGV","url":"\/dashboard\/details-assets\/1bd4c90a-5303-43c2-82df-be978c595586"},"geometry":{"type":"Point","coordinates":[-50.029642,-8.027604]}},{"type":"Feature","properties":{"municipio":"466217ff-a3b3-4ee1-84d6-607a02c151a9","title":"PA - PRAINHA","tipo":"FGV","url":"\/dashboard\/details-assets\/466217ff-a3b3-4ee1-84d6-607a02c151a9"},"geometry":{"type":"Point","coordinates":[-53.481814,-1.805694]}},{"type":"Feature","properties":{"municipio":"24dbc0ec-4c90-44ef-8709-59fb3f2710ae","title":"PA - PORTEL","tipo":"FGV","url":"\/dashboard\/details-assets\/24dbc0ec-4c90-44ef-8709-59fb3f2710ae"},"geometry":{"type":"Point","coordinates":[-50.82249,-1.936451]}},{"type":"Feature","properties":{"municipio":"14ba26eb-d26c-4713-85e5-c63dc9669555","title":"PA - PARAUAPEBAS","tipo":"FGV","url":"\/dashboard\/details-assets\/14ba26eb-d26c-4713-85e5-c63dc9669555"},"geometry":{"type":"Point","coordinates":[-49.900781,-6.07273]}},{"type":"Feature","properties":{"municipio":"fe60f522-c8ef-4189-be33-32fae63146e7","title":"PA - PARAGOMINAS","tipo":"FGV","url":"\/dashboard\/details-assets\/fe60f522-c8ef-4189-be33-32fae63146e7"},"geometry":{"type":"Point","coordinates":[-47.356962,-2.99419]}},{"type":"Feature","properties":{"municipio":"d432ed43-0f36-4ad1-98fc-0f1bb2a9909d","title":"PA - OEIRAS DO PARA","tipo":"FGV","url":"\/dashboard\/details-assets\/d432ed43-0f36-4ad1-98fc-0f1bb2a9909d"},"geometry":{"type":"Point","coordinates":[-49.855106,-2.004734]}},{"type":"Feature","properties":{"municipio":"ff049c10-faa6-43c1-a782-9b15a12d2805","title":"PA - OBIDOS","tipo":"FGV","url":"\/dashboard\/details-assets\/ff049c10-faa6-43c1-a782-9b15a12d2805"},"geometry":{"type":"Point","coordinates":[-55.516324,-1.909235]}},{"type":"Feature","properties":{"municipio":"9defb47f-b327-4eef-9613-83842ab92a04","title":"PA - MARITUBA","tipo":"FGV","url":"\/dashboard\/details-assets\/9defb47f-b327-4eef-9613-83842ab92a04"},"geometry":{"type":"Point","coordinates":[-48.342487,-1.360378]}},{"type":"Feature","properties":{"municipio":"15e4c550-3400-4196-b266-b29de6f3262b","title":"PA - MARABA","tipo":"FGV","url":"\/dashboard\/details-assets\/15e4c550-3400-4196-b266-b29de6f3262b"},"geometry":{"type":"Point","coordinates":[-49.142025,-5.352606]}},{"type":"Feature","properties":{"municipio":"3daed19f-46ee-42ba-b47a-44eb646c3706","title":"PA - ITAITUBA","tipo":"FGV","url":"\/dashboard\/details-assets\/3daed19f-46ee-42ba-b47a-44eb646c3706"},"geometry":{"type":"Point","coordinates":[-55.990049,-4.263729]}},{"type":"Feature","properties":{"municipio":"08582402-ada2-4db1-aeec-7bb70997a0c9","title":"PA - IGARAPE-ACU","tipo":"FGV","url":"\/dashboard\/details-assets\/08582402-ada2-4db1-aeec-7bb70997a0c9"},"geometry":{"type":"Point","coordinates":[-47.622375,-1.124322]}},{"type":"Feature","properties":{"municipio":"7842e5be-86c9-4292-b552-6e4871a65baa","title":"PA - CASTANHAL","tipo":"FGV","url":"\/dashboard\/details-assets\/7842e5be-86c9-4292-b552-6e4871a65baa"},"geometry":{"type":"Point","coordinates":[-47.926643,-1.295757]}},{"type":"Feature","properties":{"municipio":"bef6cd42-9bd4-431a-82b3-467a9c0ff75e","title":"PA - CAPITAO POCO","tipo":"FGV","url":"\/dashboard\/details-assets\/bef6cd42-9bd4-431a-82b3-467a9c0ff75e"},"geometry":{"type":"Point","coordinates":[-47.062825,-1.746187]}},{"type":"Feature","properties":{"municipio":"bd907e91-8acc-403a-af41-8410253fa81b","title":"PA - CAPANEMA","tipo":"FGV","url":"\/dashboard\/details-assets\/bd907e91-8acc-403a-af41-8410253fa81b"},"geometry":{"type":"Point","coordinates":[-47.179413,-1.196736]}},{"type":"Feature","properties":{"municipio":"cb62d8e2-517f-4fdf-93c5-1d81ee4c1470","title":"PA - CANAA DOS CARAJAS","tipo":"FGV","url":"\/dashboard\/details-assets\/cb62d8e2-517f-4fdf-93c5-1d81ee4c1470"},"geometry":{"type":"Point","coordinates":[-50.10929,-6.481682]}},{"type":"Feature","properties":{"municipio":"991ee169-94e2-4adf-9e5c-ad5d068d277d","title":"PA - CAMETA","tipo":"FGV","url":"\/dashboard\/details-assets\/991ee169-94e2-4adf-9e5c-ad5d068d277d"},"geometry":{"type":"Point","coordinates":[-49.49783,-2.246838]}},{"type":"Feature","properties":{"municipio":"284db392-9455-4af5-b5d3-5d18e1515644","title":"PA - BREVES","tipo":"FGV","url":"\/dashboard\/details-assets\/284db392-9455-4af5-b5d3-5d18e1515644"},"geometry":{"type":"Point","coordinates":[-50.480895,-1.690736]}},{"type":"Feature","properties":{"municipio":"b45e4a31-a02e-45f8-8f69-556479820412","title":"PA - BRAGANCA","tipo":"FGV","url":"\/dashboard\/details-assets\/b45e4a31-a02e-45f8-8f69-556479820412"},"geometry":{"type":"Point","coordinates":[-46.765754,-1.053524]}},{"type":"Feature","properties":{"municipio":"8e1456fc-4506-43cf-a2e3-0efdc98c225b","title":"PA - BELEM","tipo":"FGV","url":"\/dashboard\/details-assets\/8e1456fc-4506-43cf-a2e3-0efdc98c225b"},"geometry":{"type":"Point","coordinates":[-48.487826,-1.459845]}},{"type":"Feature","properties":{"municipio":"53083d79-1bcd-43d1-a68c-25e0ee3c15ba","title":"PA - ANANINDEUA","tipo":"FGV","url":"\/dashboard\/details-assets\/53083d79-1bcd-43d1-a68c-25e0ee3c15ba"},"geometry":{"type":"Point","coordinates":[-48.372067,-1.368714]}},{"type":"Feature","properties":{"municipio":"a063014d-2f7d-4268-a24a-6e2bdf54a1ec","title":"PA - BARCARENA","tipo":"FGV","url":"\/dashboard\/details-assets\/a063014d-2f7d-4268-a24a-6e2bdf54a1ec"},"geometry":{"type":"Point","coordinates":[-48.627073,-1.505767]}},{"type":"Feature","properties":{"municipio":"e5013ec7-e060-444c-a433-6114c53c0404","title":"PA - ANAJAS","tipo":"FGV","url":"\/dashboard\/details-assets\/e5013ec7-e060-444c-a433-6114c53c0404"},"geometry":{"type":"Point","coordinates":[-49.945001,-0.984451]}},{"type":"Feature","properties":{"municipio":"d6a552d0-acb7-44f6-b15e-56cf915a6ef1","title":"PA - ALTAMIRA","tipo":"FGV","url":"\/dashboard\/details-assets\/d6a552d0-acb7-44f6-b15e-56cf915a6ef1"},"geometry":{"type":"Point","coordinates":[-52.214376,-3.20566]}},{"type":"Feature","properties":{"municipio":"5a8e9eb6-34f5-4dbf-9942-8ba7273f1ae5","title":"PA - AFUA","tipo":"FGV","url":"\/dashboard\/details-assets\/5a8e9eb6-34f5-4dbf-9942-8ba7273f1ae5"},"geometry":{"type":"Point","coordinates":[-50.3869,-0.1569]}},{"type":"Feature","properties":{"municipio":"ba3da193-372f-472b-9e4f-ad47ad507413","title":"PA - ABAETETUBA","tipo":"FGV","url":"\/dashboard\/details-assets\/ba3da193-372f-472b-9e4f-ad47ad507413"},"geometry":{"type":"Point","coordinates":[-48.879225,-1.722248]}},{"type":"Feature","properties":{"municipio":"08d59e79-8496-466d-95ad-a9e5a8ded6c7","title":"MT - VARZEA GRANDE","tipo":"FGV","url":"\/dashboard\/details-assets\/08d59e79-8496-466d-95ad-a9e5a8ded6c7"},"geometry":{"type":"Point","coordinates":[-56.144664,-15.658065]}},{"type":"Feature","properties":{"municipio":"408c7ee1-452b-472e-9c57-5d6ea331e3da","title":"MT - TANGARA DA SERRA","tipo":"FGV","url":"\/dashboard\/details-assets\/408c7ee1-452b-472e-9c57-5d6ea331e3da"},"geometry":{"type":"Point","coordinates":[-57.491299,-14.623785]}},{"type":"Feature","properties":{"municipio":"0679feb6-9a0f-4bdf-9106-222de8ce6640","title":"MT - SORRISO","tipo":"FGV","url":"\/dashboard\/details-assets\/0679feb6-9a0f-4bdf-9106-222de8ce6640"},"geometry":{"type":"Point","coordinates":[-55.725914,-12.551777]}},{"type":"Feature","properties":{"municipio":"6a909a50-835d-4160-b60a-f41fc3829d49","title":"MT - SINOP","tipo":"FGV","url":"\/dashboard\/details-assets\/6a909a50-835d-4160-b60a-f41fc3829d49"},"geometry":{"type":"Point","coordinates":[-55.500922,-11.858005]}},{"type":"Feature","properties":{"municipio":"41ba418d-f9b5-44b7-978c-12386aa8484e","title":"MT - PRIMAVERA DO LESTE","tipo":"FGV","url":"\/dashboard\/details-assets\/41ba418d-f9b5-44b7-978c-12386aa8484e"},"geometry":{"type":"Point","coordinates":[-54.300053,-15.552294]}},{"type":"Feature","properties":{"municipio":"c40634b3-cb95-4bf6-8044-3feb8e17cb8a","title":"MT - RONDONOPOLIS","tipo":"FGV","url":"\/dashboard\/details-assets\/c40634b3-cb95-4bf6-8044-3feb8e17cb8a"},"geometry":{"type":"Point","coordinates":[-54.633587,-16.470163]}},{"type":"Feature","properties":{"municipio":"29a39a45-6518-4424-b4a7-989f87a9ef79","title":"MT - PONTES E LACERDA","tipo":"FGV","url":"\/dashboard\/details-assets\/29a39a45-6518-4424-b4a7-989f87a9ef79"},"geometry":{"type":"Point","coordinates":[-59.332275,-15.232577]}},{"type":"Feature","properties":{"municipio":"b589c6c9-b6f6-46ee-a6f1-72cd4333c3c4","title":"MT - NOVA MUTUM","tipo":"FGV","url":"\/dashboard\/details-assets\/b589c6c9-b6f6-46ee-a6f1-72cd4333c3c4"},"geometry":{"type":"Point","coordinates":[-56.085554,-13.817931]}},{"type":"Feature","properties":{"municipio":"7c8dd6df-d415-4836-b0f3-0f27112dbd0b","title":"MT - GUARANTA DO NORTE","tipo":"FGV","url":"\/dashboard\/details-assets\/7c8dd6df-d415-4836-b0f3-0f27112dbd0b"},"geometry":{"type":"Point","coordinates":[-54.916057,-9.954073]}},{"type":"Feature","properties":{"municipio":"411288e5-5633-495b-9f63-03a7bb40f266","title":"MT - LUCAS DO RIO VERDE","tipo":"FGV","url":"\/dashboard\/details-assets\/411288e5-5633-495b-9f63-03a7bb40f266"},"geometry":{"type":"Point","coordinates":[-55.921771,-13.070465]}},{"type":"Feature","properties":{"municipio":"4341fde8-120a-4275-a740-2bb63259d578","title":"MT - CUIABA","tipo":"FGV","url":"\/dashboard\/details-assets\/4341fde8-120a-4275-a740-2bb63259d578"},"geometry":{"type":"Point","coordinates":[-56.073252,-15.569989]}},{"type":"Feature","properties":{"municipio":"d6854def-6aeb-47f8-8e5e-9c423d161676","title":"MT - CONFRESA","tipo":"FGV","url":"\/dashboard\/details-assets\/d6854def-6aeb-47f8-8e5e-9c423d161676"},"geometry":{"type":"Point","coordinates":[-51.571034,-10.640731]}},{"type":"Feature","properties":{"municipio":"0cb0933a-3403-4b0d-ad14-21d553d852cd","title":"MT - CACERES","tipo":"FGV","url":"\/dashboard\/details-assets\/0cb0933a-3403-4b0d-ad14-21d553d852cd"},"geometry":{"type":"Point","coordinates":[-57.674762,-16.074096]}},{"type":"Feature","properties":{"municipio":"616ab966-9ef1-455d-8bb3-a0eadd7f5b8d","title":"MT - ALTA FLORESTA","tipo":"FGV","url":"\/dashboard\/details-assets\/616ab966-9ef1-455d-8bb3-a0eadd7f5b8d"},"geometry":{"type":"Point","coordinates":[-56.09161,-9.871723]}},{"type":"Feature","properties":{"municipio":"0666af7f-ae85-46db-9b8c-58b5968d023b","title":"MT - BARRA DO GARCAS","tipo":"FGV","url":"\/dashboard\/details-assets\/0666af7f-ae85-46db-9b8c-58b5968d023b"},"geometry":{"type":"Point","coordinates":[-52.26033,-15.888711]}},{"type":"Feature","properties":{"municipio":"ed608673-e830-40cc-b4fe-62d26cb1093b","title":"MS - TRES LAGOAS","tipo":"FGV","url":"\/dashboard\/details-assets\/ed608673-e830-40cc-b4fe-62d26cb1093b"},"geometry":{"type":"Point","coordinates":[-51.710001,-20.788679]}},{"type":"Feature","properties":{"municipio":"028f4901-9632-4cbc-b3d3-135f6e1cf19f","title":"MS - PONTA PORA","tipo":"FGV","url":"\/dashboard\/details-assets\/028f4901-9632-4cbc-b3d3-135f6e1cf19f"},"geometry":{"type":"Point","coordinates":[-55.71085,-22.486187]}},{"type":"Feature","properties":{"municipio":"43fd021c-27df-484e-9868-d72f708614bf","title":"MS - DOURADOS","tipo":"FGV","url":"\/dashboard\/details-assets\/43fd021c-27df-484e-9868-d72f708614bf"},"geometry":{"type":"Point","coordinates":[-54.811289,-22.227236]}},{"type":"Feature","properties":{"municipio":"3b37e699-6449-4ab4-886f-e47595154b4d","title":"MS - COXIM","tipo":"FGV","url":"\/dashboard\/details-assets\/3b37e699-6449-4ab4-886f-e47595154b4d"},"geometry":{"type":"Point","coordinates":[-54.758056,-18.508411]}},{"type":"Feature","properties":{"municipio":"a8b81877-f6d1-46cf-86a1-5c8b09baac8b","title":"MS - CORUMBA","tipo":"FGV","url":"\/dashboard\/details-assets\/a8b81877-f6d1-46cf-86a1-5c8b09baac8b"},"geometry":{"type":"Point","coordinates":[-57.648985,-19.006375]}},{"type":"Feature","properties":{"municipio":"6ba5da68-c61c-4172-ac14-f98545566051","title":"MS - CAMPO GRANDE","tipo":"FGV","url":"\/dashboard\/details-assets\/6ba5da68-c61c-4172-ac14-f98545566051"},"geometry":{"type":"Point","coordinates":[-54.615744,-20.45803]}},{"type":"Feature","properties":{"municipio":"55caf2cc-c3b8-460c-abd8-6085b20375d6","title":"MS - AQUIDAUANA","tipo":"FGV","url":"\/dashboard\/details-assets\/55caf2cc-c3b8-460c-abd8-6085b20375d6"},"geometry":{"type":"Point","coordinates":[-55.790616,-20.474654]}},{"type":"Feature","properties":{"municipio":"5d5ebc5d-196f-48dd-bb70-a214381dbc22","title":"MG - VICOSA","tipo":"FGV","url":"\/dashboard\/details-assets\/5d5ebc5d-196f-48dd-bb70-a214381dbc22"},"geometry":{"type":"Point","coordinates":[-42.879477,-20.752072]}},{"type":"Feature","properties":{"municipio":"e9ddeefb-afe1-464f-90ce-b43282411506","title":"MG - VESPASIANO","tipo":"FGV","url":"\/dashboard\/details-assets\/e9ddeefb-afe1-464f-90ce-b43282411506"},"geometry":{"type":"Point","coordinates":[-43.919915,-19.69303]}},{"type":"Feature","properties":{"municipio":"ef9c582b-ac00-42f6-9844-ada603835597","title":"MG - VARGINHA","tipo":"FGV","url":"\/dashboard\/details-assets\/ef9c582b-ac00-42f6-9844-ada603835597"},"geometry":{"type":"Point","coordinates":[-45.431886,-21.55708]}},{"type":"Feature","properties":{"municipio":"4a953be6-569e-4594-bb52-8ec1ca348094","title":"MG - UNAI","tipo":"FGV","url":"\/dashboard\/details-assets\/4a953be6-569e-4594-bb52-8ec1ca348094"},"geometry":{"type":"Point","coordinates":[-46.899957,-16.359008]}},{"type":"Feature","properties":{"municipio":"cf66d1e0-74a9-4d89-a171-e30ee4bbed6f","title":"MG - UBERLANDIA","tipo":"FGV","url":"\/dashboard\/details-assets\/cf66d1e0-74a9-4d89-a171-e30ee4bbed6f"},"geometry":{"type":"Point","coordinates":[-48.27795,-18.918999]}},{"type":"Feature","properties":{"municipio":"dd56b2c0-5e9e-48d3-8d98-e5cc23768f4f","title":"MG - UBERABA","tipo":"FGV","url":"\/dashboard\/details-assets\/dd56b2c0-5e9e-48d3-8d98-e5cc23768f4f"},"geometry":{"type":"Point","coordinates":[-47.983625,-19.713535]}},{"type":"Feature","properties":{"municipio":"bbd267db-7c68-4d31-be16-419ad2025381","title":"MG - UBA","tipo":"FGV","url":"\/dashboard\/details-assets\/bbd267db-7c68-4d31-be16-419ad2025381"},"geometry":{"type":"Point","coordinates":[-42.936786,-21.118597]}},{"type":"Feature","properties":{"municipio":"e45e30f4-babe-40eb-8573-66461d547ac2","title":"MG - TRES CORACOES","tipo":"FGV","url":"\/dashboard\/details-assets\/e45e30f4-babe-40eb-8573-66461d547ac2"},"geometry":{"type":"Point","coordinates":[-45.254937,-21.695966]}},{"type":"Feature","properties":{"municipio":"f9b09d39-b34f-489a-8b0e-e2c8642135fb","title":"MG - TEOFILO OTONI","tipo":"FGV","url":"\/dashboard\/details-assets\/f9b09d39-b34f-489a-8b0e-e2c8642135fb"},"geometry":{"type":"Point","coordinates":[-41.509635,-17.86254]}},{"type":"Feature","properties":{"municipio":"f83e7292-c465-44f5-9054-29ca32920848","title":"MG - SETE LAGOAS","tipo":"FGV","url":"\/dashboard\/details-assets\/f83e7292-c465-44f5-9054-29ca32920848"},"geometry":{"type":"Point","coordinates":[-44.239595,-19.458287]}},{"type":"Feature","properties":{"municipio":"f2605878-bd2b-4758-8b49-0e18bc041b71","title":"MG - SAO LOURENCO","tipo":"FGV","url":"\/dashboard\/details-assets\/f2605878-bd2b-4758-8b49-0e18bc041b71"},"geometry":{"type":"Point","coordinates":[-45.053373,-22.117769]}},{"type":"Feature","properties":{"municipio":"288f557c-938a-497a-bf2e-17c8970f87d5","title":"MG - SAO JOAO DEL REI","tipo":"FGV","url":"\/dashboard\/details-assets\/288f557c-938a-497a-bf2e-17c8970f87d5"},"geometry":{"type":"Point","coordinates":[-44.260973,-21.135509]}},{"type":"Feature","properties":{"municipio":"2874aac3-17c9-414e-bf9c-d2c9455b5f03","title":"MG - SANTA LUZIA","tipo":"FGV","url":"\/dashboard\/details-assets\/2874aac3-17c9-414e-bf9c-d2c9455b5f03"},"geometry":{"type":"Point","coordinates":[-43.850007,-19.767617]}},{"type":"Feature","properties":{"municipio":"da3391cb-98ce-41e8-8913-685be4b4535f","title":"MG - SALINAS","tipo":"FGV","url":"\/dashboard\/details-assets\/da3391cb-98ce-41e8-8913-685be4b4535f"},"geometry":{"type":"Point","coordinates":[-42.297898,-16.167456]}},{"type":"Feature","properties":{"municipio":"61fbd51a-32c4-479b-9bbb-d5fb4d7d24b9","title":"MG - SABARA","tipo":"FGV","url":"\/dashboard\/details-assets\/61fbd51a-32c4-479b-9bbb-d5fb4d7d24b9"},"geometry":{"type":"Point","coordinates":[-43.826722,-19.884526]}},{"type":"Feature","properties":{"municipio":"1bcf87f5-d6d8-4c2b-a189-6bf747da8142","title":"MG - RIBEIRAO DAS NEVES","tipo":"FGV","url":"\/dashboard\/details-assets\/1bcf87f5-d6d8-4c2b-a189-6bf747da8142"},"geometry":{"type":"Point","coordinates":[-44.085824,-19.766022]}},{"type":"Feature","properties":{"municipio":"57f60b28-aeb2-4006-adf0-2d017c9961fd","title":"MG - POUSO ALEGRE","tipo":"FGV","url":"\/dashboard\/details-assets\/57f60b28-aeb2-4006-adf0-2d017c9961fd"},"geometry":{"type":"Point","coordinates":[-45.937144,-22.230303]}},{"type":"Feature","properties":{"municipio":"73868a88-8277-4f3e-94ed-ce9ed187273f","title":"MG - PORTEIRINHA","tipo":"FGV","url":"\/dashboard\/details-assets\/73868a88-8277-4f3e-94ed-ce9ed187273f"},"geometry":{"type":"Point","coordinates":[-43.028523,-15.746838]}},{"type":"Feature","properties":{"municipio":"eff0376c-fba6-4fb0-b048-ee52409c968f","title":"MG - PONTE NOVA","tipo":"FGV","url":"\/dashboard\/details-assets\/eff0376c-fba6-4fb0-b048-ee52409c968f"},"geometry":{"type":"Point","coordinates":[-42.909684,-20.416643]}},{"type":"Feature","properties":{"municipio":"e18c0016-0ce0-4b97-a504-fb876c1c12df","title":"MG - POCOS DE CALDAS","tipo":"FGV","url":"\/dashboard\/details-assets\/e18c0016-0ce0-4b97-a504-fb876c1c12df"},"geometry":{"type":"Point","coordinates":[-46.56641,-21.787364]}},{"type":"Feature","properties":{"municipio":"62a93bb6-fbcc-4d84-b75e-53679a1b1e08","title":"MG - PIRAPORA","tipo":"FGV","url":"\/dashboard\/details-assets\/62a93bb6-fbcc-4d84-b75e-53679a1b1e08"},"geometry":{"type":"Point","coordinates":[-44.951065,-17.349582]}},{"type":"Feature","properties":{"municipio":"009f5c0c-7612-4365-8028-b6bd48f4a270","title":"MG - PATROCINIO","tipo":"FGV","url":"\/dashboard\/details-assets\/009f5c0c-7612-4365-8028-b6bd48f4a270"},"geometry":{"type":"Point","coordinates":[-46.997438,-18.940813]}},{"type":"Feature","properties":{"municipio":"af4693e5-1a73-483b-9528-86271ecc8924","title":"MG - PATOS DE MINAS","tipo":"FGV","url":"\/dashboard\/details-assets\/af4693e5-1a73-483b-9528-86271ecc8924"},"geometry":{"type":"Point","coordinates":[-46.515916,-18.592571]}},{"type":"Feature","properties":{"municipio":"3a560868-3588-436d-8cca-9b8c32010652","title":"MG - PASSOS","tipo":"FGV","url":"\/dashboard\/details-assets\/3a560868-3588-436d-8cca-9b8c32010652"},"geometry":{"type":"Point","coordinates":[-46.611413,-20.719212]}},{"type":"Feature","properties":{"municipio":"5856d81e-9626-4269-ba35-11f220b289e2","title":"MG - PARACATU","tipo":"FGV","url":"\/dashboard\/details-assets\/5856d81e-9626-4269-ba35-11f220b289e2"},"geometry":{"type":"Point","coordinates":[-46.875419,-17.219742]}},{"type":"Feature","properties":{"municipio":"e50b4deb-35cc-4668-817e-5d46061a86c7","title":"MG - PARA DE MINAS","tipo":"FGV","url":"\/dashboard\/details-assets\/e50b4deb-35cc-4668-817e-5d46061a86c7"},"geometry":{"type":"Point","coordinates":[-44.60538,-19.864738]}},{"type":"Feature","properties":{"municipio":"d55b9ed0-cd71-41bc-b012-433dbeecbe21","title":"MG - OURO PRETO","tipo":"FGV","url":"\/dashboard\/details-assets\/d55b9ed0-cd71-41bc-b012-433dbeecbe21"},"geometry":{"type":"Point","coordinates":[-43.506448,-20.386776]}},{"type":"Feature","properties":{"municipio":"f36d300e-f960-4f1a-b25d-03009b72de3d","title":"MG - NOVA SERRANA","tipo":"FGV","url":"\/dashboard\/details-assets\/f36d300e-f960-4f1a-b25d-03009b72de3d"},"geometry":{"type":"Point","coordinates":[-44.985083,-19.871778]}},{"type":"Feature","properties":{"municipio":"a59e2348-d64f-4f10-95df-815b9244e471","title":"MG - NOVA LIMA","tipo":"FGV","url":"\/dashboard\/details-assets\/a59e2348-d64f-4f10-95df-815b9244e471"},"geometry":{"type":"Point","coordinates":[-43.849783,-19.983893]}},{"type":"Feature","properties":{"municipio":"02714cc9-2f06-40b1-9215-345be78de91d","title":"MG - MUZAMBINHO","tipo":"FGV","url":"\/dashboard\/details-assets\/02714cc9-2f06-40b1-9215-345be78de91d"},"geometry":{"type":"Point","coordinates":[-46.526805,-21.373013]}},{"type":"Feature","properties":{"municipio":"991f3ef6-e8b8-4263-ba31-38a2944b549a","title":"MG - MURIAE","tipo":"FGV","url":"\/dashboard\/details-assets\/991f3ef6-e8b8-4263-ba31-38a2944b549a"},"geometry":{"type":"Point","coordinates":[-42.361075,-21.132047]}},{"type":"Feature","properties":{"municipio":"d3d237e1-8594-481f-8988-7827ce1136aa","title":"MG - MONTES CLAROS","tipo":"FGV","url":"\/dashboard\/details-assets\/d3d237e1-8594-481f-8988-7827ce1136aa"},"geometry":{"type":"Point","coordinates":[-43.865422,-16.722707]}},{"type":"Feature","properties":{"municipio":"13f74d00-1a01-4b3d-af6c-7f220926ea89","title":"MG - MONTE CARMELO","tipo":"FGV","url":"\/dashboard\/details-assets\/13f74d00-1a01-4b3d-af6c-7f220926ea89"},"geometry":{"type":"Point","coordinates":[-47.495972,-18.729038]}},{"type":"Feature","properties":{"municipio":"488f26df-747b-464a-96f2-3684fdd00720","title":"MG - MARIANA","tipo":"FGV","url":"\/dashboard\/details-assets\/488f26df-747b-464a-96f2-3684fdd00720"},"geometry":{"type":"Point","coordinates":[-43.41614,-20.374493]}},{"type":"Feature","properties":{"municipio":"e2936cb5-0492-4577-b927-b073d2904b18","title":"MG - MANHUACU","tipo":"FGV","url":"\/dashboard\/details-assets\/e2936cb5-0492-4577-b927-b073d2904b18"},"geometry":{"type":"Point","coordinates":[-42.033848,-20.25868]}},{"type":"Feature","properties":{"municipio":"308071aa-4f83-4b51-8eca-fbd8adbc3539","title":"MG - MACHADO","tipo":"FGV","url":"\/dashboard\/details-assets\/308071aa-4f83-4b51-8eca-fbd8adbc3539"},"geometry":{"type":"Point","coordinates":[-45.921764,-21.678354]}},{"type":"Feature","properties":{"municipio":"31522417-0d0f-4ad9-9d2b-b6b82312c168","title":"MG - LEOPOLDINA","tipo":"FGV","url":"\/dashboard\/details-assets\/31522417-0d0f-4ad9-9d2b-b6b82312c168"},"geometry":{"type":"Point","coordinates":[-42.641844,-21.530729]}},{"type":"Feature","properties":{"municipio":"dd88843e-65a7-4647-b124-fce5edcf39ef","title":"MG - LAVRAS","tipo":"FGV","url":"\/dashboard\/details-assets\/dd88843e-65a7-4647-b124-fce5edcf39ef"},"geometry":{"type":"Point","coordinates":[-44.999931,-21.24287]}},{"type":"Feature","properties":{"municipio":"179afe6e-cf9e-49e9-b24d-8269990da8f3","title":"MG - LAGOA SANTA","tipo":"FGV","url":"\/dashboard\/details-assets\/179afe6e-cf9e-49e9-b24d-8269990da8f3"},"geometry":{"type":"Point","coordinates":[-51.404616,-19.183607]}},{"type":"Feature","properties":{"municipio":"73c24cbd-19d3-45f0-ae86-1cf9e4618e79","title":"MG - JUIZ DE FORA","tipo":"FGV","url":"\/dashboard\/details-assets\/73c24cbd-19d3-45f0-ae86-1cf9e4618e79"},"geometry":{"type":"Point","coordinates":[-43.348817,-21.760924]}},{"type":"Feature","properties":{"municipio":"2481b240-2264-4278-a18a-6efb58ceb6a7","title":"MG - JOAO MONLEVADE","tipo":"FGV","url":"\/dashboard\/details-assets\/2481b240-2264-4278-a18a-6efb58ceb6a7"},"geometry":{"type":"Point","coordinates":[-43.174571,-19.805639]}},{"type":"Feature","properties":{"municipio":"14ce82a0-a42e-455d-be8c-2f7cedfa405a","title":"MG - JOAO PINHEIRO","tipo":"FGV","url":"\/dashboard\/details-assets\/14ce82a0-a42e-455d-be8c-2f7cedfa405a"},"geometry":{"type":"Point","coordinates":[-46.175464,-17.741853]}},{"type":"Feature","properties":{"municipio":"6feb3915-7a8e-46bd-8103-7ea53b750d54","title":"MG - JANUARIA","tipo":"FGV","url":"\/dashboard\/details-assets\/6feb3915-7a8e-46bd-8103-7ea53b750d54"},"geometry":{"type":"Point","coordinates":[-44.359805,-15.487873]}},{"type":"Feature","properties":{"municipio":"87cf34c7-3e6a-4d22-bce4-49dda38538c0","title":"MG - JANAUBA","tipo":"FGV","url":"\/dashboard\/details-assets\/87cf34c7-3e6a-4d22-bce4-49dda38538c0"},"geometry":{"type":"Point","coordinates":[-43.307683,-15.799028]}},{"type":"Feature","properties":{"municipio":"87dd8534-d828-4c04-9824-24e9e65bc187","title":"MG - ITAUNA","tipo":"FGV","url":"\/dashboard\/details-assets\/87dd8534-d828-4c04-9824-24e9e65bc187"},"geometry":{"type":"Point","coordinates":[-44.578277,-20.074436]}},{"type":"Feature","properties":{"municipio":"201f3fa9-60ef-4f25-9287-d1848068391d","title":"MG - ITUIUTABA","tipo":"FGV","url":"\/dashboard\/details-assets\/201f3fa9-60ef-4f25-9287-d1848068391d"},"geometry":{"type":"Point","coordinates":[-49.462235,-18.973068]}},{"type":"Feature","properties":{"municipio":"fe54b99b-84f5-4131-95f9-f67948fb8f2a","title":"MG - ITAMARANDIBA","tipo":"FGV","url":"\/dashboard\/details-assets\/fe54b99b-84f5-4131-95f9-f67948fb8f2a"},"geometry":{"type":"Point","coordinates":[-42.849158,-17.858517]}},{"type":"Feature","properties":{"municipio":"247912ca-68e3-47b9-8126-5f7a28d2835f","title":"MG - ITAJUBA","tipo":"FGV","url":"\/dashboard\/details-assets\/247912ca-68e3-47b9-8126-5f7a28d2835f"},"geometry":{"type":"Point","coordinates":[-45.464583,-22.430601]}},{"type":"Feature","properties":{"municipio":"efea7f21-d64b-48d2-bfea-637552fba7ae","title":"MG - ITABIRA","tipo":"FGV","url":"\/dashboard\/details-assets\/efea7f21-d64b-48d2-bfea-637552fba7ae"},"geometry":{"type":"Point","coordinates":[-43.223952,-19.638169]}},{"type":"Feature","properties":{"municipio":"c0c13e11-49e0-428d-aece-e48e52fb38c4","title":"MG - IPATINGA","tipo":"FGV","url":"\/dashboard\/details-assets\/c0c13e11-49e0-428d-aece-e48e52fb38c4"},"geometry":{"type":"Point","coordinates":[-42.520351,-19.481032]}},{"type":"Feature","properties":{"municipio":"448f13fa-fb4a-4b4f-8991-ea47c6cf87f8","title":"MG - INCONFIDENTES","tipo":"FGV","url":"\/dashboard\/details-assets\/448f13fa-fb4a-4b4f-8991-ea47c6cf87f8"},"geometry":{"type":"Point","coordinates":[-46.324269,-22.32094]}},{"type":"Feature","properties":{"municipio":"8a52b6e0-2b1b-4f95-ad3b-4416766aa00e","title":"MG - GUAXUPE","tipo":"FGV","url":"\/dashboard\/details-assets\/8a52b6e0-2b1b-4f95-ad3b-4416766aa00e"},"geometry":{"type":"Point","coordinates":[-46.713537,-21.303781]}},{"type":"Feature","properties":{"municipio":"b13cdd0d-d4b3-4c9e-bf6b-2e61f9079f04","title":"MG - IBIRITE","tipo":"FGV","url":"\/dashboard\/details-assets\/b13cdd0d-d4b3-4c9e-bf6b-2e61f9079f04"},"geometry":{"type":"Point","coordinates":[-44.056665,-20.028038]}},{"type":"Feature","properties":{"municipio":"139bdd30-a702-4c6c-be56-c948aff0ead6","title":"MG - GUANHAES","tipo":"FGV","url":"\/dashboard\/details-assets\/139bdd30-a702-4c6c-be56-c948aff0ead6"},"geometry":{"type":"Point","coordinates":[-42.937049,-18.777151]}},{"type":"Feature","properties":{"municipio":"de2aa51a-1069-4e24-bc50-0804722d6b52","title":"MG - GOVERNADOR VALADARES","tipo":"FGV","url":"\/dashboard\/details-assets\/de2aa51a-1069-4e24-bc50-0804722d6b52"},"geometry":{"type":"Point","coordinates":[-41.947081,-18.852882]}},{"type":"Feature","properties":{"municipio":"3ea931f6-7b8f-422b-841e-3090c47e4c63","title":"MG - FRUTAL","tipo":"FGV","url":"\/dashboard\/details-assets\/3ea931f6-7b8f-422b-841e-3090c47e4c63"},"geometry":{"type":"Point","coordinates":[-48.939154,-20.025898]}},{"type":"Feature","properties":{"municipio":"4d64c90b-dfbc-4440-8f8d-223851e04944","title":"MG - FORMIGA","tipo":"FGV","url":"\/dashboard\/details-assets\/4d64c90b-dfbc-4440-8f8d-223851e04944"},"geometry":{"type":"Point","coordinates":[-45.427219,-20.462346]}},{"type":"Feature","properties":{"municipio":"720f806d-b03e-44b3-8005-8b314eac243f","title":"MG - DIVINOPOLIS","tipo":"FGV","url":"\/dashboard\/details-assets\/720f806d-b03e-44b3-8005-8b314eac243f"},"geometry":{"type":"Point","coordinates":[-44.893886,-20.142074]}},{"type":"Feature","properties":{"municipio":"2989fbb0-de45-430e-b36b-216ccf9dd3dd","title":"MG - DIAMANTINA","tipo":"FGV","url":"\/dashboard\/details-assets\/2989fbb0-de45-430e-b36b-216ccf9dd3dd"},"geometry":{"type":"Point","coordinates":[-43.594457,-18.242093]}},{"type":"Feature","properties":{"municipio":"186489b8-d8db-4618-ac93-e7cfdf3ad105","title":"MG - CURVELO","tipo":"FGV","url":"\/dashboard\/details-assets\/186489b8-d8db-4618-ac93-e7cfdf3ad105"},"geometry":{"type":"Point","coordinates":[-44.428399,-18.755481]}},{"type":"Feature","properties":{"municipio":"bf3bf23e-7363-413c-bfbf-5ee2472f4eaa","title":"MG - CORONEL FABRICIANO","tipo":"FGV","url":"\/dashboard\/details-assets\/bf3bf23e-7363-413c-bfbf-5ee2472f4eaa"},"geometry":{"type":"Point","coordinates":[-42.624347,-19.525053]}},{"type":"Feature","properties":{"municipio":"c8354cf6-fe20-4e0d-9d5f-30a9400f29d0","title":"MG - CONTAGEM","tipo":"FGV","url":"\/dashboard\/details-assets\/c8354cf6-fe20-4e0d-9d5f-30a9400f29d0"},"geometry":{"type":"Point","coordinates":[-44.066345,-19.943446]}},{"type":"Feature","properties":{"municipio":"e656601c-9186-40a4-a7e6-7e1ad5081e75","title":"MG - CONSELHEIRO LAFAIETE","tipo":"FGV","url":"\/dashboard\/details-assets\/e656601c-9186-40a4-a7e6-7e1ad5081e75"},"geometry":{"type":"Point","coordinates":[-43.788445,-20.660852]}},{"type":"Feature","properties":{"municipio":"e5eee530-852c-45c9-9466-e9e22656ab2f","title":"MG - CONGONHAS","tipo":"FGV","url":"\/dashboard\/details-assets\/e5eee530-852c-45c9-9466-e9e22656ab2f"},"geometry":{"type":"Point","coordinates":[-43.856893,-20.504643]}},{"type":"Feature","properties":{"municipio":"02b37cbe-169a-4b74-a604-256e6845177d","title":"MG - CARATINGA","tipo":"FGV","url":"\/dashboard\/details-assets\/02b37cbe-169a-4b74-a604-256e6845177d"},"geometry":{"type":"Point","coordinates":[-42.143707,-19.789635]}},{"type":"Feature","properties":{"municipio":"f2ed3612-2afa-4d66-92f2-9154534199c7","title":"MG - CARANGOLA","tipo":"FGV","url":"\/dashboard\/details-assets\/f2ed3612-2afa-4d66-92f2-9154534199c7"},"geometry":{"type":"Point","coordinates":[-42.032225,-20.732551]}},{"type":"Feature","properties":{"municipio":"1099b7f9-73db-4d8f-8704-439bdd1e8a31","title":"MG - CAPELINHA","tipo":"FGV","url":"\/dashboard\/details-assets\/1099b7f9-73db-4d8f-8704-439bdd1e8a31"},"geometry":{"type":"Point","coordinates":[-42.516075,-17.695385]}},{"type":"Feature","properties":{"municipio":"b911cc0e-e944-426c-b3b9-11ca37eccb62","title":"MG - CAMPO BELO","tipo":"FGV","url":"\/dashboard\/details-assets\/b911cc0e-e944-426c-b3b9-11ca37eccb62"},"geometry":{"type":"Point","coordinates":[-45.272136,-20.893836]}},{"type":"Feature","properties":{"municipio":"b9cd934a-7079-418c-be0b-a98146b8f66b","title":"MG - BOM DESPACHO","tipo":"FGV","url":"\/dashboard\/details-assets\/b9cd934a-7079-418c-be0b-a98146b8f66b"},"geometry":{"type":"Point","coordinates":[-45.254115,-19.737596]}},{"type":"Feature","properties":{"municipio":"63cb02ef-289e-43ac-8ff2-bcaa509fa5f7","title":"MG - BETIM","tipo":"FGV","url":"\/dashboard\/details-assets\/63cb02ef-289e-43ac-8ff2-bcaa509fa5f7"},"geometry":{"type":"Point","coordinates":[-44.197551,-19.965379]}},{"type":"Feature","properties":{"municipio":"10f59b1e-acd2-450c-8913-60602ed74557","title":"MG - BELO HORIZONTE","tipo":"FGV","url":"\/dashboard\/details-assets\/10f59b1e-acd2-450c-8913-60602ed74557"},"geometry":{"type":"Point","coordinates":[-43.926453,-19.937524]}},{"type":"Feature","properties":{"municipio":"63cd8546-75ea-4b79-a36e-72d2216e8bbb","title":"MG - ARAXA","tipo":"FGV","url":"\/dashboard\/details-assets\/63cd8546-75ea-4b79-a36e-72d2216e8bbb"},"geometry":{"type":"Point","coordinates":[-46.94001,-19.59133]}},{"type":"Feature","properties":{"municipio":"c3842de9-cd8e-4316-b1a7-79242815190f","title":"MG - BARBACENA","tipo":"FGV","url":"\/dashboard\/details-assets\/c3842de9-cd8e-4316-b1a7-79242815190f"},"geometry":{"type":"Point","coordinates":[-43.776193,-21.224915]}},{"type":"Feature","properties":{"municipio":"1054dfe2-1f88-4b27-ae4d-daae9b08ddee","title":"MG - ARAGUARI","tipo":"FGV","url":"\/dashboard\/details-assets\/1054dfe2-1f88-4b27-ae4d-daae9b08ddee"},"geometry":{"type":"Point","coordinates":[-48.191605,-18.64827]}},{"type":"Feature","properties":{"municipio":"79f5264d-4450-49e8-b1db-fff06034be4a","title":"MG - ARACUAI","tipo":"FGV","url":"\/dashboard\/details-assets\/79f5264d-4450-49e8-b1db-fff06034be4a"},"geometry":{"type":"Point","coordinates":[-42.064207,-16.851781]}},{"type":"Feature","properties":{"municipio":"cc21a077-166d-4971-a030-bed16d414288","title":"MG - ALMENARA","tipo":"FGV","url":"\/dashboard\/details-assets\/cc21a077-166d-4971-a030-bed16d414288"},"geometry":{"type":"Point","coordinates":[-40.697651,-16.180616]}},{"type":"Feature","properties":{"municipio":"4739cc83-cccf-43e6-bc90-3a33bfbe39e3","title":"MG - ALFENAS","tipo":"FGV","url":"\/dashboard\/details-assets\/4739cc83-cccf-43e6-bc90-3a33bfbe39e3"},"geometry":{"type":"Point","coordinates":[-45.948918,-21.428178]}},{"type":"Feature","properties":{"municipio":"ced770a2-6a73-4c23-a7ff-2e495832cdc9","title":"MA - VIANA","tipo":"FGV","url":"\/dashboard\/details-assets\/ced770a2-6a73-4c23-a7ff-2e495832cdc9"},"geometry":{"type":"Point","coordinates":[-40.495624,-2.0390863]}},{"type":"Feature","properties":{"municipio":"a3db954b-f724-43af-9556-67d657e3f45e","title":"MA - ZE DOCA","tipo":"FGV","url":"\/dashboard\/details-assets\/a3db954b-f724-43af-9556-67d657e3f45e"},"geometry":{"type":"Point","coordinates":[-45.657698,-3.27548]}},{"type":"Feature","properties":{"municipio":"9c0a6c6c-a0c0-49f8-9fcd-df2d763640dc","title":"MA - TIMON","tipo":"FGV","url":"\/dashboard\/details-assets\/9c0a6c6c-a0c0-49f8-9fcd-df2d763640dc"},"geometry":{"type":"Point","coordinates":[-42.833728,-5.100681]}},{"type":"Feature","properties":{"municipio":"8e446b9b-f95e-4784-9993-b80121d3b625","title":"MA - SAO LUIS","tipo":"FGV","url":"\/dashboard\/details-assets\/8e446b9b-f95e-4784-9993-b80121d3b625"},"geometry":{"type":"Point","coordinates":[-44.297919,-2.531886]}},{"type":"Feature","properties":{"municipio":"098fe6e3-f78a-4e97-ac90-9b92e0fe1a9b","title":"MA - SAO JOSE DE RIBAMAR","tipo":"FGV","url":"\/dashboard\/details-assets\/098fe6e3-f78a-4e97-ac90-9b92e0fe1a9b"},"geometry":{"type":"Point","coordinates":[-44.057548,-2.555859]}},{"type":"Feature","properties":{"municipio":"554a1339-b54e-4afe-a860-de8b7cc2036e","title":"MA - SAO JOAO DOS PATOS","tipo":"FGV","url":"\/dashboard\/details-assets\/554a1339-b54e-4afe-a860-de8b7cc2036e"},"geometry":{"type":"Point","coordinates":[-43.70291,-6.498208]}},{"type":"Feature","properties":{"municipio":"196c83cd-68d7-410a-b16b-d0940792eae3","title":"MA - SANTA INES","tipo":"FGV","url":"\/dashboard\/details-assets\/196c83cd-68d7-410a-b16b-d0940792eae3"},"geometry":{"type":"Point","coordinates":[-45.383971,-3.664429]}},{"type":"Feature","properties":{"municipio":"b15264e8-cc36-479c-9dc5-52e21d56e76b","title":"MA - PINHEIRO","tipo":"FGV","url":"\/dashboard\/details-assets\/b15264e8-cc36-479c-9dc5-52e21d56e76b"},"geometry":{"type":"Point","coordinates":[-45.083927,-2.52274]}},{"type":"Feature","properties":{"municipio":"d40054e6-b1b1-489f-8c37-c5bdea82aa1f","title":"MA - PRESIDENTE DUTRA","tipo":"FGV","url":"\/dashboard\/details-assets\/d40054e6-b1b1-489f-8c37-c5bdea82aa1f"},"geometry":{"type":"Point","coordinates":[-44.492919,-5.282374]}},{"type":"Feature","properties":{"municipio":"9059effb-8d44-4f38-b0e8-d7544332e0a4","title":"MA - PEDREIRAS","tipo":"FGV","url":"\/dashboard\/details-assets\/9059effb-8d44-4f38-b0e8-d7544332e0a4"},"geometry":{"type":"Point","coordinates":[-44.603735,-4.569351]}},{"type":"Feature","properties":{"municipio":"1495d78f-8082-4829-beec-d90c49977167","title":"MA - LAGO DA PEDRA","tipo":"FGV","url":"\/dashboard\/details-assets\/1495d78f-8082-4829-beec-d90c49977167"},"geometry":{"type":"Point","coordinates":[-45.125891,-4.564745]}},{"type":"Feature","properties":{"municipio":"1f95fcd2-4aba-4e89-ab5e-8bd0fa726ecc","title":"MA - PACO DO LUMIAR","tipo":"FGV","url":"\/dashboard\/details-assets\/1f95fcd2-4aba-4e89-ab5e-8bd0fa726ecc"},"geometry":{"type":"Point","coordinates":[-44.098692,-2.528063]}},{"type":"Feature","properties":{"municipio":"3ac09ea3-72ec-4151-a5d5-3dd41f6d24ad","title":"MA - ITAPECURU MIRIM","tipo":"FGV","url":"\/dashboard\/details-assets\/3ac09ea3-72ec-4151-a5d5-3dd41f6d24ad"},"geometry":{"type":"Point","coordinates":[-44.354263,-3.399045]}},{"type":"Feature","properties":{"municipio":"c479e8a3-ab03-47d0-b54d-b3cd6e2c14a0","title":"MA - IMPERATRIZ","tipo":"FGV","url":"\/dashboard\/details-assets\/c479e8a3-ab03-47d0-b54d-b3cd6e2c14a0"},"geometry":{"type":"Point","coordinates":[-47.479811,-5.526524]}},{"type":"Feature","properties":{"municipio":"ba84076d-7c7a-49e0-97f3-d8b1068442cb","title":"MA - CODO","tipo":"FGV","url":"\/dashboard\/details-assets\/ba84076d-7c7a-49e0-97f3-d8b1068442cb"},"geometry":{"type":"Point","coordinates":[-43.88608,-4.451338]}},{"type":"Feature","properties":{"municipio":"65aee92f-5224-41eb-b517-85d4e62ea492","title":"MA - COELHO NETO","tipo":"FGV","url":"\/dashboard\/details-assets\/65aee92f-5224-41eb-b517-85d4e62ea492"},"geometry":{"type":"Point","coordinates":[-43.014014,-4.254738]}},{"type":"Feature","properties":{"municipio":"f559296c-d250-4ce7-899c-3e87e4820fe9","title":"MA - CHAPADINHA","tipo":"FGV","url":"\/dashboard\/details-assets\/f559296c-d250-4ce7-899c-3e87e4820fe9"},"geometry":{"type":"Point","coordinates":[-43.361121,-3.740025]}},{"type":"Feature","properties":{"municipio":"b5bcafe7-65f6-4ecf-9656-5613f0f39728","title":"MA - CAXIAS","tipo":"FGV","url":"\/dashboard\/details-assets\/b5bcafe7-65f6-4ecf-9656-5613f0f39728"},"geometry":{"type":"Point","coordinates":[-43.358539,-4.861675]}},{"type":"Feature","properties":{"municipio":"871b55a5-7046-4a3f-84d3-251990fc42fa","title":"MA - BURITICUPU","tipo":"FGV","url":"\/dashboard\/details-assets\/871b55a5-7046-4a3f-84d3-251990fc42fa"},"geometry":{"type":"Point","coordinates":[-46.451495,-4.325948]}},{"type":"Feature","properties":{"municipio":"f70d0157-06b2-42b0-a2e7-43a2f14ccc67","title":"MA - BARRA DO CORDA","tipo":"FGV","url":"\/dashboard\/details-assets\/f70d0157-06b2-42b0-a2e7-43a2f14ccc67"},"geometry":{"type":"Point","coordinates":[-45.239011,-5.508339]}},{"type":"Feature","properties":{"municipio":"c5dc250a-e112-4196-8ae5-6db6fea279e3","title":"MA - BALSAS","tipo":"FGV","url":"\/dashboard\/details-assets\/c5dc250a-e112-4196-8ae5-6db6fea279e3"},"geometry":{"type":"Point","coordinates":[-46.038993,-7.53117]}},{"type":"Feature","properties":{"municipio":"12be2a0b-837d-440a-9011-9dd6773615df","title":"MA - BACABEIRA","tipo":"FGV","url":"\/dashboard\/details-assets\/12be2a0b-837d-440a-9011-9dd6773615df"},"geometry":{"type":"Point","coordinates":[-44.31,-2.97]}},{"type":"Feature","properties":{"municipio":"47abd183-ae52-416b-8e56-38f0533bf897","title":"MA - BACABAL","tipo":"FGV","url":"\/dashboard\/details-assets\/47abd183-ae52-416b-8e56-38f0533bf897"},"geometry":{"type":"Point","coordinates":[-44.781556,-4.231525]}},{"type":"Feature","properties":{"municipio":"e66a1674-c1a8-4423-b6d7-34f876024185","title":"MA - ACAILANDIA","tipo":"FGV","url":"\/dashboard\/details-assets\/e66a1674-c1a8-4423-b6d7-34f876024185"},"geometry":{"type":"Point","coordinates":[-47.506665,-4.951377]}},{"type":"Feature","properties":{"municipio":"f1fbc52f-1d6d-4395-b2c1-7790b254a5c0","title":"GO - VIANOPOLIS","tipo":"FGV","url":"\/dashboard\/details-assets\/f1fbc52f-1d6d-4395-b2c1-7790b254a5c0"},"geometry":{"type":"Point","coordinates":[-48.5158,-16.7419]}},{"type":"Feature","properties":{"municipio":"a99968f4-20c5-42f2-9828-33dd0215d4d4","title":"GO - VALPARAISO DE GOIAS","tipo":"FGV","url":"\/dashboard\/details-assets\/a99968f4-20c5-42f2-9828-33dd0215d4d4"},"geometry":{"type":"Point","coordinates":[-47.976112,-16.06553]}},{"type":"Feature","properties":{"municipio":"5e7b3c62-3937-413e-9967-91fa94ed118f","title":"GO - URUACU","tipo":"FGV","url":"\/dashboard\/details-assets\/5e7b3c62-3937-413e-9967-91fa94ed118f"},"geometry":{"type":"Point","coordinates":[-49.147486,-14.52022]}},{"type":"Feature","properties":{"municipio":"58a04598-12af-4956-9947-6d6611bcebb2","title":"GO - TRINDADE","tipo":"FGV","url":"\/dashboard\/details-assets\/58a04598-12af-4956-9947-6d6611bcebb2"},"geometry":{"type":"Point","coordinates":[-49.489099,-16.65535]}},{"type":"Feature","properties":{"municipio":"7d051907-a9b9-4e91-99e1-ebade41b29f5","title":"GO - SENADOR CANEDO","tipo":"FGV","url":"\/dashboard\/details-assets\/7d051907-a9b9-4e91-99e1-ebade41b29f5"},"geometry":{"type":"Point","coordinates":[-49.087967,-16.718575]}},{"type":"Feature","properties":{"municipio":"ce9c38f9-7bff-4492-8cb6-48e01b0746d2","title":"GO - SAO MIGUEL DO ARAGUAIA","tipo":"FGV","url":"\/dashboard\/details-assets\/ce9c38f9-7bff-4492-8cb6-48e01b0746d2"},"geometry":{"type":"Point","coordinates":[-50.163838,-13.276024]}},{"type":"Feature","properties":{"municipio":"8bb101bd-5f46-4fe4-a5f5-8a3c8eb72e8b","title":"GO - SAO LUIS DE MONTES BELOS","tipo":"FGV","url":"\/dashboard\/details-assets\/8bb101bd-5f46-4fe4-a5f5-8a3c8eb72e8b"},"geometry":{"type":"Point","coordinates":[-50.373084,-16.521513]}},{"type":"Feature","properties":{"municipio":"4e023b9c-39e4-440f-95d4-9d1ff5f337f5","title":"GO - SANTA TEREZINHA DE GOIAS","tipo":"FGV","url":"\/dashboard\/details-assets\/4e023b9c-39e4-440f-95d4-9d1ff5f337f5"},"geometry":{"type":"Point","coordinates":[-49.6955,-14.4333]}},{"type":"Feature","properties":{"municipio":"0e577f59-0547-46bd-8ad6-0f51c971fd8f","title":"GO - SANTA HELENA DE GOIAS","tipo":"FGV","url":"\/dashboard\/details-assets\/0e577f59-0547-46bd-8ad6-0f51c971fd8f"},"geometry":{"type":"Point","coordinates":[-50.598443,-17.812355]}},{"type":"Feature","properties":{"municipio":"ca048733-90c6-4554-b863-40223902d1f1","title":"GO - RUBIATABA","tipo":"FGV","url":"\/dashboard\/details-assets\/ca048733-90c6-4554-b863-40223902d1f1"},"geometry":{"type":"Point","coordinates":[-49.80341,-15.164313]}},{"type":"Feature","properties":{"municipio":"850422c7-5221-49b9-845a-56b38b2c2846","title":"GO - RIO VERDE","tipo":"FGV","url":"\/dashboard\/details-assets\/850422c7-5221-49b9-845a-56b38b2c2846"},"geometry":{"type":"Point","coordinates":[-50.929681,-17.794543]}},{"type":"Feature","properties":{"municipio":"112434a1-9634-4c05-bc02-24239967c384","title":"GO - QUIRINOPOLIS","tipo":"FGV","url":"\/dashboard\/details-assets\/112434a1-9634-4c05-bc02-24239967c384"},"geometry":{"type":"Point","coordinates":[-50.452263,-18.451507]}},{"type":"Feature","properties":{"municipio":"235b2a53-a59d-4d5c-9517-d1b901629645","title":"GO - POSSE","tipo":"FGV","url":"\/dashboard\/details-assets\/235b2a53-a59d-4d5c-9517-d1b901629645"},"geometry":{"type":"Point","coordinates":[-46.36201,-14.087734]}},{"type":"Feature","properties":{"municipio":"9e870f9f-21ca-4539-acd2-d872d10367f7","title":"GO - PORANGATU","tipo":"FGV","url":"\/dashboard\/details-assets\/9e870f9f-21ca-4539-acd2-d872d10367f7"},"geometry":{"type":"Point","coordinates":[-49.146226,-13.442186]}},{"type":"Feature","properties":{"municipio":"1f23b174-1cf6-48b6-b561-9d93780dffc8","title":"GO - PIRES DO RIO","tipo":"FGV","url":"\/dashboard\/details-assets\/1f23b174-1cf6-48b6-b561-9d93780dffc8"},"geometry":{"type":"Point","coordinates":[-48.280293,-17.300581]}},{"type":"Feature","properties":{"municipio":"1c855bba-db95-48e2-a741-9c465b9c88d8","title":"GO - PLANALTINA","tipo":"FGV","url":"\/dashboard\/details-assets\/1c855bba-db95-48e2-a741-9c465b9c88d8"},"geometry":{"type":"Point","coordinates":[-47.614847,-15.45311]}},{"type":"Feature","properties":{"municipio":"8dbb6e97-42f8-420a-a6a1-a4f783d2253f","title":"GO - NOVO GAMA","tipo":"FGV","url":"\/dashboard\/details-assets\/8dbb6e97-42f8-420a-a6a1-a4f783d2253f"},"geometry":{"type":"Point","coordinates":[-48.037211,-16.056078]}},{"type":"Feature","properties":{"municipio":"7de5bd15-3ee6-4ff1-836e-4f56fda6788f","title":"GO - MORRINHOS","tipo":"FGV","url":"\/dashboard\/details-assets\/7de5bd15-3ee6-4ff1-836e-4f56fda6788f"},"geometry":{"type":"Point","coordinates":[-49.110177,-17.735271]}},{"type":"Feature","properties":{"municipio":"0bcbed1c-b0e6-45de-873a-faa37d1f1dcd","title":"GO - MINEIROS","tipo":"FGV","url":"\/dashboard\/details-assets\/0bcbed1c-b0e6-45de-873a-faa37d1f1dcd"},"geometry":{"type":"Point","coordinates":[-52.554667,-17.566168]}},{"type":"Feature","properties":{"municipio":"318d1794-653e-4cfc-840f-e88a8211bc85","title":"GO - LUZIANIA","tipo":"FGV","url":"\/dashboard\/details-assets\/318d1794-653e-4cfc-840f-e88a8211bc85"},"geometry":{"type":"Point","coordinates":[-47.917822,-16.251468]}},{"type":"Feature","properties":{"municipio":"09066e67-2aec-4f95-8149-782bfc11632f","title":"GO - MINACU","tipo":"FGV","url":"\/dashboard\/details-assets\/09066e67-2aec-4f95-8149-782bfc11632f"},"geometry":{"type":"Point","coordinates":[-48.223908,-13.535094]}},{"type":"Feature","properties":{"municipio":"c08d9fd3-ce48-49f8-aa7a-b5ca1b72789b","title":"GO - JUSSARA","tipo":"FGV","url":"\/dashboard\/details-assets\/c08d9fd3-ce48-49f8-aa7a-b5ca1b72789b"},"geometry":{"type":"Point","coordinates":[-50.867558,-15.781682]}},{"type":"Feature","properties":{"municipio":"b6ae8b8d-1ae7-4f93-974c-918f5f88a04e","title":"GO - JATAI","tipo":"FGV","url":"\/dashboard\/details-assets\/b6ae8b8d-1ae7-4f93-974c-918f5f88a04e"},"geometry":{"type":"Point","coordinates":[-51.720818,-17.886232]}},{"type":"Feature","properties":{"municipio":"f17748a2-be6d-45a6-aa16-5205b31cf324","title":"GO - ITUMBIARA","tipo":"FGV","url":"\/dashboard\/details-assets\/f17748a2-be6d-45a6-aa16-5205b31cf324"},"geometry":{"type":"Point","coordinates":[-49.22087,-18.417682]}},{"type":"Feature","properties":{"municipio":"631842a8-12e8-4987-b50c-42898ac41dc3","title":"GO - ITABERAI","tipo":"FGV","url":"\/dashboard\/details-assets\/631842a8-12e8-4987-b50c-42898ac41dc3"},"geometry":{"type":"Point","coordinates":[-49.803479,-16.02113]}},{"type":"Feature","properties":{"municipio":"73164610-215c-4288-88c0-c10632e18ade","title":"GO - ITAPURANGA","tipo":"FGV","url":"\/dashboard\/details-assets\/73164610-215c-4288-88c0-c10632e18ade"},"geometry":{"type":"Point","coordinates":[-49.944493,-15.562331]}},{"type":"Feature","properties":{"municipio":"c3cc936f-00d8-4137-a3ae-f61fdeaec1cb","title":"GO - IPORA","tipo":"FGV","url":"\/dashboard\/details-assets\/c3cc936f-00d8-4137-a3ae-f61fdeaec1cb"},"geometry":{"type":"Point","coordinates":[-51.119595,-16.440003]}},{"type":"Feature","properties":{"municipio":"79ab527e-3ac1-4872-9fb3-55eaa1a5a924","title":"GO - INHUMAS","tipo":"FGV","url":"\/dashboard\/details-assets\/79ab527e-3ac1-4872-9fb3-55eaa1a5a924"},"geometry":{"type":"Point","coordinates":[-49.500225,-16.35996]}},{"type":"Feature","properties":{"municipio":"46da01d8-c26d-4cd6-ac71-192014ab86bb","title":"GO - GOIATUBA","tipo":"FGV","url":"\/dashboard\/details-assets\/46da01d8-c26d-4cd6-ac71-192014ab86bb"},"geometry":{"type":"Point","coordinates":[-49.367343,-17.978493]}},{"type":"Feature","properties":{"municipio":"33a5da85-b334-4f35-802b-29c919fdaf99","title":"GO - GOIAS","tipo":"FGV","url":"\/dashboard\/details-assets\/33a5da85-b334-4f35-802b-29c919fdaf99"},"geometry":{"type":"Point","coordinates":[-50.141384,-15.935743]}},{"type":"Feature","properties":{"municipio":"34b4d453-df4f-4a55-950b-e26003f3cdf8","title":"GO - GOIANIA","tipo":"FGV","url":"\/dashboard\/details-assets\/34b4d453-df4f-4a55-950b-e26003f3cdf8"},"geometry":{"type":"Point","coordinates":[-49.255814,-16.67331]}},{"type":"Feature","properties":{"municipio":"7cbd2b82-3dcb-4435-ae7a-a3a802da2510","title":"GO - GOIANESIA","tipo":"FGV","url":"\/dashboard\/details-assets\/7cbd2b82-3dcb-4435-ae7a-a3a802da2510"},"geometry":{"type":"Point","coordinates":[-49.11581,-15.322289]}},{"type":"Feature","properties":{"municipio":"2121acae-4829-4721-8815-3f4db01696d8","title":"GO - CEZARINA","tipo":"FGV","url":"\/dashboard\/details-assets\/2121acae-4829-4721-8815-3f4db01696d8"},"geometry":{"type":"Point","coordinates":[-49.7661,-16.9708]}},{"type":"Feature","properties":{"municipio":"0c9b837c-d45e-44e5-87fc-b771ee3c3ed8","title":"GO - FORMOSA","tipo":"FGV","url":"\/dashboard\/details-assets\/0c9b837c-d45e-44e5-87fc-b771ee3c3ed8"},"geometry":{"type":"Point","coordinates":[-47.33743,-15.540441]}},{"type":"Feature","properties":{"municipio":"0d95239c-0cf5-424b-9d45-3b89c78ef61a","title":"GO - CERES","tipo":"FGV","url":"\/dashboard\/details-assets\/0d95239c-0cf5-424b-9d45-3b89c78ef61a"},"geometry":{"type":"Point","coordinates":[-49.603379,-15.309353]}},{"type":"Feature","properties":{"municipio":"5a811704-506b-4046-8b48-36b41fbeb230","title":"GO - CATALAO","tipo":"FGV","url":"\/dashboard\/details-assets\/5a811704-506b-4046-8b48-36b41fbeb230"},"geometry":{"type":"Point","coordinates":[-47.947703,-18.169573]}},{"type":"Feature","properties":{"municipio":"76d84976-fa23-41a9-8d95-23f66023be78","title":"GO - CAMPOS BELOS","tipo":"FGV","url":"\/dashboard\/details-assets\/76d84976-fa23-41a9-8d95-23f66023be78"},"geometry":{"type":"Point","coordinates":[-46.770783,-13.036724]}},{"type":"Feature","properties":{"municipio":"ef287707-7a7c-44cd-920f-128df831f537","title":"GO - CALDAS NOVAS","tipo":"FGV","url":"\/dashboard\/details-assets\/ef287707-7a7c-44cd-920f-128df831f537"},"geometry":{"type":"Point","coordinates":[-48.621197,-17.743539]}},{"type":"Feature","properties":{"municipio":"20b48b68-7223-4e9f-be78-686b17c89b68","title":"GO - APARECIDA DE GOIANIA","tipo":"FGV","url":"\/dashboard\/details-assets\/20b48b68-7223-4e9f-be78-686b17c89b68"},"geometry":{"type":"Point","coordinates":[-49.243326,-16.822146]}},{"type":"Feature","properties":{"municipio":"80d36e04-398c-4938-9a9f-bc1542c8d214","title":"GO - BELA VISTA DE GOIAS","tipo":"FGV","url":"\/dashboard\/details-assets\/80d36e04-398c-4938-9a9f-bc1542c8d214"},"geometry":{"type":"Point","coordinates":[-48.95,-16.9666]}},{"type":"Feature","properties":{"municipio":"0e0551e7-ca52-4821-9fdb-153c02389a81","title":"GO - ANAPOLIS","tipo":"FGV","url":"\/dashboard\/details-assets\/0e0551e7-ca52-4821-9fdb-153c02389a81"},"geometry":{"type":"Point","coordinates":[-48.953403,-16.328546]}},{"type":"Feature","properties":{"municipio":"5ce3e66e-bd88-49f1-aad1-2a09e446c9d3","title":"GO - AGUAS LINDAS DE GOIAS","tipo":"FGV","url":"\/dashboard\/details-assets\/5ce3e66e-bd88-49f1-aad1-2a09e446c9d3"},"geometry":{"type":"Point","coordinates":[-48.283444,-15.737939]}},{"type":"Feature","properties":{"municipio":"63dfbf88-4014-432b-834b-4c3f290540fe","title":"ES - VITORIA","tipo":"FGV","url":"\/dashboard\/details-assets\/63dfbf88-4014-432b-834b-4c3f290540fe"},"geometry":{"type":"Point","coordinates":[-40.322209,-20.320154]}},{"type":"Feature","properties":{"municipio":"7c219fd3-ac42-4d2a-9882-b8ff61037c08","title":"ES - VENDA NOVA DO IMIGRANTE","tipo":"FGV","url":"\/dashboard\/details-assets\/7c219fd3-ac42-4d2a-9882-b8ff61037c08"},"geometry":{"type":"Point","coordinates":[-41.129053,-20.331518]}},{"type":"Feature","properties":{"municipio":"732b1ed4-7002-494e-b909-eed8fdcd674d","title":"ES - VILA VELHA","tipo":"FGV","url":"\/dashboard\/details-assets\/732b1ed4-7002-494e-b909-eed8fdcd674d"},"geometry":{"type":"Point","coordinates":[-40.293957,-20.338374]}},{"type":"Feature","properties":{"municipio":"93943e10-f3bf-4e5d-bb89-639cbfdf0764","title":"ES - SERRA","tipo":"FGV","url":"\/dashboard\/details-assets\/93943e10-f3bf-4e5d-bb89-639cbfdf0764"},"geometry":{"type":"Point","coordinates":[-40.275217,-20.15677]}},{"type":"Feature","properties":{"municipio":"9d0a6bcc-c80c-4412-a53d-d6c96d79908d","title":"ES - SAO MATEUS","tipo":"FGV","url":"\/dashboard\/details-assets\/9d0a6bcc-c80c-4412-a53d-d6c96d79908d"},"geometry":{"type":"Point","coordinates":[-39.856734,-18.719071]}},{"type":"Feature","properties":{"municipio":"f58bb396-def3-464d-96bb-d3826591ccdd","title":"ES - LINHARES","tipo":"FGV","url":"\/dashboard\/details-assets\/f58bb396-def3-464d-96bb-d3826591ccdd"},"geometry":{"type":"Point","coordinates":[-40.065306,-19.398106]}},{"type":"Feature","properties":{"municipio":"dc83bd94-0042-449f-af10-422ed69509ec","title":"ES - NOVA VENECIA","tipo":"FGV","url":"\/dashboard\/details-assets\/dc83bd94-0042-449f-af10-422ed69509ec"},"geometry":{"type":"Point","coordinates":[-40.399552,-18.710015]}},{"type":"Feature","properties":{"municipio":"f8d17f9d-4a91-4f8d-8b6f-7bd550f49cd0","title":"ES - GUARAPARI","tipo":"FGV","url":"\/dashboard\/details-assets\/f8d17f9d-4a91-4f8d-8b6f-7bd550f49cd0"},"geometry":{"type":"Point","coordinates":[-40.495021,-20.665975]}},{"type":"Feature","properties":{"municipio":"ef3f218f-36d8-4af9-affc-935abda57263","title":"ES - COLATINA","tipo":"FGV","url":"\/dashboard\/details-assets\/ef3f218f-36d8-4af9-affc-935abda57263"},"geometry":{"type":"Point","coordinates":[-40.630318,-19.53627]}},{"type":"Feature","properties":{"municipio":"88370ac5-48c1-471c-ac48-80423c78da4d","title":"ES - CARIACICA","tipo":"FGV","url":"\/dashboard\/details-assets\/88370ac5-48c1-471c-ac48-80423c78da4d"},"geometry":{"type":"Point","coordinates":[-40.390559,-20.294678]}},{"type":"Feature","properties":{"municipio":"9af0719c-cf05-4691-981f-2c4f49cf82b4","title":"ES - BARRA DE SAO FRANCISCO","tipo":"FGV","url":"\/dashboard\/details-assets\/9af0719c-cf05-4691-981f-2c4f49cf82b4"},"geometry":{"type":"Point","coordinates":[-40.890399,-18.759089]}},{"type":"Feature","properties":{"municipio":"5a90f96f-fa3f-4b32-a212-1817fff437fe","title":"ES - CACHOEIRO DE ITAPEMIRIM","tipo":"FGV","url":"\/dashboard\/details-assets\/5a90f96f-fa3f-4b32-a212-1817fff437fe"},"geometry":{"type":"Point","coordinates":[-41.111919,-20.850112]}},{"type":"Feature","properties":{"municipio":"b381f6c3-b99a-41bb-84b4-f379d48791e8","title":"ES - ARACRUZ","tipo":"FGV","url":"\/dashboard\/details-assets\/b381f6c3-b99a-41bb-84b4-f379d48791e8"},"geometry":{"type":"Point","coordinates":[-40.276223,-19.823278]}},{"type":"Feature","properties":{"municipio":"e78ed994-97ab-4266-b980-773449d68306","title":"ES - ALEGRE","tipo":"FGV","url":"\/dashboard\/details-assets\/e78ed994-97ab-4266-b980-773449d68306"},"geometry":{"type":"Point","coordinates":[-41.536488,-20.763265]}},{"type":"Feature","properties":{"municipio":"860cd623-cae3-4aea-8dbb-ed2a2a79b70a","title":"DF - BRASILIA","tipo":"FGV","url":"\/dashboard\/details-assets\/860cd623-cae3-4aea-8dbb-ed2a2a79b70a"},"geometry":{"type":"Point","coordinates":[-47.882166,-15.794229]}},{"type":"Feature","properties":{"municipio":"55879a41-b9a6-4c1f-87fe-40f4c2f6784f","title":"CE - TIANGUA","tipo":"FGV","url":"\/dashboard\/details-assets\/55879a41-b9a6-4c1f-87fe-40f4c2f6784f"},"geometry":{"type":"Point","coordinates":[-40.991706,-3.722674]}},{"type":"Feature","properties":{"municipio":"6db43f8f-63cb-4706-847f-8c55663a24e4","title":"CE - TAUA","tipo":"FGV","url":"\/dashboard\/details-assets\/6db43f8f-63cb-4706-847f-8c55663a24e4"},"geometry":{"type":"Point","coordinates":[-40.292625,-6.002999]}},{"type":"Feature","properties":{"municipio":"c2206446-a7d5-47e1-8aca-fa1383390af7","title":"CE - SOBRAL","tipo":"FGV","url":"\/dashboard\/details-assets\/c2206446-a7d5-47e1-8aca-fa1383390af7"},"geometry":{"type":"Point","coordinates":[-40.348668,-3.688038]}},{"type":"Feature","properties":{"municipio":"643e71aa-db94-46e9-b0b4-8a81448c306f","title":"CE - REDENCAO","tipo":"FGV","url":"\/dashboard\/details-assets\/643e71aa-db94-46e9-b0b4-8a81448c306f"},"geometry":{"type":"Point","coordinates":[-50.029642,-8.027604]}},{"type":"Feature","properties":{"municipio":"029d8ffb-967b-4e31-b14d-8c606bdc3808","title":"CE - QUIXERAMOBIM","tipo":"FGV","url":"\/dashboard\/details-assets\/029d8ffb-967b-4e31-b14d-8c606bdc3808"},"geometry":{"type":"Point","coordinates":[-39.294354,-5.198405]}},{"type":"Feature","properties":{"municipio":"052bd2d7-9c82-41c6-a08f-6e22dd23c7d0","title":"CE - QUIXADA","tipo":"FGV","url":"\/dashboard\/details-assets\/052bd2d7-9c82-41c6-a08f-6e22dd23c7d0"},"geometry":{"type":"Point","coordinates":[-39.011745,-4.9637]}},{"type":"Feature","properties":{"municipio":"f8c8b3ec-4d38-4ee5-bf31-00d0d06d3400","title":"CE - PACAJUS","tipo":"FGV","url":"\/dashboard\/details-assets\/f8c8b3ec-4d38-4ee5-bf31-00d0d06d3400"},"geometry":{"type":"Point","coordinates":[-38.467022,-4.170541]}},{"type":"Feature","properties":{"municipio":"826fa623-8295-407b-b69c-1195b18c3d41","title":"CE - MOMBACA","tipo":"FGV","url":"\/dashboard\/details-assets\/826fa623-8295-407b-b69c-1195b18c3d41"},"geometry":{"type":"Point","coordinates":[-39.624405,-5.747005]}},{"type":"Feature","properties":{"municipio":"eb27ac2a-ffb1-4de7-b899-ce0e9b12aea4","title":"CE - MARANGUAPE","tipo":"FGV","url":"\/dashboard\/details-assets\/eb27ac2a-ffb1-4de7-b899-ce0e9b12aea4"},"geometry":{"type":"Point","coordinates":[-38.685851,-3.891869]}},{"type":"Feature","properties":{"municipio":"1f8ae4d5-82ec-4fda-9613-36e30082ff5c","title":"CE - MARACANAU","tipo":"FGV","url":"\/dashboard\/details-assets\/1f8ae4d5-82ec-4fda-9613-36e30082ff5c"},"geometry":{"type":"Point","coordinates":[-38.624419,-3.876964]}},{"type":"Feature","properties":{"municipio":"59c1291b-bddb-4d5f-9b32-d2b095c5d757","title":"CE - LIMOEIRO DO NORTE","tipo":"FGV","url":"\/dashboard\/details-assets\/59c1291b-bddb-4d5f-9b32-d2b095c5d757"},"geometry":{"type":"Point","coordinates":[-38.099095,-5.150239]}},{"type":"Feature","properties":{"municipio":"0c3e97db-7fb8-4efd-ae22-c5fb36d757ef","title":"CE - JUAZEIRO DO NORTE","tipo":"FGV","url":"\/dashboard\/details-assets\/0c3e97db-7fb8-4efd-ae22-c5fb36d757ef"},"geometry":{"type":"Point","coordinates":[-39.316993,-7.210766]}},{"type":"Feature","properties":{"municipio":"c6b4cda1-fb05-4fbc-b18e-e256c41d796d","title":"CE - JAGUARIBE","tipo":"FGV","url":"\/dashboard\/details-assets\/c6b4cda1-fb05-4fbc-b18e-e256c41d796d"},"geometry":{"type":"Point","coordinates":[-38.623005,-5.886459]}},{"type":"Feature","properties":{"municipio":"77262791-6342-4fa5-b9e5-71a07d902385","title":"CE - ITAPIPOCA","tipo":"FGV","url":"\/dashboard\/details-assets\/77262791-6342-4fa5-b9e5-71a07d902385"},"geometry":{"type":"Point","coordinates":[-39.583482,-3.499435]}},{"type":"Feature","properties":{"municipio":"2dedc8da-8a4b-42da-9966-1ed1b1f0a337","title":"CE - IGUATU","tipo":"FGV","url":"\/dashboard\/details-assets\/2dedc8da-8a4b-42da-9966-1ed1b1f0a337"},"geometry":{"type":"Point","coordinates":[-39.305756,-6.336455]}},{"type":"Feature","properties":{"municipio":"28b0c617-41f9-4d5b-b994-63eb010c118d","title":"CE - ITAPAGE","tipo":"FGV","url":"\/dashboard\/details-assets\/28b0c617-41f9-4d5b-b994-63eb010c118d"},"geometry":{"type":"Point","coordinates":[-39.583533,-3.685673]}},{"type":"Feature","properties":{"municipio":"fa64067e-f392-4da4-a132-a09561b39c48","title":"CE - GUARACIABA DO NORTE","tipo":"FGV","url":"\/dashboard\/details-assets\/fa64067e-f392-4da4-a132-a09561b39c48"},"geometry":{"type":"Point","coordinates":[-40.752633,-4.162451]}},{"type":"Feature","properties":{"municipio":"a5b0b2fe-3883-4b85-aaa0-b5f91af93d69","title":"CE - FORTALEZA","tipo":"FGV","url":"\/dashboard\/details-assets\/a5b0b2fe-3883-4b85-aaa0-b5f91af93d69"},"geometry":{"type":"Point","coordinates":[-38.589928,-3.723805]}},{"type":"Feature","properties":{"municipio":"256f47f3-5c2b-4ad9-9373-9f7ef3150d59","title":"CE - CRATO","tipo":"FGV","url":"\/dashboard\/details-assets\/256f47f3-5c2b-4ad9-9373-9f7ef3150d59"},"geometry":{"type":"Point","coordinates":[-39.40839,-7.231753]}},{"type":"Feature","properties":{"municipio":"01a0fce0-397b-468c-8b1d-dc70f70fcd29","title":"CE - CRATEUS","tipo":"FGV","url":"\/dashboard\/details-assets\/01a0fce0-397b-468c-8b1d-dc70f70fcd29"},"geometry":{"type":"Point","coordinates":[-40.6684,-5.176951]}},{"type":"Feature","properties":{"municipio":"96da8d75-4a0a-4ac1-9785-825568730318","title":"CE - CEDRO","tipo":"FGV","url":"\/dashboard\/details-assets\/96da8d75-4a0a-4ac1-9785-825568730318"},"geometry":{"type":"Point","coordinates":[-39.061923,-6.599171]}},{"type":"Feature","properties":{"municipio":"f8f576f1-a860-4fd4-8f18-720cc0b298bf","title":"CE - CAUCAIA","tipo":"FGV","url":"\/dashboard\/details-assets\/f8f576f1-a860-4fd4-8f18-720cc0b298bf"},"geometry":{"type":"Point","coordinates":[-38.913231,-3.682405]}},{"type":"Feature","properties":{"municipio":"5e564a8e-7343-44d1-8004-d3ab293e8ee9","title":"CE - CANINDE","tipo":"FGV","url":"\/dashboard\/details-assets\/5e564a8e-7343-44d1-8004-d3ab293e8ee9"},"geometry":{"type":"Point","coordinates":[-39.313786,-4.358087]}},{"type":"Feature","properties":{"municipio":"c0badce2-ab18-41c8-8523-5040a1ac5570","title":"CE - CAMPOS SALES","tipo":"FGV","url":"\/dashboard\/details-assets\/c0badce2-ab18-41c8-8523-5040a1ac5570"},"geometry":{"type":"Point","coordinates":[-40.379003,-7.073383]}},{"type":"Feature","properties":{"municipio":"57bf6b20-c94d-423f-9796-12aa58f3111a","title":"CE - CAMOCIM","tipo":"FGV","url":"\/dashboard\/details-assets\/57bf6b20-c94d-423f-9796-12aa58f3111a"},"geometry":{"type":"Point","coordinates":[-40.847528,-2.900967]}},{"type":"Feature","properties":{"municipio":"d989a1a7-2282-4250-9e18-523ef5f04929","title":"CE - BREJO SANTO","tipo":"FGV","url":"\/dashboard\/details-assets\/d989a1a7-2282-4250-9e18-523ef5f04929"},"geometry":{"type":"Point","coordinates":[-38.985514,-7.491638]}},{"type":"Feature","properties":{"municipio":"c81d67b4-6060-4b66-ae44-d20679de9a25","title":"CE - BOA VIAGEM","tipo":"FGV","url":"\/dashboard\/details-assets\/c81d67b4-6060-4b66-ae44-d20679de9a25"},"geometry":{"type":"Point","coordinates":[-39.733282,-5.125744]}},{"type":"Feature","properties":{"municipio":"4548dd08-7425-43f6-9968-80dd49dac06d","title":"CE - BATURITE","tipo":"FGV","url":"\/dashboard\/details-assets\/4548dd08-7425-43f6-9968-80dd49dac06d"},"geometry":{"type":"Point","coordinates":[-38.880021,-4.331205]}},{"type":"Feature","properties":{"municipio":"bccf3454-a43f-4f0a-accc-fbcbafb57802","title":"CE - ARACATI","tipo":"FGV","url":"\/dashboard\/details-assets\/bccf3454-a43f-4f0a-accc-fbcbafb57802"},"geometry":{"type":"Point","coordinates":[-37.772753,-4.567066]}},{"type":"Feature","properties":{"municipio":"0d932708-ead0-471a-bfa4-eb85c5d8fab4","title":"CE - ACARAU","tipo":"FGV","url":"\/dashboard\/details-assets\/0d932708-ead0-471a-bfa4-eb85c5d8fab4"},"geometry":{"type":"Point","coordinates":[-40.118241,-2.885311]}},{"type":"Feature","properties":{"municipio":"ad205de3-b134-4698-aa28-9e0b07dec5d2","title":"BA - VITORIA DA CONQUISTA","tipo":"FGV","url":"\/dashboard\/details-assets\/ad205de3-b134-4698-aa28-9e0b07dec5d2"},"geometry":{"type":"Point","coordinates":[-40.83981,-14.848005]}},{"type":"Feature","properties":{"municipio":"df53bcc7-2550-4594-8066-4df52c4427b9","title":"BA - VALENCA","tipo":"FGV","url":"\/dashboard\/details-assets\/df53bcc7-2550-4594-8066-4df52c4427b9"},"geometry":{"type":"Point","coordinates":[-39.072909,-13.370877]}},{"type":"Feature","properties":{"municipio":"fe9aeb4d-4bfb-43ff-bd7d-1868f1077652","title":"BA - TEIXEIRA DE FREITAS","tipo":"FGV","url":"\/dashboard\/details-assets\/fe9aeb4d-4bfb-43ff-bd7d-1868f1077652"},"geometry":{"type":"Point","coordinates":[-39.744518,-17.53775]}},{"type":"Feature","properties":{"municipio":"02f41709-4e6d-45e9-b4b1-c060a40c9032","title":"BA - SIMOES FILHO","tipo":"FGV","url":"\/dashboard\/details-assets\/02f41709-4e6d-45e9-b4b1-c060a40c9032"},"geometry":{"type":"Point","coordinates":[-38.411519,-12.783941]}},{"type":"Feature","properties":{"municipio":"14a41cc6-e79c-4c03-8287-b76e3d5912bd","title":"BA - SERRINHA","tipo":"FGV","url":"\/dashboard\/details-assets\/14a41cc6-e79c-4c03-8287-b76e3d5912bd"},"geometry":{"type":"Point","coordinates":[-39.008133,-11.659532]}},{"type":"Feature","properties":{"municipio":"0b0646c0-37af-4649-9538-f299562b74ce","title":"BA - SERRA DO RAMALHO","tipo":"FGV","url":"\/dashboard\/details-assets\/0b0646c0-37af-4649-9538-f299562b74ce"},"geometry":{"type":"Point","coordinates":[-43.594021,-13.551264]}},{"type":"Feature","properties":{"municipio":"57acdca1-c762-43db-ac3d-ea8a90feb740","title":"BA - SENHOR DO BONFIM","tipo":"FGV","url":"\/dashboard\/details-assets\/57acdca1-c762-43db-ac3d-ea8a90feb740"},"geometry":{"type":"Point","coordinates":[-40.189985,-10.456771]}},{"type":"Feature","properties":{"municipio":"22957e0e-6fac-4833-b963-a15938cadf15","title":"BA - SEABRA","tipo":"FGV","url":"\/dashboard\/details-assets\/22957e0e-6fac-4833-b963-a15938cadf15"},"geometry":{"type":"Point","coordinates":[-41.768201,-12.418763]}},{"type":"Feature","properties":{"municipio":"bcb13506-7a3a-4b4e-827a-b972274f7475","title":"BA - SAO FRANCISCO DO CONDE","tipo":"FGV","url":"\/dashboard\/details-assets\/bcb13506-7a3a-4b4e-827a-b972274f7475"},"geometry":{"type":"Point","coordinates":[-38.675798,-12.629983]}},{"type":"Feature","properties":{"municipio":"484ae170-b7c2-4aba-b8ad-0e03a28aee74","title":"BA - SANTO ANTONIO DE JESUS","tipo":"FGV","url":"\/dashboard\/details-assets\/484ae170-b7c2-4aba-b8ad-0e03a28aee74"},"geometry":{"type":"Point","coordinates":[-39.261131,-12.968008]}},{"type":"Feature","properties":{"municipio":"2217d717-cee8-4fea-955b-8a1a1d9db3d8","title":"BA - SANTO ESTEVAO","tipo":"FGV","url":"\/dashboard\/details-assets\/2217d717-cee8-4fea-955b-8a1a1d9db3d8"},"geometry":{"type":"Point","coordinates":[-39.25319,-12.428893]}},{"type":"Feature","properties":{"municipio":"c66e812c-76f4-4026-b0bb-a3afcdacff07","title":"BA - SANTO AMARO","tipo":"FGV","url":"\/dashboard\/details-assets\/c66e812c-76f4-4026-b0bb-a3afcdacff07"},"geometry":{"type":"Point","coordinates":[-38.709031,-12.54914]}},{"type":"Feature","properties":{"municipio":"6bf8a8f2-1117-44dc-b628-b6485582b3ad","title":"BA - SANTA MARIA DA VITORIA","tipo":"FGV","url":"\/dashboard\/details-assets\/6bf8a8f2-1117-44dc-b628-b6485582b3ad"},"geometry":{"type":"Point","coordinates":[-44.198309,-13.393545]}},{"type":"Feature","properties":{"municipio":"d169090b-d89b-40b2-b3ef-6395acba00a9","title":"BA - SALVADOR","tipo":"FGV","url":"\/dashboard\/details-assets\/d169090b-d89b-40b2-b3ef-6395acba00a9"},"geometry":{"type":"Point","coordinates":[-38.489434,-12.990687]}},{"type":"Feature","properties":{"municipio":"5f087813-8bfc-44a0-9c9b-b69ee056db47","title":"BA - PORTO SEGURO","tipo":"FGV","url":"\/dashboard\/details-assets\/5f087813-8bfc-44a0-9c9b-b69ee056db47"},"geometry":{"type":"Point","coordinates":[-39.062114,-16.449056]}},{"type":"Feature","properties":{"municipio":"a2e1ae5e-1eb8-43b9-9660-fc1fece262dd","title":"BA - PAULO AFONSO","tipo":"FGV","url":"\/dashboard\/details-assets\/a2e1ae5e-1eb8-43b9-9660-fc1fece262dd"},"geometry":{"type":"Point","coordinates":[-38.218329,-9.403332]}},{"type":"Feature","properties":{"municipio":"50db9b6c-351f-4f7d-976e-c786a14ceae0","title":"BA - MACAUBAS","tipo":"FGV","url":"\/dashboard\/details-assets\/50db9b6c-351f-4f7d-976e-c786a14ceae0"},"geometry":{"type":"Point","coordinates":[-42.694666,-13.023672]}},{"type":"Feature","properties":{"municipio":"d8809559-81e8-4dda-acfe-5d5793664c79","title":"BA - LUIS EDUARDO MAGALHAES","tipo":"FGV","url":"\/dashboard\/details-assets\/d8809559-81e8-4dda-acfe-5d5793664c79"},"geometry":{"type":"Point","coordinates":[-45.800464,-12.078372]}},{"type":"Feature","properties":{"municipio":"e58e83f7-04f4-4fd5-b176-492ee51ec04b","title":"BA - LAURO DE FREITAS","tipo":"FGV","url":"\/dashboard\/details-assets\/e58e83f7-04f4-4fd5-b176-492ee51ec04b"},"geometry":{"type":"Point","coordinates":[-38.323462,-12.896718]}},{"type":"Feature","properties":{"municipio":"0c0c3185-f6d7-46c5-8e38-ce0b110fa73e","title":"BA - JUAZEIRO","tipo":"FGV","url":"\/dashboard\/details-assets\/0c0c3185-f6d7-46c5-8e38-ce0b110fa73e"},"geometry":{"type":"Point","coordinates":[-40.503552,-9.410717]}},{"type":"Feature","properties":{"municipio":"df9cf7b6-592c-4cc8-9d00-395c2252b7d6","title":"BA - JACOBINA","tipo":"FGV","url":"\/dashboard\/details-assets\/df9cf7b6-592c-4cc8-9d00-395c2252b7d6"},"geometry":{"type":"Point","coordinates":[-40.513018,-11.185062]}},{"type":"Feature","properties":{"municipio":"3456219c-a8ff-4f88-9d1f-36d2cacc9f22","title":"BA - JEQUIE","tipo":"FGV","url":"\/dashboard\/details-assets\/3456219c-a8ff-4f88-9d1f-36d2cacc9f22"},"geometry":{"type":"Point","coordinates":[-40.088607,-13.855664]}},{"type":"Feature","properties":{"municipio":"35f58066-301b-495e-8c46-301416aeba0e","title":"BA - ITAPETINGA","tipo":"FGV","url":"\/dashboard\/details-assets\/35f58066-301b-495e-8c46-301416aeba0e"},"geometry":{"type":"Point","coordinates":[-40.247381,-15.246167]}},{"type":"Feature","properties":{"municipio":"f766e5b4-8012-4129-b472-2eef809107ac","title":"BA - ITABUNA","tipo":"FGV","url":"\/dashboard\/details-assets\/f766e5b4-8012-4129-b472-2eef809107ac"},"geometry":{"type":"Point","coordinates":[-39.273109,-14.78904]}},{"type":"Feature","properties":{"municipio":"dd1be159-443b-4646-85aa-ccc835dbd5d6","title":"BA - ITABERABA","tipo":"FGV","url":"\/dashboard\/details-assets\/dd1be159-443b-4646-85aa-ccc835dbd5d6"},"geometry":{"type":"Point","coordinates":[-40.306995,-12.532254]}},{"type":"Feature","properties":{"municipio":"3b4ab453-bd32-496a-95f4-d0381049e4b3","title":"BA - IRECE","tipo":"FGV","url":"\/dashboard\/details-assets\/3b4ab453-bd32-496a-95f4-d0381049e4b3"},"geometry":{"type":"Point","coordinates":[-41.85886,-11.30338]}},{"type":"Feature","properties":{"municipio":"3e789b64-29af-4ab4-ab71-f03afb64f984","title":"BA - IPIAU","tipo":"FGV","url":"\/dashboard\/details-assets\/3e789b64-29af-4ab4-ab71-f03afb64f984"},"geometry":{"type":"Point","coordinates":[-39.735654,-14.137474]}},{"type":"Feature","properties":{"municipio":"fb8c8e8d-8dfb-4f38-8027-acbe21d8d562","title":"BA - ILHEUS","tipo":"FGV","url":"\/dashboard\/details-assets\/fb8c8e8d-8dfb-4f38-8027-acbe21d8d562"},"geometry":{"type":"Point","coordinates":[-39.043184,-14.79332]}},{"type":"Feature","properties":{"municipio":"cc689fe8-f82e-4b7d-a358-5ba64d3fef71","title":"BA - GUANAMBI","tipo":"FGV","url":"\/dashboard\/details-assets\/cc689fe8-f82e-4b7d-a358-5ba64d3fef71"},"geometry":{"type":"Point","coordinates":[-42.778562,-14.225315]}},{"type":"Feature","properties":{"municipio":"b3c80aad-b4ed-4aae-94f9-68a06e804ee1","title":"BA - FEIRA DE SANTANA","tipo":"FGV","url":"\/dashboard\/details-assets\/b3c80aad-b4ed-4aae-94f9-68a06e804ee1"},"geometry":{"type":"Point","coordinates":[-38.960033,-12.229284]}},{"type":"Feature","properties":{"municipio":"3659bec8-f437-488f-9187-77d6cea26fd3","title":"BA - EUNAPOLIS","tipo":"FGV","url":"\/dashboard\/details-assets\/3659bec8-f437-488f-9187-77d6cea26fd3"},"geometry":{"type":"Point","coordinates":[-39.584172,-16.375167]}},{"type":"Feature","properties":{"municipio":"76076f2c-f9de-4958-99b2-35ce743441ae","title":"BA - EUCLIDES DA CUNHA","tipo":"FGV","url":"\/dashboard\/details-assets\/76076f2c-f9de-4958-99b2-35ce743441ae"},"geometry":{"type":"Point","coordinates":[-39.014249,-10.505818]}},{"type":"Feature","properties":{"municipio":"24fb3a6d-d519-4207-b458-3e1610b97fb2","title":"BA - CONCEICAO DO COITE","tipo":"FGV","url":"\/dashboard\/details-assets\/24fb3a6d-d519-4207-b458-3e1610b97fb2"},"geometry":{"type":"Point","coordinates":[-39.281684,-11.561826]}},{"type":"Feature","properties":{"municipio":"42e35b51-ebfe-4533-b524-942b00f6769e","title":"BA - CRUZ DAS ALMAS","tipo":"FGV","url":"\/dashboard\/details-assets\/42e35b51-ebfe-4533-b524-942b00f6769e"},"geometry":{"type":"Point","coordinates":[-39.100736,-12.663786]}},{"type":"Feature","properties":{"municipio":"3cc6a7af-33bf-4324-b2ae-72ed41157012","title":"BA - CAPIM GROSSO","tipo":"FGV","url":"\/dashboard\/details-assets\/3cc6a7af-33bf-4324-b2ae-72ed41157012"},"geometry":{"type":"Point","coordinates":[-40.011001,-11.381574]}},{"type":"Feature","properties":{"municipio":"1cff1d3f-6782-4520-8d5a-0ff94f53bf09","title":"BA - CAMACARI","tipo":"FGV","url":"\/dashboard\/details-assets\/1cff1d3f-6782-4520-8d5a-0ff94f53bf09"},"geometry":{"type":"Point","coordinates":[-38.32574,-12.698817]}},{"type":"Feature","properties":{"municipio":"8b0c3108-4785-45f1-aad1-62383ecf23a1","title":"BA - CAETITE","tipo":"FGV","url":"\/dashboard\/details-assets\/8b0c3108-4785-45f1-aad1-62383ecf23a1"},"geometry":{"type":"Point","coordinates":[-42.485711,-14.066754]}},{"type":"Feature","properties":{"municipio":"b932d385-e163-44c9-a239-23ad750fd55a","title":"BA - CACHOEIRA","tipo":"FGV","url":"\/dashboard\/details-assets\/b932d385-e163-44c9-a239-23ad750fd55a"},"geometry":{"type":"Point","coordinates":[-38.969398,-12.596211]}},{"type":"Feature","properties":{"municipio":"cd00d120-a065-4da0-8d0e-9b93c6f3b3b7","title":"BA - BRUMADO","tipo":"FGV","url":"\/dashboard\/details-assets\/cd00d120-a065-4da0-8d0e-9b93c6f3b3b7"},"geometry":{"type":"Point","coordinates":[-41.66707,-14.205438]}},{"type":"Feature","properties":{"municipio":"1f81a134-e047-4514-bba3-351b5a77e2c2","title":"BA - BOM JESUS DA LAPA","tipo":"FGV","url":"\/dashboard\/details-assets\/1f81a134-e047-4514-bba3-351b5a77e2c2"},"geometry":{"type":"Point","coordinates":[-43.417142,-13.254114]}},{"type":"Feature","properties":{"municipio":"61b51d5f-c5f6-4252-b76f-f0152baeb088","title":"BA - BARREIRAS","tipo":"FGV","url":"\/dashboard\/details-assets\/61b51d5f-c5f6-4252-b76f-f0152baeb088"},"geometry":{"type":"Point","coordinates":[-45.004168,-12.144925]}},{"type":"Feature","properties":{"municipio":"65a2cd3c-f8eb-4a49-b0d5-5458032893a9","title":"BA - AMARGOSA","tipo":"FGV","url":"\/dashboard\/details-assets\/65a2cd3c-f8eb-4a49-b0d5-5458032893a9"},"geometry":{"type":"Point","coordinates":[-39.595558,-13.026223]}},{"type":"Feature","properties":{"municipio":"8e5da33d-0c71-48ae-abc4-b281ed4897c3","title":"BA - BARRA","tipo":"FGV","url":"\/dashboard\/details-assets\/8e5da33d-0c71-48ae-abc4-b281ed4897c3"},"geometry":{"type":"Point","coordinates":[-43.143639,-11.088955]}},{"type":"Feature","properties":{"municipio":"316e200b-283b-4544-921d-b3581922ba4d","title":"BA - ALAGOINHAS","tipo":"FGV","url":"\/dashboard\/details-assets\/316e200b-283b-4544-921d-b3581922ba4d"},"geometry":{"type":"Point","coordinates":[-38.426334,-12.1344]}},{"type":"Feature","properties":{"municipio":"847ee49b-a976-42fb-b22a-ecbea28c4705","title":"AP - SANTANA","tipo":"FGV","url":"\/dashboard\/details-assets\/847ee49b-a976-42fb-b22a-ecbea28c4705"},"geometry":{"type":"Point","coordinates":[-51.442133,0.072828]}},{"type":"Feature","properties":{"municipio":"53737b93-0370-4574-b448-a8db4d7380a3","title":"AP - OIAPOQUE","tipo":"FGV","url":"\/dashboard\/details-assets\/53737b93-0370-4574-b448-a8db4d7380a3"},"geometry":{"type":"Point","coordinates":[-51.832228,3.844121]}},{"type":"Feature","properties":{"municipio":"4e74bd0d-8d50-4d81-a8f8-6cb597669d06","title":"AP - LARANJAL DO JARI","tipo":"FGV","url":"\/dashboard\/details-assets\/4e74bd0d-8d50-4d81-a8f8-6cb597669d06"},"geometry":{"type":"Point","coordinates":[-52.539021,-0.855664]}},{"type":"Feature","properties":{"municipio":"9e46a62f-dab6-42c6-a382-2c6d215954d0","title":"AP - MACAPA","tipo":"FGV","url":"\/dashboard\/details-assets\/9e46a62f-dab6-42c6-a382-2c6d215954d0"},"geometry":{"type":"Point","coordinates":[-51.057405,0.038951]}},{"type":"Feature","properties":{"municipio":"d3abf579-9cfc-4871-9e1f-9baacb4f3006","title":"AM - TEFE","tipo":"FGV","url":"\/dashboard\/details-assets\/d3abf579-9cfc-4871-9e1f-9baacb4f3006"},"geometry":{"type":"Point","coordinates":[-64.70842,-3.348372]}},{"type":"Feature","properties":{"municipio":"126cf896-8490-4ab6-b529-75bb321f598a","title":"AM - TABATINGA","tipo":"FGV","url":"\/dashboard\/details-assets\/126cf896-8490-4ab6-b529-75bb321f598a"},"geometry":{"type":"Point","coordinates":[-69.946244,-4.231884]}},{"type":"Feature","properties":{"municipio":"de202048-8a73-4676-8339-e78f93c0a1bc","title":"AM - RIO PRETO DA EVA","tipo":"FGV","url":"\/dashboard\/details-assets\/de202048-8a73-4676-8339-e78f93c0a1bc"},"geometry":{"type":"Point","coordinates":[-59.704738,-2.693302]}},{"type":"Feature","properties":{"municipio":"d3889777-4916-4c66-a3d2-c5b39b20954a","title":"AM - PARINTINS","tipo":"FGV","url":"\/dashboard\/details-assets\/d3889777-4916-4c66-a3d2-c5b39b20954a"},"geometry":{"type":"Point","coordinates":[-56.736292,-2.627053]}},{"type":"Feature","properties":{"municipio":"94b3f1bb-8926-40e6-8e10-f94f40192166","title":"AM - NOVO AIRAO","tipo":"FGV","url":"\/dashboard\/details-assets\/94b3f1bb-8926-40e6-8e10-f94f40192166"},"geometry":{"type":"Point","coordinates":[-60.948811,-2.623432]}},{"type":"Feature","properties":{"municipio":"27b1ae1f-67f3-46f2-ba65-48536ec44300","title":"AM - MANAUS","tipo":"FGV","url":"\/dashboard\/details-assets\/27b1ae1f-67f3-46f2-ba65-48536ec44300"},"geometry":{"type":"Point","coordinates":[-60.023335,-3.134691]}},{"type":"Feature","properties":{"municipio":"a4414ece-2356-49ca-a8c9-1b9e8fca2091","title":"AM - MANACAPURU","tipo":"FGV","url":"\/dashboard\/details-assets\/a4414ece-2356-49ca-a8c9-1b9e8fca2091"},"geometry":{"type":"Point","coordinates":[-60.620589,-3.298278]}},{"type":"Feature","properties":{"municipio":"21b763e9-57c6-4b74-9d54-45c1f48d47b4","title":"AM - LABREA","tipo":"FGV","url":"\/dashboard\/details-assets\/21b763e9-57c6-4b74-9d54-45c1f48d47b4"},"geometry":{"type":"Point","coordinates":[-64.794773,-7.261947]}},{"type":"Feature","properties":{"municipio":"ed929603-3aef-4c8f-ad80-4e176c76d6f1","title":"AM - JURUA","tipo":"FGV","url":"\/dashboard\/details-assets\/ed929603-3aef-4c8f-ad80-4e176c76d6f1"},"geometry":{"type":"Point","coordinates":[-66.0694,-3.48138]}},{"type":"Feature","properties":{"municipio":"e136eef7-a8a6-40c5-a1a2-c53d8e2aac41","title":"AM - ITACOATIARA","tipo":"FGV","url":"\/dashboard\/details-assets\/e136eef7-a8a6-40c5-a1a2-c53d8e2aac41"},"geometry":{"type":"Point","coordinates":[-58.440175,-3.140379]}},{"type":"Feature","properties":{"municipio":"e6bade76-be63-421d-b34f-abd16ff8aeb7","title":"AM - HUMAITA","tipo":"FGV","url":"\/dashboard\/details-assets\/e6bade76-be63-421d-b34f-abd16ff8aeb7"},"geometry":{"type":"Point","coordinates":[-63.034916,-7.48775]}},{"type":"Feature","properties":{"municipio":"55563a7b-e3ac-46f3-b2c8-fed53ccc07e2","title":"AM - COARI","tipo":"FGV","url":"\/dashboard\/details-assets\/55563a7b-e3ac-46f3-b2c8-fed53ccc07e2"},"geometry":{"type":"Point","coordinates":[-63.142184,-4.084219]}},{"type":"Feature","properties":{"municipio":"a061510c-e2aa-4b70-b928-7bd73a3e377d","title":"AM - BOCA DO ACRE","tipo":"FGV","url":"\/dashboard\/details-assets\/a061510c-e2aa-4b70-b928-7bd73a3e377d"},"geometry":{"type":"Point","coordinates":[-67.399578,-8.751243]}},{"type":"Feature","properties":{"municipio":"c0c17a1d-fa9a-43ba-8979-ccfadf2866c3","title":"AM - BENJAMIN CONSTANT","tipo":"FGV","url":"\/dashboard\/details-assets\/c0c17a1d-fa9a-43ba-8979-ccfadf2866c3"},"geometry":{"type":"Point","coordinates":[-70.027348,-4.374989]}},{"type":"Feature","properties":{"municipio":"bddcce68-7ce6-473a-bece-506a139b0090","title":"AL - UNIAO DOS PALMARES","tipo":"FGV","url":"\/dashboard\/details-assets\/bddcce68-7ce6-473a-bece-506a139b0090"},"geometry":{"type":"Point","coordinates":[-36.033143,-9.159524]}},{"type":"Feature","properties":{"municipio":"74dd4737-a06e-4578-983f-e36cf2a73a0c","title":"AL - SAO MIGUEL DOS CAMPOS","tipo":"FGV","url":"\/dashboard\/details-assets\/74dd4737-a06e-4578-983f-e36cf2a73a0c"},"geometry":{"type":"Point","coordinates":[-36.094264,-9.779935]}},{"type":"Feature","properties":{"municipio":"0cd695a2-0fd0-49a9-947b-5f483462aa52","title":"AL - SAO JOSE DA TAPERA","tipo":"FGV","url":"\/dashboard\/details-assets\/0cd695a2-0fd0-49a9-947b-5f483462aa52"},"geometry":{"type":"Point","coordinates":[-37.383708,-9.549396]}},{"type":"Feature","properties":{"municipio":"838a7d2f-009d-4690-8bd0-adfc66e55363","title":"AL - SANTANA DO IPANEMA","tipo":"FGV","url":"\/dashboard\/details-assets\/838a7d2f-009d-4690-8bd0-adfc66e55363"},"geometry":{"type":"Point","coordinates":[-37.245407,-9.372284]}},{"type":"Feature","properties":{"municipio":"76dd2971-4abb-4595-8f0e-e7fb0255058e","title":"AL - PENEDO","tipo":"FGV","url":"\/dashboard\/details-assets\/76dd2971-4abb-4595-8f0e-e7fb0255058e"},"geometry":{"type":"Point","coordinates":[-36.58046,-10.29611]}},{"type":"Feature","properties":{"municipio":"6f57cd25-33e1-471b-b0ae-dfc4b14563f4","title":"AL - PALMEIRA DOS INDIOS","tipo":"FGV","url":"\/dashboard\/details-assets\/6f57cd25-33e1-471b-b0ae-dfc4b14563f4"},"geometry":{"type":"Point","coordinates":[-36.630984,-9.406159]}},{"type":"Feature","properties":{"municipio":"e35cc40b-b685-4362-b4df-c6b32ac037b8","title":"AL - OLHO D AGUA DAS FLORES","tipo":"FGV","url":"\/dashboard\/details-assets\/e35cc40b-b685-4362-b4df-c6b32ac037b8"},"geometry":{"type":"Point","coordinates":[-37.297891,-9.533601]}},{"type":"Feature","properties":{"municipio":"981c0f2a-8410-4aec-b466-b629222e96c4","title":"AL - MARAGOGI","tipo":"FGV","url":"\/dashboard\/details-assets\/981c0f2a-8410-4aec-b466-b629222e96c4"},"geometry":{"type":"Point","coordinates":[-35.2225,-9.01222]}},{"type":"Feature","properties":{"municipio":"fb70af74-6f13-4a17-9cd7-a67a681eb8c2","title":"AL - DELMIRO GOUVEIA","tipo":"FGV","url":"\/dashboard\/details-assets\/fb70af74-6f13-4a17-9cd7-a67a681eb8c2"},"geometry":{"type":"Point","coordinates":[-37.999233,-9.384574]}},{"type":"Feature","properties":{"municipio":"975b2fa1-b4a3-40b9-9388-fc05ee41e05c","title":"AL - MACEIO","tipo":"FGV","url":"\/dashboard\/details-assets\/975b2fa1-b4a3-40b9-9388-fc05ee41e05c"},"geometry":{"type":"Point","coordinates":[-35.70163,-9.660822]}},{"type":"Feature","properties":{"municipio":"16c7dcfb-9962-4b16-b052-af91629e73d5","title":"AL - CAJUEIRO","tipo":"FGV","url":"\/dashboard\/details-assets\/16c7dcfb-9962-4b16-b052-af91629e73d5"},"geometry":{"type":"Point","coordinates":[-36.1536,-9.39667]}},{"type":"Feature","properties":{"municipio":"ed8baf09-28c9-46ee-ad42-c1f0c3f099ec","title":"AL - ARAPIRACA","tipo":"FGV","url":"\/dashboard\/details-assets\/ed8baf09-28c9-46ee-ad42-c1f0c3f099ec"},"geometry":{"type":"Point","coordinates":[-36.657297,-9.755907]}},{"type":"Feature","properties":{"municipio":"5cbbf303-3569-426b-ab35-57fd5a21b9a0","title":"AC - SENA MADUREIRA","tipo":"FGV","url":"\/dashboard\/details-assets\/5cbbf303-3569-426b-ab35-57fd5a21b9a0"},"geometry":{"type":"Point","coordinates":[-68.655684,-9.06534]}},{"type":"Feature","properties":{"municipio":"449ed1b8-20bd-4614-90c8-b95e0d97de24","title":"AC - RIO BRANCO","tipo":"FGV","url":"\/dashboard\/details-assets\/449ed1b8-20bd-4614-90c8-b95e0d97de24"},"geometry":{"type":"Point","coordinates":[-67.829853,-9.973437]}},{"type":"Feature","properties":{"municipio":"14f51096-7e9c-4a13-a187-a50d55cfa3e9","title":"AC - CRUZEIRO DO SUL","tipo":"FGV","url":"\/dashboard\/details-assets\/14f51096-7e9c-4a13-a187-a50d55cfa3e9"},"geometry":{"type":"Point","coordinates":[-72.672531,-7.63069]}}]}