{"type":"FeatureCollection","features":[{"type":"Feature","properties":{"municipio":"d73517d9-d608-4cc0-a38e-bd8e7cdfc4bd","title":"TO - XAMBIOA","name":"TO - XAMBIOA","tipo":"Munic\u00edpio","url":"\/dashboard\/details-assets\/d73517d9-d608-4cc0-a38e-bd8e7cdfc4bd"},"geometry":{"type":"Point","coordinates":[-48.438758,-6.534881]}},{"type":"Feature","properties":{"municipio":"db1fb5ed-837d-4e1c-926b-3ebe26c4cf34","title":"TO - WANDERLANDIA","name":"TO - WANDERLANDIA","tipo":"Munic\u00edpio","url":"\/dashboard\/details-assets\/db1fb5ed-837d-4e1c-926b-3ebe26c4cf34"},"geometry":{"type":"Point","coordinates":[-47.987982,-6.852034]}},{"type":"Feature","properties":{"municipio":"5f1635d3-dc8f-40d5-93ed-6b16bd535a89","title":"TO - TOCANTINOPOLIS","name":"TO - TOCANTINOPOLIS","tipo":"Munic\u00edpio","url":"\/dashboard\/details-assets\/5f1635d3-dc8f-40d5-93ed-6b16bd535a89"},"geometry":{"type":"Point","coordinates":[-47.429498,-6.324747]}},{"type":"Feature","properties":{"municipio":"c903755d-42ca-4939-9c2e-9ad08a136803","title":"TO - PALMAS","name":"TO - PALMAS","tipo":"Munic\u00edpio","url":"\/dashboard\/details-assets\/c903755d-42ca-4939-9c2e-9ad08a136803"},"geometry":{"type":"Point","coordinates":[-48.317036,-10.230299]}},{"type":"Feature","properties":{"municipio":"4514c06d-6084-43b6-bcf0-b9988f76b2ed","title":"TO - TAGUATINGA","name":"TO - TAGUATINGA","tipo":"Munic\u00edpio","url":"\/dashboard\/details-assets\/4514c06d-6084-43b6-bcf0-b9988f76b2ed"},"geometry":{"type":"Point","coordinates":[-46.442844,-12.406006]}},{"type":"Feature","properties":{"municipio":"1e00b776-89a3-4260-ad71-caf61ee2ce95","title":"TO - SITIO NOVO DO TOCANTINS","name":"TO - SITIO NOVO DO TOCANTINS","tipo":"Munic\u00edpio","url":"\/dashboard\/details-assets\/1e00b776-89a3-4260-ad71-caf61ee2ce95"},"geometry":{"type":"Point","coordinates":[-47.652845,-5.614472]}},{"type":"Feature","properties":{"municipio":"c639c024-ff1a-4667-898d-d3e7bc646d75","title":"TO - SANTA FE DO ARAGUAIA","name":"TO - SANTA FE DO ARAGUAIA","tipo":"Munic\u00edpio","url":"\/dashboard\/details-assets\/c639c024-ff1a-4667-898d-d3e7bc646d75"},"geometry":{"type":"Point","coordinates":[-48.766963,-7.171245]}},{"type":"Feature","properties":{"municipio":"81b44f1f-c52b-4d57-aece-09f6d1fb6497","title":"TO - PORTO NACIONAL","name":"TO - PORTO NACIONAL","tipo":"Munic\u00edpio","url":"\/dashboard\/details-assets\/81b44f1f-c52b-4d57-aece-09f6d1fb6497"},"geometry":{"type":"Point","coordinates":[-48.408486,-10.703164]}},{"type":"Feature","properties":{"municipio":"5025fd12-f83c-497a-933b-6b04581386e2","title":"TO - PEIXE","name":"TO - PEIXE","tipo":"Munic\u00edpio","url":"\/dashboard\/details-assets\/5025fd12-f83c-497a-933b-6b04581386e2"},"geometry":{"type":"Point","coordinates":[-48.548696,-12.025853]}},{"type":"Feature","properties":{"municipio":"c39ba642-a396-4b32-8778-6c9f25d5eb2d","title":"TO - PEDRO AFONSO","name":"TO - PEDRO AFONSO","tipo":"Munic\u00edpio","url":"\/dashboard\/details-assets\/c39ba642-a396-4b32-8778-6c9f25d5eb2d"},"geometry":{"type":"Point","coordinates":[-48.178975,-8.962943]}},{"type":"Feature","properties":{"municipio":"e07c3d92-0dad-4d19-b1d9-e499ef489356","title":"TO - PARAISO DO TOCANTINS","name":"TO - PARAISO DO TOCANTINS","tipo":"Munic\u00edpio","url":"\/dashboard\/details-assets\/e07c3d92-0dad-4d19-b1d9-e499ef489356"},"geometry":{"type":"Point","coordinates":[-48.874963,-10.102218]}},{"type":"Feature","properties":{"municipio":"5fba3853-fc12-4a9b-ac53-5a285a957c65","title":"TO - PALMEIROPOLIS","name":"TO - PALMEIROPOLIS","tipo":"Munic\u00edpio","url":"\/dashboard\/details-assets\/5fba3853-fc12-4a9b-ac53-5a285a957c65"},"geometry":{"type":"Point","coordinates":[-48.407342,-13.042427]}},{"type":"Feature","properties":{"municipio":"a4fd09d0-7958-44f4-812f-40c0a6d3d23d","title":"TO - NOVO ACORDO","name":"TO - NOVO ACORDO","tipo":"Munic\u00edpio","url":"\/dashboard\/details-assets\/a4fd09d0-7958-44f4-812f-40c0a6d3d23d"},"geometry":{"type":"Point","coordinates":[-47.683543,-9.992394]}},{"type":"Feature","properties":{"municipio":"6efbfe7d-b0fd-4cc9-85f2-ce70b0cfcb62","title":"TO - NATIVIDADE","name":"TO - NATIVIDADE","tipo":"Munic\u00edpio","url":"\/dashboard\/details-assets\/6efbfe7d-b0fd-4cc9-85f2-ce70b0cfcb62"},"geometry":{"type":"Point","coordinates":[-47.684901,-11.876469]}},{"type":"Feature","properties":{"municipio":"5e423012-c866-4f3f-9848-8567513a17ca","title":"TO - ITACAJA","name":"TO - ITACAJA","tipo":"Munic\u00edpio","url":"\/dashboard\/details-assets\/5e423012-c866-4f3f-9848-8567513a17ca"},"geometry":{"type":"Point","coordinates":[-47.783532,-8.373788]}},{"type":"Feature","properties":{"municipio":"9dcd1b1d-3ac0-4655-b538-93405ff213f9","title":"TO - MIRACEMA DO TOCANTINS","name":"TO - MIRACEMA DO TOCANTINS","tipo":"Munic\u00edpio","url":"\/dashboard\/details-assets\/9dcd1b1d-3ac0-4655-b538-93405ff213f9"},"geometry":{"type":"Point","coordinates":[-48.419984,-9.570547]}},{"type":"Feature","properties":{"municipio":"7c149cbc-5035-4a53-bbe8-0615c10cca98","title":"TO - GURUPI","name":"TO - GURUPI","tipo":"Munic\u00edpio","url":"\/dashboard\/details-assets\/7c149cbc-5035-4a53-bbe8-0615c10cca98"},"geometry":{"type":"Point","coordinates":[-49.120839,-11.735005]}},{"type":"Feature","properties":{"municipio":"8d432775-d102-4ed1-829e-a61d3032414a","title":"TO - FORMOSO DO ARAGUAIA","name":"TO - FORMOSO DO ARAGUAIA","tipo":"Munic\u00edpio","url":"\/dashboard\/details-assets\/8d432775-d102-4ed1-829e-a61d3032414a"},"geometry":{"type":"Point","coordinates":[-49.536601,-11.80576]}},{"type":"Feature","properties":{"municipio":"6adf3097-c9f8-4403-881b-a21bc5275a85","title":"TO - GUARAI","name":"TO - GUARAI","tipo":"Munic\u00edpio","url":"\/dashboard\/details-assets\/6adf3097-c9f8-4403-881b-a21bc5275a85"},"geometry":{"type":"Point","coordinates":[-48.525934,-8.841813]}},{"type":"Feature","properties":{"municipio":"07114743-f088-4fb7-a13c-da8ab34f63fe","title":"TO - ESPERANTINA","name":"TO - ESPERANTINA","tipo":"Munic\u00edpio","url":"\/dashboard\/details-assets\/07114743-f088-4fb7-a13c-da8ab34f63fe"},"geometry":{"type":"Point","coordinates":[-48.540014,-5.36695]}},{"type":"Feature","properties":{"municipio":"4197bb13-d961-4586-a14c-51ab99c1cf78","title":"TO - CRISTALANDIA","name":"TO - CRISTALANDIA","tipo":"Munic\u00edpio","url":"\/dashboard\/details-assets\/4197bb13-d961-4586-a14c-51ab99c1cf78"},"geometry":{"type":"Point","coordinates":[-49.221381,-10.579947]}},{"type":"Feature","properties":{"municipio":"341930f8-43dc-4fce-8a35-97dd09478480","title":"TO - DIANOPOLIS","name":"TO - DIANOPOLIS","tipo":"Munic\u00edpio","url":"\/dashboard\/details-assets\/341930f8-43dc-4fce-8a35-97dd09478480"},"geometry":{"type":"Point","coordinates":[-46.825934,-11.748062]}},{"type":"Feature","properties":{"municipio":"21db3266-09de-420e-b89c-8aa8875db653","title":"TO - COLINAS DO TOCANTINS","name":"TO - COLINAS DO TOCANTINS","tipo":"Munic\u00edpio","url":"\/dashboard\/details-assets\/21db3266-09de-420e-b89c-8aa8875db653"},"geometry":{"type":"Point","coordinates":[-48.448591,-7.990545]}},{"type":"Feature","properties":{"municipio":"50307ed7-ec8d-4b4c-b597-eb85c6f95ce7","title":"TO - AUGUSTINOPOLIS","name":"TO - AUGUSTINOPOLIS","tipo":"Munic\u00edpio","url":"\/dashboard\/details-assets\/50307ed7-ec8d-4b4c-b597-eb85c6f95ce7"},"geometry":{"type":"Point","coordinates":[-47.887112,-5.469433]}},{"type":"Feature","properties":{"municipio":"fbd0b940-e2f5-4d3b-ac1b-ce0b37a82dc6","title":"TO - BREJINHO DE NAZARE","name":"TO - BREJINHO DE NAZARE","tipo":"Munic\u00edpio","url":"\/dashboard\/details-assets\/fbd0b940-e2f5-4d3b-ac1b-ce0b37a82dc6"},"geometry":{"type":"Point","coordinates":[-48.638888,-11.035535]}},{"type":"Feature","properties":{"municipio":"fed301db-1c5c-4117-aabd-ab53592ec483","title":"TO - ARRAIAS","name":"TO - ARRAIAS","tipo":"Munic\u00edpio","url":"\/dashboard\/details-assets\/fed301db-1c5c-4117-aabd-ab53592ec483"},"geometry":{"type":"Point","coordinates":[-46.98051,-12.67706]}},{"type":"Feature","properties":{"municipio":"fe12ecb5-0dcd-4fa4-a22c-089991c9da28","title":"TO - ARAGUATINS","name":"TO - ARAGUATINS","tipo":"Munic\u00edpio","url":"\/dashboard\/details-assets\/fe12ecb5-0dcd-4fa4-a22c-089991c9da28"},"geometry":{"type":"Point","coordinates":[-48.119389,-5.648411]}},{"type":"Feature","properties":{"municipio":"eeba14e1-d07c-4129-8714-f40487053c80","title":"TO - ARAPOEMA","name":"TO - ARAPOEMA","tipo":"Munic\u00edpio","url":"\/dashboard\/details-assets\/eeba14e1-d07c-4129-8714-f40487053c80"},"geometry":{"type":"Point","coordinates":[-49.064131,-7.655037]}},{"type":"Feature","properties":{"municipio":"cb84567f-0034-4e65-82b2-5278cf0f5991","title":"TO - ARAGUANA","name":"TO - ARAGUANA","tipo":"Munic\u00edpio","url":"\/dashboard\/details-assets\/cb84567f-0034-4e65-82b2-5278cf0f5991"},"geometry":{"type":"Point","coordinates":[-48.518723,-6.81017]}},{"type":"Feature","properties":{"municipio":"395bab92-35e7-4ef9-b26f-9f2967cde65c","title":"TO - ARAGUAINA","name":"TO - ARAGUAINA","tipo":"Munic\u00edpio","url":"\/dashboard\/details-assets\/395bab92-35e7-4ef9-b26f-9f2967cde65c"},"geometry":{"type":"Point","coordinates":[-48.287407,-7.210941]}},{"type":"Feature","properties":{"municipio":"000d91bf-7454-41c3-a885-209ce17d7d7b","title":"TO - ANANAS","name":"TO - ANANAS","tipo":"Munic\u00edpio","url":"\/dashboard\/details-assets\/000d91bf-7454-41c3-a885-209ce17d7d7b"},"geometry":{"type":"Point","coordinates":[-48.073889,-6.364762]}},{"type":"Feature","properties":{"municipio":"6139105d-7971-4e07-a0c8-1b98fbf53e69","title":"SP - VOTUPORANGA","name":"SP - VOTUPORANGA","tipo":"Munic\u00edpio","url":"\/dashboard\/details-assets\/6139105d-7971-4e07-a0c8-1b98fbf53e69"},"geometry":{"type":"Point","coordinates":[-49.970325,-20.417194]}},{"type":"Feature","properties":{"municipio":"e88ede87-19dc-4848-8637-f7bd9e861d7e","title":"SP - VINHEDO","name":"SP - VINHEDO","tipo":"Munic\u00edpio","url":"\/dashboard\/details-assets\/e88ede87-19dc-4848-8637-f7bd9e861d7e"},"geometry":{"type":"Point","coordinates":[-46.976476,-23.030538]}},{"type":"Feature","properties":{"municipio":"6e91edcc-b956-4712-8612-51e7db886011","title":"SP - VOTORANTIM","name":"SP - VOTORANTIM","tipo":"Munic\u00edpio","url":"\/dashboard\/details-assets\/6e91edcc-b956-4712-8612-51e7db886011"},"geometry":{"type":"Point","coordinates":[-47.444598,-23.540286]}},{"type":"Feature","properties":{"municipio":"7934a525-716b-4d62-b2f2-0712fcaabcd2","title":"SP - VARZEA PAULISTA","name":"SP - VARZEA PAULISTA","tipo":"Munic\u00edpio","url":"\/dashboard\/details-assets\/7934a525-716b-4d62-b2f2-0712fcaabcd2"},"geometry":{"type":"Point","coordinates":[-46.82989,-23.214466]}},{"type":"Feature","properties":{"municipio":"a1786955-8844-4c7c-b65b-5e7753c4d7f6","title":"SP - VARGEM GRANDE PAULISTA","name":"SP - VARGEM GRANDE PAULISTA","tipo":"Munic\u00edpio","url":"\/dashboard\/details-assets\/a1786955-8844-4c7c-b65b-5e7753c4d7f6"},"geometry":{"type":"Point","coordinates":[-47.019648,-23.615302]}},{"type":"Feature","properties":{"municipio":"629f16bc-f12c-40fc-a072-9b574516b881","title":"SP - VARGEM GRANDE DO SUL","name":"SP - VARGEM GRANDE DO SUL","tipo":"Munic\u00edpio","url":"\/dashboard\/details-assets\/629f16bc-f12c-40fc-a072-9b574516b881"},"geometry":{"type":"Point","coordinates":[-46.895609,-21.835866]}},{"type":"Feature","properties":{"municipio":"7672f6f6-1b2a-457e-b331-d8b69e85550f","title":"SP - VALINHOS","name":"SP - VALINHOS","tipo":"Munic\u00edpio","url":"\/dashboard\/details-assets\/7672f6f6-1b2a-457e-b331-d8b69e85550f"},"geometry":{"type":"Point","coordinates":[-46.99663,-22.971244]}},{"type":"Feature","properties":{"municipio":"1e9bf0f4-8f01-4087-a0b8-fe876dc55c17","title":"SP - UBATUBA","name":"SP - UBATUBA","tipo":"Munic\u00edpio","url":"\/dashboard\/details-assets\/1e9bf0f4-8f01-4087-a0b8-fe876dc55c17"},"geometry":{"type":"Point","coordinates":[-45.072091,-23.435965]}},{"type":"Feature","properties":{"municipio":"4af38f46-56fc-4e82-89d1-8b8849d13fc2","title":"SP - TUPA","name":"SP - TUPA","tipo":"Munic\u00edpio","url":"\/dashboard\/details-assets\/4af38f46-56fc-4e82-89d1-8b8849d13fc2"},"geometry":{"type":"Point","coordinates":[-50.514006,-21.934822]}},{"type":"Feature","properties":{"municipio":"b0071eda-e285-415c-b5c2-eaa038e82eb8","title":"SP - TEODORO SAMPAIO","name":"SP - TEODORO SAMPAIO","tipo":"Munic\u00edpio","url":"\/dashboard\/details-assets\/b0071eda-e285-415c-b5c2-eaa038e82eb8"},"geometry":{"type":"Point","coordinates":[-52.173362,-22.53144]}},{"type":"Feature","properties":{"municipio":"8bc6fe8e-2acd-456f-825c-71ff2e6d31e2","title":"SP - TIETE","name":"SP - TIETE","tipo":"Munic\u00edpio","url":"\/dashboard\/details-assets\/8bc6fe8e-2acd-456f-825c-71ff2e6d31e2"},"geometry":{"type":"Point","coordinates":[-47.711473,-23.097889]}},{"type":"Feature","properties":{"municipio":"920bbb66-f1bb-4639-ae12-82081de16cc0","title":"SP - TAUBATE","name":"SP - TAUBATE","tipo":"Munic\u00edpio","url":"\/dashboard\/details-assets\/920bbb66-f1bb-4639-ae12-82081de16cc0"},"geometry":{"type":"Point","coordinates":[-45.556609,-23.026555]}},{"type":"Feature","properties":{"municipio":"920412cd-5cdd-41d7-aff9-a2a337b0d495","title":"SP - TAQUARITINGA","name":"SP - TAQUARITINGA","tipo":"Munic\u00edpio","url":"\/dashboard\/details-assets\/920412cd-5cdd-41d7-aff9-a2a337b0d495"},"geometry":{"type":"Point","coordinates":[-48.506742,-21.410008]}},{"type":"Feature","properties":{"municipio":"d305807b-7ff9-4223-a1e1-dfd0a3ba1e50","title":"SP - TATUI","name":"SP - TATUI","tipo":"Munic\u00edpio","url":"\/dashboard\/details-assets\/d305807b-7ff9-4223-a1e1-dfd0a3ba1e50"},"geometry":{"type":"Point","coordinates":[-47.849464,-23.348576]}},{"type":"Feature","properties":{"municipio":"8dab732c-1a36-4ddd-9d38-490af1a17188","title":"SP - TAPIRATIBA","name":"SP - TAPIRATIBA","tipo":"Munic\u00edpio","url":"\/dashboard\/details-assets\/8dab732c-1a36-4ddd-9d38-490af1a17188"},"geometry":{"type":"Point","coordinates":[-46.745515,-21.471885]}},{"type":"Feature","properties":{"municipio":"f4bbbd73-a5e0-4fb5-9b33-6ad89dd671ae","title":"SP - SUZANO","name":"SP - SUZANO","tipo":"Munic\u00edpio","url":"\/dashboard\/details-assets\/f4bbbd73-a5e0-4fb5-9b33-6ad89dd671ae"},"geometry":{"type":"Point","coordinates":[-46.30781,-23.536827]}},{"type":"Feature","properties":{"municipio":"008f58c2-d763-4c3b-b501-5d0fe3d88c1e","title":"SP - TABOAO DA SERRA","name":"SP - TABOAO DA SERRA","tipo":"Munic\u00edpio","url":"\/dashboard\/details-assets\/008f58c2-d763-4c3b-b501-5d0fe3d88c1e"},"geometry":{"type":"Point","coordinates":[-46.78578,-23.623328]}},{"type":"Feature","properties":{"municipio":"049305e2-2503-4313-b1c7-1ada1a764ea0","title":"SP - SUMARE","name":"SP - SUMARE","tipo":"Munic\u00edpio","url":"\/dashboard\/details-assets\/049305e2-2503-4313-b1c7-1ada1a764ea0"},"geometry":{"type":"Point","coordinates":[-47.265803,-22.822145]}},{"type":"Feature","properties":{"municipio":"d230dfa2-f1a4-451c-8ece-a1f677262243","title":"SP - SOROCABA","name":"SP - SOROCABA","tipo":"Munic\u00edpio","url":"\/dashboard\/details-assets\/d230dfa2-f1a4-451c-8ece-a1f677262243"},"geometry":{"type":"Point","coordinates":[-47.457853,-23.499323]}},{"type":"Feature","properties":{"municipio":"c9d3a78a-779e-4e64-8b03-c8a0e28bd78e","title":"SP - SOCORRO","name":"SP - SOCORRO","tipo":"Munic\u00edpio","url":"\/dashboard\/details-assets\/c9d3a78a-779e-4e64-8b03-c8a0e28bd78e"},"geometry":{"type":"Point","coordinates":[-46.529212,-22.59203]}},{"type":"Feature","properties":{"municipio":"a823fa00-1e39-462d-8c4b-d1e8446f181b","title":"SP - SERTAOZINHO","name":"SP - SERTAOZINHO","tipo":"Munic\u00edpio","url":"\/dashboard\/details-assets\/a823fa00-1e39-462d-8c4b-d1e8446f181b"},"geometry":{"type":"Point","coordinates":[-47.991148,-21.137022]}},{"type":"Feature","properties":{"municipio":"2fc8d17a-ed41-41ec-aac8-767a29580434","title":"SP - SERRANA","name":"SP - SERRANA","tipo":"Munic\u00edpio","url":"\/dashboard\/details-assets\/2fc8d17a-ed41-41ec-aac8-767a29580434"},"geometry":{"type":"Point","coordinates":[-47.597762,-21.209478]}},{"type":"Feature","properties":{"municipio":"1ec275e8-13f8-4c6c-aa63-72de13ad1c22","title":"SP - SAO VICENTE","name":"SP - SAO VICENTE","tipo":"Munic\u00edpio","url":"\/dashboard\/details-assets\/1ec275e8-13f8-4c6c-aa63-72de13ad1c22"},"geometry":{"type":"Point","coordinates":[-46.384491,-23.967373]}},{"type":"Feature","properties":{"municipio":"a23a9622-b269-4c89-b713-b57a8f67da07","title":"SP - SAO SEBASTIAO","name":"SP - SAO SEBASTIAO","tipo":"Munic\u00edpio","url":"\/dashboard\/details-assets\/a23a9622-b269-4c89-b713-b57a8f67da07"},"geometry":{"type":"Point","coordinates":[-45.40268,-23.806688]}},{"type":"Feature","properties":{"municipio":"0bf58cdf-1d14-4eba-9f56-fbce14c636ea","title":"SP - SAO PAULO","name":"SP - SAO PAULO","tipo":"Munic\u00edpio","url":"\/dashboard\/details-assets\/0bf58cdf-1d14-4eba-9f56-fbce14c636ea"},"geometry":{"type":"Point","coordinates":[-46.570383,-23.567386]}},{"type":"Feature","properties":{"municipio":"9cc87777-4a74-49d7-851c-ef5871538cd0","title":"SP - SAO ROQUE","name":"SP - SAO ROQUE","tipo":"Munic\u00edpio","url":"\/dashboard\/details-assets\/9cc87777-4a74-49d7-851c-ef5871538cd0"},"geometry":{"type":"Point","coordinates":[-47.135423,-23.530359]}},{"type":"Feature","properties":{"municipio":"7fe04871-12be-44fe-a3f1-ab874e126359","title":"SP - SAO MIGUEL ARCANJO","name":"SP - SAO MIGUEL ARCANJO","tipo":"Munic\u00edpio","url":"\/dashboard\/details-assets\/7fe04871-12be-44fe-a3f1-ab874e126359"},"geometry":{"type":"Point","coordinates":[-47.995589,-23.87949]}},{"type":"Feature","properties":{"municipio":"31914d76-737d-4401-bf9a-53bb4aa58d50","title":"SP - SAO MANUEL","name":"SP - SAO MANUEL","tipo":"Munic\u00edpio","url":"\/dashboard\/details-assets\/31914d76-737d-4401-bf9a-53bb4aa58d50"},"geometry":{"type":"Point","coordinates":[-48.568763,-22.73646]}},{"type":"Feature","properties":{"municipio":"aa706d31-3ba6-4893-8444-1e095f8ab7cb","title":"SP - SAO JOSE DOS CAMPOS","name":"SP - SAO JOSE DOS CAMPOS","tipo":"Munic\u00edpio","url":"\/dashboard\/details-assets\/aa706d31-3ba6-4893-8444-1e095f8ab7cb"},"geometry":{"type":"Point","coordinates":[-45.899405,-23.23021]}},{"type":"Feature","properties":{"municipio":"b78f37f7-2ad6-421b-b1a8-5454d485859f","title":"SP - SAO JOSE DO RIO PRETO","name":"SP - SAO JOSE DO RIO PRETO","tipo":"Munic\u00edpio","url":"\/dashboard\/details-assets\/b78f37f7-2ad6-421b-b1a8-5454d485859f"},"geometry":{"type":"Point","coordinates":[-49.376227,-20.811761]}},{"type":"Feature","properties":{"municipio":"f3d02e1e-d827-4bde-bdcd-6668a0fdc7f7","title":"SP - SAO JOSE DO RIO PARDO","name":"SP - SAO JOSE DO RIO PARDO","tipo":"Munic\u00edpio","url":"\/dashboard\/details-assets\/f3d02e1e-d827-4bde-bdcd-6668a0fdc7f7"},"geometry":{"type":"Point","coordinates":[-46.887746,-21.59577]}},{"type":"Feature","properties":{"municipio":"c0b21eb1-f655-4d72-b927-368d3f0f9beb","title":"SP - SAO JOAQUIM DA BARRA","name":"SP - SAO JOAQUIM DA BARRA","tipo":"Munic\u00edpio","url":"\/dashboard\/details-assets\/c0b21eb1-f655-4d72-b927-368d3f0f9beb"},"geometry":{"type":"Point","coordinates":[-47.863268,-20.583166]}},{"type":"Feature","properties":{"municipio":"99a41e61-4704-4fd2-b6fe-74b42f7cdb81","title":"SP - SAO JOAO DA BOA VISTA","name":"SP - SAO JOAO DA BOA VISTA","tipo":"Munic\u00edpio","url":"\/dashboard\/details-assets\/99a41e61-4704-4fd2-b6fe-74b42f7cdb81"},"geometry":{"type":"Point","coordinates":[-46.796351,-21.972011]}},{"type":"Feature","properties":{"municipio":"e17134c4-f7c6-43f5-b8b4-d40e011a597a","title":"SP - SAO CARLOS","name":"SP - SAO CARLOS","tipo":"Munic\u00edpio","url":"\/dashboard\/details-assets\/e17134c4-f7c6-43f5-b8b4-d40e011a597a"},"geometry":{"type":"Point","coordinates":[-53.017394,-27.078635]}},{"type":"Feature","properties":{"municipio":"5ba8b585-bcae-4c5e-8c37-34cf81af7d4b","title":"SP - SAO CAETANO DO SUL","name":"SP - SAO CAETANO DO SUL","tipo":"Munic\u00edpio","url":"\/dashboard\/details-assets\/5ba8b585-bcae-4c5e-8c37-34cf81af7d4b"},"geometry":{"type":"Point","coordinates":[-46.571515,-23.614705]}},{"type":"Feature","properties":{"municipio":"832ce2a0-2392-4bcb-a553-fc842d8bf819","title":"SP - SANTOS","name":"SP - SANTOS","tipo":"Munic\u00edpio","url":"\/dashboard\/details-assets\/832ce2a0-2392-4bcb-a553-fc842d8bf819"},"geometry":{"type":"Point","coordinates":[-46.331371,-23.933737]}},{"type":"Feature","properties":{"municipio":"8a6a246b-7f8c-43ab-a27e-f778a3bd08b1","title":"SP - SAO BERNARDO DO CAMPO","name":"SP - SAO BERNARDO DO CAMPO","tipo":"Munic\u00edpio","url":"\/dashboard\/details-assets\/8a6a246b-7f8c-43ab-a27e-f778a3bd08b1"},"geometry":{"type":"Point","coordinates":[-46.550257,-23.710304]}},{"type":"Feature","properties":{"municipio":"2ed9af8d-fafe-42bb-8214-8b0bdb6c1b6b","title":"SP - SANTO ANDRE","name":"SP - SANTO ANDRE","tipo":"Munic\u00edpio","url":"\/dashboard\/details-assets\/2ed9af8d-fafe-42bb-8214-8b0bdb6c1b6b"},"geometry":{"type":"Point","coordinates":[-46.530874,-23.65751]}},{"type":"Feature","properties":{"municipio":"61be2f9a-ae44-4a9b-8667-a018ff17a0d0","title":"SP - SANTANA DE PARNAIBA","name":"SP - SANTANA DE PARNAIBA","tipo":"Munic\u00edpio","url":"\/dashboard\/details-assets\/61be2f9a-ae44-4a9b-8667-a018ff17a0d0"},"geometry":{"type":"Point","coordinates":[-46.922093,-23.449453]}},{"type":"Feature","properties":{"municipio":"a61fcd90-9c67-4c71-b7b9-8a0c60f594ff","title":"SP - SANTA ROSA DE VITERBO","name":"SP - SANTA ROSA DE VITERBO","tipo":"Munic\u00edpio","url":"\/dashboard\/details-assets\/a61fcd90-9c67-4c71-b7b9-8a0c60f594ff"},"geometry":{"type":"Point","coordinates":[-47.355603,-21.504574]}},{"type":"Feature","properties":{"municipio":"5d9f71a2-5cfe-4eca-9fd4-7ddb4ed3996c","title":"SP - SANTA ISABEL","name":"SP - SANTA ISABEL","tipo":"Munic\u00edpio","url":"\/dashboard\/details-assets\/5d9f71a2-5cfe-4eca-9fd4-7ddb4ed3996c"},"geometry":{"type":"Point","coordinates":[-46.224396,-23.312622]}},{"type":"Feature","properties":{"municipio":"45717903-54ef-4b88-89b2-d8c4bd028077","title":"SP - SANTA CRUZ DO RIO PARDO","name":"SP - SANTA CRUZ DO RIO PARDO","tipo":"Munic\u00edpio","url":"\/dashboard\/details-assets\/45717903-54ef-4b88-89b2-d8c4bd028077"},"geometry":{"type":"Point","coordinates":[-49.624609,-22.905722]}},{"type":"Feature","properties":{"municipio":"bfc88ce1-73fe-448f-bb23-9a32b90d2a3e","title":"SP - SANTA FE DO SUL","name":"SP - SANTA FE DO SUL","tipo":"Munic\u00edpio","url":"\/dashboard\/details-assets\/bfc88ce1-73fe-448f-bb23-9a32b90d2a3e"},"geometry":{"type":"Point","coordinates":[-50.926777,-20.211693]}},{"type":"Feature","properties":{"municipio":"c7e73bc9-a33e-4089-bed7-3bf76d841a7b","title":"SP - SANTA BARBARA DOESTE","name":"SP - SANTA BARBARA DOESTE","tipo":"Munic\u00edpio","url":"\/dashboard\/details-assets\/c7e73bc9-a33e-4089-bed7-3bf76d841a7b"},"geometry":{"type":"Point","coordinates":[-47.413955,-22.755393]}},{"type":"Feature","properties":{"municipio":"d3a0676c-aead-407c-8377-efeaef0b33fb","title":"SP - SALTO DE PIRAPORA","name":"SP - SALTO DE PIRAPORA","tipo":"Munic\u00edpio","url":"\/dashboard\/details-assets\/d3a0676c-aead-407c-8377-efeaef0b33fb"},"geometry":{"type":"Point","coordinates":[-47.57468,-23.649132]}},{"type":"Feature","properties":{"municipio":"c1e778e0-bf3c-48c0-914d-51cbca5c2d69","title":"SP - SALTO","name":"SP - SALTO","tipo":"Munic\u00edpio","url":"\/dashboard\/details-assets\/c1e778e0-bf3c-48c0-914d-51cbca5c2d69"},"geometry":{"type":"Point","coordinates":[-47.292416,-23.204074]}},{"type":"Feature","properties":{"municipio":"30cb8d92-61dd-4f89-9405-7b931e781094","title":"SP - ROSANA","name":"SP - ROSANA","tipo":"Munic\u00edpio","url":"\/dashboard\/details-assets\/30cb8d92-61dd-4f89-9405-7b931e781094"},"geometry":{"type":"Point","coordinates":[-53.058654,-22.581175]}},{"type":"Feature","properties":{"municipio":"4868076b-61e2-4206-9b7c-36523bd11f6b","title":"SP - RIO GRANDE DA SERRA","name":"SP - RIO GRANDE DA SERRA","tipo":"Munic\u00edpio","url":"\/dashboard\/details-assets\/4868076b-61e2-4206-9b7c-36523bd11f6b"},"geometry":{"type":"Point","coordinates":[-46.3972,-23.74393]}},{"type":"Feature","properties":{"municipio":"d2557ca2-de04-41ce-8183-5ac904f898a3","title":"SP - RIBEIRAO PRETO","name":"SP - RIBEIRAO PRETO","tipo":"Munic\u00edpio","url":"\/dashboard\/details-assets\/d2557ca2-de04-41ce-8183-5ac904f898a3"},"geometry":{"type":"Point","coordinates":[-47.805476,-21.184834]}},{"type":"Feature","properties":{"municipio":"d4225fd7-4d33-4002-ace9-7fa59c9c9ca5","title":"SP - RIO CLARO","name":"SP - RIO CLARO","tipo":"Munic\u00edpio","url":"\/dashboard\/details-assets\/d4225fd7-4d33-4002-ace9-7fa59c9c9ca5"},"geometry":{"type":"Point","coordinates":[-47.563533,-22.412511]}},{"type":"Feature","properties":{"municipio":"7d4b746d-b35a-495d-875f-a64bd9cd52a4","title":"SP - RIBEIRAO PIRES","name":"SP - RIBEIRAO PIRES","tipo":"Munic\u00edpio","url":"\/dashboard\/details-assets\/7d4b746d-b35a-495d-875f-a64bd9cd52a4"},"geometry":{"type":"Point","coordinates":[-46.415344,-23.707423]}},{"type":"Feature","properties":{"municipio":"1c89f863-ebe2-4b92-92e8-2d8a51d59651","title":"SP - REGISTRO","name":"SP - REGISTRO","tipo":"Munic\u00edpio","url":"\/dashboard\/details-assets\/1c89f863-ebe2-4b92-92e8-2d8a51d59651"},"geometry":{"type":"Point","coordinates":[-47.841055,-24.494251]}},{"type":"Feature","properties":{"municipio":"5a71697e-a028-4537-a3b7-b88ef9d83fbd","title":"SP - RANCHARIA","name":"SP - RANCHARIA","tipo":"Munic\u00edpio","url":"\/dashboard\/details-assets\/5a71697e-a028-4537-a3b7-b88ef9d83fbd"},"geometry":{"type":"Point","coordinates":[-50.890212,-22.228451]}},{"type":"Feature","properties":{"municipio":"0e57a605-af4c-46e6-b1d9-2ea33ddc365b","title":"SP - PROMISSAO","name":"SP - PROMISSAO","tipo":"Munic\u00edpio","url":"\/dashboard\/details-assets\/0e57a605-af4c-46e6-b1d9-2ea33ddc365b"},"geometry":{"type":"Point","coordinates":[-49.857735,-21.538867]}},{"type":"Feature","properties":{"municipio":"54985d74-b823-4010-b2ba-fcf9f6e67619","title":"SP - PRESIDENTE PRUDENTE","name":"SP - PRESIDENTE PRUDENTE","tipo":"Munic\u00edpio","url":"\/dashboard\/details-assets\/54985d74-b823-4010-b2ba-fcf9f6e67619"},"geometry":{"type":"Point","coordinates":[-51.386766,-22.122743]}},{"type":"Feature","properties":{"municipio":"990cc025-4557-4b98-b24e-404df7f3380d","title":"SP - PRESIDENTE VENCESLAU","name":"SP - PRESIDENTE VENCESLAU","tipo":"Munic\u00edpio","url":"\/dashboard\/details-assets\/990cc025-4557-4b98-b24e-404df7f3380d"},"geometry":{"type":"Point","coordinates":[-51.840259,-21.87594]}},{"type":"Feature","properties":{"municipio":"bf0929fa-e3c5-4843-b523-956b354f77d9","title":"SP - PRESIDENTE EPITACIO","name":"SP - PRESIDENTE EPITACIO","tipo":"Munic\u00edpio","url":"\/dashboard\/details-assets\/bf0929fa-e3c5-4843-b523-956b354f77d9"},"geometry":{"type":"Point","coordinates":[-52.115276,-21.768782]}},{"type":"Feature","properties":{"municipio":"2be1897b-259b-45ef-bf46-d5c38329e96a","title":"SP - PRAIA GRANDE","name":"SP - PRAIA GRANDE","tipo":"Munic\u00edpio","url":"\/dashboard\/details-assets\/2be1897b-259b-45ef-bf46-d5c38329e96a"},"geometry":{"type":"Point","coordinates":[-46.412462,-24.008842]}},{"type":"Feature","properties":{"municipio":"01eadcbf-57c5-463b-93de-aeae813821e9","title":"SP - PORTO FERREIRA","name":"SP - PORTO FERREIRA","tipo":"Munic\u00edpio","url":"\/dashboard\/details-assets\/01eadcbf-57c5-463b-93de-aeae813821e9"},"geometry":{"type":"Point","coordinates":[-47.48141,-21.858363]}},{"type":"Feature","properties":{"municipio":"2135d3eb-b160-4ac4-9ad6-1741dfcfa03e","title":"SP - PORTO FELIZ","name":"SP - PORTO FELIZ","tipo":"Munic\u00edpio","url":"\/dashboard\/details-assets\/2135d3eb-b160-4ac4-9ad6-1741dfcfa03e"},"geometry":{"type":"Point","coordinates":[-47.524597,-23.214412]}},{"type":"Feature","properties":{"municipio":"133ecd79-3c3d-46bf-8392-cb5854ca08bf","title":"SP - PONTAL","name":"SP - PONTAL","tipo":"Munic\u00edpio","url":"\/dashboard\/details-assets\/133ecd79-3c3d-46bf-8392-cb5854ca08bf"},"geometry":{"type":"Point","coordinates":[-48.037837,-21.02571]}},{"type":"Feature","properties":{"municipio":"6657db92-e5ad-4548-9b0c-11230ac8407d","title":"SP - POA","name":"SP - POA","tipo":"Munic\u00edpio","url":"\/dashboard\/details-assets\/6657db92-e5ad-4548-9b0c-11230ac8407d"},"geometry":{"type":"Point","coordinates":[-46.34622,-23.528627]}},{"type":"Feature","properties":{"municipio":"50bb4e2f-316e-406c-a817-df6fb4dc8c30","title":"SP - PITANGUEIRAS","name":"SP - PITANGUEIRAS","tipo":"Munic\u00edpio","url":"\/dashboard\/details-assets\/50bb4e2f-316e-406c-a817-df6fb4dc8c30"},"geometry":{"type":"Point","coordinates":[-51.585768,-23.230304]}},{"type":"Feature","properties":{"municipio":"d2ef0abe-b415-4afe-af74-e61b9285a5ec","title":"SP - PIRAJUI","name":"SP - PIRAJUI","tipo":"Munic\u00edpio","url":"\/dashboard\/details-assets\/d2ef0abe-b415-4afe-af74-e61b9285a5ec"},"geometry":{"type":"Point","coordinates":[-49.457917,-21.974887]}},{"type":"Feature","properties":{"municipio":"37fbe9a8-c81e-4989-9281-56ee770322b9","title":"SP - PIRASSUNUNGA","name":"SP - PIRASSUNUNGA","tipo":"Munic\u00edpio","url":"\/dashboard\/details-assets\/37fbe9a8-c81e-4989-9281-56ee770322b9"},"geometry":{"type":"Point","coordinates":[-47.425173,-21.994049]}},{"type":"Feature","properties":{"municipio":"79e735c2-c00f-4e71-a3a3-3b65e36bf7b9","title":"SP - PIRAJU","name":"SP - PIRAJU","tipo":"Munic\u00edpio","url":"\/dashboard\/details-assets\/79e735c2-c00f-4e71-a3a3-3b65e36bf7b9"},"geometry":{"type":"Point","coordinates":[-49.383974,-23.192991]}},{"type":"Feature","properties":{"municipio":"c67cee9e-6ad8-48f6-8c43-d0809af2f239","title":"SP - PINDAMONHANGABA","name":"SP - PINDAMONHANGABA","tipo":"Munic\u00edpio","url":"\/dashboard\/details-assets\/c67cee9e-6ad8-48f6-8c43-d0809af2f239"},"geometry":{"type":"Point","coordinates":[-45.462049,-22.926669]}},{"type":"Feature","properties":{"municipio":"eb9acea4-fcc8-4e3d-acab-6484add4d648","title":"SP - PIRACICABA","name":"SP - PIRACICABA","tipo":"Munic\u00edpio","url":"\/dashboard\/details-assets\/eb9acea4-fcc8-4e3d-acab-6484add4d648"},"geometry":{"type":"Point","coordinates":[-47.646846,-22.723722]}},{"type":"Feature","properties":{"municipio":"72bbf436-1116-43d6-8797-155bbb1b32e6","title":"SP - PILAR DO SUL","name":"SP - PILAR DO SUL","tipo":"Munic\u00edpio","url":"\/dashboard\/details-assets\/72bbf436-1116-43d6-8797-155bbb1b32e6"},"geometry":{"type":"Point","coordinates":[-47.715508,-23.814612]}},{"type":"Feature","properties":{"municipio":"aab0b751-545e-4da8-bbd3-c29a3d3a0369","title":"SP - PIEDADE","name":"SP - PIEDADE","tipo":"Munic\u00edpio","url":"\/dashboard\/details-assets\/aab0b751-545e-4da8-bbd3-c29a3d3a0369"},"geometry":{"type":"Point","coordinates":[-47.418015,-23.714202]}},{"type":"Feature","properties":{"municipio":"c1079f49-58f3-480d-8b70-dc8ac07e022f","title":"SP - PERUIBE","name":"SP - PERUIBE","tipo":"Munic\u00edpio","url":"\/dashboard\/details-assets\/c1079f49-58f3-480d-8b70-dc8ac07e022f"},"geometry":{"type":"Point","coordinates":[-46.997302,-24.319509]}},{"type":"Feature","properties":{"municipio":"4f41c071-1cb1-448d-a4a5-e240eb78d2a3","title":"SP - PEREIRA BARRETO","name":"SP - PEREIRA BARRETO","tipo":"Munic\u00edpio","url":"\/dashboard\/details-assets\/4f41c071-1cb1-448d-a4a5-e240eb78d2a3"},"geometry":{"type":"Point","coordinates":[-51.106661,-20.636669]}},{"type":"Feature","properties":{"municipio":"bd4b90ef-ec1e-4418-83d0-ef9b3046e8f5","title":"SP - PENAPOLIS","name":"SP - PENAPOLIS","tipo":"Munic\u00edpio","url":"\/dashboard\/details-assets\/bd4b90ef-ec1e-4418-83d0-ef9b3046e8f5"},"geometry":{"type":"Point","coordinates":[-50.073036,-21.418383]}},{"type":"Feature","properties":{"municipio":"f5db299d-a5cc-492a-9070-0f9f25b7ba11","title":"SP - PEDREIRA","name":"SP - PEDREIRA","tipo":"Munic\u00edpio","url":"\/dashboard\/details-assets\/f5db299d-a5cc-492a-9070-0f9f25b7ba11"},"geometry":{"type":"Point","coordinates":[-46.897802,-22.743771]}},{"type":"Feature","properties":{"municipio":"88582694-8e2e-4026-a010-413973709e69","title":"SP - PEDERNEIRAS","name":"SP - PEDERNEIRAS","tipo":"Munic\u00edpio","url":"\/dashboard\/details-assets\/88582694-8e2e-4026-a010-413973709e69"},"geometry":{"type":"Point","coordinates":[-48.779681,-22.355491]}},{"type":"Feature","properties":{"municipio":"685ae64a-8e96-4d52-a234-83acba620a62","title":"SP - PAULINIA","name":"SP - PAULINIA","tipo":"Munic\u00edpio","url":"\/dashboard\/details-assets\/685ae64a-8e96-4d52-a234-83acba620a62"},"geometry":{"type":"Point","coordinates":[-47.154386,-22.759922]}},{"type":"Feature","properties":{"municipio":"83283726-dfe4-4f94-9789-6167c74c83ef","title":"SP - PARAGUACU PAULISTA","name":"SP - PARAGUACU PAULISTA","tipo":"Munic\u00edpio","url":"\/dashboard\/details-assets\/83283726-dfe4-4f94-9789-6167c74c83ef"},"geometry":{"type":"Point","coordinates":[-50.575029,-22.417711]}},{"type":"Feature","properties":{"municipio":"3d640773-deea-4662-bd76-a2fe9194b70f","title":"SP - OURINHOS","name":"SP - OURINHOS","tipo":"Munic\u00edpio","url":"\/dashboard\/details-assets\/3d640773-deea-4662-bd76-a2fe9194b70f"},"geometry":{"type":"Point","coordinates":[-49.86858,-22.977267]}},{"type":"Feature","properties":{"municipio":"24239ba8-ecc1-4200-a05e-e20d6a2af8d4","title":"SP - OSVALDO CRUZ","name":"SP - OSVALDO CRUZ","tipo":"Munic\u00edpio","url":"\/dashboard\/details-assets\/24239ba8-ecc1-4200-a05e-e20d6a2af8d4"},"geometry":{"type":"Point","coordinates":[-50.873139,-21.797083]}},{"type":"Feature","properties":{"municipio":"a3f8e010-f81e-4701-a252-682b8585f255","title":"SP - OSASCO","name":"SP - OSASCO","tipo":"Munic\u00edpio","url":"\/dashboard\/details-assets\/a3f8e010-f81e-4701-a252-682b8585f255"},"geometry":{"type":"Point","coordinates":[-46.78881,-23.533612]}},{"type":"Feature","properties":{"municipio":"24041d39-9cd0-4488-ab50-ec118765f967","title":"SP - ORLANDIA","name":"SP - ORLANDIA","tipo":"Munic\u00edpio","url":"\/dashboard\/details-assets\/24041d39-9cd0-4488-ab50-ec118765f967"},"geometry":{"type":"Point","coordinates":[-47.885819,-20.71754]}},{"type":"Feature","properties":{"municipio":"4a07179b-74db-435f-97f0-74672439adec","title":"SP - OLIMPIA","name":"SP - OLIMPIA","tipo":"Munic\u00edpio","url":"\/dashboard\/details-assets\/4a07179b-74db-435f-97f0-74672439adec"},"geometry":{"type":"Point","coordinates":[-48.911061,-20.737112]}},{"type":"Feature","properties":{"municipio":"f619ff3e-1dc2-4427-a900-3c2ad7578bd6","title":"SP - NOVO HORIZONTE","name":"SP - NOVO HORIZONTE","tipo":"Munic\u00edpio","url":"\/dashboard\/details-assets\/f619ff3e-1dc2-4427-a900-3c2ad7578bd6"},"geometry":{"type":"Point","coordinates":[-49.224652,-21.464975]}},{"type":"Feature","properties":{"municipio":"7552614a-8dda-4676-8ea9-488c427bae06","title":"SP - NOVA ODESSA","name":"SP - NOVA ODESSA","tipo":"Munic\u00edpio","url":"\/dashboard\/details-assets\/7552614a-8dda-4676-8ea9-488c427bae06"},"geometry":{"type":"Point","coordinates":[-47.293635,-22.782795]}},{"type":"Feature","properties":{"municipio":"45048ec3-bd67-4d76-8b32-e137ed05f9db","title":"SP - MONTE MOR","name":"SP - MONTE MOR","tipo":"Munic\u00edpio","url":"\/dashboard\/details-assets\/45048ec3-bd67-4d76-8b32-e137ed05f9db"},"geometry":{"type":"Point","coordinates":[-47.313269,-22.945522]}},{"type":"Feature","properties":{"municipio":"8bc2a817-e8bb-48d7-a214-e63e0dea7a2d","title":"SP - MONTE APRAZIVEL","name":"SP - MONTE APRAZIVEL","tipo":"Munic\u00edpio","url":"\/dashboard\/details-assets\/8bc2a817-e8bb-48d7-a214-e63e0dea7a2d"},"geometry":{"type":"Point","coordinates":[-49.714116,-20.77214]}},{"type":"Feature","properties":{"municipio":"f587b9a5-160c-4b8b-92c5-c378d1511576","title":"SP - MONGAGUA","name":"SP - MONGAGUA","tipo":"Munic\u00edpio","url":"\/dashboard\/details-assets\/f587b9a5-160c-4b8b-92c5-c378d1511576"},"geometry":{"type":"Point","coordinates":[-46.619993,-24.094116]}},{"type":"Feature","properties":{"municipio":"7894d8cd-e0e7-471d-b6ed-c60080425a18","title":"SP - MONTE ALTO","name":"SP - MONTE ALTO","tipo":"Munic\u00edpio","url":"\/dashboard\/details-assets\/7894d8cd-e0e7-471d-b6ed-c60080425a18"},"geometry":{"type":"Point","coordinates":[-48.496651,-21.263864]}},{"type":"Feature","properties":{"municipio":"121282cb-f5ed-4b5c-9916-485810d0638d","title":"SP - MOJI MIRIM","name":"SP - MOJI MIRIM","tipo":"Munic\u00edpio","url":"\/dashboard\/details-assets\/121282cb-f5ed-4b5c-9916-485810d0638d"},"geometry":{"type":"Point","coordinates":[-46.956367,-22.432695]}},{"type":"Feature","properties":{"municipio":"388aba58-7a96-4dc9-9fad-064bd0ba3040","title":"SP - MOGI GUACU","name":"SP - MOGI GUACU","tipo":"Munic\u00edpio","url":"\/dashboard\/details-assets\/388aba58-7a96-4dc9-9fad-064bd0ba3040"},"geometry":{"type":"Point","coordinates":[-46.944474,-22.36572]}},{"type":"Feature","properties":{"municipio":"f229c8e3-aeec-447d-9315-46ef4f1e4192","title":"SP - MOGI DAS CRUZES","name":"SP - MOGI DAS CRUZES","tipo":"Munic\u00edpio","url":"\/dashboard\/details-assets\/f229c8e3-aeec-447d-9315-46ef4f1e4192"},"geometry":{"type":"Point","coordinates":[-46.19676,-23.522706]}},{"type":"Feature","properties":{"municipio":"7bde4b55-76ef-4662-9b40-c596cc0cbc12","title":"SP - MOCOCA","name":"SP - MOCOCA","tipo":"Munic\u00edpio","url":"\/dashboard\/details-assets\/7bde4b55-76ef-4662-9b40-c596cc0cbc12"},"geometry":{"type":"Point","coordinates":[-47.007171,-21.468991]}},{"type":"Feature","properties":{"municipio":"fd6f645a-a725-4c9f-94a6-b91bf5599c3f","title":"SP - MIRASSOL","name":"SP - MIRASSOL","tipo":"Munic\u00edpio","url":"\/dashboard\/details-assets\/fd6f645a-a725-4c9f-94a6-b91bf5599c3f"},"geometry":{"type":"Point","coordinates":[-49.512139,-20.817004]}},{"type":"Feature","properties":{"municipio":"c5939de9-d80d-4dc3-b924-2e5a8e2034f5","title":"SP - MIRANTE DO PARANAPANEMA","name":"SP - MIRANTE DO PARANAPANEMA","tipo":"Munic\u00edpio","url":"\/dashboard\/details-assets\/c5939de9-d80d-4dc3-b924-2e5a8e2034f5"},"geometry":{"type":"Point","coordinates":[-51.905794,-22.290559]}},{"type":"Feature","properties":{"municipio":"34883659-0cee-4fc9-a027-fef4d0d9e4ce","title":"SP - MIRANDOPOLIS","name":"SP - MIRANDOPOLIS","tipo":"Munic\u00edpio","url":"\/dashboard\/details-assets\/34883659-0cee-4fc9-a027-fef4d0d9e4ce"},"geometry":{"type":"Point","coordinates":[-51.102338,-21.133105]}},{"type":"Feature","properties":{"municipio":"2162c475-beec-4819-b28b-8dcfa04e8eec","title":"SP - MIRACATU","name":"SP - MIRACATU","tipo":"Munic\u00edpio","url":"\/dashboard\/details-assets\/2162c475-beec-4819-b28b-8dcfa04e8eec"},"geometry":{"type":"Point","coordinates":[-47.462913,-24.277132]}},{"type":"Feature","properties":{"municipio":"a3c18e4a-3a19-4c37-b452-5fb672d44d8a","title":"SP - MAUA","name":"SP - MAUA","tipo":"Munic\u00edpio","url":"\/dashboard\/details-assets\/a3c18e4a-3a19-4c37-b452-5fb672d44d8a"},"geometry":{"type":"Point","coordinates":[-46.461709,-23.668163]}},{"type":"Feature","properties":{"municipio":"beb0a593-475f-47a9-b135-7d0f2593b503","title":"SP - MATAO","name":"SP - MATAO","tipo":"Munic\u00edpio","url":"\/dashboard\/details-assets\/beb0a593-475f-47a9-b135-7d0f2593b503"},"geometry":{"type":"Point","coordinates":[-48.364423,-21.602989]}},{"type":"Feature","properties":{"municipio":"05967133-6e3c-4f6e-bf3a-6af86dd2a03f","title":"SP - MARTINOPOLIS","name":"SP - MARTINOPOLIS","tipo":"Munic\u00edpio","url":"\/dashboard\/details-assets\/05967133-6e3c-4f6e-bf3a-6af86dd2a03f"},"geometry":{"type":"Point","coordinates":[-51.172105,-22.149528]}},{"type":"Feature","properties":{"municipio":"55bfaa62-6e1b-4b22-b106-87bf5aef4b5b","title":"SP - MARILIA","name":"SP - MARILIA","tipo":"Munic\u00edpio","url":"\/dashboard\/details-assets\/55bfaa62-6e1b-4b22-b106-87bf5aef4b5b"},"geometry":{"type":"Point","coordinates":[-49.950529,-22.217585]}},{"type":"Feature","properties":{"municipio":"2c804e31-9a69-4bff-b72d-0c76f7af6f67","title":"SP - MAIRIPORA","name":"SP - MAIRIPORA","tipo":"Munic\u00edpio","url":"\/dashboard\/details-assets\/2c804e31-9a69-4bff-b72d-0c76f7af6f67"},"geometry":{"type":"Point","coordinates":[-46.590279,-23.319505]}},{"type":"Feature","properties":{"municipio":"b59fbe99-4620-4274-b18b-9be68629a696","title":"SP - MAIRINQUE","name":"SP - MAIRINQUE","tipo":"Munic\u00edpio","url":"\/dashboard\/details-assets\/b59fbe99-4620-4274-b18b-9be68629a696"},"geometry":{"type":"Point","coordinates":[-47.194723,-23.529723]}},{"type":"Feature","properties":{"municipio":"847aad64-4d40-41ab-8bff-c8a20d26e9c0","title":"SP - LOUVEIRA","name":"SP - LOUVEIRA","tipo":"Munic\u00edpio","url":"\/dashboard\/details-assets\/847aad64-4d40-41ab-8bff-c8a20d26e9c0"},"geometry":{"type":"Point","coordinates":[-46.94644,-23.086778]}},{"type":"Feature","properties":{"municipio":"7539afa0-5520-46ce-9623-b074cdf30408","title":"SP - LORENA","name":"SP - LORENA","tipo":"Munic\u00edpio","url":"\/dashboard\/details-assets\/7539afa0-5520-46ce-9623-b074cdf30408"},"geometry":{"type":"Point","coordinates":[-45.124248,-22.731693]}},{"type":"Feature","properties":{"municipio":"1fbeb7a7-cf0b-44c3-aa81-cc90223cbf48","title":"SP - LINS","name":"SP - LINS","tipo":"Munic\u00edpio","url":"\/dashboard\/details-assets\/1fbeb7a7-cf0b-44c3-aa81-cc90223cbf48"},"geometry":{"type":"Point","coordinates":[-49.751423,-21.672346]}},{"type":"Feature","properties":{"municipio":"61b5c5fc-c7bd-44e6-bb2f-5cfe7848d408","title":"SP - LIMEIRA","name":"SP - LIMEIRA","tipo":"Munic\u00edpio","url":"\/dashboard\/details-assets\/61b5c5fc-c7bd-44e6-bb2f-5cfe7848d408"},"geometry":{"type":"Point","coordinates":[-47.40194,-22.562194]}},{"type":"Feature","properties":{"municipio":"f230dc7e-fcae-4e9a-9840-ec330226510e","title":"SP - LENCOIS PAULISTA","name":"SP - LENCOIS PAULISTA","tipo":"Munic\u00edpio","url":"\/dashboard\/details-assets\/f230dc7e-fcae-4e9a-9840-ec330226510e"},"geometry":{"type":"Point","coordinates":[-48.798682,-22.597507]}},{"type":"Feature","properties":{"municipio":"4a8d4cf2-b0bd-4779-aa85-17c39b641068","title":"SP - JUQUITIBA","name":"SP - JUQUITIBA","tipo":"Munic\u00edpio","url":"\/dashboard\/details-assets\/4a8d4cf2-b0bd-4779-aa85-17c39b641068"},"geometry":{"type":"Point","coordinates":[-47.081594,-23.935689]}},{"type":"Feature","properties":{"municipio":"92761691-14f3-4b6b-b9c6-85091690d47a","title":"SP - LEME","name":"SP - LEME","tipo":"Munic\u00edpio","url":"\/dashboard\/details-assets\/92761691-14f3-4b6b-b9c6-85091690d47a"},"geometry":{"type":"Point","coordinates":[-47.388708,-22.185436]}},{"type":"Feature","properties":{"municipio":"1727f231-4722-43f2-a804-7745019d6cf8","title":"SP - JUNDIAI","name":"SP - JUNDIAI","tipo":"Munic\u00edpio","url":"\/dashboard\/details-assets\/1727f231-4722-43f2-a804-7745019d6cf8"},"geometry":{"type":"Point","coordinates":[-46.885274,-23.187668]}},{"type":"Feature","properties":{"municipio":"10552890-9e15-411e-a72a-3ed85cb9c4ff","title":"SP - JOSE BONIFACIO","name":"SP - JOSE BONIFACIO","tipo":"Munic\u00edpio","url":"\/dashboard\/details-assets\/10552890-9e15-411e-a72a-3ed85cb9c4ff"},"geometry":{"type":"Point","coordinates":[-49.686283,-21.053719]}},{"type":"Feature","properties":{"municipio":"5876bf92-e961-42ac-b306-072f75b8ed72","title":"SP - JAU","name":"SP - JAU","tipo":"Munic\u00edpio","url":"\/dashboard\/details-assets\/5876bf92-e961-42ac-b306-072f75b8ed72"},"geometry":{"type":"Point","coordinates":[-48.558141,-22.295791]}},{"type":"Feature","properties":{"municipio":"e202c284-7d09-4767-bbeb-2b4581ec9fa4","title":"SP - JARDINOPOLIS","name":"SP - JARDINOPOLIS","tipo":"Munic\u00edpio","url":"\/dashboard\/details-assets\/e202c284-7d09-4767-bbeb-2b4581ec9fa4"},"geometry":{"type":"Point","coordinates":[-47.777205,-21.027762]}},{"type":"Feature","properties":{"municipio":"bfc7f650-dd4d-4957-8355-284f201a8eb9","title":"SP - JANDIRA","name":"SP - JANDIRA","tipo":"Munic\u00edpio","url":"\/dashboard\/details-assets\/bfc7f650-dd4d-4957-8355-284f201a8eb9"},"geometry":{"type":"Point","coordinates":[-46.905221,-23.529939]}},{"type":"Feature","properties":{"municipio":"d5eeacbd-65c3-40e4-b248-f4b52dcae2c2","title":"SP - JALES","name":"SP - JALES","tipo":"Munic\u00edpio","url":"\/dashboard\/details-assets\/d5eeacbd-65c3-40e4-b248-f4b52dcae2c2"},"geometry":{"type":"Point","coordinates":[-50.550356,-20.267853]}},{"type":"Feature","properties":{"municipio":"edc55677-7c96-4342-8eaa-668e4deb1057","title":"SP - JAGUARIUNA","name":"SP - JAGUARIUNA","tipo":"Munic\u00edpio","url":"\/dashboard\/details-assets\/edc55677-7c96-4342-8eaa-668e4deb1057"},"geometry":{"type":"Point","coordinates":[-46.982343,-22.706782]}},{"type":"Feature","properties":{"municipio":"71cc3991-26bd-411b-bb96-ee73cc3b7da4","title":"SP - JACAREI","name":"SP - JACAREI","tipo":"Munic\u00edpio","url":"\/dashboard\/details-assets\/71cc3991-26bd-411b-bb96-ee73cc3b7da4"},"geometry":{"type":"Point","coordinates":[-45.969593,-23.30488]}},{"type":"Feature","properties":{"municipio":"a6eff2fb-5467-4547-955c-d48189ebac53","title":"SP - JABOTICABAL","name":"SP - JABOTICABAL","tipo":"Munic\u00edpio","url":"\/dashboard\/details-assets\/a6eff2fb-5467-4547-955c-d48189ebac53"},"geometry":{"type":"Point","coordinates":[-48.32035,-21.254471]}},{"type":"Feature","properties":{"municipio":"0f72dc56-8923-4271-916a-272e6a595def","title":"SP - ITUPEVA","name":"SP - ITUPEVA","tipo":"Munic\u00edpio","url":"\/dashboard\/details-assets\/0f72dc56-8923-4271-916a-272e6a595def"},"geometry":{"type":"Point","coordinates":[-47.055701,-23.15341]}},{"type":"Feature","properties":{"municipio":"87658f99-54c3-4f86-93d4-9acd930fe74b","title":"SP - ITUVERAVA","name":"SP - ITUVERAVA","tipo":"Munic\u00edpio","url":"\/dashboard\/details-assets\/87658f99-54c3-4f86-93d4-9acd930fe74b"},"geometry":{"type":"Point","coordinates":[-47.780416,-20.336288]}},{"type":"Feature","properties":{"municipio":"e5b27ad6-7c22-4a07-baea-e0791703426f","title":"SP - ITU","name":"SP - ITU","tipo":"Munic\u00edpio","url":"\/dashboard\/details-assets\/e5b27ad6-7c22-4a07-baea-e0791703426f"},"geometry":{"type":"Point","coordinates":[-47.29975,-23.265442]}},{"type":"Feature","properties":{"municipio":"ca99a79b-0221-47a2-8347-ade7aadfc6eb","title":"SP - ITATIBA","name":"SP - ITATIBA","tipo":"Munic\u00edpio","url":"\/dashboard\/details-assets\/ca99a79b-0221-47a2-8347-ade7aadfc6eb"},"geometry":{"type":"Point","coordinates":[-46.837558,-23.004853]}},{"type":"Feature","properties":{"municipio":"025e1ce4-9245-4597-97bd-0edfe67eeb78","title":"SP - ITAQUAQUECETUBA","name":"SP - ITAQUAQUECETUBA","tipo":"Munic\u00edpio","url":"\/dashboard\/details-assets\/025e1ce4-9245-4597-97bd-0edfe67eeb78"},"geometry":{"type":"Point","coordinates":[-46.351603,-23.476897]}},{"type":"Feature","properties":{"municipio":"d8c355be-5393-4f98-8224-bd881ef235f6","title":"SP - ITARARE","name":"SP - ITARARE","tipo":"Munic\u00edpio","url":"\/dashboard\/details-assets\/d8c355be-5393-4f98-8224-bd881ef235f6"},"geometry":{"type":"Point","coordinates":[-49.33612,-24.112138]}},{"type":"Feature","properties":{"municipio":"16db561c-6e5a-4346-a2f9-27f084110296","title":"SP - ITAPOLIS","name":"SP - ITAPOLIS","tipo":"Munic\u00edpio","url":"\/dashboard\/details-assets\/16db561c-6e5a-4346-a2f9-27f084110296"},"geometry":{"type":"Point","coordinates":[-48.813392,-21.594704]}},{"type":"Feature","properties":{"municipio":"a5b7795a-fb8c-4535-9b8c-58859a2befdc","title":"SP - ITAPIRA","name":"SP - ITAPIRA","tipo":"Munic\u00edpio","url":"\/dashboard\/details-assets\/a5b7795a-fb8c-4535-9b8c-58859a2befdc"},"geometry":{"type":"Point","coordinates":[-46.821248,-22.436005]}},{"type":"Feature","properties":{"municipio":"8968c6b8-cc86-4d01-9232-96150047aec4","title":"SP - ITAPEVI","name":"SP - ITAPEVI","tipo":"Munic\u00edpio","url":"\/dashboard\/details-assets\/8968c6b8-cc86-4d01-9232-96150047aec4"},"geometry":{"type":"Point","coordinates":[-46.933373,-23.546934]}},{"type":"Feature","properties":{"municipio":"0eb9cfdd-45ac-4883-a485-dd1a27e67695","title":"SP - ITAPETININGA","name":"SP - ITAPETININGA","tipo":"Munic\u00edpio","url":"\/dashboard\/details-assets\/0eb9cfdd-45ac-4883-a485-dd1a27e67695"},"geometry":{"type":"Point","coordinates":[-48.046143,-23.587872]}},{"type":"Feature","properties":{"municipio":"2c64b966-f550-43f1-9d77-0d6a625c718f","title":"SP - ITAPEVA","name":"SP - ITAPEVA","tipo":"Munic\u00edpio","url":"\/dashboard\/details-assets\/2c64b966-f550-43f1-9d77-0d6a625c718f"},"geometry":{"type":"Point","coordinates":[-48.877389,-23.983438]}},{"type":"Feature","properties":{"municipio":"1635c550-b747-4b55-9f04-2e4fdf9710da","title":"SP - ITAPECERICA DA SERRA","name":"SP - ITAPECERICA DA SERRA","tipo":"Munic\u00edpio","url":"\/dashboard\/details-assets\/1635c550-b747-4b55-9f04-2e4fdf9710da"},"geometry":{"type":"Point","coordinates":[-46.850552,-23.715357]}},{"type":"Feature","properties":{"municipio":"c7af4c26-c4c0-4107-9fba-733327d0ce36","title":"SP - ITANHAEM","name":"SP - ITANHAEM","tipo":"Munic\u00edpio","url":"\/dashboard\/details-assets\/c7af4c26-c4c0-4107-9fba-733327d0ce36"},"geometry":{"type":"Point","coordinates":[-46.790991,-24.186121]}},{"type":"Feature","properties":{"municipio":"0ba14eb4-22b5-4925-a341-d993c927a610","title":"SP - ITAI","name":"SP - ITAI","tipo":"Munic\u00edpio","url":"\/dashboard\/details-assets\/0ba14eb4-22b5-4925-a341-d993c927a610"},"geometry":{"type":"Point","coordinates":[-49.081032,-23.419055]}},{"type":"Feature","properties":{"municipio":"6cd4d20b-5259-452a-acfb-882e51303acc","title":"SP - INDAIATUBA","name":"SP - INDAIATUBA","tipo":"Munic\u00edpio","url":"\/dashboard\/details-assets\/6cd4d20b-5259-452a-acfb-882e51303acc"},"geometry":{"type":"Point","coordinates":[-47.212309,-23.081646]}},{"type":"Feature","properties":{"municipio":"f3dcf7a0-9d07-41d0-badd-b62be65fd7f1","title":"SP - ILHA SOLTEIRA","name":"SP - ILHA SOLTEIRA","tipo":"Munic\u00edpio","url":"\/dashboard\/details-assets\/f3dcf7a0-9d07-41d0-badd-b62be65fd7f1"},"geometry":{"type":"Point","coordinates":[-51.344891,-20.429372]}},{"type":"Feature","properties":{"municipio":"6cc74e6c-bf2c-4f76-b0e0-fc42f047abb7","title":"SP - ILHABELA","name":"SP - ILHABELA","tipo":"Munic\u00edpio","url":"\/dashboard\/details-assets\/6cc74e6c-bf2c-4f76-b0e0-fc42f047abb7"},"geometry":{"type":"Point","coordinates":[-45.354355,-23.807791]}},{"type":"Feature","properties":{"municipio":"80e3f149-16fa-497d-b5b3-9aea2a0547e9","title":"SP - IGUAPE","name":"SP - IGUAPE","tipo":"Munic\u00edpio","url":"\/dashboard\/details-assets\/80e3f149-16fa-497d-b5b3-9aea2a0547e9"},"geometry":{"type":"Point","coordinates":[-47.553137,-24.706954]}},{"type":"Feature","properties":{"municipio":"dc9d522f-e6bb-4fb0-9559-1b03af72b07a","title":"SP - IBIUNA","name":"SP - IBIUNA","tipo":"Munic\u00edpio","url":"\/dashboard\/details-assets\/dc9d522f-e6bb-4fb0-9559-1b03af72b07a"},"geometry":{"type":"Point","coordinates":[-47.220491,-23.652632]}},{"type":"Feature","properties":{"municipio":"73c5369e-54c7-431a-af17-99dfcc59bcb6","title":"SP - IBITINGA","name":"SP - IBITINGA","tipo":"Munic\u00edpio","url":"\/dashboard\/details-assets\/73c5369e-54c7-431a-af17-99dfcc59bcb6"},"geometry":{"type":"Point","coordinates":[-48.827695,-21.757083]}},{"type":"Feature","properties":{"municipio":"9827ee09-d7f2-4231-80ae-1fc721b4d735","title":"SP - IBATE","name":"SP - IBATE","tipo":"Munic\u00edpio","url":"\/dashboard\/details-assets\/9827ee09-d7f2-4231-80ae-1fc721b4d735"},"geometry":{"type":"Point","coordinates":[-48.002388,-21.955602]}},{"type":"Feature","properties":{"municipio":"4f0b3573-9770-422c-b019-34e3d643ec8c","title":"SP - HORTOLANDIA","name":"SP - HORTOLANDIA","tipo":"Munic\u00edpio","url":"\/dashboard\/details-assets\/4f0b3573-9770-422c-b019-34e3d643ec8c"},"geometry":{"type":"Point","coordinates":[-47.221097,-22.858395]}},{"type":"Feature","properties":{"municipio":"f038751f-6e48-40cc-a4e3-f49bbcbb6b54","title":"SP - GUARULHOS","name":"SP - GUARULHOS","tipo":"Munic\u00edpio","url":"\/dashboard\/details-assets\/f038751f-6e48-40cc-a4e3-f49bbcbb6b54"},"geometry":{"type":"Point","coordinates":[-46.531084,-23.468506]}},{"type":"Feature","properties":{"municipio":"24d7d1fc-d6ad-4c80-9b6a-93fb4a91c4d2","title":"SP - GUARUJA","name":"SP - GUARUJA","tipo":"Munic\u00edpio","url":"\/dashboard\/details-assets\/24d7d1fc-d6ad-4c80-9b6a-93fb4a91c4d2"},"geometry":{"type":"Point","coordinates":[-46.249034,-23.995149]}},{"type":"Feature","properties":{"municipio":"5a18e98c-632e-41b4-884b-62b09eebf8cb","title":"SP - GUARATINGUETA","name":"SP - GUARATINGUETA","tipo":"Munic\u00edpio","url":"\/dashboard\/details-assets\/5a18e98c-632e-41b4-884b-62b09eebf8cb"},"geometry":{"type":"Point","coordinates":[-45.1916,-22.817425]}},{"type":"Feature","properties":{"municipio":"905148e7-1dc8-4569-b4ff-92b55b1547e0","title":"SP - GUARARAPES","name":"SP - GUARARAPES","tipo":"Munic\u00edpio","url":"\/dashboard\/details-assets\/905148e7-1dc8-4569-b4ff-92b55b1547e0"},"geometry":{"type":"Point","coordinates":[-50.642639,-21.253446]}},{"type":"Feature","properties":{"municipio":"02ad786f-ddaf-4555-af1e-4c64dbc89711","title":"SP - GUAIRA","name":"SP - GUAIRA","tipo":"Munic\u00edpio","url":"\/dashboard\/details-assets\/02ad786f-ddaf-4555-af1e-4c64dbc89711"},"geometry":{"type":"Point","coordinates":[-54.246758,-24.085275]}},{"type":"Feature","properties":{"municipio":"82a3a8a1-cb57-4877-ad82-18668b2555bc","title":"SP - GARCA","name":"SP - GARCA","tipo":"Munic\u00edpio","url":"\/dashboard\/details-assets\/82a3a8a1-cb57-4877-ad82-18668b2555bc"},"geometry":{"type":"Point","coordinates":[-49.65653,-22.210709]}},{"type":"Feature","properties":{"municipio":"c3d397fe-1f99-4e20-a524-7a0f349d14a5","title":"SP - FRANCO DA ROCHA","name":"SP - FRANCO DA ROCHA","tipo":"Munic\u00edpio","url":"\/dashboard\/details-assets\/c3d397fe-1f99-4e20-a524-7a0f349d14a5"},"geometry":{"type":"Point","coordinates":[-46.727875,-23.320302]}},{"type":"Feature","properties":{"municipio":"e5b0de71-34fa-4733-8a99-7731a0d50c3d","title":"SP - FRANCA","name":"SP - FRANCA","tipo":"Munic\u00edpio","url":"\/dashboard\/details-assets\/e5b0de71-34fa-4733-8a99-7731a0d50c3d"},"geometry":{"type":"Point","coordinates":[-47.402332,-20.536097]}},{"type":"Feature","properties":{"municipio":"ff3b2eea-f14c-461e-9c9d-a79a24196cdc","title":"SP - FRANCISCO MORATO","name":"SP - FRANCISCO MORATO","tipo":"Munic\u00edpio","url":"\/dashboard\/details-assets\/ff3b2eea-f14c-461e-9c9d-a79a24196cdc"},"geometry":{"type":"Point","coordinates":[-46.732527,-23.275825]}},{"type":"Feature","properties":{"municipio":"ef079fb1-cde2-4424-ae38-edd4318628d7","title":"SP - FERRAZ DE VASCONCELOS","name":"SP - FERRAZ DE VASCONCELOS","tipo":"Munic\u00edpio","url":"\/dashboard\/details-assets\/ef079fb1-cde2-4424-ae38-edd4318628d7"},"geometry":{"type":"Point","coordinates":[-46.364493,-23.528796]}},{"type":"Feature","properties":{"municipio":"8b98454a-f2bc-4a14-ba27-66cadccd3b02","title":"SP - FERNANDOPOLIS","name":"SP - FERNANDOPOLIS","tipo":"Munic\u00edpio","url":"\/dashboard\/details-assets\/8b98454a-f2bc-4a14-ba27-66cadccd3b02"},"geometry":{"type":"Point","coordinates":[-50.248748,-20.282383]}},{"type":"Feature","properties":{"municipio":"dc2c5be9-b143-4f61-a2a1-b182aff3f866","title":"SP - ESPIRITO SANTO DO PINHAL","name":"SP - ESPIRITO SANTO DO PINHAL","tipo":"Munic\u00edpio","url":"\/dashboard\/details-assets\/dc2c5be9-b143-4f61-a2a1-b182aff3f866"},"geometry":{"type":"Point","coordinates":[-46.745514,-22.197053]}},{"type":"Feature","properties":{"municipio":"d07d9552-9bef-4086-a875-6add06b23dc9","title":"SP - EMBUGUACU","name":"SP - EMBUGUACU","tipo":"Munic\u00edpio","url":"\/dashboard\/details-assets\/d07d9552-9bef-4086-a875-6add06b23dc9"},"geometry":{"type":"Point","coordinates":[-46.817109,-23.831829]}},{"type":"Feature","properties":{"municipio":"23ef4b5b-09a5-455d-90d6-451acfaf8b05","title":"SP - EMBU DAS ARTES","name":"SP - EMBU DAS ARTES","tipo":"Munic\u00edpio","url":"\/dashboard\/details-assets\/23ef4b5b-09a5-455d-90d6-451acfaf8b05"},"geometry":{"type":"Point","coordinates":[-46.85086,-23.647312]}},{"type":"Feature","properties":{"municipio":"aeb7f05f-ea15-4c53-afc8-82a9d5ce47cc","title":"SP - ELDORADO","name":"SP - ELDORADO","tipo":"Munic\u00edpio","url":"\/dashboard\/details-assets\/aeb7f05f-ea15-4c53-afc8-82a9d5ce47cc"},"geometry":{"type":"Point","coordinates":[-54.280028,-23.774054]}},{"type":"Feature","properties":{"municipio":"0d0f9cc9-7d13-4802-8021-ad686f344f72","title":"SP - DRACENA","name":"SP - DRACENA","tipo":"Munic\u00edpio","url":"\/dashboard\/details-assets\/0d0f9cc9-7d13-4802-8021-ad686f344f72"},"geometry":{"type":"Point","coordinates":[-51.53405,-21.486138]}},{"type":"Feature","properties":{"municipio":"0636402a-f4f0-4d11-a7b1-36a94c60be8e","title":"SP - DIADEMA","name":"SP - DIADEMA","tipo":"Munic\u00edpio","url":"\/dashboard\/details-assets\/0636402a-f4f0-4d11-a7b1-36a94c60be8e"},"geometry":{"type":"Point","coordinates":[-46.623381,-23.689295]}},{"type":"Feature","properties":{"municipio":"e0195605-c30b-4841-87b1-addf7b4d195b","title":"SP - CUBATAO","name":"SP - CUBATAO","tipo":"Munic\u00edpio","url":"\/dashboard\/details-assets\/e0195605-c30b-4841-87b1-addf7b4d195b"},"geometry":{"type":"Point","coordinates":[-46.420032,-23.883839]}},{"type":"Feature","properties":{"municipio":"9cd6bfae-79a1-4c5e-9ea7-5d5cb3b72eae","title":"SP - COTIA","name":"SP - COTIA","tipo":"Munic\u00edpio","url":"\/dashboard\/details-assets\/9cd6bfae-79a1-4c5e-9ea7-5d5cb3b72eae"},"geometry":{"type":"Point","coordinates":[-46.931846,-23.603514]}},{"type":"Feature","properties":{"municipio":"873a693e-f5e8-4654-8ea2-368bd07b7068","title":"SP - CRUZEIRO","name":"SP - CRUZEIRO","tipo":"Munic\u00edpio","url":"\/dashboard\/details-assets\/873a693e-f5e8-4654-8ea2-368bd07b7068"},"geometry":{"type":"Point","coordinates":[-44.961732,-22.57775]}},{"type":"Feature","properties":{"municipio":"273dfbf6-cd92-4425-83b1-5a480ba6ab27","title":"SP - COSMOPOLIS","name":"SP - COSMOPOLIS","tipo":"Munic\u00edpio","url":"\/dashboard\/details-assets\/273dfbf6-cd92-4425-83b1-5a480ba6ab27"},"geometry":{"type":"Point","coordinates":[-47.196771,-22.645785]}},{"type":"Feature","properties":{"municipio":"206ccd75-ae14-43b9-b381-e83c520a98fc","title":"SP - CERQUEIRA CESAR","name":"SP - CERQUEIRA CESAR","tipo":"Munic\u00edpio","url":"\/dashboard\/details-assets\/206ccd75-ae14-43b9-b381-e83c520a98fc"},"geometry":{"type":"Point","coordinates":[-49.16533,-23.034797]}},{"type":"Feature","properties":{"municipio":"ac1bcd82-ac5a-4ada-9014-9b71d6e3e220","title":"SP - CERQUILHO","name":"SP - CERQUILHO","tipo":"Munic\u00edpio","url":"\/dashboard\/details-assets\/ac1bcd82-ac5a-4ada-9014-9b71d6e3e220"},"geometry":{"type":"Point","coordinates":[-47.737531,-23.168672]}},{"type":"Feature","properties":{"municipio":"4cde9c77-4cb7-4683-b705-b26976ee5639","title":"SP - CATANDUVA","name":"SP - CATANDUVA","tipo":"Munic\u00edpio","url":"\/dashboard\/details-assets\/4cde9c77-4cb7-4683-b705-b26976ee5639"},"geometry":{"type":"Point","coordinates":[-48.975871,-21.139538]}},{"type":"Feature","properties":{"municipio":"6ef74a13-f050-448d-8b7d-372aef95b0b4","title":"SP - CASA BRANCA","name":"SP - CASA BRANCA","tipo":"Munic\u00edpio","url":"\/dashboard\/details-assets\/6ef74a13-f050-448d-8b7d-372aef95b0b4"},"geometry":{"type":"Point","coordinates":[-47.079758,-21.777987]}},{"type":"Feature","properties":{"municipio":"394f40e1-be57-4833-bc67-7e834f0e3a20","title":"SP - CARAPICUIBA","name":"SP - CARAPICUIBA","tipo":"Munic\u00edpio","url":"\/dashboard\/details-assets\/394f40e1-be57-4833-bc67-7e834f0e3a20"},"geometry":{"type":"Point","coordinates":[-46.841445,-23.535249]}},{"type":"Feature","properties":{"municipio":"98edeef5-11a7-4870-aee3-2206fa01ecd3","title":"SP - CARAGUATATUBA","name":"SP - CARAGUATATUBA","tipo":"Munic\u00edpio","url":"\/dashboard\/details-assets\/98edeef5-11a7-4870-aee3-2206fa01ecd3"},"geometry":{"type":"Point","coordinates":[-45.410818,-23.622006]}},{"type":"Feature","properties":{"municipio":"cbbc7a8c-326f-4d24-a4a2-718fb4925fe9","title":"SP - CAPAO BONITO","name":"SP - CAPAO BONITO","tipo":"Munic\u00edpio","url":"\/dashboard\/details-assets\/cbbc7a8c-326f-4d24-a4a2-718fb4925fe9"},"geometry":{"type":"Point","coordinates":[-48.351435,-24.006801]}},{"type":"Feature","properties":{"municipio":"2155b21e-b440-48f8-ac34-56784261a990","title":"SP - CAPIVARI","name":"SP - CAPIVARI","tipo":"Munic\u00edpio","url":"\/dashboard\/details-assets\/2155b21e-b440-48f8-ac34-56784261a990"},"geometry":{"type":"Point","coordinates":[-47.502206,-22.999549]}},{"type":"Feature","properties":{"municipio":"0c994184-8850-43d5-a2e5-27d1dfa63e95","title":"SP - CANDIDO MOTA","name":"SP - CANDIDO MOTA","tipo":"Munic\u00edpio","url":"\/dashboard\/details-assets\/0c994184-8850-43d5-a2e5-27d1dfa63e95"},"geometry":{"type":"Point","coordinates":[-50.388393,-22.746925]}},{"type":"Feature","properties":{"municipio":"38181cc1-1b7d-46f7-a0f0-17a466b60593","title":"SP - CAMPOS DO JORDAO","name":"SP - CAMPOS DO JORDAO","tipo":"Munic\u00edpio","url":"\/dashboard\/details-assets\/38181cc1-1b7d-46f7-a0f0-17a466b60593"},"geometry":{"type":"Point","coordinates":[-45.589202,-22.740092]}},{"type":"Feature","properties":{"municipio":"d5b13088-1857-42e1-be91-30b923395f0e","title":"SP - CAMPO LIMPO PAULISTA","name":"SP - CAMPO LIMPO PAULISTA","tipo":"Munic\u00edpio","url":"\/dashboard\/details-assets\/d5b13088-1857-42e1-be91-30b923395f0e"},"geometry":{"type":"Point","coordinates":[-46.789369,-23.208293]}},{"type":"Feature","properties":{"municipio":"253169df-c9ab-487e-b2ea-b5da34c84d26","title":"SP - CAMPINAS","name":"SP - CAMPINAS","tipo":"Munic\u00edpio","url":"\/dashboard\/details-assets\/253169df-c9ab-487e-b2ea-b5da34c84d26"},"geometry":{"type":"Point","coordinates":[-47.060156,-22.907342]}},{"type":"Feature","properties":{"municipio":"b006925d-694f-42dc-b6da-b7b0ee0e61ae","title":"SP - CAJURU","name":"SP - CAJURU","tipo":"Munic\u00edpio","url":"\/dashboard\/details-assets\/b006925d-694f-42dc-b6da-b7b0ee0e61ae"},"geometry":{"type":"Point","coordinates":[-47.303467,-21.275414]}},{"type":"Feature","properties":{"municipio":"7d83cbea-d201-4a66-9022-e6a44fd95722","title":"SP - CAJAMAR","name":"SP - CAJAMAR","tipo":"Munic\u00edpio","url":"\/dashboard\/details-assets\/7d83cbea-d201-4a66-9022-e6a44fd95722"},"geometry":{"type":"Point","coordinates":[-46.88292,-23.360971]}},{"type":"Feature","properties":{"municipio":"1de7314e-7581-4cd2-9223-6f0c83a26e30","title":"SP - CAJATI","name":"SP - CAJATI","tipo":"Munic\u00edpio","url":"\/dashboard\/details-assets\/1de7314e-7581-4cd2-9223-6f0c83a26e30"},"geometry":{"type":"Point","coordinates":[-48.105,-24.726361]}},{"type":"Feature","properties":{"municipio":"75607bfd-95d6-4dc4-b808-9e548196d63a","title":"SP - CAIEIRAS","name":"SP - CAIEIRAS","tipo":"Munic\u00edpio","url":"\/dashboard\/details-assets\/75607bfd-95d6-4dc4-b808-9e548196d63a"},"geometry":{"type":"Point","coordinates":[-46.744101,-23.362116]}},{"type":"Feature","properties":{"municipio":"141701e4-9c9b-4569-a5f7-603e06deaea4","title":"SP - CACHOEIRA PAULISTA","name":"SP - CACHOEIRA PAULISTA","tipo":"Munic\u00edpio","url":"\/dashboard\/details-assets\/141701e4-9c9b-4569-a5f7-603e06deaea4"},"geometry":{"type":"Point","coordinates":[-45.01063,-22.664754]}},{"type":"Feature","properties":{"municipio":"0b0ef8ae-2e3b-4db1-bd4f-54b7d450f7d9","title":"SP - CACAPAVA","name":"SP - CACAPAVA","tipo":"Munic\u00edpio","url":"\/dashboard\/details-assets\/0b0ef8ae-2e3b-4db1-bd4f-54b7d450f7d9"},"geometry":{"type":"Point","coordinates":[-45.70773,-23.100664]}},{"type":"Feature","properties":{"municipio":"96fb9d87-9147-4243-b1dc-3ef655d36f3c","title":"SP - CABREUVA","name":"SP - CABREUVA","tipo":"Munic\u00edpio","url":"\/dashboard\/details-assets\/96fb9d87-9147-4243-b1dc-3ef655d36f3c"},"geometry":{"type":"Point","coordinates":[-47.133658,-23.312674]}},{"type":"Feature","properties":{"municipio":"09c44936-b85a-4757-bf99-d4d91c5c4f64","title":"SP - BRAGANCA PAULISTA","name":"SP - BRAGANCA PAULISTA","tipo":"Munic\u00edpio","url":"\/dashboard\/details-assets\/09c44936-b85a-4757-bf99-d4d91c5c4f64"},"geometry":{"type":"Point","coordinates":[-46.542333,-22.956895]}},{"type":"Feature","properties":{"municipio":"3710878a-ae2c-4e44-816a-7d1e97630ddb","title":"SP - BOTUCATU","name":"SP - BOTUCATU","tipo":"Munic\u00edpio","url":"\/dashboard\/details-assets\/3710878a-ae2c-4e44-816a-7d1e97630ddb"},"geometry":{"type":"Point","coordinates":[-48.441289,-22.888381]}},{"type":"Feature","properties":{"municipio":"5bc3456d-2815-40f1-b629-796c25979409","title":"SP - BOITUVA","name":"SP - BOITUVA","tipo":"Munic\u00edpio","url":"\/dashboard\/details-assets\/5bc3456d-2815-40f1-b629-796c25979409"},"geometry":{"type":"Point","coordinates":[-47.671473,-23.281944]}},{"type":"Feature","properties":{"municipio":"b904f782-ae8e-4c58-9789-62d611ce87bc","title":"SP - BIRIGUI","name":"SP - BIRIGUI","tipo":"Munic\u00edpio","url":"\/dashboard\/details-assets\/b904f782-ae8e-4c58-9789-62d611ce87bc"},"geometry":{"type":"Point","coordinates":[-50.339329,-21.292392]}},{"type":"Feature","properties":{"municipio":"9ffec7fc-3fc1-431e-80ce-7b2f6915e569","title":"SP - BERTIOGA","name":"SP - BERTIOGA","tipo":"Munic\u00edpio","url":"\/dashboard\/details-assets\/9ffec7fc-3fc1-431e-80ce-7b2f6915e569"},"geometry":{"type":"Point","coordinates":[-46.136538,-23.854014]}},{"type":"Feature","properties":{"municipio":"94e72dde-cae2-47a5-9626-4e8aa9271805","title":"SP - BEBEDOURO","name":"SP - BEBEDOURO","tipo":"Munic\u00edpio","url":"\/dashboard\/details-assets\/94e72dde-cae2-47a5-9626-4e8aa9271805"},"geometry":{"type":"Point","coordinates":[-48.477362,-20.949816]}},{"type":"Feature","properties":{"municipio":"8f627b2b-958e-430f-99a4-4a1b6c2cbcf4","title":"SP - BAURU","name":"SP - BAURU","tipo":"Munic\u00edpio","url":"\/dashboard\/details-assets\/8f627b2b-958e-430f-99a4-4a1b6c2cbcf4"},"geometry":{"type":"Point","coordinates":[-49.083001,-22.325122]}},{"type":"Feature","properties":{"municipio":"b1bd8039-130a-4207-8674-055bca7f074f","title":"SP - BATATAIS","name":"SP - BATATAIS","tipo":"Munic\u00edpio","url":"\/dashboard\/details-assets\/b1bd8039-130a-4207-8674-055bca7f074f"},"geometry":{"type":"Point","coordinates":[-47.586107,-20.891929]}},{"type":"Feature","properties":{"municipio":"ccb17b85-efa1-4df0-9d54-5de7bace3db3","title":"SP - BARUERI","name":"SP - BARUERI","tipo":"Munic\u00edpio","url":"\/dashboard\/details-assets\/ccb17b85-efa1-4df0-9d54-5de7bace3db3"},"geometry":{"type":"Point","coordinates":[-46.874653,-23.508902]}},{"type":"Feature","properties":{"municipio":"fcb18f79-5a0c-4764-99e0-a07ca3eac4f8","title":"SP - BARRINHA","name":"SP - BARRINHA","tipo":"Munic\u00edpio","url":"\/dashboard\/details-assets\/fcb18f79-5a0c-4764-99e0-a07ca3eac4f8"},"geometry":{"type":"Point","coordinates":[-48.162814,-21.191743]}},{"type":"Feature","properties":{"municipio":"eb34d14d-9ec8-47b9-82b2-2a8732909f2c","title":"SP - BARRETOS","name":"SP - BARRETOS","tipo":"Munic\u00edpio","url":"\/dashboard\/details-assets\/eb34d14d-9ec8-47b9-82b2-2a8732909f2c"},"geometry":{"type":"Point","coordinates":[-48.567378,-20.558456]}},{"type":"Feature","properties":{"municipio":"c49597fa-1f15-4bf5-aaaf-50d02dac3ad3","title":"SP - BARRA BONITA","name":"SP - BARRA BONITA","tipo":"Munic\u00edpio","url":"\/dashboard\/details-assets\/c49597fa-1f15-4bf5-aaaf-50d02dac3ad3"},"geometry":{"type":"Point","coordinates":[-48.552414,-22.490671]}},{"type":"Feature","properties":{"municipio":"259109e3-c1b3-4491-9f75-178a4600bbfa","title":"SP - BARRA DO TURVO","name":"SP - BARRA DO TURVO","tipo":"Munic\u00edpio","url":"\/dashboard\/details-assets\/259109e3-c1b3-4491-9f75-178a4600bbfa"},"geometry":{"type":"Point","coordinates":[-48.545153,-24.876025]}},{"type":"Feature","properties":{"municipio":"4474b072-529e-467c-973f-4d4cd91e2f8d","title":"SP - AVARE","name":"SP - AVARE","tipo":"Munic\u00edpio","url":"\/dashboard\/details-assets\/4474b072-529e-467c-973f-4d4cd91e2f8d"},"geometry":{"type":"Point","coordinates":[-48.923263,-23.103193]}},{"type":"Feature","properties":{"municipio":"eacf99c2-79f6-428b-877e-613d9d6c4abc","title":"SP - ATIBAIA","name":"SP - ATIBAIA","tipo":"Munic\u00edpio","url":"\/dashboard\/details-assets\/eacf99c2-79f6-428b-877e-613d9d6c4abc"},"geometry":{"type":"Point","coordinates":[-46.555063,-23.116308]}},{"type":"Feature","properties":{"municipio":"7369d66b-452c-4f7d-836e-c51f463b8428","title":"SP - AURIFLAMA","name":"SP - AURIFLAMA","tipo":"Munic\u00edpio","url":"\/dashboard\/details-assets\/7369d66b-452c-4f7d-836e-c51f463b8428"},"geometry":{"type":"Point","coordinates":[-50.553959,-20.687335]}},{"type":"Feature","properties":{"municipio":"8584adfd-e2a6-4015-929a-dcc8e3057378","title":"SP - ASSIS","name":"SP - ASSIS","tipo":"Munic\u00edpio","url":"\/dashboard\/details-assets\/8584adfd-e2a6-4015-929a-dcc8e3057378"},"geometry":{"type":"Point","coordinates":[-50.41751,-22.662835]}},{"type":"Feature","properties":{"municipio":"9b5f74c2-4d0e-4d0e-885b-5886a0f6be15","title":"SP - ARUJA","name":"SP - ARUJA","tipo":"Munic\u00edpio","url":"\/dashboard\/details-assets\/9b5f74c2-4d0e-4d0e-885b-5886a0f6be15"},"geometry":{"type":"Point","coordinates":[-46.32049,-23.395827]}},{"type":"Feature","properties":{"municipio":"cf022c2d-9322-430f-a396-407559e00db4","title":"SP - ARARAS","name":"SP - ARARAS","tipo":"Munic\u00edpio","url":"\/dashboard\/details-assets\/cf022c2d-9322-430f-a396-407559e00db4"},"geometry":{"type":"Point","coordinates":[-47.38583,-22.357087]}},{"type":"Feature","properties":{"municipio":"54aae259-af9f-4a98-9a82-9d1cc91ccf6d","title":"SP - ARTUR NOGUEIRA","name":"SP - ARTUR NOGUEIRA","tipo":"Munic\u00edpio","url":"\/dashboard\/details-assets\/54aae259-af9f-4a98-9a82-9d1cc91ccf6d"},"geometry":{"type":"Point","coordinates":[-47.164301,-22.571343]}},{"type":"Feature","properties":{"municipio":"99e0a943-8008-440c-b0a2-29113d6167d9","title":"SP - ARARAQUARA","name":"SP - ARARAQUARA","tipo":"Munic\u00edpio","url":"\/dashboard\/details-assets\/99e0a943-8008-440c-b0a2-29113d6167d9"},"geometry":{"type":"Point","coordinates":[-48.17444,-21.790359]}},{"type":"Feature","properties":{"municipio":"4dc053e5-b34c-4899-bf89-bcd6f6dcb5e4","title":"SP - ARACOIABA DA SERRA","name":"SP - ARACOIABA DA SERRA","tipo":"Munic\u00edpio","url":"\/dashboard\/details-assets\/4dc053e5-b34c-4899-bf89-bcd6f6dcb5e4"},"geometry":{"type":"Point","coordinates":[-47.587243,-23.50732]}},{"type":"Feature","properties":{"municipio":"2f62f3ea-86b7-4a40-9dad-8921275b23c2","title":"SP - ARACATUBA","name":"SP - ARACATUBA","tipo":"Munic\u00edpio","url":"\/dashboard\/details-assets\/2f62f3ea-86b7-4a40-9dad-8921275b23c2"},"geometry":{"type":"Point","coordinates":[-50.439226,-21.205476]}},{"type":"Feature","properties":{"municipio":"c36f69db-8906-4168-a9f6-fc2fac536855","title":"SP - APIAI","name":"SP - APIAI","tipo":"Munic\u00edpio","url":"\/dashboard\/details-assets\/c36f69db-8906-4168-a9f6-fc2fac536855"},"geometry":{"type":"Point","coordinates":[-48.84866,-24.513316]}},{"type":"Feature","properties":{"municipio":"7fe14c94-9aa2-4953-b486-f32f48c6d046","title":"SP - ANDRADINA","name":"SP - ANDRADINA","tipo":"Munic\u00edpio","url":"\/dashboard\/details-assets\/7fe14c94-9aa2-4953-b486-f32f48c6d046"},"geometry":{"type":"Point","coordinates":[-51.378848,-20.901464]}},{"type":"Feature","properties":{"municipio":"c180229d-a97c-493c-9c9c-aa979b3d75ea","title":"SP - APARECIDA","name":"SP - APARECIDA","tipo":"Munic\u00edpio","url":"\/dashboard\/details-assets\/c180229d-a97c-493c-9c9c-aa979b3d75ea"},"geometry":{"type":"Point","coordinates":[-45.229429,-22.848154]}},{"type":"Feature","properties":{"municipio":"08f5d4ac-306d-4bb5-b485-be087e24f908","title":"SP - AMPARO","name":"SP - AMPARO","tipo":"Munic\u00edpio","url":"\/dashboard\/details-assets\/08f5d4ac-306d-4bb5-b485-be087e24f908"},"geometry":{"type":"Point","coordinates":[-46.765086,-22.699389]}},{"type":"Feature","properties":{"municipio":"34cc7a45-76f2-426e-a39b-b247b05602de","title":"SP - AMERICANA","name":"SP - AMERICANA","tipo":"Munic\u00edpio","url":"\/dashboard\/details-assets\/34cc7a45-76f2-426e-a39b-b247b05602de"},"geometry":{"type":"Point","coordinates":[-47.330363,-22.740883]}},{"type":"Feature","properties":{"municipio":"a7475783-88f2-4c1f-ad65-b2ab5d156fa8","title":"SP - AGUDOS","name":"SP - AGUDOS","tipo":"Munic\u00edpio","url":"\/dashboard\/details-assets\/a7475783-88f2-4c1f-ad65-b2ab5d156fa8"},"geometry":{"type":"Point","coordinates":[-48.990156,-22.474037]}},{"type":"Feature","properties":{"municipio":"7bfcb863-b43f-433f-84af-a980f0711eb5","title":"SP - ADAMANTINA","name":"SP - ADAMANTINA","tipo":"Munic\u00edpio","url":"\/dashboard\/details-assets\/7bfcb863-b43f-433f-84af-a980f0711eb5"},"geometry":{"type":"Point","coordinates":[-51.102504,-21.685058]}},{"type":"Feature","properties":{"municipio":"131f0583-63a2-4f28-a22f-10af0683451b","title":"SE - UMBAUBA","name":"SE - UMBAUBA","tipo":"Munic\u00edpio","url":"\/dashboard\/details-assets\/131f0583-63a2-4f28-a22f-10af0683451b"},"geometry":{"type":"Point","coordinates":[-37.659948,-11.416068]}},{"type":"Feature","properties":{"municipio":"7f2b0732-3290-48ee-a283-cda479a0e458","title":"SE - TOBIAS BARRETO","name":"SE - TOBIAS BARRETO","tipo":"Munic\u00edpio","url":"\/dashboard\/details-assets\/7f2b0732-3290-48ee-a283-cda479a0e458"},"geometry":{"type":"Point","coordinates":[-38.000521,-11.185188]}},{"type":"Feature","properties":{"municipio":"65f8588a-4e0d-4c5f-9207-97e1794b2d82","title":"SE - SIMAO DIAS","name":"SE - SIMAO DIAS","tipo":"Munic\u00edpio","url":"\/dashboard\/details-assets\/65f8588a-4e0d-4c5f-9207-97e1794b2d82"},"geometry":{"type":"Point","coordinates":[-37.809338,-10.739792]}},{"type":"Feature","properties":{"municipio":"b568511c-d9d5-4dd0-8029-544cf6780052","title":"SE - RIACHUELO","name":"SE - RIACHUELO","tipo":"Munic\u00edpio","url":"\/dashboard\/details-assets\/b568511c-d9d5-4dd0-8029-544cf6780052"},"geometry":{"type":"Point","coordinates":[-37.187039,-10.732649]}},{"type":"Feature","properties":{"municipio":"f81f7d7d-755b-4007-b556-f2155cbed8c7","title":"SE - SAO CRISTOVAO","name":"SE - SAO CRISTOVAO","tipo":"Munic\u00edpio","url":"\/dashboard\/details-assets\/f81f7d7d-755b-4007-b556-f2155cbed8c7"},"geometry":{"type":"Point","coordinates":[-37.205934,-11.012236]}},{"type":"Feature","properties":{"municipio":"c053e8b4-d504-4482-9820-429c52851f14","title":"SE - PROPRIA","name":"SE - PROPRIA","tipo":"Munic\u00edpio","url":"\/dashboard\/details-assets\/c053e8b4-d504-4482-9820-429c52851f14"},"geometry":{"type":"Point","coordinates":[-36.837185,-10.212228]}},{"type":"Feature","properties":{"municipio":"e5221a98-556f-4f66-b5a9-b15a7d9e7eb1","title":"SE - PORTO DA FOLHA","name":"SE - PORTO DA FOLHA","tipo":"Munic\u00edpio","url":"\/dashboard\/details-assets\/e5221a98-556f-4f66-b5a9-b15a7d9e7eb1"},"geometry":{"type":"Point","coordinates":[-37.275759,-9.919741]}},{"type":"Feature","properties":{"municipio":"93dc8849-d6fb-40dd-9cfc-a30b18d74b17","title":"SE - POCO VERDE","name":"SE - POCO VERDE","tipo":"Munic\u00edpio","url":"\/dashboard\/details-assets\/93dc8849-d6fb-40dd-9cfc-a30b18d74b17"},"geometry":{"type":"Point","coordinates":[-38.173065,-10.717071]}},{"type":"Feature","properties":{"municipio":"fb0aef03-c328-420a-9f2e-00c3a403b674","title":"SE - POCO REDONDO","name":"SE - POCO REDONDO","tipo":"Munic\u00edpio","url":"\/dashboard\/details-assets\/fb0aef03-c328-420a-9f2e-00c3a403b674"},"geometry":{"type":"Point","coordinates":[-37.723768,-9.822267]}},{"type":"Feature","properties":{"municipio":"e211a420-08b6-4ed2-9ad9-3fd0786f72b7","title":"SE - NOSSA SENHORA DO SOCORRO","name":"SE - NOSSA SENHORA DO SOCORRO","tipo":"Munic\u00edpio","url":"\/dashboard\/details-assets\/e211a420-08b6-4ed2-9ad9-3fd0786f72b7"},"geometry":{"type":"Point","coordinates":[-37.126979,-10.853164]}},{"type":"Feature","properties":{"municipio":"93d69cab-4c77-4658-81e6-9f8df00c8a41","title":"SE - NOSSA SENHORA DAS DORES","name":"SE - NOSSA SENHORA DAS DORES","tipo":"Munic\u00edpio","url":"\/dashboard\/details-assets\/93d69cab-4c77-4658-81e6-9f8df00c8a41"},"geometry":{"type":"Point","coordinates":[-37.196622,-10.485792]}},{"type":"Feature","properties":{"municipio":"849df969-23a8-45dd-9340-d2bad5d64bd9","title":"SE - NOSSA SENHORA DA GLORIA","name":"SE - NOSSA SENHORA DA GLORIA","tipo":"Munic\u00edpio","url":"\/dashboard\/details-assets\/849df969-23a8-45dd-9340-d2bad5d64bd9"},"geometry":{"type":"Point","coordinates":[-37.421281,-10.215655]}},{"type":"Feature","properties":{"municipio":"026ea0a0-d6a1-4a6a-b290-f385dd3adf64","title":"SE - NOSSA SENHORA APARECIDA","name":"SE - NOSSA SENHORA APARECIDA","tipo":"Munic\u00edpio","url":"\/dashboard\/details-assets\/026ea0a0-d6a1-4a6a-b290-f385dd3adf64"},"geometry":{"type":"Point","coordinates":[-37.454432,-10.397443]}},{"type":"Feature","properties":{"municipio":"53861f9d-2e3f-4fad-8283-d106a941e835","title":"SE - NEOPOLIS","name":"SE - NEOPOLIS","tipo":"Munic\u00edpio","url":"\/dashboard\/details-assets\/53861f9d-2e3f-4fad-8283-d106a941e835"},"geometry":{"type":"Point","coordinates":[-36.585281,-10.321944]}},{"type":"Feature","properties":{"municipio":"d03b167e-1a57-4d41-8d72-9186e5148fb7","title":"SE - MONTE ALEGRE DE SERGIPE","name":"SE - MONTE ALEGRE DE SERGIPE","tipo":"Munic\u00edpio","url":"\/dashboard\/details-assets\/d03b167e-1a57-4d41-8d72-9186e5148fb7"},"geometry":{"type":"Point","coordinates":[-37.561432,-10.028255]}},{"type":"Feature","properties":{"municipio":"4022e62e-9fa5-491b-b870-efb06ecb638a","title":"SE - MARUIM","name":"SE - MARUIM","tipo":"Munic\u00edpio","url":"\/dashboard\/details-assets\/4022e62e-9fa5-491b-b870-efb06ecb638a"},"geometry":{"type":"Point","coordinates":[-37.085935,-10.731196]}},{"type":"Feature","properties":{"municipio":"09f185d3-202c-4cf2-8a51-5eb92b9c2b0f","title":"SE - LARANJEIRAS","name":"SE - LARANJEIRAS","tipo":"Munic\u00edpio","url":"\/dashboard\/details-assets\/09f185d3-202c-4cf2-8a51-5eb92b9c2b0f"},"geometry":{"type":"Point","coordinates":[-37.167937,-10.804856]}},{"type":"Feature","properties":{"municipio":"37596719-6590-46fd-b830-69fac9f606f4","title":"SE - LAGARTO","name":"SE - LAGARTO","tipo":"Munic\u00edpio","url":"\/dashboard\/details-assets\/37596719-6590-46fd-b830-69fac9f606f4"},"geometry":{"type":"Point","coordinates":[-37.666353,-10.915301]}},{"type":"Feature","properties":{"municipio":"f2d648b4-8282-47e7-8cce-c1dc8d65a409","title":"SE - JAPARATUBA","name":"SE - JAPARATUBA","tipo":"Munic\u00edpio","url":"\/dashboard\/details-assets\/f2d648b4-8282-47e7-8cce-c1dc8d65a409"},"geometry":{"type":"Point","coordinates":[-36.942008,-10.577323]}},{"type":"Feature","properties":{"municipio":"c40e5e07-70e3-487b-a75c-e24f8a8ef309","title":"SE - ITAPORANGA DAJUDA","name":"SE - ITAPORANGA DAJUDA","tipo":"Munic\u00edpio","url":"\/dashboard\/details-assets\/c40e5e07-70e3-487b-a75c-e24f8a8ef309"},"geometry":{"type":"Point","coordinates":[-37.307827,-10.996733]}},{"type":"Feature","properties":{"municipio":"65bb4be7-ad2b-4122-8185-b79fba1b7b53","title":"SE - ITABAIANA","name":"SE - ITABAIANA","tipo":"Munic\u00edpio","url":"\/dashboard\/details-assets\/65bb4be7-ad2b-4122-8185-b79fba1b7b53"},"geometry":{"type":"Point","coordinates":[-37.426861,-10.685716]}},{"type":"Feature","properties":{"municipio":"b51dbd67-cdb2-40f2-a8f4-08acaf0943e5","title":"SE - ITABAIANINHA","name":"SE - ITABAIANINHA","tipo":"Munic\u00edpio","url":"\/dashboard\/details-assets\/b51dbd67-cdb2-40f2-a8f4-08acaf0943e5"},"geometry":{"type":"Point","coordinates":[-37.787411,-11.276785]}},{"type":"Feature","properties":{"municipio":"b1d5810e-eb2e-468d-a54c-10938141e612","title":"SE - INDIAROBA","name":"SE - INDIAROBA","tipo":"Munic\u00edpio","url":"\/dashboard\/details-assets\/b1d5810e-eb2e-468d-a54c-10938141e612"},"geometry":{"type":"Point","coordinates":[-37.515095,-11.518507]}},{"type":"Feature","properties":{"municipio":"c63373be-1929-42c1-9b91-5d15c033538d","title":"SE - GARARU","name":"SE - GARARU","tipo":"Munic\u00edpio","url":"\/dashboard\/details-assets\/c63373be-1929-42c1-9b91-5d15c033538d"},"geometry":{"type":"Point","coordinates":[-37.084372,-9.967351]}},{"type":"Feature","properties":{"municipio":"9164b09a-369e-4cf7-95b3-d2554486df4e","title":"SE - ESTANCIA","name":"SE - ESTANCIA","tipo":"Munic\u00edpio","url":"\/dashboard\/details-assets\/9164b09a-369e-4cf7-95b3-d2554486df4e"},"geometry":{"type":"Point","coordinates":[-37.440011,-11.267949]}},{"type":"Feature","properties":{"municipio":"8f2bfdd0-b6b0-4fc9-a68a-f887c587e598","title":"SE - CARMOPOLIS","name":"SE - CARMOPOLIS","tipo":"Munic\u00edpio","url":"\/dashboard\/details-assets\/8f2bfdd0-b6b0-4fc9-a68a-f887c587e598"},"geometry":{"type":"Point","coordinates":[-36.989078,-10.645303]}},{"type":"Feature","properties":{"municipio":"d4b5bdc3-c690-475b-a4d9-fc9775d17c9c","title":"SE - CAPELA","name":"SE - CAPELA","tipo":"Munic\u00edpio","url":"\/dashboard\/details-assets\/d4b5bdc3-c690-475b-a4d9-fc9775d17c9c"},"geometry":{"type":"Point","coordinates":[-37.054833,-10.5061]}},{"type":"Feature","properties":{"municipio":"f685e3fb-30a7-4a6e-ae55-d0c209a265cf","title":"SE - CARIRA","name":"SE - CARIRA","tipo":"Munic\u00edpio","url":"\/dashboard\/details-assets\/f685e3fb-30a7-4a6e-ae55-d0c209a265cf"},"geometry":{"type":"Point","coordinates":[-37.701919,-10.358017]}},{"type":"Feature","properties":{"municipio":"b3257df7-f8c0-4080-9ebb-e8782d2f4d05","title":"SE - CANINDE DE SAO FRANCISCO","name":"SE - CANINDE DE SAO FRANCISCO","tipo":"Munic\u00edpio","url":"\/dashboard\/details-assets\/b3257df7-f8c0-4080-9ebb-e8782d2f4d05"},"geometry":{"type":"Point","coordinates":[-37.822052,-9.64847]}},{"type":"Feature","properties":{"municipio":"46cf2b01-dee1-48ab-b8e5-4ef08cc5b191","title":"SE - CAMPO DO BRITO","name":"SE - CAMPO DO BRITO","tipo":"Munic\u00edpio","url":"\/dashboard\/details-assets\/46cf2b01-dee1-48ab-b8e5-4ef08cc5b191"},"geometry":{"type":"Point","coordinates":[-37.496356,-10.743335]}},{"type":"Feature","properties":{"municipio":"3a2ef481-73c3-4e5f-8e8e-224102b10dcc","title":"SE - BOQUIM","name":"SE - BOQUIM","tipo":"Munic\u00edpio","url":"\/dashboard\/details-assets\/3a2ef481-73c3-4e5f-8e8e-224102b10dcc"},"geometry":{"type":"Point","coordinates":[-37.623573,-11.146392]}},{"type":"Feature","properties":{"municipio":"87729e78-46f7-47ca-a937-dcfed66907a1","title":"SE - AREIA BRANCA","name":"SE - AREIA BRANCA","tipo":"Munic\u00edpio","url":"\/dashboard\/details-assets\/87729e78-46f7-47ca-a937-dcfed66907a1"},"geometry":{"type":"Point","coordinates":[-37.324314,-10.776843]}},{"type":"Feature","properties":{"municipio":"3ff8d3a3-059a-4c28-a74b-6febf9e62367","title":"SE - ARACAJU","name":"SE - ARACAJU","tipo":"Munic\u00edpio","url":"\/dashboard\/details-assets\/3ff8d3a3-059a-4c28-a74b-6febf9e62367"},"geometry":{"type":"Point","coordinates":[-37.073082,-10.947247]}},{"type":"Feature","properties":{"municipio":"7a7e1998-b893-4ceb-a1c1-ddc4302a427a","title":"SC - XAXIM","name":"SC - XAXIM","tipo":"Munic\u00edpio","url":"\/dashboard\/details-assets\/7a7e1998-b893-4ceb-a1c1-ddc4302a427a"},"geometry":{"type":"Point","coordinates":[-52.534933,-26.963719]}},{"type":"Feature","properties":{"municipio":"a5043256-35a7-4111-b7c6-ab4cb2cdc51f","title":"SC - XANXERE","name":"SC - XANXERE","tipo":"Munic\u00edpio","url":"\/dashboard\/details-assets\/a5043256-35a7-4111-b7c6-ab4cb2cdc51f"},"geometry":{"type":"Point","coordinates":[-52.404667,-26.874584]}},{"type":"Feature","properties":{"municipio":"e5af6825-4ce7-47e7-a6f4-39bbfdfdba3d","title":"SC - VIDEIRA","name":"SC - VIDEIRA","tipo":"Munic\u00edpio","url":"\/dashboard\/details-assets\/e5af6825-4ce7-47e7-a6f4-39bbfdfdba3d"},"geometry":{"type":"Point","coordinates":[-51.151705,-27.006129]}},{"type":"Feature","properties":{"municipio":"4a54464f-58da-4c06-b545-01b6aa0c65bd","title":"SC - TUBARAO","name":"SC - TUBARAO","tipo":"Munic\u00edpio","url":"\/dashboard\/details-assets\/4a54464f-58da-4c06-b545-01b6aa0c65bd"},"geometry":{"type":"Point","coordinates":[-49.005268,-28.480034]}},{"type":"Feature","properties":{"municipio":"e41a2eaf-8ad0-48c8-b821-25461b30deda","title":"SC - TIMBO","name":"SC - TIMBO","tipo":"Munic\u00edpio","url":"\/dashboard\/details-assets\/e41a2eaf-8ad0-48c8-b821-25461b30deda"},"geometry":{"type":"Point","coordinates":[-49.277712,-26.822903]}},{"type":"Feature","properties":{"municipio":"4de124ac-ea59-4820-b04a-a16cc4622211","title":"SC - TIJUCAS","name":"SC - TIJUCAS","tipo":"Munic\u00edpio","url":"\/dashboard\/details-assets\/4de124ac-ea59-4820-b04a-a16cc4622211"},"geometry":{"type":"Point","coordinates":[-48.632071,-27.239454]}},{"type":"Feature","properties":{"municipio":"8fcf4ced-e501-4086-a58b-357799ed1b98","title":"SC - TAIO","name":"SC - TAIO","tipo":"Munic\u00edpio","url":"\/dashboard\/details-assets\/8fcf4ced-e501-4086-a58b-357799ed1b98"},"geometry":{"type":"Point","coordinates":[-50.005096,-27.117937]}},{"type":"Feature","properties":{"municipio":"8a18689a-e6b1-42cd-ad06-cc6e5aa9a57b","title":"SC - SEARA","name":"SC - SEARA","tipo":"Munic\u00edpio","url":"\/dashboard\/details-assets\/8a18689a-e6b1-42cd-ad06-cc6e5aa9a57b"},"geometry":{"type":"Point","coordinates":[-52.307093,-27.14266]}},{"type":"Feature","properties":{"municipio":"e739b443-9a07-4eac-a53c-412a875991aa","title":"SC - SOMBRIO","name":"SC - SOMBRIO","tipo":"Munic\u00edpio","url":"\/dashboard\/details-assets\/e739b443-9a07-4eac-a53c-412a875991aa"},"geometry":{"type":"Point","coordinates":[-49.63421,-29.109133]}},{"type":"Feature","properties":{"municipio":"09c40d61-3c6d-44c8-8ab8-59758eaa6a7a","title":"SC - SAO MIGUEL DO OESTE","name":"SC - SAO MIGUEL DO OESTE","tipo":"Munic\u00edpio","url":"\/dashboard\/details-assets\/09c40d61-3c6d-44c8-8ab8-59758eaa6a7a"},"geometry":{"type":"Point","coordinates":[-53.518839,-26.726427]}},{"type":"Feature","properties":{"municipio":"9dcc1e62-f002-458b-9ae2-ddddca8c03bd","title":"SC - SAO LOURENCO DO OESTE","name":"SC - SAO LOURENCO DO OESTE","tipo":"Munic\u00edpio","url":"\/dashboard\/details-assets\/9dcc1e62-f002-458b-9ae2-ddddca8c03bd"},"geometry":{"type":"Point","coordinates":[-52.852705,-26.354526]}},{"type":"Feature","properties":{"municipio":"677e6d20-3e66-4d93-8466-582cf0891fd9","title":"SC - SAO JOSE","name":"SC - SAO JOSE","tipo":"Munic\u00edpio","url":"\/dashboard\/details-assets\/677e6d20-3e66-4d93-8466-582cf0891fd9"},"geometry":{"type":"Point","coordinates":[-48.642802,-27.610088]}},{"type":"Feature","properties":{"municipio":"bb930751-1272-4acc-a703-3ab49b4d0958","title":"SC - SAO JOAQUIM","name":"SC - SAO JOAQUIM","tipo":"Munic\u00edpio","url":"\/dashboard\/details-assets\/bb930751-1272-4acc-a703-3ab49b4d0958"},"geometry":{"type":"Point","coordinates":[-49.937587,-28.292455]}},{"type":"Feature","properties":{"municipio":"ed2626ab-a796-4baa-8ad3-430282e69c7d","title":"SC - SAO FRANCISCO DO SUL","name":"SC - SAO FRANCISCO DO SUL","tipo":"Munic\u00edpio","url":"\/dashboard\/details-assets\/ed2626ab-a796-4baa-8ad3-430282e69c7d"},"geometry":{"type":"Point","coordinates":[-48.637571,-26.244018]}},{"type":"Feature","properties":{"municipio":"ce7e389a-be03-4153-b8d3-8553107e7356","title":"SC - SAO BENTO DO SUL","name":"SC - SAO BENTO DO SUL","tipo":"Munic\u00edpio","url":"\/dashboard\/details-assets\/ce7e389a-be03-4153-b8d3-8553107e7356"},"geometry":{"type":"Point","coordinates":[-49.383557,-26.250037]}},{"type":"Feature","properties":{"municipio":"e39f0a86-5973-477c-8d37-90a443d0123a","title":"SC - RIO DO SUL","name":"SC - RIO DO SUL","tipo":"Munic\u00edpio","url":"\/dashboard\/details-assets\/e39f0a86-5973-477c-8d37-90a443d0123a"},"geometry":{"type":"Point","coordinates":[-49.643238,-27.217903]}},{"type":"Feature","properties":{"municipio":"f7209475-6ad2-469e-bdf5-22a4f5705602","title":"SC - RIO NEGRINHO","name":"SC - RIO NEGRINHO","tipo":"Munic\u00edpio","url":"\/dashboard\/details-assets\/f7209475-6ad2-469e-bdf5-22a4f5705602"},"geometry":{"type":"Point","coordinates":[-49.517295,-26.255325]}},{"type":"Feature","properties":{"municipio":"fbe04a29-8ff4-4a69-9733-5d36c7fe4e00","title":"SC - QUILOMBO","name":"SC - QUILOMBO","tipo":"Munic\u00edpio","url":"\/dashboard\/details-assets\/fbe04a29-8ff4-4a69-9733-5d36c7fe4e00"},"geometry":{"type":"Point","coordinates":[-52.72761,-26.740056]}},{"type":"Feature","properties":{"municipio":"d93d746f-8150-4b9b-bd0d-1a19b4328b96","title":"SC - PORTO UNIAO","name":"SC - PORTO UNIAO","tipo":"Munic\u00edpio","url":"\/dashboard\/details-assets\/d93d746f-8150-4b9b-bd0d-1a19b4328b96"},"geometry":{"type":"Point","coordinates":[-51.08171,-26.238912]}},{"type":"Feature","properties":{"municipio":"080f2495-a005-43bc-b071-9a352ad9f0d8","title":"SC - PALMITOS","name":"SC - PALMITOS","tipo":"Munic\u00edpio","url":"\/dashboard\/details-assets\/080f2495-a005-43bc-b071-9a352ad9f0d8"},"geometry":{"type":"Point","coordinates":[-53.159223,-27.071789]}},{"type":"Feature","properties":{"municipio":"8f9da648-a4c6-42ee-a758-a89b3cea56b0","title":"SC - PALHOCA","name":"SC - PALHOCA","tipo":"Munic\u00edpio","url":"\/dashboard\/details-assets\/8f9da648-a4c6-42ee-a758-a89b3cea56b0"},"geometry":{"type":"Point","coordinates":[-48.670288,-27.647044]}},{"type":"Feature","properties":{"municipio":"440bdce0-c863-419d-bd37-66c3e9a93ac5","title":"SC - ORLEANS","name":"SC - ORLEANS","tipo":"Munic\u00edpio","url":"\/dashboard\/details-assets\/440bdce0-c863-419d-bd37-66c3e9a93ac5"},"geometry":{"type":"Point","coordinates":[-49.291426,-28.360469]}},{"type":"Feature","properties":{"municipio":"0cbe0bfe-6c75-4007-8821-c24d18ad90f6","title":"SC - MARAVILHA","name":"SC - MARAVILHA","tipo":"Munic\u00edpio","url":"\/dashboard\/details-assets\/0cbe0bfe-6c75-4007-8821-c24d18ad90f6"},"geometry":{"type":"Point","coordinates":[-53.174819,-26.761624]}},{"type":"Feature","properties":{"municipio":"32374e8a-02de-41c7-be60-7a8ecbf4557c","title":"SC - NAVEGANTES","name":"SC - NAVEGANTES","tipo":"Munic\u00edpio","url":"\/dashboard\/details-assets\/32374e8a-02de-41c7-be60-7a8ecbf4557c"},"geometry":{"type":"Point","coordinates":[-48.649183,-26.897439]}},{"type":"Feature","properties":{"municipio":"5e5b33c5-efdc-4dbf-ad6b-04819063d60f","title":"SC - MAFRA","name":"SC - MAFRA","tipo":"Munic\u00edpio","url":"\/dashboard\/details-assets\/5e5b33c5-efdc-4dbf-ad6b-04819063d60f"},"geometry":{"type":"Point","coordinates":[-49.801038,-26.115228]}},{"type":"Feature","properties":{"municipio":"9c41d793-0ae7-47ff-81fa-6c5e28f6725b","title":"SC - LAGES","name":"SC - LAGES","tipo":"Munic\u00edpio","url":"\/dashboard\/details-assets\/9c41d793-0ae7-47ff-81fa-6c5e28f6725b"},"geometry":{"type":"Point","coordinates":[-50.330222,-27.817259]}},{"type":"Feature","properties":{"municipio":"b4ba055c-b817-44fe-a221-ab6986c9c1f1","title":"SC - LAGUNA","name":"SC - LAGUNA","tipo":"Munic\u00edpio","url":"\/dashboard\/details-assets\/b4ba055c-b817-44fe-a221-ab6986c9c1f1"},"geometry":{"type":"Point","coordinates":[-48.781389,-28.483586]}},{"type":"Feature","properties":{"municipio":"d4fe0250-dd03-4b11-8522-22f3fba2016f","title":"SC - JOINVILLE","name":"SC - JOINVILLE","tipo":"Munic\u00edpio","url":"\/dashboard\/details-assets\/d4fe0250-dd03-4b11-8522-22f3fba2016f"},"geometry":{"type":"Point","coordinates":[-48.849409,-26.304518]}},{"type":"Feature","properties":{"municipio":"5c3065f8-49bf-4d73-8162-aac20bd76f9a","title":"SC - JOACABA","name":"SC - JOACABA","tipo":"Munic\u00edpio","url":"\/dashboard\/details-assets\/5c3065f8-49bf-4d73-8162-aac20bd76f9a"},"geometry":{"type":"Point","coordinates":[-51.50669,-27.173945]}},{"type":"Feature","properties":{"municipio":"3162a20b-85d3-44d5-8b78-5497403ea389","title":"SC - JARAGUA DO SUL","name":"SC - JARAGUA DO SUL","tipo":"Munic\u00edpio","url":"\/dashboard\/details-assets\/3162a20b-85d3-44d5-8b78-5497403ea389"},"geometry":{"type":"Point","coordinates":[-49.076299,-26.490484]}},{"type":"Feature","properties":{"municipio":"c06715af-3613-4a09-97f5-f55cdf2b176c","title":"SC - ITUPORANGA","name":"SC - ITUPORANGA","tipo":"Munic\u00edpio","url":"\/dashboard\/details-assets\/c06715af-3613-4a09-97f5-f55cdf2b176c"},"geometry":{"type":"Point","coordinates":[-49.603415,-27.414858]}},{"type":"Feature","properties":{"municipio":"5340a953-98eb-4a7e-ba5d-612a54bb0285","title":"SC - ITAPIRANGA","name":"SC - ITAPIRANGA","tipo":"Munic\u00edpio","url":"\/dashboard\/details-assets\/5340a953-98eb-4a7e-ba5d-612a54bb0285"},"geometry":{"type":"Point","coordinates":[-53.714802,-27.175375]}},{"type":"Feature","properties":{"municipio":"1fb1e806-3fec-4fdb-831f-7c348ced8b08","title":"SC - ITAJAI","name":"SC - ITAJAI","tipo":"Munic\u00edpio","url":"\/dashboard\/details-assets\/1fb1e806-3fec-4fdb-831f-7c348ced8b08"},"geometry":{"type":"Point","coordinates":[-48.670913,-26.910705]}},{"type":"Feature","properties":{"municipio":"e83ea3b6-55f7-401e-99e4-c0ca543bd9f7","title":"SC - ITAPEMA","name":"SC - ITAPEMA","tipo":"Munic\u00edpio","url":"\/dashboard\/details-assets\/e83ea3b6-55f7-401e-99e4-c0ca543bd9f7"},"geometry":{"type":"Point","coordinates":[-48.617399,-27.095938]}},{"type":"Feature","properties":{"municipio":"aa9fc740-73c0-4045-9ff9-bd6e0d99a587","title":"SC - IMBITUBA","name":"SC - IMBITUBA","tipo":"Munic\u00edpio","url":"\/dashboard\/details-assets\/aa9fc740-73c0-4045-9ff9-bd6e0d99a587"},"geometry":{"type":"Point","coordinates":[-48.669284,-28.239951]}},{"type":"Feature","properties":{"municipio":"89ae49c5-09ca-4621-be9f-eff3ddfaf3e2","title":"SC - INDAIAL","name":"SC - INDAIAL","tipo":"Munic\u00edpio","url":"\/dashboard\/details-assets\/89ae49c5-09ca-4621-be9f-eff3ddfaf3e2"},"geometry":{"type":"Point","coordinates":[-49.24014,-26.906256]}},{"type":"Feature","properties":{"municipio":"15bd88ee-4540-4a20-910e-fc31f573ee9a","title":"SC - ICARA","name":"SC - ICARA","tipo":"Munic\u00edpio","url":"\/dashboard\/details-assets\/15bd88ee-4540-4a20-910e-fc31f573ee9a"},"geometry":{"type":"Point","coordinates":[-49.309144,-28.71371]}},{"type":"Feature","properties":{"municipio":"a004bf74-176d-4893-b1ff-c09a9e3f7b8e","title":"SC - GUARAMIRIM","name":"SC - GUARAMIRIM","tipo":"Munic\u00edpio","url":"\/dashboard\/details-assets\/a004bf74-176d-4893-b1ff-c09a9e3f7b8e"},"geometry":{"type":"Point","coordinates":[-48.992104,-26.474445]}},{"type":"Feature","properties":{"municipio":"025c7d06-0b4d-49aa-b33a-4c87b84eee99","title":"SC - GAROPABA","name":"SC - GAROPABA","tipo":"Munic\u00edpio","url":"\/dashboard\/details-assets\/025c7d06-0b4d-49aa-b33a-4c87b84eee99"},"geometry":{"type":"Point","coordinates":[-48.6355,-28.024935]}},{"type":"Feature","properties":{"municipio":"51f1c8cf-f313-4fa7-a8c5-38d63887a946","title":"SC - FRAIBURGO","name":"SC - FRAIBURGO","tipo":"Munic\u00edpio","url":"\/dashboard\/details-assets\/51f1c8cf-f313-4fa7-a8c5-38d63887a946"},"geometry":{"type":"Point","coordinates":[-50.925079,-27.023447]}},{"type":"Feature","properties":{"municipio":"c8c6afa2-bd63-4868-94d6-f5cbcbb1dc7c","title":"SC - FLORIANOPOLIS","name":"SC - FLORIANOPOLIS","tipo":"Munic\u00edpio","url":"\/dashboard\/details-assets\/c8c6afa2-bd63-4868-94d6-f5cbcbb1dc7c"},"geometry":{"type":"Point","coordinates":[-48.547637,-27.587796]}},{"type":"Feature","properties":{"municipio":"e0464280-f52b-4ba7-98af-2d21fe4b6084","title":"SC - CURITIBANOS","name":"SC - CURITIBANOS","tipo":"Munic\u00edpio","url":"\/dashboard\/details-assets\/e0464280-f52b-4ba7-98af-2d21fe4b6084"},"geometry":{"type":"Point","coordinates":[-50.582601,-27.282983]}},{"type":"Feature","properties":{"municipio":"8d946c1c-c91f-47c4-b010-637cfab8f722","title":"SC - DIONISIO CERQUEIRA","name":"SC - DIONISIO CERQUEIRA","tipo":"Munic\u00edpio","url":"\/dashboard\/details-assets\/8d946c1c-c91f-47c4-b010-637cfab8f722"},"geometry":{"type":"Point","coordinates":[-53.631395,-26.266489]}},{"type":"Feature","properties":{"municipio":"5e417a68-5235-4318-9bb4-a0767f3a7c25","title":"SC - CRICIUMA","name":"SC - CRICIUMA","tipo":"Munic\u00edpio","url":"\/dashboard\/details-assets\/5e417a68-5235-4318-9bb4-a0767f3a7c25"},"geometry":{"type":"Point","coordinates":[-49.36594,-28.673572]}},{"type":"Feature","properties":{"municipio":"283896b4-d6d2-4e8b-a553-55159b455454","title":"SC - CHAPECO","name":"SC - CHAPECO","tipo":"Munic\u00edpio","url":"\/dashboard\/details-assets\/283896b4-d6d2-4e8b-a553-55159b455454"},"geometry":{"type":"Point","coordinates":[-52.615699,-27.100934]}},{"type":"Feature","properties":{"municipio":"9e81bca3-e62f-4864-bfa6-a0073d320be9","title":"SC - CONCORDIA","name":"SC - CONCORDIA","tipo":"Munic\u00edpio","url":"\/dashboard\/details-assets\/9e81bca3-e62f-4864-bfa6-a0073d320be9"},"geometry":{"type":"Point","coordinates":[-52.023971,-27.233659]}},{"type":"Feature","properties":{"municipio":"732c3617-a055-4296-9b10-165734b7c7e2","title":"SC - CANOINHAS","name":"SC - CANOINHAS","tipo":"Munic\u00edpio","url":"\/dashboard\/details-assets\/732c3617-a055-4296-9b10-165734b7c7e2"},"geometry":{"type":"Point","coordinates":[-50.397849,-26.178807]}},{"type":"Feature","properties":{"municipio":"3e9ad19b-4136-4e47-b7b8-33b9a6026191","title":"SC - CAMPOS NOVOS","name":"SC - CAMPOS NOVOS","tipo":"Munic\u00edpio","url":"\/dashboard\/details-assets\/3e9ad19b-4136-4e47-b7b8-33b9a6026191"},"geometry":{"type":"Point","coordinates":[-51.223673,-27.399053]}},{"type":"Feature","properties":{"municipio":"fcaaa670-8dcc-4fa8-a918-a9f113d818ca","title":"SC - CAMBORIU","name":"SC - CAMBORIU","tipo":"Munic\u00edpio","url":"\/dashboard\/details-assets\/fcaaa670-8dcc-4fa8-a918-a9f113d818ca"},"geometry":{"type":"Point","coordinates":[-48.649996,-27.026456]}},{"type":"Feature","properties":{"municipio":"be5b7635-d84a-45be-bd86-65cf42b509e0","title":"SC - CACADOR","name":"SC - CACADOR","tipo":"Munic\u00edpio","url":"\/dashboard\/details-assets\/be5b7635-d84a-45be-bd86-65cf42b509e0"},"geometry":{"type":"Point","coordinates":[-51.019035,-26.775348]}},{"type":"Feature","properties":{"municipio":"c9f012cf-bb76-442c-8a8e-bd987275fedf","title":"SC - BRUSQUE","name":"SC - BRUSQUE","tipo":"Munic\u00edpio","url":"\/dashboard\/details-assets\/c9f012cf-bb76-442c-8a8e-bd987275fedf"},"geometry":{"type":"Point","coordinates":[-48.915163,-27.09831]}},{"type":"Feature","properties":{"municipio":"dba06f50-91f1-4507-8e09-1a5d275b9eb5","title":"SC - BRACO DO NORTE","name":"SC - BRACO DO NORTE","tipo":"Munic\u00edpio","url":"\/dashboard\/details-assets\/dba06f50-91f1-4507-8e09-1a5d275b9eb5"},"geometry":{"type":"Point","coordinates":[-49.164548,-28.280039]}},{"type":"Feature","properties":{"municipio":"6411f8a8-e035-4a48-92bd-bcad86c45798","title":"SC - BLUMENAU","name":"SC - BLUMENAU","tipo":"Munic\u00edpio","url":"\/dashboard\/details-assets\/6411f8a8-e035-4a48-92bd-bcad86c45798"},"geometry":{"type":"Point","coordinates":[-49.057631,-26.916108]}},{"type":"Feature","properties":{"municipio":"6e3ccd01-206d-479a-bbfc-734349d3a55e","title":"SC - BIGUACU","name":"SC - BIGUACU","tipo":"Munic\u00edpio","url":"\/dashboard\/details-assets\/6e3ccd01-206d-479a-bbfc-734349d3a55e"},"geometry":{"type":"Point","coordinates":[-48.654489,-27.494323]}},{"type":"Feature","properties":{"municipio":"878984d4-e032-4154-9203-72b3ec91271c","title":"SC - BALNEARIO CAMBORIU","name":"SC - BALNEARIO CAMBORIU","tipo":"Munic\u00edpio","url":"\/dashboard\/details-assets\/878984d4-e032-4154-9203-72b3ec91271c"},"geometry":{"type":"Point","coordinates":[-48.634617,-26.991819]}},{"type":"Feature","properties":{"municipio":"85f594fd-ce51-434a-a98e-837fcc8a6ebf","title":"SC - ARARANGUA","name":"SC - ARARANGUA","tipo":"Munic\u00edpio","url":"\/dashboard\/details-assets\/85f594fd-ce51-434a-a98e-837fcc8a6ebf"},"geometry":{"type":"Point","coordinates":[-49.492301,-28.936119]}},{"type":"Feature","properties":{"municipio":"7e16d937-61d5-48f8-a952-7c097deaabfc","title":"RS - VIAMAO","name":"RS - VIAMAO","tipo":"Munic\u00edpio","url":"\/dashboard\/details-assets\/7e16d937-61d5-48f8-a952-7c097deaabfc"},"geometry":{"type":"Point","coordinates":[-51.098978,-30.065259]}},{"type":"Feature","properties":{"municipio":"fbdaacc9-f2f8-4792-8cb7-5dbf3bee8901","title":"RS - VERANOPOLIS","name":"RS - VERANOPOLIS","tipo":"Munic\u00edpio","url":"\/dashboard\/details-assets\/fbdaacc9-f2f8-4792-8cb7-5dbf3bee8901"},"geometry":{"type":"Point","coordinates":[-51.552287,-28.933957]}},{"type":"Feature","properties":{"municipio":"57fa0336-b368-47e1-a4cc-a5cedcfb3509","title":"RS - VENANCIO AIRES","name":"RS - VENANCIO AIRES","tipo":"Munic\u00edpio","url":"\/dashboard\/details-assets\/57fa0336-b368-47e1-a4cc-a5cedcfb3509"},"geometry":{"type":"Point","coordinates":[-52.19188,-29.611653]}},{"type":"Feature","properties":{"municipio":"e64c7667-c5fe-49c1-a92a-75018ae8e299","title":"RS - VACARIA","name":"RS - VACARIA","tipo":"Munic\u00edpio","url":"\/dashboard\/details-assets\/e64c7667-c5fe-49c1-a92a-75018ae8e299"},"geometry":{"type":"Point","coordinates":[-50.936599,-28.502354]}},{"type":"Feature","properties":{"municipio":"88ef6b9c-a10c-4702-8975-49538f39662c","title":"RS - URUGUAIANA","name":"RS - URUGUAIANA","tipo":"Munic\u00edpio","url":"\/dashboard\/details-assets\/88ef6b9c-a10c-4702-8975-49538f39662c"},"geometry":{"type":"Point","coordinates":[-57.085843,-29.761912]}},{"type":"Feature","properties":{"municipio":"728a650a-6517-478c-8cb4-42bc6c6b1876","title":"RS - TRES DE MAIO","name":"RS - TRES DE MAIO","tipo":"Munic\u00edpio","url":"\/dashboard\/details-assets\/728a650a-6517-478c-8cb4-42bc6c6b1876"},"geometry":{"type":"Point","coordinates":[-54.235302,-27.77966]}},{"type":"Feature","properties":{"municipio":"73381f1e-5f91-4af5-9262-4e20ab6736b5","title":"RS - TRES PASSOS","name":"RS - TRES PASSOS","tipo":"Munic\u00edpio","url":"\/dashboard\/details-assets\/73381f1e-5f91-4af5-9262-4e20ab6736b5"},"geometry":{"type":"Point","coordinates":[-53.929699,-27.45616]}},{"type":"Feature","properties":{"municipio":"fbec9537-f7a4-4ac3-aa7f-ecb20b63da4f","title":"RS - TRAMANDAI","name":"RS - TRAMANDAI","tipo":"Munic\u00edpio","url":"\/dashboard\/details-assets\/fbec9537-f7a4-4ac3-aa7f-ecb20b63da4f"},"geometry":{"type":"Point","coordinates":[-50.130377,-29.987302]}},{"type":"Feature","properties":{"municipio":"bae58931-c1cf-4945-9d0c-a93bc0577b5a","title":"RS - TEUTONIA","name":"RS - TEUTONIA","tipo":"Munic\u00edpio","url":"\/dashboard\/details-assets\/bae58931-c1cf-4945-9d0c-a93bc0577b5a"},"geometry":{"type":"Point","coordinates":[-51.812817,-29.488914]}},{"type":"Feature","properties":{"municipio":"e0db15df-d7f3-4940-90be-cbba33f387ce","title":"RS - TORRES","name":"RS - TORRES","tipo":"Munic\u00edpio","url":"\/dashboard\/details-assets\/e0db15df-d7f3-4940-90be-cbba33f387ce"},"geometry":{"type":"Point","coordinates":[-49.730404,-29.335931]}},{"type":"Feature","properties":{"municipio":"26bcc6b2-ba69-40b0-925a-c9bb936e16f8","title":"RS - TAQUARI","name":"RS - TAQUARI","tipo":"Munic\u00edpio","url":"\/dashboard\/details-assets\/26bcc6b2-ba69-40b0-925a-c9bb936e16f8"},"geometry":{"type":"Point","coordinates":[-51.862776,-29.802801]}},{"type":"Feature","properties":{"municipio":"4bb9f115-30f8-49ee-894a-fa36eed2ff65","title":"RS - TAQUARA","name":"RS - TAQUARA","tipo":"Munic\u00edpio","url":"\/dashboard\/details-assets\/4bb9f115-30f8-49ee-894a-fa36eed2ff65"},"geometry":{"type":"Point","coordinates":[-50.781169,-29.650513]}},{"type":"Feature","properties":{"municipio":"3460da5f-a0cb-46a4-ae28-283719db4bc1","title":"RS - TAPEJARA","name":"RS - TAPEJARA","tipo":"Munic\u00edpio","url":"\/dashboard\/details-assets\/3460da5f-a0cb-46a4-ae28-283719db4bc1"},"geometry":{"type":"Point","coordinates":[-52.022133,-28.084171]}},{"type":"Feature","properties":{"municipio":"68dbb2ef-e8b5-40b0-9ba7-6bd7eef27449","title":"RS - SOLEDADE","name":"RS - SOLEDADE","tipo":"Munic\u00edpio","url":"\/dashboard\/details-assets\/68dbb2ef-e8b5-40b0-9ba7-6bd7eef27449"},"geometry":{"type":"Point","coordinates":[-52.509866,-28.827738]}},{"type":"Feature","properties":{"municipio":"a8dec8da-c012-40b7-b53e-167cdce30b1d","title":"RS - SOBRADINHO","name":"RS - SOBRADINHO","tipo":"Munic\u00edpio","url":"\/dashboard\/details-assets\/a8dec8da-c012-40b7-b53e-167cdce30b1d"},"geometry":{"type":"Point","coordinates":[-53.024918,-29.413061]}},{"type":"Feature","properties":{"municipio":"7c342f88-1ecd-45b9-8086-72419de6bc9a","title":"RS - SARANDI","name":"RS - SARANDI","tipo":"Munic\u00edpio","url":"\/dashboard\/details-assets\/7c342f88-1ecd-45b9-8086-72419de6bc9a"},"geometry":{"type":"Point","coordinates":[-52.923996,-27.931934]}},{"type":"Feature","properties":{"municipio":"9f81aa63-83db-4c36-aecf-0ce637930e73","title":"RS - SAPUCAIA DO SUL","name":"RS - SAPUCAIA DO SUL","tipo":"Munic\u00edpio","url":"\/dashboard\/details-assets\/9f81aa63-83db-4c36-aecf-0ce637930e73"},"geometry":{"type":"Point","coordinates":[-51.151875,-29.824868]}},{"type":"Feature","properties":{"municipio":"f2b78ac5-bef7-4d11-a855-fb4d4130ed62","title":"RS - SAPIRANGA","name":"RS - SAPIRANGA","tipo":"Munic\u00edpio","url":"\/dashboard\/details-assets\/f2b78ac5-bef7-4d11-a855-fb4d4130ed62"},"geometry":{"type":"Point","coordinates":[-51.003623,-29.638554]}},{"type":"Feature","properties":{"municipio":"058cd5bb-e915-4198-9cef-b79147c69718","title":"RS - SAO VICENTE DO SUL","name":"RS - SAO VICENTE DO SUL","tipo":"Munic\u00edpio","url":"\/dashboard\/details-assets\/058cd5bb-e915-4198-9cef-b79147c69718"},"geometry":{"type":"Point","coordinates":[-54.676002,-29.692061]}},{"type":"Feature","properties":{"municipio":"0ef87f70-c5be-4f2c-9c4e-3177de2e5d61","title":"RS - SAO SEPE","name":"RS - SAO SEPE","tipo":"Munic\u00edpio","url":"\/dashboard\/details-assets\/0ef87f70-c5be-4f2c-9c4e-3177de2e5d61"},"geometry":{"type":"Point","coordinates":[-53.571821,-30.163989]}},{"type":"Feature","properties":{"municipio":"ca6e03d6-7b52-42d1-b078-c210705cc4c5","title":"RS - SAO MARCOS","name":"RS - SAO MARCOS","tipo":"Munic\u00edpio","url":"\/dashboard\/details-assets\/ca6e03d6-7b52-42d1-b078-c210705cc4c5"},"geometry":{"type":"Point","coordinates":[-51.066707,-28.969849]}},{"type":"Feature","properties":{"municipio":"34139223-1754-458d-858e-1506a5dfa5f7","title":"RS - SAO LOURENCO DO SUL","name":"RS - SAO LOURENCO DO SUL","tipo":"Munic\u00edpio","url":"\/dashboard\/details-assets\/34139223-1754-458d-858e-1506a5dfa5f7"},"geometry":{"type":"Point","coordinates":[-51.976915,-31.364024]}},{"type":"Feature","properties":{"municipio":"6a2887fc-e75f-437c-b47d-2ac5657ddd0c","title":"RS - SAO LUIZ GONZAGA","name":"RS - SAO LUIZ GONZAGA","tipo":"Munic\u00edpio","url":"\/dashboard\/details-assets\/6a2887fc-e75f-437c-b47d-2ac5657ddd0c"},"geometry":{"type":"Point","coordinates":[-54.95966,-28.406647]}},{"type":"Feature","properties":{"municipio":"c0767ad9-f175-4e4c-8ec2-38ea652911dd","title":"RS - SAO LEOPOLDO","name":"RS - SAO LEOPOLDO","tipo":"Munic\u00edpio","url":"\/dashboard\/details-assets\/c0767ad9-f175-4e4c-8ec2-38ea652911dd"},"geometry":{"type":"Point","coordinates":[-51.146235,-29.765867]}},{"type":"Feature","properties":{"municipio":"e2c6d229-ca2b-41e3-bc31-d1a2fc1e6680","title":"RS - SAO JOSE DO NORTE","name":"RS - SAO JOSE DO NORTE","tipo":"Munic\u00edpio","url":"\/dashboard\/details-assets\/e2c6d229-ca2b-41e3-bc31-d1a2fc1e6680"},"geometry":{"type":"Point","coordinates":[-52.034202,-32.020609]}},{"type":"Feature","properties":{"municipio":"263d7d7c-ac3a-406c-beb7-cd1fa285a58f","title":"RS - SAO JERONIMO","name":"RS - SAO JERONIMO","tipo":"Munic\u00edpio","url":"\/dashboard\/details-assets\/263d7d7c-ac3a-406c-beb7-cd1fa285a58f"},"geometry":{"type":"Point","coordinates":[-51.725011,-29.962127]}},{"type":"Feature","properties":{"municipio":"a33b61db-edc2-4268-bdde-017c46a324b6","title":"RS - SAO GABRIEL","name":"RS - SAO GABRIEL","tipo":"Munic\u00edpio","url":"\/dashboard\/details-assets\/a33b61db-edc2-4268-bdde-017c46a324b6"},"geometry":{"type":"Point","coordinates":[-54.320478,-30.33676]}},{"type":"Feature","properties":{"municipio":"d5d35b2e-179d-4c73-ad96-9d76ee828cc8","title":"RS - SAO BORJA","name":"RS - SAO BORJA","tipo":"Munic\u00edpio","url":"\/dashboard\/details-assets\/d5d35b2e-179d-4c73-ad96-9d76ee828cc8"},"geometry":{"type":"Point","coordinates":[-53.77626,-27.843667]}},{"type":"Feature","properties":{"municipio":"67994060-c9c3-47ba-8ab1-722e7c4ac64b","title":"RS - SANTO ANGELO","name":"RS - SANTO ANGELO","tipo":"Munic\u00edpio","url":"\/dashboard\/details-assets\/67994060-c9c3-47ba-8ab1-722e7c4ac64b"},"geometry":{"type":"Point","coordinates":[-54.264143,-28.301938]}},{"type":"Feature","properties":{"municipio":"2f87c9cf-69af-4d92-9827-4cce3c536c20","title":"RS - SANTO ANTONIO DA PATRULHA","name":"RS - SANTO ANTONIO DA PATRULHA","tipo":"Munic\u00edpio","url":"\/dashboard\/details-assets\/2f87c9cf-69af-4d92-9827-4cce3c536c20"},"geometry":{"type":"Point","coordinates":[-50.520986,-29.832034]}},{"type":"Feature","properties":{"municipio":"b4974e1a-888b-46fb-87da-2dcdd185c486","title":"RS - SANTIAGO","name":"RS - SANTIAGO","tipo":"Munic\u00edpio","url":"\/dashboard\/details-assets\/b4974e1a-888b-46fb-87da-2dcdd185c486"},"geometry":{"type":"Point","coordinates":[-54.869076,-29.19146]}},{"type":"Feature","properties":{"municipio":"75275d54-2f81-42a3-93e5-d1d65c6cb894","title":"RS - SANTA VITORIA DO PALMAR","name":"RS - SANTA VITORIA DO PALMAR","tipo":"Munic\u00edpio","url":"\/dashboard\/details-assets\/75275d54-2f81-42a3-93e5-d1d65c6cb894"},"geometry":{"type":"Point","coordinates":[-53.366482,-33.521563]}},{"type":"Feature","properties":{"municipio":"557ab23a-dfae-46a3-9bf5-7b818bcbc525","title":"RS - SANTA ROSA","name":"RS - SANTA ROSA","tipo":"Munic\u00edpio","url":"\/dashboard\/details-assets\/557ab23a-dfae-46a3-9bf5-7b818bcbc525"},"geometry":{"type":"Point","coordinates":[-54.480156,-27.870682]}},{"type":"Feature","properties":{"municipio":"e1256f9d-3e40-45c4-8c8c-3f107aeaa71f","title":"RS - SANTANA DO LIVRAMENTO","name":"RS - SANTANA DO LIVRAMENTO","tipo":"Munic\u00edpio","url":"\/dashboard\/details-assets\/e1256f9d-3e40-45c4-8c8c-3f107aeaa71f"},"geometry":{"type":"Point","coordinates":[-55.53923,-30.877285]}},{"type":"Feature","properties":{"municipio":"7881ca3b-0899-4a31-9709-12b55db59e6a","title":"RS - SANTA CRUZ DO SUL","name":"RS - SANTA CRUZ DO SUL","tipo":"Munic\u00edpio","url":"\/dashboard\/details-assets\/7881ca3b-0899-4a31-9709-12b55db59e6a"},"geometry":{"type":"Point","coordinates":[-52.434838,-29.722516]}},{"type":"Feature","properties":{"municipio":"48671a15-560c-4b1f-962c-b0116f01bff4","title":"RS - SANTA MARIA","name":"RS - SANTA MARIA","tipo":"Munic\u00edpio","url":"\/dashboard\/details-assets\/48671a15-560c-4b1f-962c-b0116f01bff4"},"geometry":{"type":"Point","coordinates":[-53.809876,-29.690439]}},{"type":"Feature","properties":{"municipio":"43162227-e296-499f-acca-473094497c47","title":"RS - ROSARIO DO SUL","name":"RS - ROSARIO DO SUL","tipo":"Munic\u00edpio","url":"\/dashboard\/details-assets\/43162227-e296-499f-acca-473094497c47"},"geometry":{"type":"Point","coordinates":[-54.945761,-30.244033]}},{"type":"Feature","properties":{"municipio":"dd66c8d1-2548-478c-bc90-3a8e00f95d16","title":"RS - RIO GRANDE","name":"RS - RIO GRANDE","tipo":"Munic\u00edpio","url":"\/dashboard\/details-assets\/dd66c8d1-2548-478c-bc90-3a8e00f95d16"},"geometry":{"type":"Point","coordinates":[-52.08677,-32.050446]}},{"type":"Feature","properties":{"municipio":"d18ae9a9-f0ad-48d7-a4df-d0ba38e80314","title":"RS - RIO PARDO","name":"RS - RIO PARDO","tipo":"Munic\u00edpio","url":"\/dashboard\/details-assets\/d18ae9a9-f0ad-48d7-a4df-d0ba38e80314"},"geometry":{"type":"Point","coordinates":[-52.379018,-29.985626]}},{"type":"Feature","properties":{"municipio":"b5bb7ce2-cbf9-469b-b062-67815e1b872b","title":"RS - QUARAI","name":"RS - QUARAI","tipo":"Munic\u00edpio","url":"\/dashboard\/details-assets\/b5bb7ce2-cbf9-469b-b062-67815e1b872b"},"geometry":{"type":"Point","coordinates":[-56.448809,-30.384513]}},{"type":"Feature","properties":{"municipio":"064c8ff8-617b-4950-9005-5b404721ef35","title":"RS - PORTO ALEGRE","name":"RS - PORTO ALEGRE","tipo":"Munic\u00edpio","url":"\/dashboard\/details-assets\/064c8ff8-617b-4950-9005-5b404721ef35"},"geometry":{"type":"Point","coordinates":[-51.217658,-30.034647]}},{"type":"Feature","properties":{"municipio":"6ef24985-fd58-49b0-808e-2f483460cd6c","title":"RS - PIRATINI","name":"RS - PIRATINI","tipo":"Munic\u00edpio","url":"\/dashboard\/details-assets\/6ef24985-fd58-49b0-808e-2f483460cd6c"},"geometry":{"type":"Point","coordinates":[-53.097831,-31.447788]}},{"type":"Feature","properties":{"municipio":"3473d959-0b62-4951-90ab-65dd208c2056","title":"RS - PINHEIRO MACHADO","name":"RS - PINHEIRO MACHADO","tipo":"Munic\u00edpio","url":"\/dashboard\/details-assets\/3473d959-0b62-4951-90ab-65dd208c2056"},"geometry":{"type":"Point","coordinates":[-53.380833,-31.577778]}},{"type":"Feature","properties":{"municipio":"90119dff-ad5d-460b-a814-861b9d93d147","title":"RS - PASSO FUNDO","name":"RS - PASSO FUNDO","tipo":"Munic\u00edpio","url":"\/dashboard\/details-assets\/90119dff-ad5d-460b-a814-861b9d93d147"},"geometry":{"type":"Point","coordinates":[-52.407095,-28.261767]}},{"type":"Feature","properties":{"municipio":"a3f25715-712f-493e-b942-d071258ad86d","title":"RS - PELOTAS","name":"RS - PELOTAS","tipo":"Munic\u00edpio","url":"\/dashboard\/details-assets\/a3f25715-712f-493e-b942-d071258ad86d"},"geometry":{"type":"Point","coordinates":[-52.34432,-31.749965]}},{"type":"Feature","properties":{"municipio":"b78e1d82-5486-4c3a-847d-a2f7d9f2970f","title":"RS - PAROBE","name":"RS - PAROBE","tipo":"Munic\u00edpio","url":"\/dashboard\/details-assets\/b78e1d82-5486-4c3a-847d-a2f7d9f2970f"},"geometry":{"type":"Point","coordinates":[-50.834866,-29.631749]}},{"type":"Feature","properties":{"municipio":"d0c6869b-ff4d-424d-9dde-5251840a115b","title":"RS - PANAMBI","name":"RS - PANAMBI","tipo":"Munic\u00edpio","url":"\/dashboard\/details-assets\/d0c6869b-ff4d-424d-9dde-5251840a115b"},"geometry":{"type":"Point","coordinates":[-53.500265,-28.292731]}},{"type":"Feature","properties":{"municipio":"452a83e0-b4a0-42e3-acbb-8487af1fd589","title":"RS - PALMEIRA DAS MISSOES","name":"RS - PALMEIRA DAS MISSOES","tipo":"Munic\u00edpio","url":"\/dashboard\/details-assets\/452a83e0-b4a0-42e3-acbb-8487af1fd589"},"geometry":{"type":"Point","coordinates":[-53.314954,-27.900621]}},{"type":"Feature","properties":{"municipio":"30f493af-9f48-4664-93a1-7fcb67c1aa5e","title":"RS - OSORIO","name":"RS - OSORIO","tipo":"Munic\u00edpio","url":"\/dashboard\/details-assets\/30f493af-9f48-4664-93a1-7fcb67c1aa5e"},"geometry":{"type":"Point","coordinates":[-50.266798,-29.892697]}},{"type":"Feature","properties":{"municipio":"9a133db2-5877-4438-b8c1-59cdd8f9d252","title":"RS - NOVO HAMBURGO","name":"RS - NOVO HAMBURGO","tipo":"Munic\u00edpio","url":"\/dashboard\/details-assets\/9a133db2-5877-4438-b8c1-59cdd8f9d252"},"geometry":{"type":"Point","coordinates":[-51.12557,-29.691899]}},{"type":"Feature","properties":{"municipio":"fa72b205-d6d5-4c94-84e4-9e26351e3c3e","title":"RS - NOVA PRATA","name":"RS - NOVA PRATA","tipo":"Munic\u00edpio","url":"\/dashboard\/details-assets\/fa72b205-d6d5-4c94-84e4-9e26351e3c3e"},"geometry":{"type":"Point","coordinates":[-51.608996,-28.783945]}},{"type":"Feature","properties":{"municipio":"0f0fe687-40e4-41b0-9e56-67cc18fe4fff","title":"RS - NOVA PETROPOLIS","name":"RS - NOVA PETROPOLIS","tipo":"Munic\u00edpio","url":"\/dashboard\/details-assets\/0f0fe687-40e4-41b0-9e56-67cc18fe4fff"},"geometry":{"type":"Point","coordinates":[-51.111287,-29.375634]}},{"type":"Feature","properties":{"municipio":"e8ff38f4-d7a9-4bc7-b16d-f3d50af0d2ac","title":"RS - MOSTARDAS","name":"RS - MOSTARDAS","tipo":"Munic\u00edpio","url":"\/dashboard\/details-assets\/e8ff38f4-d7a9-4bc7-b16d-f3d50af0d2ac"},"geometry":{"type":"Point","coordinates":[-50.919159,-31.108225]}},{"type":"Feature","properties":{"municipio":"fff42098-28d2-44f0-9c34-555f1ce6276b","title":"RS - MONTENEGRO","name":"RS - MONTENEGRO","tipo":"Munic\u00edpio","url":"\/dashboard\/details-assets\/fff42098-28d2-44f0-9c34-555f1ce6276b"},"geometry":{"type":"Point","coordinates":[-51.461299,-29.688119]}},{"type":"Feature","properties":{"municipio":"157fa27c-ca11-47b9-b688-ab66d3a71523","title":"RS - MARAU","name":"RS - MARAU","tipo":"Munic\u00edpio","url":"\/dashboard\/details-assets\/157fa27c-ca11-47b9-b688-ab66d3a71523"},"geometry":{"type":"Point","coordinates":[-52.196777,-28.448454]}},{"type":"Feature","properties":{"municipio":"89fe367e-d8e7-40b8-827e-166072579e4f","title":"RS - MACHADINHO","name":"RS - MACHADINHO","tipo":"Munic\u00edpio","url":"\/dashboard\/details-assets\/89fe367e-d8e7-40b8-827e-166072579e4f"},"geometry":{"type":"Point","coordinates":[-51.667507,-27.56814]}},{"type":"Feature","properties":{"municipio":"079447f8-9166-42ce-bedf-50fa0e9bba64","title":"RS - LAJEADO","name":"RS - LAJEADO","tipo":"Munic\u00edpio","url":"\/dashboard\/details-assets\/079447f8-9166-42ce-bedf-50fa0e9bba64"},"geometry":{"type":"Point","coordinates":[-51.967828,-29.465454]}},{"type":"Feature","properties":{"municipio":"17b1de17-b043-4d10-8488-e0c80284fa7b","title":"RS - LAGOA VERMELHA","name":"RS - LAGOA VERMELHA","tipo":"Munic\u00edpio","url":"\/dashboard\/details-assets\/17b1de17-b043-4d10-8488-e0c80284fa7b"},"geometry":{"type":"Point","coordinates":[-51.527229,-28.20887]}},{"type":"Feature","properties":{"municipio":"3382b0d8-9867-4b45-904c-0435e9466914","title":"RS - JULIO DE CASTILHOS","name":"RS - JULIO DE CASTILHOS","tipo":"Munic\u00edpio","url":"\/dashboard\/details-assets\/3382b0d8-9867-4b45-904c-0435e9466914"},"geometry":{"type":"Point","coordinates":[-53.6831,-29.226449]}},{"type":"Feature","properties":{"municipio":"57b75320-6221-4d53-9136-199eb79d1de8","title":"RS - JAGUARAO","name":"RS - JAGUARAO","tipo":"Munic\u00edpio","url":"\/dashboard\/details-assets\/57b75320-6221-4d53-9136-199eb79d1de8"},"geometry":{"type":"Point","coordinates":[-53.377523,-32.563569]}},{"type":"Feature","properties":{"municipio":"5e58fa0b-831b-483a-aca5-22d335e233d7","title":"RS - IVOTI","name":"RS - IVOTI","tipo":"Munic\u00edpio","url":"\/dashboard\/details-assets\/5e58fa0b-831b-483a-aca5-22d335e233d7"},"geometry":{"type":"Point","coordinates":[-51.159574,-29.594157]}},{"type":"Feature","properties":{"municipio":"c8d08c4e-c615-4c1b-afda-eb1aca61eecd","title":"RS - ITAQUI","name":"RS - ITAQUI","tipo":"Munic\u00edpio","url":"\/dashboard\/details-assets\/c8d08c4e-c615-4c1b-afda-eb1aca61eecd"},"geometry":{"type":"Point","coordinates":[-56.557133,-29.128637]}},{"type":"Feature","properties":{"municipio":"d2de4fd8-1990-47d3-8c4a-daa39211c539","title":"RS - IMBE","name":"RS - IMBE","tipo":"Munic\u00edpio","url":"\/dashboard\/details-assets\/d2de4fd8-1990-47d3-8c4a-daa39211c539"},"geometry":{"type":"Point","coordinates":[-50.13058,-29.974778]}},{"type":"Feature","properties":{"municipio":"c65a4aae-c565-40b4-8311-391e7d15f448","title":"RS - IGREJINHA","name":"RS - IGREJINHA","tipo":"Munic\u00edpio","url":"\/dashboard\/details-assets\/c65a4aae-c565-40b4-8311-391e7d15f448"},"geometry":{"type":"Point","coordinates":[-50.798711,-29.57222]}},{"type":"Feature","properties":{"municipio":"7c6f5f4c-89a9-48f9-aaeb-865c521b3507","title":"RS - IJUI","name":"RS - IJUI","tipo":"Munic\u00edpio","url":"\/dashboard\/details-assets\/7c6f5f4c-89a9-48f9-aaeb-865c521b3507"},"geometry":{"type":"Point","coordinates":[-53.918067,-28.388537]}},{"type":"Feature","properties":{"municipio":"3b35b728-93da-4d75-b4cc-e1c9fdc0fe9a","title":"RS - HORIZONTINA","name":"RS - HORIZONTINA","tipo":"Munic\u00edpio","url":"\/dashboard\/details-assets\/3b35b728-93da-4d75-b4cc-e1c9fdc0fe9a"},"geometry":{"type":"Point","coordinates":[-54.308792,-27.630097]}},{"type":"Feature","properties":{"municipio":"55df3a30-53a5-4d3a-b3a7-01bac052d4c5","title":"RS - GUAPORE","name":"RS - GUAPORE","tipo":"Munic\u00edpio","url":"\/dashboard\/details-assets\/55df3a30-53a5-4d3a-b3a7-01bac052d4c5"},"geometry":{"type":"Point","coordinates":[-51.890651,-28.849134]}},{"type":"Feature","properties":{"municipio":"0cd35a6f-7bec-4e3e-a5b5-09e8fd4fd4d1","title":"RS - GUAIBA","name":"RS - GUAIBA","tipo":"Munic\u00edpio","url":"\/dashboard\/details-assets\/0cd35a6f-7bec-4e3e-a5b5-09e8fd4fd4d1"},"geometry":{"type":"Point","coordinates":[-51.314684,-30.108602]}},{"type":"Feature","properties":{"municipio":"7e0670da-2ff3-4167-ae38-6fc17f705bd3","title":"RS - GRAVATAI","name":"RS - GRAVATAI","tipo":"Munic\u00edpio","url":"\/dashboard\/details-assets\/7e0670da-2ff3-4167-ae38-6fc17f705bd3"},"geometry":{"type":"Point","coordinates":[-50.990793,-29.945519]}},{"type":"Feature","properties":{"municipio":"311d37f8-7808-444d-b089-fb089308e275","title":"RS - GETULIO VARGAS","name":"RS - GETULIO VARGAS","tipo":"Munic\u00edpio","url":"\/dashboard\/details-assets\/311d37f8-7808-444d-b089-fb089308e275"},"geometry":{"type":"Point","coordinates":[-52.249574,-27.875912]}},{"type":"Feature","properties":{"municipio":"3f6c3cd8-b4a1-4e09-9dd3-ba7a71c1cec7","title":"RS - GIRUA","name":"RS - GIRUA","tipo":"Munic\u00edpio","url":"\/dashboard\/details-assets\/3f6c3cd8-b4a1-4e09-9dd3-ba7a71c1cec7"},"geometry":{"type":"Point","coordinates":[-54.35084,-28.029744]}},{"type":"Feature","properties":{"municipio":"508ac94c-755b-4685-9161-c3ff1e4d980e","title":"RS - GARIBALDI","name":"RS - GARIBALDI","tipo":"Munic\u00edpio","url":"\/dashboard\/details-assets\/508ac94c-755b-4685-9161-c3ff1e4d980e"},"geometry":{"type":"Point","coordinates":[-51.529548,-29.254549]}},{"type":"Feature","properties":{"municipio":"15f35b5b-427c-4114-89fb-78835e753019","title":"RS - FREDERICO WESTPHALEN","name":"RS - FREDERICO WESTPHALEN","tipo":"Munic\u00edpio","url":"\/dashboard\/details-assets\/15f35b5b-427c-4114-89fb-78835e753019"},"geometry":{"type":"Point","coordinates":[-53.400777,-27.358882]}},{"type":"Feature","properties":{"municipio":"198d0571-e3b9-4db1-8daa-9db75dc0a839","title":"RS - FARROUPILHA","name":"RS - FARROUPILHA","tipo":"Munic\u00edpio","url":"\/dashboard\/details-assets\/198d0571-e3b9-4db1-8daa-9db75dc0a839"},"geometry":{"type":"Point","coordinates":[-51.34835,-29.223679]}},{"type":"Feature","properties":{"municipio":"2678df99-d6ff-4929-9485-4cc368be0296","title":"RS - ESTRELA","name":"RS - ESTRELA","tipo":"Munic\u00edpio","url":"\/dashboard\/details-assets\/2678df99-d6ff-4929-9485-4cc368be0296"},"geometry":{"type":"Point","coordinates":[-51.97026,-29.503472]}},{"type":"Feature","properties":{"municipio":"1e983748-4da5-429a-bf43-2c05faf2c28a","title":"RS - ESTANCIA VELHA","name":"RS - ESTANCIA VELHA","tipo":"Munic\u00edpio","url":"\/dashboard\/details-assets\/1e983748-4da5-429a-bf43-2c05faf2c28a"},"geometry":{"type":"Point","coordinates":[-51.174294,-29.650148]}},{"type":"Feature","properties":{"municipio":"3ca1897f-228c-428e-872b-fd083f6f7ea9","title":"RS - ESTEIO","name":"RS - ESTEIO","tipo":"Munic\u00edpio","url":"\/dashboard\/details-assets\/3ca1897f-228c-428e-872b-fd083f6f7ea9"},"geometry":{"type":"Point","coordinates":[-51.183662,-29.84623]}},{"type":"Feature","properties":{"municipio":"5229bdd5-1ba6-4d56-be0f-15f27210c7e7","title":"RS - ESPUMOSO","name":"RS - ESPUMOSO","tipo":"Munic\u00edpio","url":"\/dashboard\/details-assets\/5229bdd5-1ba6-4d56-be0f-15f27210c7e7"},"geometry":{"type":"Point","coordinates":[-52.841927,-28.731445]}},{"type":"Feature","properties":{"municipio":"5909a52b-9a31-4118-853f-fddfc9043f5e","title":"RS - ERECHIM","name":"RS - ERECHIM","tipo":"Munic\u00edpio","url":"\/dashboard\/details-assets\/5909a52b-9a31-4118-853f-fddfc9043f5e"},"geometry":{"type":"Point","coordinates":[-52.275877,-27.633406]}},{"type":"Feature","properties":{"municipio":"5e303c82-8357-4af4-996e-940913804774","title":"RS - ENCRUZILHADA DO SUL","name":"RS - ENCRUZILHADA DO SUL","tipo":"Munic\u00edpio","url":"\/dashboard\/details-assets\/5e303c82-8357-4af4-996e-940913804774"},"geometry":{"type":"Point","coordinates":[-52.522045,-30.543657]}},{"type":"Feature","properties":{"municipio":"d1ed624c-55bd-4db1-b847-6c4e5ad92970","title":"RS - ENCANTADO","name":"RS - ENCANTADO","tipo":"Munic\u00edpio","url":"\/dashboard\/details-assets\/d1ed624c-55bd-4db1-b847-6c4e5ad92970"},"geometry":{"type":"Point","coordinates":[-51.873023,-29.239917]}},{"type":"Feature","properties":{"municipio":"d1f93f24-9055-43c1-8ec2-6a41e76c3d98","title":"RS - ELDORADO DO SUL","name":"RS - ELDORADO DO SUL","tipo":"Munic\u00edpio","url":"\/dashboard\/details-assets\/d1f93f24-9055-43c1-8ec2-6a41e76c3d98"},"geometry":{"type":"Point","coordinates":[-51.310419,-29.999293]}},{"type":"Feature","properties":{"municipio":"2748b6f9-cbac-4e00-824d-0b41322dbd6f","title":"RS - DOIS IRMAOS","name":"RS - DOIS IRMAOS","tipo":"Munic\u00edpio","url":"\/dashboard\/details-assets\/2748b6f9-cbac-4e00-824d-0b41322dbd6f"},"geometry":{"type":"Point","coordinates":[-51.087619,-29.584159]}},{"type":"Feature","properties":{"municipio":"007e8025-1f5d-423c-b485-a7a0f90c4f73","title":"RS - DOM PEDRITO","name":"RS - DOM PEDRITO","tipo":"Munic\u00edpio","url":"\/dashboard\/details-assets\/007e8025-1f5d-423c-b485-a7a0f90c4f73"},"geometry":{"type":"Point","coordinates":[-54.67413,-30.981267]}},{"type":"Feature","properties":{"municipio":"a186283e-637f-41f8-9952-00c38255b760","title":"RS - CRUZ ALTA","name":"RS - CRUZ ALTA","tipo":"Munic\u00edpio","url":"\/dashboard\/details-assets\/a186283e-637f-41f8-9952-00c38255b760"},"geometry":{"type":"Point","coordinates":[-53.605355,-28.645488]}},{"type":"Feature","properties":{"municipio":"8ea39016-f765-41cd-95d3-b8a7d221b881","title":"RS - CHARQUEADAS","name":"RS - CHARQUEADAS","tipo":"Munic\u00edpio","url":"\/dashboard\/details-assets\/8ea39016-f765-41cd-95d3-b8a7d221b881"},"geometry":{"type":"Point","coordinates":[-51.625006,-29.9568]}},{"type":"Feature","properties":{"municipio":"04abf667-c4b4-479b-baac-3b1ba66f4708","title":"RS - CAXIAS DO SUL","name":"RS - CAXIAS DO SUL","tipo":"Munic\u00edpio","url":"\/dashboard\/details-assets\/04abf667-c4b4-479b-baac-3b1ba66f4708"},"geometry":{"type":"Point","coordinates":[-51.17886,-29.166899]}},{"type":"Feature","properties":{"municipio":"480a8238-67b2-4efa-beb9-aa146a8e1028","title":"RS - CERRO LARGO","name":"RS - CERRO LARGO","tipo":"Munic\u00edpio","url":"\/dashboard\/details-assets\/480a8238-67b2-4efa-beb9-aa146a8e1028"},"geometry":{"type":"Point","coordinates":[-54.739997,-28.147841]}},{"type":"Feature","properties":{"municipio":"315e3c27-7756-4ef7-8b9e-11c2a7b17a99","title":"RS - CARLOS BARBOSA","name":"RS - CARLOS BARBOSA","tipo":"Munic\u00edpio","url":"\/dashboard\/details-assets\/315e3c27-7756-4ef7-8b9e-11c2a7b17a99"},"geometry":{"type":"Point","coordinates":[-51.503818,-29.298297]}},{"type":"Feature","properties":{"municipio":"09f08542-011a-4661-a58b-f7067df5f456","title":"RS - CARAZINHO","name":"RS - CARAZINHO","tipo":"Munic\u00edpio","url":"\/dashboard\/details-assets\/09f08542-011a-4661-a58b-f7067df5f456"},"geometry":{"type":"Point","coordinates":[-52.791897,-28.286511]}},{"type":"Feature","properties":{"municipio":"e8711c65-544e-4bd0-b387-c89c6aed8dfa","title":"RS - CAPAO DO LEAO","name":"RS - CAPAO DO LEAO","tipo":"Munic\u00edpio","url":"\/dashboard\/details-assets\/e8711c65-544e-4bd0-b387-c89c6aed8dfa"},"geometry":{"type":"Point","coordinates":[-52.487008,-31.766839]}},{"type":"Feature","properties":{"municipio":"71684f96-75ab-4fc3-b307-c5194d7b6533","title":"RS - CAPAO DA CANOA","name":"RS - CAPAO DA CANOA","tipo":"Munic\u00edpio","url":"\/dashboard\/details-assets\/71684f96-75ab-4fc3-b307-c5194d7b6533"},"geometry":{"type":"Point","coordinates":[-50.020022,-29.761467]}},{"type":"Feature","properties":{"municipio":"3480ab09-800d-48f7-92b9-06a6070ae467","title":"RS - CANOAS","name":"RS - CANOAS","tipo":"Munic\u00edpio","url":"\/dashboard\/details-assets\/3480ab09-800d-48f7-92b9-06a6070ae467"},"geometry":{"type":"Point","coordinates":[-51.18103,-29.918697]}},{"type":"Feature","properties":{"municipio":"85b83b5d-e39f-49ce-bc90-d173d7dcb411","title":"RS - CANGUCU","name":"RS - CANGUCU","tipo":"Munic\u00edpio","url":"\/dashboard\/details-assets\/85b83b5d-e39f-49ce-bc90-d173d7dcb411"},"geometry":{"type":"Point","coordinates":[-52.676286,-31.39386]}},{"type":"Feature","properties":{"municipio":"39380fa9-2c0f-462b-838f-f52478a20726","title":"RS - CANELA","name":"RS - CANELA","tipo":"Munic\u00edpio","url":"\/dashboard\/details-assets\/39380fa9-2c0f-462b-838f-f52478a20726"},"geometry":{"type":"Point","coordinates":[-50.814867,-29.357972]}},{"type":"Feature","properties":{"municipio":"4dd19b11-eec4-4be7-be2c-11064221bdb4","title":"RS - CAMPO BOM","name":"RS - CAMPO BOM","tipo":"Munic\u00edpio","url":"\/dashboard\/details-assets\/4dd19b11-eec4-4be7-be2c-11064221bdb4"},"geometry":{"type":"Point","coordinates":[-51.05887,-29.675685]}},{"type":"Feature","properties":{"municipio":"1ff0687a-3ca6-4557-8541-b48e7a7e1e92","title":"RS - CAMAQUA","name":"RS - CAMAQUA","tipo":"Munic\u00edpio","url":"\/dashboard\/details-assets\/1ff0687a-3ca6-4557-8541-b48e7a7e1e92"},"geometry":{"type":"Point","coordinates":[-51.814601,-30.850704]}},{"type":"Feature","properties":{"municipio":"51d48bd9-fcb5-42c2-9183-3e32b5b5d737","title":"RS - CACHOEIRINHA","name":"RS - CACHOEIRINHA","tipo":"Munic\u00edpio","url":"\/dashboard\/details-assets\/51d48bd9-fcb5-42c2-9183-3e32b5b5d737"},"geometry":{"type":"Point","coordinates":[-51.093677,-29.950629]}},{"type":"Feature","properties":{"municipio":"ffb6d0e2-ff77-4347-b8c7-24feb9685341","title":"RS - CACHOEIRA DO SUL","name":"RS - CACHOEIRA DO SUL","tipo":"Munic\u00edpio","url":"\/dashboard\/details-assets\/ffb6d0e2-ff77-4347-b8c7-24feb9685341"},"geometry":{"type":"Point","coordinates":[-52.893413,-30.04582]}},{"type":"Feature","properties":{"municipio":"9655014b-afd2-4705-9175-7d79e0419d71","title":"RS - CACAPAVA DO SUL","name":"RS - CACAPAVA DO SUL","tipo":"Munic\u00edpio","url":"\/dashboard\/details-assets\/9655014b-afd2-4705-9175-7d79e0419d71"},"geometry":{"type":"Point","coordinates":[-53.487569,-30.514743]}},{"type":"Feature","properties":{"municipio":"104f1303-a97a-4ee9-b9d5-e22dd762a750","title":"RS - BUTIA","name":"RS - BUTIA","tipo":"Munic\u00edpio","url":"\/dashboard\/details-assets\/104f1303-a97a-4ee9-b9d5-e22dd762a750"},"geometry":{"type":"Point","coordinates":[-51.961483,-30.116144]}},{"type":"Feature","properties":{"municipio":"e9c1ab52-aafd-4c58-8677-c66cef87728a","title":"RS - BENTO GONCALVES","name":"RS - BENTO GONCALVES","tipo":"Munic\u00edpio","url":"\/dashboard\/details-assets\/e9c1ab52-aafd-4c58-8677-c66cef87728a"},"geometry":{"type":"Point","coordinates":[-51.51556,-29.167402]}},{"type":"Feature","properties":{"municipio":"35c27089-6f1b-4176-a793-b19aa87698be","title":"RS - BAGE","name":"RS - BAGE","tipo":"Munic\u00edpio","url":"\/dashboard\/details-assets\/35c27089-6f1b-4176-a793-b19aa87698be"},"geometry":{"type":"Point","coordinates":[-54.107083,-31.330502]}},{"type":"Feature","properties":{"municipio":"8ee48512-38f6-46d2-aa31-8134544ae1ab","title":"RS - ARROIO DO MEIO","name":"RS - ARROIO DO MEIO","tipo":"Munic\u00edpio","url":"\/dashboard\/details-assets\/8ee48512-38f6-46d2-aa31-8134544ae1ab"},"geometry":{"type":"Point","coordinates":[-51.947449,-29.398891]}},{"type":"Feature","properties":{"municipio":"4f7d2c84-e0de-453f-b1ac-1590b1547833","title":"RS - ARROIO GRANDE","name":"RS - ARROIO GRANDE","tipo":"Munic\u00edpio","url":"\/dashboard\/details-assets\/4f7d2c84-e0de-453f-b1ac-1590b1547833"},"geometry":{"type":"Point","coordinates":[-53.086694,-32.233155]}},{"type":"Feature","properties":{"municipio":"aa3aa7a1-3627-4380-8c94-ebcf50142525","title":"RS - ALVORADA","name":"RS - ALVORADA","tipo":"Munic\u00edpio","url":"\/dashboard\/details-assets\/aa3aa7a1-3627-4380-8c94-ebcf50142525"},"geometry":{"type":"Point","coordinates":[-51.077729,-29.997493]}},{"type":"Feature","properties":{"municipio":"6248b528-1620-42ff-bae5-97ec1c69f190","title":"RS - ALEGRETE","name":"RS - ALEGRETE","tipo":"Munic\u00edpio","url":"\/dashboard\/details-assets\/6248b528-1620-42ff-bae5-97ec1c69f190"},"geometry":{"type":"Point","coordinates":[-55.779303,-29.766027]}},{"type":"Feature","properties":{"municipio":"b42ebb84-d758-4fff-9129-e2ef34484147","title":"RR - UIRAMUTA","name":"RR - UIRAMUTA","tipo":"Munic\u00edpio","url":"\/dashboard\/details-assets\/b42ebb84-d758-4fff-9129-e2ef34484147"},"geometry":{"type":"Point","coordinates":[-60.167778,4.595833]}},{"type":"Feature","properties":{"municipio":"7f052a1a-4b81-49dd-99b0-79d0f4e1c621","title":"RR - SAO JOAO DA BALIZA","name":"RR - SAO JOAO DA BALIZA","tipo":"Munic\u00edpio","url":"\/dashboard\/details-assets\/7f052a1a-4b81-49dd-99b0-79d0f4e1c621"},"geometry":{"type":"Point","coordinates":[-59.906044,0.947157]}},{"type":"Feature","properties":{"municipio":"6e6fe813-7292-4648-b8ad-19c92dff68f0","title":"RR - RORAINOPOLIS","name":"RR - RORAINOPOLIS","tipo":"Munic\u00edpio","url":"\/dashboard\/details-assets\/6e6fe813-7292-4648-b8ad-19c92dff68f0"},"geometry":{"type":"Point","coordinates":[-60.42506,0.937195]}},{"type":"Feature","properties":{"municipio":"c1b65ec9-b219-4d94-935a-4a95dc825cc6","title":"RR - PACARAIMA","name":"RR - PACARAIMA","tipo":"Munic\u00edpio","url":"\/dashboard\/details-assets\/c1b65ec9-b219-4d94-935a-4a95dc825cc6"},"geometry":{"type":"Point","coordinates":[-61.15,4.48]}},{"type":"Feature","properties":{"municipio":"81273903-f0da-45d6-8bce-ea2da9dafd27","title":"RR - MUCAJAI","name":"RR - MUCAJAI","tipo":"Munic\u00edpio","url":"\/dashboard\/details-assets\/81273903-f0da-45d6-8bce-ea2da9dafd27"},"geometry":{"type":"Point","coordinates":[-60.911519,2.479772]}},{"type":"Feature","properties":{"municipio":"d67fd54d-7d44-40a5-8be2-614e81fabf00","title":"RR - CARACARAI","name":"RR - CARACARAI","tipo":"Munic\u00edpio","url":"\/dashboard\/details-assets\/d67fd54d-7d44-40a5-8be2-614e81fabf00"},"geometry":{"type":"Point","coordinates":[-61.149177,1.803871]}},{"type":"Feature","properties":{"municipio":"b7f05df5-01f8-438f-9313-669ddd122918","title":"RR - BONFIM","name":"RR - BONFIM","tipo":"Munic\u00edpio","url":"\/dashboard\/details-assets\/b7f05df5-01f8-438f-9313-669ddd122918"},"geometry":{"type":"Point","coordinates":[-59.835435,3.363998]}},{"type":"Feature","properties":{"municipio":"7e62077a-53bd-406d-8bbe-14f366c5208b","title":"RR - BOA VISTA","name":"RR - BOA VISTA","tipo":"Munic\u00edpio","url":"\/dashboard\/details-assets\/7e62077a-53bd-406d-8bbe-14f366c5208b"},"geometry":{"type":"Point","coordinates":[-60.670533,2.816682]}},{"type":"Feature","properties":{"municipio":"7d510ec3-e6b9-463b-9daa-04638d09dd62","title":"RR - ALTO ALEGRE","name":"RR - ALTO ALEGRE","tipo":"Munic\u00edpio","url":"\/dashboard\/details-assets\/7d510ec3-e6b9-463b-9daa-04638d09dd62"},"geometry":{"type":"Point","coordinates":[-61.491959,2.908753]}},{"type":"Feature","properties":{"municipio":"77982209-a237-4c8d-bb59-5c9fad4f8abd","title":"RR - AMAJARI","name":"RR - AMAJARI","tipo":"Munic\u00edpio","url":"\/dashboard\/details-assets\/77982209-a237-4c8d-bb59-5c9fad4f8abd"},"geometry":{"type":"Point","coordinates":[-61.371389,3.653056]}},{"type":"Feature","properties":{"municipio":"393c23aa-96b2-4e98-8db3-6c99e123febb","title":"RO - MONTE NEGRO","name":"RO - MONTE NEGRO","tipo":"Munic\u00edpio","url":"\/dashboard\/details-assets\/393c23aa-96b2-4e98-8db3-6c99e123febb"},"geometry":{"type":"Point","coordinates":[-63.296329,-10.262018]}},{"type":"Feature","properties":{"municipio":"c701b3cb-42ac-44ba-880b-9390c8cd49d8","title":"RO - SAO FRANCISCO DO GUAPORE","name":"RO - SAO FRANCISCO DO GUAPORE","tipo":"Munic\u00edpio","url":"\/dashboard\/details-assets\/c701b3cb-42ac-44ba-880b-9390c8cd49d8"},"geometry":{"type":"Point","coordinates":[-63.570865,-12.063798]}},{"type":"Feature","properties":{"municipio":"4b0a306d-6d11-43d3-9151-54e0ffd01f3a","title":"RO - MIRANTE DA SERRA","name":"RO - MIRANTE DA SERRA","tipo":"Munic\u00edpio","url":"\/dashboard\/details-assets\/4b0a306d-6d11-43d3-9151-54e0ffd01f3a"},"geometry":{"type":"Point","coordinates":[-62.669427,-11.045609]}},{"type":"Feature","properties":{"municipio":"400eb41e-079d-4fa5-8805-2b01434e553b","title":"RO - BURITIS","name":"RO - BURITIS","tipo":"Munic\u00edpio","url":"\/dashboard\/details-assets\/400eb41e-079d-4fa5-8805-2b01434e553b"},"geometry":{"type":"Point","coordinates":[-63.829679,-10.209805]}},{"type":"Feature","properties":{"municipio":"15c0275b-16a9-4a88-b9f7-58db4485de9e","title":"RO - ALTO PARAISO","name":"RO - ALTO PARAISO","tipo":"Munic\u00edpio","url":"\/dashboard\/details-assets\/15c0275b-16a9-4a88-b9f7-58db4485de9e"},"geometry":{"type":"Point","coordinates":[-63.326704,-9.689614]}},{"type":"Feature","properties":{"municipio":"83f509b1-24ae-4ccc-91b0-2a2424ba4103","title":"RO - ALVORADA DOESTE","name":"RO - ALVORADA DOESTE","tipo":"Munic\u00edpio","url":"\/dashboard\/details-assets\/83f509b1-24ae-4ccc-91b0-2a2424ba4103"},"geometry":{"type":"Point","coordinates":[-62.28777,-11.348088]}},{"type":"Feature","properties":{"municipio":"99ebb9b5-fb8e-4bce-83d0-022cbd27f0aa","title":"RO - SAO MIGUEL DO GUAPORE","name":"RO - SAO MIGUEL DO GUAPORE","tipo":"Munic\u00edpio","url":"\/dashboard\/details-assets\/99ebb9b5-fb8e-4bce-83d0-022cbd27f0aa"},"geometry":{"type":"Point","coordinates":[-62.714485,-11.693907]}},{"type":"Feature","properties":{"municipio":"5922e986-2784-4c52-b419-59499bad2879","title":"RO - VILHENA","name":"RO - VILHENA","tipo":"Munic\u00edpio","url":"\/dashboard\/details-assets\/5922e986-2784-4c52-b419-59499bad2879"},"geometry":{"type":"Point","coordinates":[-60.138584,-12.741373]}},{"type":"Feature","properties":{"municipio":"238824bf-8e7a-4f4f-821c-8e99c0e417e6","title":"RO - ROLIM DE MOURA","name":"RO - ROLIM DE MOURA","tipo":"Munic\u00edpio","url":"\/dashboard\/details-assets\/238824bf-8e7a-4f4f-821c-8e99c0e417e6"},"geometry":{"type":"Point","coordinates":[-61.785781,-11.722259]}},{"type":"Feature","properties":{"municipio":"1a4b815c-4f0e-4be5-9897-41848ad5b400","title":"RO - PRESIDENTE MEDICI","name":"RO - PRESIDENTE MEDICI","tipo":"Munic\u00edpio","url":"\/dashboard\/details-assets\/1a4b815c-4f0e-4be5-9897-41848ad5b400"},"geometry":{"type":"Point","coordinates":[-61.909439,-11.173205]}},{"type":"Feature","properties":{"municipio":"4b14dae4-66aa-4c4d-aa7a-aaf628a23ac8","title":"RO - PORTO VELHO","name":"RO - PORTO VELHO","tipo":"Munic\u00edpio","url":"\/dashboard\/details-assets\/4b14dae4-66aa-4c4d-aa7a-aaf628a23ac8"},"geometry":{"type":"Point","coordinates":[-63.831446,-8.768892]}},{"type":"Feature","properties":{"municipio":"4e238f10-0469-4292-987c-d08a6b27f2e7","title":"RO - PIMENTA BUENO","name":"RO - PIMENTA BUENO","tipo":"Munic\u00edpio","url":"\/dashboard\/details-assets\/4e238f10-0469-4292-987c-d08a6b27f2e7"},"geometry":{"type":"Point","coordinates":[-61.183666,-11.677537]}},{"type":"Feature","properties":{"municipio":"3b536fe0-5cd6-4789-8871-7eaae4296831","title":"RO - OURO PRETO DO OESTE","name":"RO - OURO PRETO DO OESTE","tipo":"Munic\u00edpio","url":"\/dashboard\/details-assets\/3b536fe0-5cd6-4789-8871-7eaae4296831"},"geometry":{"type":"Point","coordinates":[-62.261055,-10.723574]}},{"type":"Feature","properties":{"municipio":"6751d325-5573-4ab7-bb4e-2cd2b5d79ea9","title":"RO - NOVA BRASILANDIA DOESTE","name":"RO - NOVA BRASILANDIA DOESTE","tipo":"Munic\u00edpio","url":"\/dashboard\/details-assets\/6751d325-5573-4ab7-bb4e-2cd2b5d79ea9"},"geometry":{"type":"Point","coordinates":[-62.30823,-11.721325]}},{"type":"Feature","properties":{"municipio":"bdf1cbba-be3b-4288-8593-eb2585f58292","title":"RO - JIPARANA","name":"RO - JIPARANA","tipo":"Munic\u00edpio","url":"\/dashboard\/details-assets\/bdf1cbba-be3b-4288-8593-eb2585f58292"},"geometry":{"type":"Point","coordinates":[-61.945095,-10.882051]}},{"type":"Feature","properties":{"municipio":"f2dc5fb5-ecb7-4100-babe-54c0d79c44b5","title":"RO - MACHADINHO DOESTE","name":"RO - MACHADINHO DOESTE","tipo":"Munic\u00edpio","url":"\/dashboard\/details-assets\/f2dc5fb5-ecb7-4100-babe-54c0d79c44b5"},"geometry":{"type":"Point","coordinates":[-61.999593,-9.425562]}},{"type":"Feature","properties":{"municipio":"edfe703d-f31c-4635-a33a-b9dfc2e893bc","title":"RO - JARU","name":"RO - JARU","tipo":"Munic\u00edpio","url":"\/dashboard\/details-assets\/edfe703d-f31c-4635-a33a-b9dfc2e893bc"},"geometry":{"type":"Point","coordinates":[-62.476231,-10.435949]}},{"type":"Feature","properties":{"municipio":"2b4b7cca-6498-4b3b-9fb6-7db01d708f87","title":"RO - GUAJARAMIRIM","name":"RO - GUAJARAMIRIM","tipo":"Munic\u00edpio","url":"\/dashboard\/details-assets\/2b4b7cca-6498-4b3b-9fb6-7db01d708f87"},"geometry":{"type":"Point","coordinates":[-65.323952,-10.773884]}},{"type":"Feature","properties":{"municipio":"e67250c1-e38a-4b0e-9a76-d261fd5e4a98","title":"RO - ESPIGAO DOESTE","name":"RO - ESPIGAO DOESTE","tipo":"Munic\u00edpio","url":"\/dashboard\/details-assets\/e67250c1-e38a-4b0e-9a76-d261fd5e4a98"},"geometry":{"type":"Point","coordinates":[-61.020173,-11.528555]}},{"type":"Feature","properties":{"municipio":"32b47678-98c7-47d7-857b-1336ca996212","title":"RO - COSTA MARQUES","name":"RO - COSTA MARQUES","tipo":"Munic\u00edpio","url":"\/dashboard\/details-assets\/32b47678-98c7-47d7-857b-1336ca996212"},"geometry":{"type":"Point","coordinates":[-64.227222,-12.445]}},{"type":"Feature","properties":{"municipio":"d23e5d3c-150d-494c-9997-987b5f4ce72e","title":"RO - CEREJEIRAS","name":"RO - CEREJEIRAS","tipo":"Munic\u00edpio","url":"\/dashboard\/details-assets\/d23e5d3c-150d-494c-9997-987b5f4ce72e"},"geometry":{"type":"Point","coordinates":[-60.818426,-13.195033]}},{"type":"Feature","properties":{"municipio":"ac55456b-e3a4-4ccf-a152-9017b0a42e2b","title":"RO - COLORADO DO OESTE","name":"RO - COLORADO DO OESTE","tipo":"Munic\u00edpio","url":"\/dashboard\/details-assets\/ac55456b-e3a4-4ccf-a152-9017b0a42e2b"},"geometry":{"type":"Point","coordinates":[-60.555067,-13.130564]}},{"type":"Feature","properties":{"municipio":"54528d28-c520-478e-9975-859505511f12","title":"RO - CACOAL","name":"RO - CACOAL","tipo":"Munic\u00edpio","url":"\/dashboard\/details-assets\/54528d28-c520-478e-9975-859505511f12"},"geometry":{"type":"Point","coordinates":[-61.442944,-11.433865]}},{"type":"Feature","properties":{"municipio":"b28cfc06-a6b2-43ec-b306-446e73310caa","title":"RO - ARIQUEMES","name":"RO - ARIQUEMES","tipo":"Munic\u00edpio","url":"\/dashboard\/details-assets\/b28cfc06-a6b2-43ec-b306-446e73310caa"},"geometry":{"type":"Point","coordinates":[-63.033269,-9.908463]}},{"type":"Feature","properties":{"municipio":"7c0a715e-5b5d-4343-b16d-abaf6fbff0f1","title":"RO - ALTA FLORESTA DOESTE","name":"RO - ALTA FLORESTA DOESTE","tipo":"Munic\u00edpio","url":"\/dashboard\/details-assets\/7c0a715e-5b5d-4343-b16d-abaf6fbff0f1"},"geometry":{"type":"Point","coordinates":[-61.999824,-11.93554]}},{"type":"Feature","properties":{"municipio":"8ef4ae25-88a1-41e6-8f28-4c6beb9808be","title":"RN - VERA CRUZ","name":"RN - VERA CRUZ","tipo":"Munic\u00edpio","url":"\/dashboard\/details-assets\/8ef4ae25-88a1-41e6-8f28-4c6beb9808be"},"geometry":{"type":"Point","coordinates":[-35.427185,-6.037456]}},{"type":"Feature","properties":{"municipio":"d510c25f-7b2a-482a-a1cc-c0fafedf68a6","title":"RN - UMARIZAL","name":"RN - UMARIZAL","tipo":"Munic\u00edpio","url":"\/dashboard\/details-assets\/d510c25f-7b2a-482a-a1cc-c0fafedf68a6"},"geometry":{"type":"Point","coordinates":[-37.813258,-5.989902]}},{"type":"Feature","properties":{"municipio":"fc9be301-0642-47f1-9a3c-4e5431ec706f","title":"RN - TOUROS","name":"RN - TOUROS","tipo":"Munic\u00edpio","url":"\/dashboard\/details-assets\/fc9be301-0642-47f1-9a3c-4e5431ec706f"},"geometry":{"type":"Point","coordinates":[-35.455293,-5.202607]}},{"type":"Feature","properties":{"municipio":"096581c7-74fa-4e60-8e63-16d11ce7db8d","title":"RN - SAO PAULO DO POTENGI","name":"RN - SAO PAULO DO POTENGI","tipo":"Munic\u00edpio","url":"\/dashboard\/details-assets\/096581c7-74fa-4e60-8e63-16d11ce7db8d"},"geometry":{"type":"Point","coordinates":[-35.762778,-5.895]}},{"type":"Feature","properties":{"municipio":"de999c68-28a1-46bd-a00e-cce578d02c22","title":"RN - SAO MIGUEL","name":"RN - SAO MIGUEL","tipo":"Munic\u00edpio","url":"\/dashboard\/details-assets\/de999c68-28a1-46bd-a00e-cce578d02c22"},"geometry":{"type":"Point","coordinates":[-38.496344,-6.212343]}},{"type":"Feature","properties":{"municipio":"771553dc-b93c-417b-9eda-4e9ac6e4cda7","title":"RN - SAO GONCALO DO AMARANTE","name":"RN - SAO GONCALO DO AMARANTE","tipo":"Munic\u00edpio","url":"\/dashboard\/details-assets\/771553dc-b93c-417b-9eda-4e9ac6e4cda7"},"geometry":{"type":"Point","coordinates":[-35.331156,-5.789556]}},{"type":"Feature","properties":{"municipio":"3157f79d-a791-4b3a-8cce-e8c001150da9","title":"RN - SAO JOSE DE MIPIBU","name":"RN - SAO JOSE DE MIPIBU","tipo":"Munic\u00edpio","url":"\/dashboard\/details-assets\/3157f79d-a791-4b3a-8cce-e8c001150da9"},"geometry":{"type":"Point","coordinates":[-35.240275,-6.070466]}},{"type":"Feature","properties":{"municipio":"2f5776f0-755c-46e2-8e3d-00f63a084a10","title":"RN - SANTO ANTONIO","name":"RN - SANTO ANTONIO","tipo":"Munic\u00edpio","url":"\/dashboard\/details-assets\/2f5776f0-755c-46e2-8e3d-00f63a084a10"},"geometry":{"type":"Point","coordinates":[-35.475137,-6.305174]}},{"type":"Feature","properties":{"municipio":"3ce6d91b-f906-4ad2-9b80-b38a45c97e7a","title":"RN - SANTA CRUZ","name":"RN - SANTA CRUZ","tipo":"Munic\u00edpio","url":"\/dashboard\/details-assets\/3ce6d91b-f906-4ad2-9b80-b38a45c97e7a"},"geometry":{"type":"Point","coordinates":[-40.337688,-8.237961]}},{"type":"Feature","properties":{"municipio":"e6fcd1c1-224c-4179-86fa-65211baa334d","title":"RN - TIBAU","name":"RN - TIBAU","tipo":"Munic\u00edpio","url":"\/dashboard\/details-assets\/e6fcd1c1-224c-4179-86fa-65211baa334d"},"geometry":{"type":"Point","coordinates":[-37.251303,-4.841437]}},{"type":"Feature","properties":{"municipio":"1d963f7c-67b5-4c51-95ba-5e077ff1630f","title":"RN - PORTALEGRE","name":"RN - PORTALEGRE","tipo":"Munic\u00edpio","url":"\/dashboard\/details-assets\/1d963f7c-67b5-4c51-95ba-5e077ff1630f"},"geometry":{"type":"Point","coordinates":[-37.983146,-6.021181]}},{"type":"Feature","properties":{"municipio":"dc259b90-817b-403e-ab3e-b3189780a04b","title":"RN - PAU DOS FERROS","name":"RN - PAU DOS FERROS","tipo":"Munic\u00edpio","url":"\/dashboard\/details-assets\/dc259b90-817b-403e-ab3e-b3189780a04b"},"geometry":{"type":"Point","coordinates":[-38.203262,-6.114732]}},{"type":"Feature","properties":{"municipio":"1ca3f4a4-e436-44b7-b3eb-2188299e8da1","title":"RN - PATU","name":"RN - PATU","tipo":"Munic\u00edpio","url":"\/dashboard\/details-assets\/1ca3f4a4-e436-44b7-b3eb-2188299e8da1"},"geometry":{"type":"Point","coordinates":[-37.640102,-6.101532]}},{"type":"Feature","properties":{"municipio":"e38f0499-a1cf-45dd-a186-91c3942fba2a","title":"RN - PARELHAS","name":"RN - PARELHAS","tipo":"Munic\u00edpio","url":"\/dashboard\/details-assets\/e38f0499-a1cf-45dd-a186-91c3942fba2a"},"geometry":{"type":"Point","coordinates":[-36.657805,-6.688755]}},{"type":"Feature","properties":{"municipio":"46d71220-f155-44f8-a0a2-78bcc2951c97","title":"RN - NOVA CRUZ","name":"RN - NOVA CRUZ","tipo":"Munic\u00edpio","url":"\/dashboard\/details-assets\/46d71220-f155-44f8-a0a2-78bcc2951c97"},"geometry":{"type":"Point","coordinates":[-35.4323,-6.480065]}},{"type":"Feature","properties":{"municipio":"1c7fb71a-45c5-439a-a99a-3e5c4be8fe3f","title":"RN - NATAL","name":"RN - NATAL","tipo":"Munic\u00edpio","url":"\/dashboard\/details-assets\/1c7fb71a-45c5-439a-a99a-3e5c4be8fe3f"},"geometry":{"type":"Point","coordinates":[-35.215863,-5.79872]}},{"type":"Feature","properties":{"municipio":"43eecdeb-f13d-425a-9046-62bb0491fb79","title":"RN - NISIA FLORESTA","name":"RN - NISIA FLORESTA","tipo":"Munic\u00edpio","url":"\/dashboard\/details-assets\/43eecdeb-f13d-425a-9046-62bb0491fb79"},"geometry":{"type":"Point","coordinates":[-35.21131,-6.090714]}},{"type":"Feature","properties":{"municipio":"deaa9c60-b4e3-4301-807a-c5980ce62eb8","title":"RN - MOSSORO","name":"RN - MOSSORO","tipo":"Munic\u00edpio","url":"\/dashboard\/details-assets\/deaa9c60-b4e3-4301-807a-c5980ce62eb8"},"geometry":{"type":"Point","coordinates":[-37.356874,-5.193801]}},{"type":"Feature","properties":{"municipio":"76300e29-c40e-4222-a603-b1bf2b2adbb8","title":"RN - MACAU","name":"RN - MACAU","tipo":"Munic\u00edpio","url":"\/dashboard\/details-assets\/76300e29-c40e-4222-a603-b1bf2b2adbb8"},"geometry":{"type":"Point","coordinates":[-36.634973,-5.113368]}},{"type":"Feature","properties":{"municipio":"e49f9d24-bdcf-4c24-883f-146976fc5421","title":"RN - MACAIBA","name":"RN - MACAIBA","tipo":"Munic\u00edpio","url":"\/dashboard\/details-assets\/e49f9d24-bdcf-4c24-883f-146976fc5421"},"geometry":{"type":"Point","coordinates":[-35.355237,-5.857237]}},{"type":"Feature","properties":{"municipio":"60e779b2-b998-47b8-aee8-38e7cf7ef552","title":"RN - LUIS GOMES","name":"RN - LUIS GOMES","tipo":"Munic\u00edpio","url":"\/dashboard\/details-assets\/60e779b2-b998-47b8-aee8-38e7cf7ef552"},"geometry":{"type":"Point","coordinates":[-38.38642,-6.414028]}},{"type":"Feature","properties":{"municipio":"1d8d0486-d21f-4fd0-96bd-2833fa84ebaa","title":"RN - JUCURUTU","name":"RN - JUCURUTU","tipo":"Munic\u00edpio","url":"\/dashboard\/details-assets\/1d8d0486-d21f-4fd0-96bd-2833fa84ebaa"},"geometry":{"type":"Point","coordinates":[-37.020226,-6.033419]}},{"type":"Feature","properties":{"municipio":"fd69349e-824d-45a0-8022-1daced13f1fe","title":"RN - JOAO CAMARA","name":"RN - JOAO CAMARA","tipo":"Munic\u00edpio","url":"\/dashboard\/details-assets\/fd69349e-824d-45a0-8022-1daced13f1fe"},"geometry":{"type":"Point","coordinates":[-35.816788,-5.538423]}},{"type":"Feature","properties":{"municipio":"87a04ac6-be7f-4057-acdb-b030a3f62c0c","title":"RN - JARDIM DE PIRANHAS","name":"RN - JARDIM DE PIRANHAS","tipo":"Munic\u00edpio","url":"\/dashboard\/details-assets\/87a04ac6-be7f-4057-acdb-b030a3f62c0c"},"geometry":{"type":"Point","coordinates":[-37.349218,-6.380098]}},{"type":"Feature","properties":{"municipio":"ba5345a7-1683-4715-bb84-dc47b27a1684","title":"RN - IPANGUACU","name":"RN - IPANGUACU","tipo":"Munic\u00edpio","url":"\/dashboard\/details-assets\/ba5345a7-1683-4715-bb84-dc47b27a1684"},"geometry":{"type":"Point","coordinates":[-36.322497,-5.106585]}},{"type":"Feature","properties":{"municipio":"4c5d635e-eaa2-475d-9e7e-c6caac2ee352","title":"RN - GOIANINHA","name":"RN - GOIANINHA","tipo":"Munic\u00edpio","url":"\/dashboard\/details-assets\/4c5d635e-eaa2-475d-9e7e-c6caac2ee352"},"geometry":{"type":"Point","coordinates":[-35.217786,-6.25059]}},{"type":"Feature","properties":{"municipio":"43fb71dc-8de7-4731-a852-c05d4bc90d73","title":"RN - PARNAMIRIM","name":"RN - PARNAMIRIM","tipo":"Munic\u00edpio","url":"\/dashboard\/details-assets\/43fb71dc-8de7-4731-a852-c05d4bc90d73"},"geometry":{"type":"Point","coordinates":[-39.575787,-8.090138]}},{"type":"Feature","properties":{"municipio":"ffcef4d4-d2b1-4838-8d8f-1f87df6c0cb8","title":"RN - EXTREMOZ","name":"RN - EXTREMOZ","tipo":"Munic\u00edpio","url":"\/dashboard\/details-assets\/ffcef4d4-d2b1-4838-8d8f-1f87df6c0cb8"},"geometry":{"type":"Point","coordinates":[-35.314025,-5.70271]}},{"type":"Feature","properties":{"municipio":"960d6941-f8e6-49be-8807-280f87f722a8","title":"RN - CURRAIS NOVOS","name":"RN - CURRAIS NOVOS","tipo":"Munic\u00edpio","url":"\/dashboard\/details-assets\/960d6941-f8e6-49be-8807-280f87f722a8"},"geometry":{"type":"Point","coordinates":[-36.516219,-6.264672]}},{"type":"Feature","properties":{"municipio":"0bd396df-d990-49c9-bad2-ccabfd8b0af3","title":"RN - CEARAMIRIM","name":"RN - CEARAMIRIM","tipo":"Munic\u00edpio","url":"\/dashboard\/details-assets\/0bd396df-d990-49c9-bad2-ccabfd8b0af3"},"geometry":{"type":"Point","coordinates":[-35.424487,-5.640984]}},{"type":"Feature","properties":{"municipio":"367301b9-383f-457c-b154-3aeaf4cb6ee1","title":"RN - CARAUBAS","name":"RN - CARAUBAS","tipo":"Munic\u00edpio","url":"\/dashboard\/details-assets\/367301b9-383f-457c-b154-3aeaf4cb6ee1"},"geometry":{"type":"Point","coordinates":[-37.569932,-5.754418]}},{"type":"Feature","properties":{"municipio":"ed1996d3-56c6-4990-aca8-88575bab3c4a","title":"RN - CANGUARETAMA","name":"RN - CANGUARETAMA","tipo":"Munic\u00edpio","url":"\/dashboard\/details-assets\/ed1996d3-56c6-4990-aca8-88575bab3c4a"},"geometry":{"type":"Point","coordinates":[-35.12854,-6.374925]}},{"type":"Feature","properties":{"municipio":"95974cd4-1597-4efa-a740-b70522426251","title":"RN - CAICO","name":"RN - CAICO","tipo":"Munic\u00edpio","url":"\/dashboard\/details-assets\/95974cd4-1597-4efa-a740-b70522426251"},"geometry":{"type":"Point","coordinates":[-37.096489,-6.459139]}},{"type":"Feature","properties":{"municipio":"7de40345-fea8-4d87-8971-5d3a152cceeb","title":"RN - BARAUNA","name":"RN - BARAUNA","tipo":"Munic\u00edpio","url":"\/dashboard\/details-assets\/7de40345-fea8-4d87-8971-5d3a152cceeb"},"geometry":{"type":"Point","coordinates":[-37.61818,-5.076618]}},{"type":"Feature","properties":{"municipio":"197a0300-2042-4f20-aac8-79c75037d310","title":"RN - AREIA BRANCA","name":"RN - AREIA BRANCA","tipo":"Munic\u00edpio","url":"\/dashboard\/details-assets\/197a0300-2042-4f20-aac8-79c75037d310"},"geometry":{"type":"Point","coordinates":[-37.12851,-4.92541]}},{"type":"Feature","properties":{"municipio":"62c88245-f13e-471f-8ad7-8cfaa7bbb7ef","title":"RN - APODI","name":"RN - APODI","tipo":"Munic\u00edpio","url":"\/dashboard\/details-assets\/62c88245-f13e-471f-8ad7-8cfaa7bbb7ef"},"geometry":{"type":"Point","coordinates":[-37.797784,-5.66377]}},{"type":"Feature","properties":{"municipio":"abd9c196-0b23-4648-9b4f-4e2972328aa5","title":"RN - ANGICOS","name":"RN - ANGICOS","tipo":"Munic\u00edpio","url":"\/dashboard\/details-assets\/abd9c196-0b23-4648-9b4f-4e2972328aa5"},"geometry":{"type":"Point","coordinates":[-36.605433,-5.660365]}},{"type":"Feature","properties":{"municipio":"7c6bb808-f8ef-404c-b8d0-714ad4eb94aa","title":"RN - ALTO DO RODRIGUES","name":"RN - ALTO DO RODRIGUES","tipo":"Munic\u00edpio","url":"\/dashboard\/details-assets\/7c6bb808-f8ef-404c-b8d0-714ad4eb94aa"},"geometry":{"type":"Point","coordinates":[-36.759493,-5.293808]}},{"type":"Feature","properties":{"municipio":"98298043-23b8-411a-a5e3-8684e5888022","title":"RN - ACU","name":"RN - ACU","tipo":"Munic\u00edpio","url":"\/dashboard\/details-assets\/98298043-23b8-411a-a5e3-8684e5888022"},"geometry":{"type":"Point","coordinates":[-36.917923,-5.571946]}},{"type":"Feature","properties":{"municipio":"2d23f1af-25d5-4c35-87fd-8d30bc29d0d7","title":"RN - ALEXANDRIA","name":"RN - ALEXANDRIA","tipo":"Munic\u00edpio","url":"\/dashboard\/details-assets\/2d23f1af-25d5-4c35-87fd-8d30bc29d0d7"},"geometry":{"type":"Point","coordinates":[-38.019289,-6.417136]}},{"type":"Feature","properties":{"municipio":"13102f94-451b-40d0-ac46-7096a21cce28","title":"RN - ACARI","name":"RN - ACARI","tipo":"Munic\u00edpio","url":"\/dashboard\/details-assets\/13102f94-451b-40d0-ac46-7096a21cce28"},"geometry":{"type":"Point","coordinates":[-36.643739,-6.442085]}},{"type":"Feature","properties":{"municipio":"c6c1a6ca-962b-481b-8335-a0d031ca7a05","title":"RJ - VOLTA REDONDA","name":"RJ - VOLTA REDONDA","tipo":"Munic\u00edpio","url":"\/dashboard\/details-assets\/c6c1a6ca-962b-481b-8335-a0d031ca7a05"},"geometry":{"type":"Point","coordinates":[-44.09473,-22.50776]}},{"type":"Feature","properties":{"municipio":"4680a8ec-534e-4f5c-9039-aba12382850c","title":"RJ - VALENCA","name":"RJ - VALENCA","tipo":"Munic\u00edpio","url":"\/dashboard\/details-assets\/4680a8ec-534e-4f5c-9039-aba12382850c"},"geometry":{"type":"Point","coordinates":[-43.706895,-22.245915]}},{"type":"Feature","properties":{"municipio":"918c1180-b23c-4839-9ac1-6808ac18b63c","title":"RJ - VASSOURAS","name":"RJ - VASSOURAS","tipo":"Munic\u00edpio","url":"\/dashboard\/details-assets\/918c1180-b23c-4839-9ac1-6808ac18b63c"},"geometry":{"type":"Point","coordinates":[-43.704844,-22.409008]}},{"type":"Feature","properties":{"municipio":"1585e68f-fc87-48ec-93df-81f17232aa0a","title":"RJ - TRES RIOS","name":"RJ - TRES RIOS","tipo":"Munic\u00edpio","url":"\/dashboard\/details-assets\/1585e68f-fc87-48ec-93df-81f17232aa0a"},"geometry":{"type":"Point","coordinates":[-43.218947,-22.117006]}},{"type":"Feature","properties":{"municipio":"eb812a06-aadf-49a6-b187-737660fc2d5f","title":"RJ - TERESOPOLIS","name":"RJ - TERESOPOLIS","tipo":"Munic\u00edpio","url":"\/dashboard\/details-assets\/eb812a06-aadf-49a6-b187-737660fc2d5f"},"geometry":{"type":"Point","coordinates":[-42.975619,-22.416956]}},{"type":"Feature","properties":{"municipio":"5f9f3f69-af55-444c-8fa0-474e42449589","title":"RJ - SEROPEDICA","name":"RJ - SEROPEDICA","tipo":"Munic\u00edpio","url":"\/dashboard\/details-assets\/5f9f3f69-af55-444c-8fa0-474e42449589"},"geometry":{"type":"Point","coordinates":[-43.69508,-22.769165]}},{"type":"Feature","properties":{"municipio":"043ba05b-a4c5-4767-aced-6b1a897de242","title":"RJ - SAQUAREMA","name":"RJ - SAQUAREMA","tipo":"Munic\u00edpio","url":"\/dashboard\/details-assets\/043ba05b-a4c5-4767-aced-6b1a897de242"},"geometry":{"type":"Point","coordinates":[-42.486684,-22.932382]}},{"type":"Feature","properties":{"municipio":"097b06fc-1c91-4e84-b5cc-9b1ff2902577","title":"RJ - SAO PEDRO DA ALDEIA","name":"RJ - SAO PEDRO DA ALDEIA","tipo":"Munic\u00edpio","url":"\/dashboard\/details-assets\/097b06fc-1c91-4e84-b5cc-9b1ff2902577"},"geometry":{"type":"Point","coordinates":[-42.103001,-22.84336]}},{"type":"Feature","properties":{"municipio":"57b90037-291e-49e4-abc5-a8d212609995","title":"RJ - SAO JOAO DE MERITI","name":"RJ - SAO JOAO DE MERITI","tipo":"Munic\u00edpio","url":"\/dashboard\/details-assets\/57b90037-291e-49e4-abc5-a8d212609995"},"geometry":{"type":"Point","coordinates":[-43.369805,-22.790968]}},{"type":"Feature","properties":{"municipio":"875c87b6-f411-4053-bc3e-720d530613bd","title":"RJ - SAO JOAO DA BARRA","name":"RJ - SAO JOAO DA BARRA","tipo":"Munic\u00edpio","url":"\/dashboard\/details-assets\/875c87b6-f411-4053-bc3e-720d530613bd"},"geometry":{"type":"Point","coordinates":[-41.048443,-21.636845]}},{"type":"Feature","properties":{"municipio":"5b5783f6-fdd3-4f76-985b-138a2a14cc03","title":"RJ - SAO GONCALO","name":"RJ - SAO GONCALO","tipo":"Munic\u00edpio","url":"\/dashboard\/details-assets\/5b5783f6-fdd3-4f76-985b-138a2a14cc03"},"geometry":{"type":"Point","coordinates":[-43.063765,-22.827288]}},{"type":"Feature","properties":{"municipio":"d69da4c8-dc28-4fcb-846e-60b68a79ed02","title":"RJ - SAO FRANCISCO DE ITABAPOANA","name":"RJ - SAO FRANCISCO DE ITABAPOANA","tipo":"Munic\u00edpio","url":"\/dashboard\/details-assets\/d69da4c8-dc28-4fcb-846e-60b68a79ed02"},"geometry":{"type":"Point","coordinates":[-41.134167,-21.453241]}},{"type":"Feature","properties":{"municipio":"254a07a3-09dc-4cfa-8c76-7b50660cc757","title":"RJ - SAO FIDELIS","name":"RJ - SAO FIDELIS","tipo":"Munic\u00edpio","url":"\/dashboard\/details-assets\/254a07a3-09dc-4cfa-8c76-7b50660cc757"},"geometry":{"type":"Point","coordinates":[-41.745717,-21.649378]}},{"type":"Feature","properties":{"municipio":"e103a8ed-1122-4fbc-96ce-a4fdbfae1e28","title":"RJ - SANTO ANTONIO DE PADUA","name":"RJ - SANTO ANTONIO DE PADUA","tipo":"Munic\u00edpio","url":"\/dashboard\/details-assets\/e103a8ed-1122-4fbc-96ce-a4fdbfae1e28"},"geometry":{"type":"Point","coordinates":[-42.183713,-21.541816]}},{"type":"Feature","properties":{"municipio":"979b58f9-4a6a-4a92-8aa3-279173466b84","title":"RJ - RIO DAS OSTRAS","name":"RJ - RIO DAS OSTRAS","tipo":"Munic\u00edpio","url":"\/dashboard\/details-assets\/979b58f9-4a6a-4a92-8aa3-279173466b84"},"geometry":{"type":"Point","coordinates":[-41.946379,-22.527262]}},{"type":"Feature","properties":{"municipio":"421a5644-22a2-4377-a7b0-bb1a63f0b2d8","title":"RJ - RIO DE JANEIRO","name":"RJ - RIO DE JANEIRO","tipo":"Munic\u00edpio","url":"\/dashboard\/details-assets\/421a5644-22a2-4377-a7b0-bb1a63f0b2d8"},"geometry":{"type":"Point","coordinates":[-43.209229,-22.916026]}},{"type":"Feature","properties":{"municipio":"1cfbfded-cb8c-4b64-ba9a-085a42bd1a82","title":"RJ - RIO BONITO","name":"RJ - RIO BONITO","tipo":"Munic\u00edpio","url":"\/dashboard\/details-assets\/1cfbfded-cb8c-4b64-ba9a-085a42bd1a82"},"geometry":{"type":"Point","coordinates":[-42.627984,-22.718609]}},{"type":"Feature","properties":{"municipio":"74980e26-7d8a-40b7-9a6e-01f28c5e5609","title":"RJ - RESENDE","name":"RJ - RESENDE","tipo":"Munic\u00edpio","url":"\/dashboard\/details-assets\/74980e26-7d8a-40b7-9a6e-01f28c5e5609"},"geometry":{"type":"Point","coordinates":[-44.45133,-22.470962]}},{"type":"Feature","properties":{"municipio":"2fcf4123-9af9-487c-a683-d9e1aa30afe0","title":"RJ - QUISSAMA","name":"RJ - QUISSAMA","tipo":"Munic\u00edpio","url":"\/dashboard\/details-assets\/2fcf4123-9af9-487c-a683-d9e1aa30afe0"},"geometry":{"type":"Point","coordinates":[-41.46965,-22.103596]}},{"type":"Feature","properties":{"municipio":"6087025f-c5a9-4c2b-b14e-7a2c4d01c9c1","title":"RJ - QUEIMADOS","name":"RJ - QUEIMADOS","tipo":"Munic\u00edpio","url":"\/dashboard\/details-assets\/6087025f-c5a9-4c2b-b14e-7a2c4d01c9c1"},"geometry":{"type":"Point","coordinates":[-43.552226,-22.710669]}},{"type":"Feature","properties":{"municipio":"994d08d0-23c9-444f-bebb-df87889ebf12","title":"RJ - PETROPOLIS","name":"RJ - PETROPOLIS","tipo":"Munic\u00edpio","url":"\/dashboard\/details-assets\/994d08d0-23c9-444f-bebb-df87889ebf12"},"geometry":{"type":"Point","coordinates":[-43.177914,-22.511264]}},{"type":"Feature","properties":{"municipio":"34eed7fc-268b-4522-862b-79efaa5771b7","title":"RJ - PARATY","name":"RJ - PARATY","tipo":"Munic\u00edpio","url":"\/dashboard\/details-assets\/34eed7fc-268b-4522-862b-79efaa5771b7"},"geometry":{"type":"Point","coordinates":[-44.720476,-23.220054]}},{"type":"Feature","properties":{"municipio":"0a91d9d8-65ab-45ef-825c-c3746343db46","title":"RJ - PARAIBA DO SUL","name":"RJ - PARAIBA DO SUL","tipo":"Munic\u00edpio","url":"\/dashboard\/details-assets\/0a91d9d8-65ab-45ef-825c-c3746343db46"},"geometry":{"type":"Point","coordinates":[-43.290474,-22.158875]}},{"type":"Feature","properties":{"municipio":"21f4c474-8707-4076-a56a-87b317a97d30","title":"RJ - PARACAMBI","name":"RJ - PARACAMBI","tipo":"Munic\u00edpio","url":"\/dashboard\/details-assets\/21f4c474-8707-4076-a56a-87b317a97d30"},"geometry":{"type":"Point","coordinates":[-43.711255,-22.608307]}},{"type":"Feature","properties":{"municipio":"a9a13e93-3cb2-4503-a841-065334247f1c","title":"RJ - NOVA FRIBURGO","name":"RJ - NOVA FRIBURGO","tipo":"Munic\u00edpio","url":"\/dashboard\/details-assets\/a9a13e93-3cb2-4503-a841-065334247f1c"},"geometry":{"type":"Point","coordinates":[-42.53408,-22.288726]}},{"type":"Feature","properties":{"municipio":"4223dde7-bf42-4936-b926-8b162edb5290","title":"RJ - NOVA IGUACU","name":"RJ - NOVA IGUACU","tipo":"Munic\u00edpio","url":"\/dashboard\/details-assets\/4223dde7-bf42-4936-b926-8b162edb5290"},"geometry":{"type":"Point","coordinates":[-43.460742,-22.756132]}},{"type":"Feature","properties":{"municipio":"c3c5389d-b439-49d8-a3de-1c0866c87f24","title":"RJ - NITEROI","name":"RJ - NITEROI","tipo":"Munic\u00edpio","url":"\/dashboard\/details-assets\/c3c5389d-b439-49d8-a3de-1c0866c87f24"},"geometry":{"type":"Point","coordinates":[-43.115221,-22.885898]}},{"type":"Feature","properties":{"municipio":"d442a8b1-831a-47ba-89bf-ebe19f7be008","title":"RJ - NILOPOLIS","name":"RJ - NILOPOLIS","tipo":"Munic\u00edpio","url":"\/dashboard\/details-assets\/d442a8b1-831a-47ba-89bf-ebe19f7be008"},"geometry":{"type":"Point","coordinates":[-43.41941,-22.809816]}},{"type":"Feature","properties":{"municipio":"0ed8b18d-4e8e-4611-a3bd-5a4814702e94","title":"RJ - MIRACEMA","name":"RJ - MIRACEMA","tipo":"Munic\u00edpio","url":"\/dashboard\/details-assets\/0ed8b18d-4e8e-4611-a3bd-5a4814702e94"},"geometry":{"type":"Point","coordinates":[-42.193814,-21.407738]}},{"type":"Feature","properties":{"municipio":"072a1614-9168-42d7-80e2-722dca5685ac","title":"RJ - MIGUEL PEREIRA","name":"RJ - MIGUEL PEREIRA","tipo":"Munic\u00edpio","url":"\/dashboard\/details-assets\/072a1614-9168-42d7-80e2-722dca5685ac"},"geometry":{"type":"Point","coordinates":[-43.469124,-22.452601]}},{"type":"Feature","properties":{"municipio":"14558e02-88f8-40ab-a4f2-3edf28f90788","title":"RJ - MARICA","name":"RJ - MARICA","tipo":"Munic\u00edpio","url":"\/dashboard\/details-assets\/14558e02-88f8-40ab-a4f2-3edf28f90788"},"geometry":{"type":"Point","coordinates":[-42.819192,-22.916099]}},{"type":"Feature","properties":{"municipio":"404eea55-b997-43c4-85a7-2ea3c0f0f775","title":"RJ - MESQUITA","name":"RJ - MESQUITA","tipo":"Munic\u00edpio","url":"\/dashboard\/details-assets\/404eea55-b997-43c4-85a7-2ea3c0f0f775"},"geometry":{"type":"Point","coordinates":[-43.429318,-22.781945]}},{"type":"Feature","properties":{"municipio":"bc81ccdd-d8de-4bb1-840d-bf47b67ef2f4","title":"RJ - MANGARATIBA","name":"RJ - MANGARATIBA","tipo":"Munic\u00edpio","url":"\/dashboard\/details-assets\/bc81ccdd-d8de-4bb1-840d-bf47b67ef2f4"},"geometry":{"type":"Point","coordinates":[-44.038696,-22.950806]}},{"type":"Feature","properties":{"municipio":"07ed0532-dec0-48d7-9b14-8e6b71222739","title":"RJ - MAGE","name":"RJ - MAGE","tipo":"Munic\u00edpio","url":"\/dashboard\/details-assets\/07ed0532-dec0-48d7-9b14-8e6b71222739"},"geometry":{"type":"Point","coordinates":[-43.039835,-22.656602]}},{"type":"Feature","properties":{"municipio":"b3c81492-29a3-4d1a-bf2f-71a9d1df2535","title":"RJ - MACAE","name":"RJ - MACAE","tipo":"Munic\u00edpio","url":"\/dashboard\/details-assets\/b3c81492-29a3-4d1a-bf2f-71a9d1df2535"},"geometry":{"type":"Point","coordinates":[-41.782789,-22.38369]}},{"type":"Feature","properties":{"municipio":"b82be633-70c8-467f-abe9-a102362221ff","title":"RJ - JAPERI","name":"RJ - JAPERI","tipo":"Munic\u00edpio","url":"\/dashboard\/details-assets\/b82be633-70c8-467f-abe9-a102362221ff"},"geometry":{"type":"Point","coordinates":[-43.660646,-22.643998]}},{"type":"Feature","properties":{"municipio":"d1752b3a-4dd5-4aaa-b49a-6144f305e806","title":"RJ - ITAPERUNA","name":"RJ - ITAPERUNA","tipo":"Munic\u00edpio","url":"\/dashboard\/details-assets\/d1752b3a-4dd5-4aaa-b49a-6144f305e806"},"geometry":{"type":"Point","coordinates":[-41.880233,-21.200081]}},{"type":"Feature","properties":{"municipio":"71508454-ce6b-4783-a331-615f807729ce","title":"RJ - ITAGUAI","name":"RJ - ITAGUAI","tipo":"Munic\u00edpio","url":"\/dashboard\/details-assets\/71508454-ce6b-4783-a331-615f807729ce"},"geometry":{"type":"Point","coordinates":[-43.777919,-22.863185]}},{"type":"Feature","properties":{"municipio":"bbf5db89-e9a0-425d-b9c5-f05add1d7b8e","title":"RJ - ITAOCARA","name":"RJ - ITAOCARA","tipo":"Munic\u00edpio","url":"\/dashboard\/details-assets\/bbf5db89-e9a0-425d-b9c5-f05add1d7b8e"},"geometry":{"type":"Point","coordinates":[-42.079258,-21.670417]}},{"type":"Feature","properties":{"municipio":"dd45b9f8-6b92-4001-adac-d13dbdfe05a9","title":"RJ - ITABORAI","name":"RJ - ITABORAI","tipo":"Munic\u00edpio","url":"\/dashboard\/details-assets\/dd45b9f8-6b92-4001-adac-d13dbdfe05a9"},"geometry":{"type":"Point","coordinates":[-42.864317,-22.757003]}},{"type":"Feature","properties":{"municipio":"25b98d57-81e8-480f-bf75-036173375b1e","title":"RJ - IGUABA GRANDE","name":"RJ - IGUABA GRANDE","tipo":"Munic\u00edpio","url":"\/dashboard\/details-assets\/25b98d57-81e8-480f-bf75-036173375b1e"},"geometry":{"type":"Point","coordinates":[-42.206642,-22.814241]}},{"type":"Feature","properties":{"municipio":"3cd02532-94e8-4052-9507-833c43b0a8fe","title":"RJ - GUAPIMIRIM","name":"RJ - GUAPIMIRIM","tipo":"Munic\u00edpio","url":"\/dashboard\/details-assets\/3cd02532-94e8-4052-9507-833c43b0a8fe"},"geometry":{"type":"Point","coordinates":[-42.989949,-22.535199]}},{"type":"Feature","properties":{"municipio":"60b9949c-b7b8-4288-890a-386df03d576d","title":"RJ - DUQUE DE CAXIAS","name":"RJ - DUQUE DE CAXIAS","tipo":"Munic\u00edpio","url":"\/dashboard\/details-assets\/60b9949c-b7b8-4288-890a-386df03d576d"},"geometry":{"type":"Point","coordinates":[-43.305311,-22.786299]}},{"type":"Feature","properties":{"municipio":"31535b60-5fcf-44ca-ac74-9b6940cd713a","title":"RJ - CASIMIRO DE ABREU","name":"RJ - CASIMIRO DE ABREU","tipo":"Munic\u00edpio","url":"\/dashboard\/details-assets\/31535b60-5fcf-44ca-ac74-9b6940cd713a"},"geometry":{"type":"Point","coordinates":[-42.201543,-22.483673]}},{"type":"Feature","properties":{"municipio":"ab51faa8-cbc1-4611-b5fa-e73dcb1bbdfd","title":"RJ - CAMPOS DOS GOYTACAZES","name":"RJ - CAMPOS DOS GOYTACAZES","tipo":"Munic\u00edpio","url":"\/dashboard\/details-assets\/ab51faa8-cbc1-4611-b5fa-e73dcb1bbdfd"},"geometry":{"type":"Point","coordinates":[-41.318488,-21.76269]}},{"type":"Feature","properties":{"municipio":"767196e2-1766-4326-8576-3b24f871b1b1","title":"RJ - CACHOEIRAS DE MACACU","name":"RJ - CACHOEIRAS DE MACACU","tipo":"Munic\u00edpio","url":"\/dashboard\/details-assets\/767196e2-1766-4326-8576-3b24f871b1b1"},"geometry":{"type":"Point","coordinates":[-42.652751,-22.466284]}},{"type":"Feature","properties":{"municipio":"cfcf8150-0e5a-464d-9c10-a047c8696419","title":"RJ - CABO FRIO","name":"RJ - CABO FRIO","tipo":"Munic\u00edpio","url":"\/dashboard\/details-assets\/cfcf8150-0e5a-464d-9c10-a047c8696419"},"geometry":{"type":"Point","coordinates":[-42.026254,-22.886751]}},{"type":"Feature","properties":{"municipio":"df50eae2-9527-478b-8a51-fa0c7c82660c","title":"RJ - BOM JESUS DO ITABAPOANA","name":"RJ - BOM JESUS DO ITABAPOANA","tipo":"Munic\u00edpio","url":"\/dashboard\/details-assets\/df50eae2-9527-478b-8a51-fa0c7c82660c"},"geometry":{"type":"Point","coordinates":[-41.740739,-21.133006]}},{"type":"Feature","properties":{"municipio":"7c5c25b0-f7a2-464f-b46f-732cbd88fbd1","title":"RJ - BELFORD ROXO","name":"RJ - BELFORD ROXO","tipo":"Munic\u00edpio","url":"\/dashboard\/details-assets\/7c5c25b0-f7a2-464f-b46f-732cbd88fbd1"},"geometry":{"type":"Point","coordinates":[-43.399626,-22.764539]}},{"type":"Feature","properties":{"municipio":"8e17be81-2070-4701-b050-ccd10b0a60b3","title":"RJ - BARRA DO PIRAI","name":"RJ - BARRA DO PIRAI","tipo":"Munic\u00edpio","url":"\/dashboard\/details-assets\/8e17be81-2070-4701-b050-ccd10b0a60b3"},"geometry":{"type":"Point","coordinates":[-43.827337,-22.472026]}},{"type":"Feature","properties":{"municipio":"45c2120c-9e5f-4771-90f1-8c41943c3529","title":"RJ - BARRA MANSA","name":"RJ - BARRA MANSA","tipo":"Munic\u00edpio","url":"\/dashboard\/details-assets\/45c2120c-9e5f-4771-90f1-8c41943c3529"},"geometry":{"type":"Point","coordinates":[-44.17726,-22.540852]}},{"type":"Feature","properties":{"municipio":"f99ce077-0253-4eb0-af2e-115106e1aa89","title":"RJ - ARARUAMA","name":"RJ - ARARUAMA","tipo":"Munic\u00edpio","url":"\/dashboard\/details-assets\/f99ce077-0253-4eb0-af2e-115106e1aa89"},"geometry":{"type":"Point","coordinates":[-42.333631,-22.863619]}},{"type":"Feature","properties":{"municipio":"89e6a264-7574-4d9c-a730-9e9fb813bce2","title":"RJ - ANGRA DOS REIS","name":"RJ - ANGRA DOS REIS","tipo":"Munic\u00edpio","url":"\/dashboard\/details-assets\/89e6a264-7574-4d9c-a730-9e9fb813bce2"},"geometry":{"type":"Point","coordinates":[-44.315791,-23.005804]}},{"type":"Feature","properties":{"municipio":"e0a19109-2ca3-4555-ad3d-ec94e9b0af34","title":"PR - WENCESLAU BRAZ","name":"PR - WENCESLAU BRAZ","tipo":"Munic\u00edpio","url":"\/dashboard\/details-assets\/e0a19109-2ca3-4555-ad3d-ec94e9b0af34"},"geometry":{"type":"Point","coordinates":[-49.802985,-23.870423]}},{"type":"Feature","properties":{"municipio":"847ec7bb-1126-402e-8609-a84b3f5a7b36","title":"PR - UNIAO DA VITORIA","name":"PR - UNIAO DA VITORIA","tipo":"Munic\u00edpio","url":"\/dashboard\/details-assets\/847ec7bb-1126-402e-8609-a84b3f5a7b36"},"geometry":{"type":"Point","coordinates":[-51.09061,-26.228434]}},{"type":"Feature","properties":{"municipio":"f68655f5-541d-4413-b9b7-e1cc2b9ffe96","title":"PR - UMUARAMA","name":"PR - UMUARAMA","tipo":"Munic\u00edpio","url":"\/dashboard\/details-assets\/f68655f5-541d-4413-b9b7-e1cc2b9ffe96"},"geometry":{"type":"Point","coordinates":[-53.30846,-23.76395]}},{"type":"Feature","properties":{"municipio":"0cb32108-67c4-4185-bde7-3a8bc272de6c","title":"PR - UBIRATA","name":"PR - UBIRATA","tipo":"Munic\u00edpio","url":"\/dashboard\/details-assets\/0cb32108-67c4-4185-bde7-3a8bc272de6c"},"geometry":{"type":"Point","coordinates":[-52.994506,-24.541035]}},{"type":"Feature","properties":{"municipio":"549bc1fa-3bd6-4858-8341-c7b6ee41e30b","title":"PR - TOLEDO","name":"PR - TOLEDO","tipo":"Munic\u00edpio","url":"\/dashboard\/details-assets\/549bc1fa-3bd6-4858-8341-c7b6ee41e30b"},"geometry":{"type":"Point","coordinates":[-53.741411,-24.732077]}},{"type":"Feature","properties":{"municipio":"7dc80f46-b245-4186-900a-654b87eb039a","title":"PR - TELEMACO BORBA","name":"PR - TELEMACO BORBA","tipo":"Munic\u00edpio","url":"\/dashboard\/details-assets\/7dc80f46-b245-4186-900a-654b87eb039a"},"geometry":{"type":"Point","coordinates":[-50.623123,-24.328686]}},{"type":"Feature","properties":{"municipio":"a5dc6df8-284e-4ccd-a644-d4c59c589b63","title":"PR - SARANDI","name":"PR - SARANDI","tipo":"Munic\u00edpio","url":"\/dashboard\/details-assets\/a5dc6df8-284e-4ccd-a644-d4c59c589b63"},"geometry":{"type":"Point","coordinates":[-51.852143,-23.441199]}},{"type":"Feature","properties":{"municipio":"9dcf6faa-d558-48c1-89fe-91f4e03be5b3","title":"PR - SAO MIGUEL DO IGUACU","name":"PR - SAO MIGUEL DO IGUACU","tipo":"Munic\u00edpio","url":"\/dashboard\/details-assets\/9dcf6faa-d558-48c1-89fe-91f4e03be5b3"},"geometry":{"type":"Point","coordinates":[-54.242121,-25.348894]}},{"type":"Feature","properties":{"municipio":"348ab918-35e4-419b-bf1b-bad98dbbf3d3","title":"PR - SAO MATEUS DO SUL","name":"PR - SAO MATEUS DO SUL","tipo":"Munic\u00edpio","url":"\/dashboard\/details-assets\/348ab918-35e4-419b-bf1b-bad98dbbf3d3"},"geometry":{"type":"Point","coordinates":[-50.384232,-25.868184]}},{"type":"Feature","properties":{"municipio":"48abe230-74c0-4a9f-a432-1e4042dbaf26","title":"PR - SAO JOSE DOS PINHAIS","name":"PR - SAO JOSE DOS PINHAIS","tipo":"Munic\u00edpio","url":"\/dashboard\/details-assets\/48abe230-74c0-4a9f-a432-1e4042dbaf26"},"geometry":{"type":"Point","coordinates":[-53.725613,-26.074187]}},{"type":"Feature","properties":{"municipio":"2f41d76e-c248-48fb-8610-38537390ed8a","title":"PR - SANTO ANTONIO DA PLATINA","name":"PR - SANTO ANTONIO DA PLATINA","tipo":"Munic\u00edpio","url":"\/dashboard\/details-assets\/2f41d76e-c248-48fb-8610-38537390ed8a"},"geometry":{"type":"Point","coordinates":[-50.077346,-23.297049]}},{"type":"Feature","properties":{"municipio":"cd6ff437-256f-492b-b1a6-1571b5ee1bd9","title":"PR - SANTA TEREZINHA DE ITAIPU","name":"PR - SANTA TEREZINHA DE ITAIPU","tipo":"Munic\u00edpio","url":"\/dashboard\/details-assets\/cd6ff437-256f-492b-b1a6-1571b5ee1bd9"},"geometry":{"type":"Point","coordinates":[-54.399519,-25.442161]}},{"type":"Feature","properties":{"municipio":"66492d62-9f42-444b-b31a-83e88d6e6053","title":"PR - SANTA HELENA","name":"PR - SANTA HELENA","tipo":"Munic\u00edpio","url":"\/dashboard\/details-assets\/66492d62-9f42-444b-b31a-83e88d6e6053"},"geometry":{"type":"Point","coordinates":[-54.336435,-24.858419]}},{"type":"Feature","properties":{"municipio":"fedf0866-0554-4c9d-bbc5-d5a4c7eedb94","title":"PR - RIO NEGRO","name":"PR - RIO NEGRO","tipo":"Munic\u00edpio","url":"\/dashboard\/details-assets\/fedf0866-0554-4c9d-bbc5-d5a4c7eedb94"},"geometry":{"type":"Point","coordinates":[-49.801133,-26.092555]}},{"type":"Feature","properties":{"municipio":"4d74ba3f-2f2e-46c2-aa01-2cfcbbc2cb4c","title":"PR - ROLANDIA","name":"PR - ROLANDIA","tipo":"Munic\u00edpio","url":"\/dashboard\/details-assets\/4d74ba3f-2f2e-46c2-aa01-2cfcbbc2cb4c"},"geometry":{"type":"Point","coordinates":[-51.36278,-23.313592]}},{"type":"Feature","properties":{"municipio":"5ac0fddf-0059-474c-9ac7-6d65da38ebe8","title":"PR - RIO BRANCO DO SUL","name":"PR - RIO BRANCO DO SUL","tipo":"Munic\u00edpio","url":"\/dashboard\/details-assets\/5ac0fddf-0059-474c-9ac7-6d65da38ebe8"},"geometry":{"type":"Point","coordinates":[-49.316714,-25.190165]}},{"type":"Feature","properties":{"municipio":"4d9575e6-171b-44b8-a945-a820e7912466","title":"PR - REALEZA","name":"PR - REALEZA","tipo":"Munic\u00edpio","url":"\/dashboard\/details-assets\/4d9575e6-171b-44b8-a945-a820e7912466"},"geometry":{"type":"Point","coordinates":[-53.534619,-25.771492]}},{"type":"Feature","properties":{"municipio":"c25418a5-a0fa-46e1-a004-133fb9541ec6","title":"PR - QUATRO BARRAS","name":"PR - QUATRO BARRAS","tipo":"Munic\u00edpio","url":"\/dashboard\/details-assets\/c25418a5-a0fa-46e1-a004-133fb9541ec6"},"geometry":{"type":"Point","coordinates":[-49.085189,-25.373745]}},{"type":"Feature","properties":{"municipio":"4ac304e9-465b-4dd6-a741-4f3d2df5c262","title":"PR - QUEDAS DO IGUACU","name":"PR - QUEDAS DO IGUACU","tipo":"Munic\u00edpio","url":"\/dashboard\/details-assets\/4ac304e9-465b-4dd6-a741-4f3d2df5c262"},"geometry":{"type":"Point","coordinates":[-52.909832,-25.456781]}},{"type":"Feature","properties":{"municipio":"cfc6614e-c146-4259-828c-be86d94dbb90","title":"PR - PRUDENTOPOLIS","name":"PR - PRUDENTOPOLIS","tipo":"Munic\u00edpio","url":"\/dashboard\/details-assets\/cfc6614e-c146-4259-828c-be86d94dbb90"},"geometry":{"type":"Point","coordinates":[-50.975885,-25.211569]}},{"type":"Feature","properties":{"municipio":"0f931d8a-37c9-490d-8c17-6b1e517bd724","title":"PR - PORECATU","name":"PR - PORECATU","tipo":"Munic\u00edpio","url":"\/dashboard\/details-assets\/0f931d8a-37c9-490d-8c17-6b1e517bd724"},"geometry":{"type":"Point","coordinates":[-51.380264,-22.751933]}},{"type":"Feature","properties":{"municipio":"189f9b0b-b763-4d3c-8525-7ee77a9f40fd","title":"PR - PONTA GROSSA","name":"PR - PONTA GROSSA","tipo":"Munic\u00edpio","url":"\/dashboard\/details-assets\/189f9b0b-b763-4d3c-8525-7ee77a9f40fd"},"geometry":{"type":"Point","coordinates":[-50.161442,-25.092547]}},{"type":"Feature","properties":{"municipio":"b61fa297-39ce-4d95-b593-f416412649e9","title":"PR - PITANGA","name":"PR - PITANGA","tipo":"Munic\u00edpio","url":"\/dashboard\/details-assets\/b61fa297-39ce-4d95-b593-f416412649e9"},"geometry":{"type":"Point","coordinates":[-51.763154,-24.752748]}},{"type":"Feature","properties":{"municipio":"e911e8c2-f78c-458d-b8c0-30d0d9cfcde6","title":"PR - PIRAQUARA","name":"PR - PIRAQUARA","tipo":"Munic\u00edpio","url":"\/dashboard\/details-assets\/e911e8c2-f78c-458d-b8c0-30d0d9cfcde6"},"geometry":{"type":"Point","coordinates":[-49.065306,-25.44655]}},{"type":"Feature","properties":{"municipio":"f64706e3-4fda-4903-87b8-37323883619e","title":"PR - PINHAO","name":"PR - PINHAO","tipo":"Munic\u00edpio","url":"\/dashboard\/details-assets\/f64706e3-4fda-4903-87b8-37323883619e"},"geometry":{"type":"Point","coordinates":[-51.64827,-25.696295]}},{"type":"Feature","properties":{"municipio":"dd8aad7c-8d0c-4b2c-a977-60ad907aae06","title":"PR - PINHAIS","name":"PR - PINHAIS","tipo":"Munic\u00edpio","url":"\/dashboard\/details-assets\/dd8aad7c-8d0c-4b2c-a977-60ad907aae06"},"geometry":{"type":"Point","coordinates":[-49.193145,-25.443441]}},{"type":"Feature","properties":{"municipio":"17ca3d11-4168-4d92-bc77-5bc08356c186","title":"PR - PATO BRANCO","name":"PR - PATO BRANCO","tipo":"Munic\u00edpio","url":"\/dashboard\/details-assets\/17ca3d11-4168-4d92-bc77-5bc08356c186"},"geometry":{"type":"Point","coordinates":[-52.677362,-26.229959]}},{"type":"Feature","properties":{"municipio":"756e6844-f58e-45ff-b95e-70483703e6c5","title":"PR - PARANAGUA","name":"PR - PARANAGUA","tipo":"Munic\u00edpio","url":"\/dashboard\/details-assets\/756e6844-f58e-45ff-b95e-70483703e6c5"},"geometry":{"type":"Point","coordinates":[-48.524733,-25.506841]}},{"type":"Feature","properties":{"municipio":"f97823cd-0580-461f-91ce-df315be41e01","title":"PR - PARANAVAI","name":"PR - PARANAVAI","tipo":"Munic\u00edpio","url":"\/dashboard\/details-assets\/f97823cd-0580-461f-91ce-df315be41e01"},"geometry":{"type":"Point","coordinates":[-52.462402,-23.081879]}},{"type":"Feature","properties":{"municipio":"b669e388-fd88-4da6-a7d3-b9535c25cf9d","title":"PR - PALOTINA","name":"PR - PALOTINA","tipo":"Munic\u00edpio","url":"\/dashboard\/details-assets\/b669e388-fd88-4da6-a7d3-b9535c25cf9d"},"geometry":{"type":"Point","coordinates":[-53.867187,-24.280844]}},{"type":"Feature","properties":{"municipio":"b7e1690a-131e-44a9-ab40-2b9bad9a672c","title":"PR - PALMEIRA","name":"PR - PALMEIRA","tipo":"Munic\u00edpio","url":"\/dashboard\/details-assets\/b7e1690a-131e-44a9-ab40-2b9bad9a672c"},"geometry":{"type":"Point","coordinates":[-50.159001,-27.582262]}},{"type":"Feature","properties":{"municipio":"482aa909-8ad1-46f9-b628-55c9badca9a9","title":"PR - PAICANDU","name":"PR - PAICANDU","tipo":"Munic\u00edpio","url":"\/dashboard\/details-assets\/482aa909-8ad1-46f9-b628-55c9badca9a9"},"geometry":{"type":"Point","coordinates":[-52.052412,-23.457699]}},{"type":"Feature","properties":{"municipio":"6b41edae-cd6a-4fc6-b065-fe3d24e924e4","title":"PR - PALMAS","name":"PR - PALMAS","tipo":"Munic\u00edpio","url":"\/dashboard\/details-assets\/6b41edae-cd6a-4fc6-b065-fe3d24e924e4"},"geometry":{"type":"Point","coordinates":[-51.988774,-26.481473]}},{"type":"Feature","properties":{"municipio":"cef1f1f2-29d2-4b57-90fe-25caad638c1a","title":"PR - NOVA ESPERANCA","name":"PR - NOVA ESPERANCA","tipo":"Munic\u00edpio","url":"\/dashboard\/details-assets\/cef1f1f2-29d2-4b57-90fe-25caad638c1a"},"geometry":{"type":"Point","coordinates":[-52.204866,-23.184251]}},{"type":"Feature","properties":{"municipio":"00153e94-e834-4fb2-933d-631fc9fd136c","title":"PR - MEDIANEIRA","name":"PR - MEDIANEIRA","tipo":"Munic\u00edpio","url":"\/dashboard\/details-assets\/00153e94-e834-4fb2-933d-631fc9fd136c"},"geometry":{"type":"Point","coordinates":[-54.091782,-25.292497]}},{"type":"Feature","properties":{"municipio":"bd466cc7-b87f-4673-bfcd-71b9cc582c63","title":"PR - MAUA DA SERRA","name":"PR - MAUA DA SERRA","tipo":"Munic\u00edpio","url":"\/dashboard\/details-assets\/bd466cc7-b87f-4673-bfcd-71b9cc582c63"},"geometry":{"type":"Point","coordinates":[-51.226463,-23.901296]}},{"type":"Feature","properties":{"municipio":"95245f33-f401-4a96-b136-9f7a941459c1","title":"PR - MATINHOS","name":"PR - MATINHOS","tipo":"Munic\u00edpio","url":"\/dashboard\/details-assets\/95245f33-f401-4a96-b136-9f7a941459c1"},"geometry":{"type":"Point","coordinates":[-48.533771,-25.81641]}},{"type":"Feature","properties":{"municipio":"530473b1-30c6-40b0-b80b-a98a40c394b1","title":"PR - MARINGA","name":"PR - MARINGA","tipo":"Munic\u00edpio","url":"\/dashboard\/details-assets\/530473b1-30c6-40b0-b80b-a98a40c394b1"},"geometry":{"type":"Point","coordinates":[-51.939882,-23.42228]}},{"type":"Feature","properties":{"municipio":"1bad00bb-1de0-4805-a728-1a02b1167ead","title":"PR - MARIALVA","name":"PR - MARIALVA","tipo":"Munic\u00edpio","url":"\/dashboard\/details-assets\/1bad00bb-1de0-4805-a728-1a02b1167ead"},"geometry":{"type":"Point","coordinates":[-51.798057,-23.484759]}},{"type":"Feature","properties":{"municipio":"46f46901-8967-44d3-a5b3-6b250a460bec","title":"PR - MANDIRITUBA","name":"PR - MANDIRITUBA","tipo":"Munic\u00edpio","url":"\/dashboard\/details-assets\/46f46901-8967-44d3-a5b3-6b250a460bec"},"geometry":{"type":"Point","coordinates":[-51.687206,-23.516986]}},{"type":"Feature","properties":{"municipio":"9466cea8-d864-4577-ba7e-c06366e17d0d","title":"PR - MARECHAL CANDIDO RONDON","name":"PR - MARECHAL CANDIDO RONDON","tipo":"Munic\u00edpio","url":"\/dashboard\/details-assets\/9466cea8-d864-4577-ba7e-c06366e17d0d"},"geometry":{"type":"Point","coordinates":[-54.056788,-24.556873]}},{"type":"Feature","properties":{"municipio":"8b3304c2-8964-4466-b2bb-f7184bc24f34","title":"PR - LONDRINA","name":"PR - LONDRINA","tipo":"Munic\u00edpio","url":"\/dashboard\/details-assets\/8b3304c2-8964-4466-b2bb-f7184bc24f34"},"geometry":{"type":"Point","coordinates":[-51.162773,-23.312156]}},{"type":"Feature","properties":{"municipio":"eed12eeb-6787-4fd6-812f-c12e0bc52a83","title":"PR - LOANDA","name":"PR - LOANDA","tipo":"Munic\u00edpio","url":"\/dashboard\/details-assets\/eed12eeb-6787-4fd6-812f-c12e0bc52a83"},"geometry":{"type":"Point","coordinates":[-53.134469,-22.930229]}},{"type":"Feature","properties":{"municipio":"e20e32c1-da6d-4fa0-a1b3-28945bceb3f4","title":"PR - LARANJEIRAS DO SUL","name":"PR - LARANJEIRAS DO SUL","tipo":"Munic\u00edpio","url":"\/dashboard\/details-assets\/e20e32c1-da6d-4fa0-a1b3-28945bceb3f4"},"geometry":{"type":"Point","coordinates":[-52.408847,-25.401682]}},{"type":"Feature","properties":{"municipio":"edd99a40-652a-456a-9bb4-ba940dcd9d4c","title":"PR - LAPA","name":"PR - LAPA","tipo":"Munic\u00edpio","url":"\/dashboard\/details-assets\/edd99a40-652a-456a-9bb4-ba940dcd9d4c"},"geometry":{"type":"Point","coordinates":[-49.718596,-25.765102]}},{"type":"Feature","properties":{"municipio":"54c13a41-2b35-437e-b494-c3bcd464e382","title":"PR - JANDAIA DO SUL","name":"PR - JANDAIA DO SUL","tipo":"Munic\u00edpio","url":"\/dashboard\/details-assets\/54c13a41-2b35-437e-b494-c3bcd464e382"},"geometry":{"type":"Point","coordinates":[-51.643395,-23.601179]}},{"type":"Feature","properties":{"municipio":"117e5f34-3e55-4409-b7bf-77ef15b425b1","title":"PR - JACAREZINHO","name":"PR - JACAREZINHO","tipo":"Munic\u00edpio","url":"\/dashboard\/details-assets\/117e5f34-3e55-4409-b7bf-77ef15b425b1"},"geometry":{"type":"Point","coordinates":[-49.97772,-23.157939]}},{"type":"Feature","properties":{"municipio":"b5ff1954-724c-4505-bbf7-4721acdd3e06","title":"PR - JAGUARIAIVA","name":"PR - JAGUARIAIVA","tipo":"Munic\u00edpio","url":"\/dashboard\/details-assets\/b5ff1954-724c-4505-bbf7-4721acdd3e06"},"geometry":{"type":"Point","coordinates":[-49.712186,-24.253056]}},{"type":"Feature","properties":{"municipio":"ba79141e-ceb3-43e0-9e34-0d9d84592a7b","title":"PR - IVAIPORA","name":"PR - IVAIPORA","tipo":"Munic\u00edpio","url":"\/dashboard\/details-assets\/ba79141e-ceb3-43e0-9e34-0d9d84592a7b"},"geometry":{"type":"Point","coordinates":[-51.674552,-24.241948]}},{"type":"Feature","properties":{"municipio":"aa49d555-4b6e-4d4f-9a39-34b0801fe84b","title":"PR - IRATI","name":"PR - IRATI","tipo":"Munic\u00edpio","url":"\/dashboard\/details-assets\/aa49d555-4b6e-4d4f-9a39-34b0801fe84b"},"geometry":{"type":"Point","coordinates":[-50.650913,-25.470032]}},{"type":"Feature","properties":{"municipio":"d79202bb-0a99-4580-8a05-f93669d3c3c2","title":"PR - IVAI","name":"PR - IVAI","tipo":"Munic\u00edpio","url":"\/dashboard\/details-assets\/d79202bb-0a99-4580-8a05-f93669d3c3c2"},"geometry":{"type":"Point","coordinates":[-50.859799,-24.995983]}},{"type":"Feature","properties":{"municipio":"fe155e14-847c-4a15-9173-c6dbefbf9ff8","title":"PR - IBIPORA","name":"PR - IBIPORA","tipo":"Munic\u00edpio","url":"\/dashboard\/details-assets\/fe155e14-847c-4a15-9173-c6dbefbf9ff8"},"geometry":{"type":"Point","coordinates":[-51.058034,-23.269331]}},{"type":"Feature","properties":{"municipio":"5f9b1a9c-caa2-4949-a12d-bc191cfaa04b","title":"PR - IBAITI","name":"PR - IBAITI","tipo":"Munic\u00edpio","url":"\/dashboard\/details-assets\/5f9b1a9c-caa2-4949-a12d-bc191cfaa04b"},"geometry":{"type":"Point","coordinates":[-50.190666,-23.849821]}},{"type":"Feature","properties":{"municipio":"f61085d6-ec5c-402d-89e0-14ff06ffd8df","title":"PR - GUARAPUAVA","name":"PR - GUARAPUAVA","tipo":"Munic\u00edpio","url":"\/dashboard\/details-assets\/f61085d6-ec5c-402d-89e0-14ff06ffd8df"},"geometry":{"type":"Point","coordinates":[-51.463431,-25.393592]}},{"type":"Feature","properties":{"municipio":"67e037df-8a50-41cb-b4b0-7e9d7c50e6ef","title":"PR - GUARATUBA","name":"PR - GUARATUBA","tipo":"Munic\u00edpio","url":"\/dashboard\/details-assets\/67e037df-8a50-41cb-b4b0-7e9d7c50e6ef"},"geometry":{"type":"Point","coordinates":[-48.575726,-25.874242]}},{"type":"Feature","properties":{"municipio":"31d8b41c-c76b-42af-bc9a-f681cd426a57","title":"PR - GUAIRA","name":"PR - GUAIRA","tipo":"Munic\u00edpio","url":"\/dashboard\/details-assets\/31d8b41c-c76b-42af-bc9a-f681cd426a57"},"geometry":{"type":"Point","coordinates":[-54.246758,-24.085275]}},{"type":"Feature","properties":{"municipio":"46f1a4a6-666f-4377-b8c1-263b03bd3abf","title":"PR - GOIOERE","name":"PR - GOIOERE","tipo":"Munic\u00edpio","url":"\/dashboard\/details-assets\/46f1a4a6-666f-4377-b8c1-263b03bd3abf"},"geometry":{"type":"Point","coordinates":[-53.027319,-24.189188]}},{"type":"Feature","properties":{"municipio":"380bf174-2a61-421e-b75a-e0808ec91f74","title":"PR - FRANCISCO BELTRAO","name":"PR - FRANCISCO BELTRAO","tipo":"Munic\u00edpio","url":"\/dashboard\/details-assets\/380bf174-2a61-421e-b75a-e0808ec91f74"},"geometry":{"type":"Point","coordinates":[-53.056136,-26.07845]}},{"type":"Feature","properties":{"municipio":"8bea791c-4e91-48f7-805f-a551d05706f3","title":"PR - FOZ DO IGUACU","name":"PR - FOZ DO IGUACU","tipo":"Munic\u00edpio","url":"\/dashboard\/details-assets\/8bea791c-4e91-48f7-805f-a551d05706f3"},"geometry":{"type":"Point","coordinates":[-54.587102,-25.542493]}},{"type":"Feature","properties":{"municipio":"4a2248ce-6665-4a24-b730-5400a8f9723e","title":"PR - FAZENDA RIO GRANDE","name":"PR - FAZENDA RIO GRANDE","tipo":"Munic\u00edpio","url":"\/dashboard\/details-assets\/4a2248ce-6665-4a24-b730-5400a8f9723e"},"geometry":{"type":"Point","coordinates":[-49.307765,-25.662834]}},{"type":"Feature","properties":{"municipio":"4ce9c52d-2f8b-4a77-9a09-d5f74db570f3","title":"PR - DOIS VIZINHOS","name":"PR - DOIS VIZINHOS","tipo":"Munic\u00edpio","url":"\/dashboard\/details-assets\/4ce9c52d-2f8b-4a77-9a09-d5f74db570f3"},"geometry":{"type":"Point","coordinates":[-53.054836,-25.74601]}},{"type":"Feature","properties":{"municipio":"b644b7e2-5f2a-41da-9932-d87e9b03c7f7","title":"PR - CORONEL VIVIDA","name":"PR - CORONEL VIVIDA","tipo":"Munic\u00edpio","url":"\/dashboard\/details-assets\/b644b7e2-5f2a-41da-9932-d87e9b03c7f7"},"geometry":{"type":"Point","coordinates":[-52.567087,-25.978153]}},{"type":"Feature","properties":{"municipio":"68774281-9d39-4d71-955c-ff36f0e651f1","title":"PR - CURITIBA","name":"PR - CURITIBA","tipo":"Munic\u00edpio","url":"\/dashboard\/details-assets\/68774281-9d39-4d71-955c-ff36f0e651f1"},"geometry":{"type":"Point","coordinates":[-49.271848,-25.432956]}},{"type":"Feature","properties":{"municipio":"40371f3f-eb29-4743-ba7e-7c9a5ed073cf","title":"PR - CORNELIO PROCOPIO","name":"PR - CORNELIO PROCOPIO","tipo":"Munic\u00edpio","url":"\/dashboard\/details-assets\/40371f3f-eb29-4743-ba7e-7c9a5ed073cf"},"geometry":{"type":"Point","coordinates":[-50.651484,-23.183257]}},{"type":"Feature","properties":{"municipio":"f90226cc-c4c9-4c32-98ea-8b81d1280da9","title":"PR - COLORADO","name":"PR - COLORADO","tipo":"Munic\u00edpio","url":"\/dashboard\/details-assets\/f90226cc-c4c9-4c32-98ea-8b81d1280da9"},"geometry":{"type":"Point","coordinates":[-51.975739,-22.83125]}},{"type":"Feature","properties":{"municipio":"622946f6-c388-4fb4-8cd6-4a463e626b82","title":"PR - COLOMBO","name":"PR - COLOMBO","tipo":"Munic\u00edpio","url":"\/dashboard\/details-assets\/622946f6-c388-4fb4-8cd6-4a463e626b82"},"geometry":{"type":"Point","coordinates":[-49.227438,-25.29434]}},{"type":"Feature","properties":{"municipio":"692ef30b-384a-4957-beaa-32b1e54a6ab2","title":"PR - CLEVELANDIA","name":"PR - CLEVELANDIA","tipo":"Munic\u00edpio","url":"\/dashboard\/details-assets\/692ef30b-384a-4957-beaa-32b1e54a6ab2"},"geometry":{"type":"Point","coordinates":[-52.352986,-26.405205]}},{"type":"Feature","properties":{"municipio":"28ab3e01-7302-4ef2-b550-a0bb6c6a2fc3","title":"PR - CIANORTE","name":"PR - CIANORTE","tipo":"Munic\u00edpio","url":"\/dashboard\/details-assets\/28ab3e01-7302-4ef2-b550-a0bb6c6a2fc3"},"geometry":{"type":"Point","coordinates":[-52.609151,-23.653813]}},{"type":"Feature","properties":{"municipio":"1b727f1f-024f-4101-b376-e833d708f25b","title":"PR - CHOPINZINHO","name":"PR - CHOPINZINHO","tipo":"Munic\u00edpio","url":"\/dashboard\/details-assets\/1b727f1f-024f-4101-b376-e833d708f25b"},"geometry":{"type":"Point","coordinates":[-52.53396,-25.854684]}},{"type":"Feature","properties":{"municipio":"b6893d80-909b-4dc3-b77b-99f7180e8382","title":"PR - CASTRO","name":"PR - CASTRO","tipo":"Munic\u00edpio","url":"\/dashboard\/details-assets\/b6893d80-909b-4dc3-b77b-99f7180e8382"},"geometry":{"type":"Point","coordinates":[-50.002811,-24.795417]}},{"type":"Feature","properties":{"municipio":"dc27a3d4-f0f2-4a30-97f4-5dcd8878be81","title":"PR - CASCAVEL","name":"PR - CASCAVEL","tipo":"Munic\u00edpio","url":"\/dashboard\/details-assets\/dc27a3d4-f0f2-4a30-97f4-5dcd8878be81"},"geometry":{"type":"Point","coordinates":[-53.459511,-24.957777]}},{"type":"Feature","properties":{"municipio":"a07b311f-4d8d-4a53-a83c-3702393078b4","title":"PR - CAPANEMA","name":"PR - CAPANEMA","tipo":"Munic\u00edpio","url":"\/dashboard\/details-assets\/a07b311f-4d8d-4a53-a83c-3702393078b4"},"geometry":{"type":"Point","coordinates":[-53.800179,-25.682977]}},{"type":"Feature","properties":{"municipio":"dd1b3b92-9d42-4e05-91bf-a3b580dbbfc5","title":"PR - CAMPO MOURAO","name":"PR - CAMPO MOURAO","tipo":"Munic\u00edpio","url":"\/dashboard\/details-assets\/dd1b3b92-9d42-4e05-91bf-a3b580dbbfc5"},"geometry":{"type":"Point","coordinates":[-52.381115,-24.041223]}},{"type":"Feature","properties":{"municipio":"5262ceec-cd8a-4c48-9d22-7dd2e390adb3","title":"PR - CAMPO MAGRO","name":"PR - CAMPO MAGRO","tipo":"Munic\u00edpio","url":"\/dashboard\/details-assets\/5262ceec-cd8a-4c48-9d22-7dd2e390adb3"},"geometry":{"type":"Point","coordinates":[-49.427665,-25.367956]}},{"type":"Feature","properties":{"municipio":"bbe09af1-e9d6-4a7d-8d97-bf7b10b03443","title":"PR - CAMPO LARGO","name":"PR - CAMPO LARGO","tipo":"Munic\u00edpio","url":"\/dashboard\/details-assets\/bbe09af1-e9d6-4a7d-8d97-bf7b10b03443"},"geometry":{"type":"Point","coordinates":[-49.528841,-25.45949]}},{"type":"Feature","properties":{"municipio":"2b90fea6-8b0d-4f90-b529-0d816af24c5b","title":"PR - CAMPINA GRANDE DO SUL","name":"PR - CAMPINA GRANDE DO SUL","tipo":"Munic\u00edpio","url":"\/dashboard\/details-assets\/2b90fea6-8b0d-4f90-b529-0d816af24c5b"},"geometry":{"type":"Point","coordinates":[-49.053466,-25.303248]}},{"type":"Feature","properties":{"municipio":"5aa34a57-9384-41e4-94a1-ba4b4e941689","title":"PR - CAMBE","name":"PR - CAMBE","tipo":"Munic\u00edpio","url":"\/dashboard\/details-assets\/5aa34a57-9384-41e4-94a1-ba4b4e941689"},"geometry":{"type":"Point","coordinates":[-51.277728,-23.281632]}},{"type":"Feature","properties":{"municipio":"63915c74-704e-4099-9851-1e8267fdb306","title":"PR - CAFELANDIA","name":"PR - CAFELANDIA","tipo":"Munic\u00edpio","url":"\/dashboard\/details-assets\/63915c74-704e-4099-9851-1e8267fdb306"},"geometry":{"type":"Point","coordinates":[-53.369016,-24.693818]}},{"type":"Feature","properties":{"municipio":"9c97a904-58a8-4cd9-9048-363dcadcb9d2","title":"PR - BANDEIRANTES","name":"PR - BANDEIRANTES","tipo":"Munic\u00edpio","url":"\/dashboard\/details-assets\/9c97a904-58a8-4cd9-9048-363dcadcb9d2"},"geometry":{"type":"Point","coordinates":[-50.361435,-23.097418]}},{"type":"Feature","properties":{"municipio":"b741e0c5-bd2e-4a3f-b092-7e360e645b08","title":"PR - ASTORGA","name":"PR - ASTORGA","tipo":"Munic\u00edpio","url":"\/dashboard\/details-assets\/b741e0c5-bd2e-4a3f-b092-7e360e645b08"},"geometry":{"type":"Point","coordinates":[-51.669679,-23.236712]}},{"type":"Feature","properties":{"municipio":"7a774bb3-73b0-4f37-adf5-7121cae45735","title":"PR - ASSIS CHATEAUBRIAND","name":"PR - ASSIS CHATEAUBRIAND","tipo":"Munic\u00edpio","url":"\/dashboard\/details-assets\/7a774bb3-73b0-4f37-adf5-7121cae45735"},"geometry":{"type":"Point","coordinates":[-53.521237,-24.40853]}},{"type":"Feature","properties":{"municipio":"e6d33761-beeb-45cd-9770-f3cec934ab53","title":"PR - ASSAI","name":"PR - ASSAI","tipo":"Munic\u00edpio","url":"\/dashboard\/details-assets\/e6d33761-beeb-45cd-9770-f3cec934ab53"},"geometry":{"type":"Point","coordinates":[-50.843802,-23.376173]}},{"type":"Feature","properties":{"municipio":"159c992d-4462-4368-93bf-13d354fddac6","title":"PR - ARAUCARIA","name":"PR - ARAUCARIA","tipo":"Munic\u00edpio","url":"\/dashboard\/details-assets\/159c992d-4462-4368-93bf-13d354fddac6"},"geometry":{"type":"Point","coordinates":[-49.40194,-25.591645]}},{"type":"Feature","properties":{"municipio":"6fd278ec-d3c2-428c-99d7-2dc762e9ebf9","title":"PR - ARAPOTI","name":"PR - ARAPOTI","tipo":"Munic\u00edpio","url":"\/dashboard\/details-assets\/6fd278ec-d3c2-428c-99d7-2dc762e9ebf9"},"geometry":{"type":"Point","coordinates":[-49.824829,-24.146569]}},{"type":"Feature","properties":{"municipio":"ca71bb6d-213c-41db-961d-264b75393ae4","title":"PR - ARAPONGAS","name":"PR - ARAPONGAS","tipo":"Munic\u00edpio","url":"\/dashboard\/details-assets\/ca71bb6d-213c-41db-961d-264b75393ae4"},"geometry":{"type":"Point","coordinates":[-51.43828,-23.413517]}},{"type":"Feature","properties":{"municipio":"4b2bd8db-4a4d-4aed-9948-013aec3c5c16","title":"PR - AMPERE","name":"PR - AMPERE","tipo":"Munic\u00edpio","url":"\/dashboard\/details-assets\/4b2bd8db-4a4d-4aed-9948-013aec3c5c16"},"geometry":{"type":"Point","coordinates":[-53.473257,-25.917068]}},{"type":"Feature","properties":{"municipio":"57f88d27-4e77-4942-b356-b9cecf058eeb","title":"PR - APUCARANA","name":"PR - APUCARANA","tipo":"Munic\u00edpio","url":"\/dashboard\/details-assets\/57f88d27-4e77-4942-b356-b9cecf058eeb"},"geometry":{"type":"Point","coordinates":[-51.459985,-23.551593]}},{"type":"Feature","properties":{"municipio":"687ea5dd-f865-4c31-8273-cb255c623c7a","title":"PR - ALVORADA DO SUL","name":"PR - ALVORADA DO SUL","tipo":"Munic\u00edpio","url":"\/dashboard\/details-assets\/687ea5dd-f865-4c31-8273-cb255c623c7a"},"geometry":{"type":"Point","coordinates":[-51.24224,-22.796019]}},{"type":"Feature","properties":{"municipio":"c5ccedd3-c3eb-47ac-b601-cba67e9ca6be","title":"PI - VALENCA DO PIAUI","name":"PI - VALENCA DO PIAUI","tipo":"Munic\u00edpio","url":"\/dashboard\/details-assets\/c5ccedd3-c3eb-47ac-b601-cba67e9ca6be"},"geometry":{"type":"Point","coordinates":[-41.740536,-6.398196]}},{"type":"Feature","properties":{"municipio":"2c301664-af4f-4324-af12-1d78914ea566","title":"PR - ALMIRANTE TAMANDARE","name":"PR - ALMIRANTE TAMANDARE","tipo":"Munic\u00edpio","url":"\/dashboard\/details-assets\/2c301664-af4f-4324-af12-1d78914ea566"},"geometry":{"type":"Point","coordinates":[-49.345011,-25.298557]}},{"type":"Feature","properties":{"municipio":"d61eb782-ac9f-4621-9a40-2bee95ff4713","title":"PI - URUCUI","name":"PI - URUCUI","tipo":"Munic\u00edpio","url":"\/dashboard\/details-assets\/d61eb782-ac9f-4621-9a40-2bee95ff4713"},"geometry":{"type":"Point","coordinates":[-44.560256,-7.229503]}},{"type":"Feature","properties":{"municipio":"590a86f0-39cf-4c68-93cd-964122af9d4d","title":"PI - UNIAO","name":"PI - UNIAO","tipo":"Munic\u00edpio","url":"\/dashboard\/details-assets\/590a86f0-39cf-4c68-93cd-964122af9d4d"},"geometry":{"type":"Point","coordinates":[-42.86293,-4.586018]}},{"type":"Feature","properties":{"municipio":"bce892fa-5de8-4055-8b9e-fdf6fe49ad02","title":"PI - SAO RAIMUNDO NONATO","name":"PI - SAO RAIMUNDO NONATO","tipo":"Munic\u00edpio","url":"\/dashboard\/details-assets\/bce892fa-5de8-4055-8b9e-fdf6fe49ad02"},"geometry":{"type":"Point","coordinates":[-42.692285,-9.01536]}},{"type":"Feature","properties":{"municipio":"c3ce82b4-3c75-46f5-ab0c-bcf9f16e8c78","title":"PI - TERESINA","name":"PI - TERESINA","tipo":"Munic\u00edpio","url":"\/dashboard\/details-assets\/c3ce82b4-3c75-46f5-ab0c-bcf9f16e8c78"},"geometry":{"type":"Point","coordinates":[-42.80527,-5.086342]}},{"type":"Feature","properties":{"municipio":"d27bece1-f0df-423b-9eff-d709c15f4f57","title":"PI - SAO PEDRO DO PIAUI","name":"PI - SAO PEDRO DO PIAUI","tipo":"Munic\u00edpio","url":"\/dashboard\/details-assets\/d27bece1-f0df-423b-9eff-d709c15f4f57"},"geometry":{"type":"Point","coordinates":[-42.719547,-5.926026]}},{"type":"Feature","properties":{"municipio":"281d886f-986c-48ab-91a6-3a3b34c39046","title":"PI - SAO JOAO DO PIAUI","name":"PI - SAO JOAO DO PIAUI","tipo":"Munic\u00edpio","url":"\/dashboard\/details-assets\/281d886f-986c-48ab-91a6-3a3b34c39046"},"geometry":{"type":"Point","coordinates":[-42.256438,-8.34885]}},{"type":"Feature","properties":{"municipio":"787e9764-be0d-4c2b-bd09-62132fd3e2ff","title":"PI - SANTA FILOMENA","name":"PI - SANTA FILOMENA","tipo":"Munic\u00edpio","url":"\/dashboard\/details-assets\/787e9764-be0d-4c2b-bd09-62132fd3e2ff"},"geometry":{"type":"Point","coordinates":[-45.92,-9.11]}},{"type":"Feature","properties":{"municipio":"973575c2-f5dd-41c5-b4e7-e793dd5f7dd9","title":"PI - REGENERACAO","name":"PI - REGENERACAO","tipo":"Munic\u00edpio","url":"\/dashboard\/details-assets\/973575c2-f5dd-41c5-b4e7-e793dd5f7dd9"},"geometry":{"type":"Point","coordinates":[-42.49632,-6.346322]}},{"type":"Feature","properties":{"municipio":"f40e90b4-911a-4472-b06f-cc5f65591591","title":"PI - PIRIPIRI","name":"PI - PIRIPIRI","tipo":"Munic\u00edpio","url":"\/dashboard\/details-assets\/f40e90b4-911a-4472-b06f-cc5f65591591"},"geometry":{"type":"Point","coordinates":[-41.778505,-4.276069]}},{"type":"Feature","properties":{"municipio":"cacd61d8-9879-400f-b20f-c5c547227d76","title":"PI - PIRACURUCA","name":"PI - PIRACURUCA","tipo":"Munic\u00edpio","url":"\/dashboard\/details-assets\/cacd61d8-9879-400f-b20f-c5c547227d76"},"geometry":{"type":"Point","coordinates":[-41.709042,-3.929287]}},{"type":"Feature","properties":{"municipio":"52087a05-3221-4ff3-898a-6320cf54a903","title":"PI - PIO IX","name":"PI - PIO IX","tipo":"Munic\u00edpio","url":"\/dashboard\/details-assets\/52087a05-3221-4ff3-898a-6320cf54a903"},"geometry":{"type":"Point","coordinates":[-40.618273,-6.832687]}},{"type":"Feature","properties":{"municipio":"6bca1c5c-497f-4651-aecb-827d1f15ac35","title":"PI - PICOS","name":"PI - PICOS","tipo":"Munic\u00edpio","url":"\/dashboard\/details-assets\/6bca1c5c-497f-4651-aecb-827d1f15ac35"},"geometry":{"type":"Point","coordinates":[-41.468827,-7.081374]}},{"type":"Feature","properties":{"municipio":"f6b87557-beb2-4958-90e7-942db103d388","title":"PI - PEDRO II","name":"PI - PEDRO II","tipo":"Munic\u00edpio","url":"\/dashboard\/details-assets\/f6b87557-beb2-4958-90e7-942db103d388"},"geometry":{"type":"Point","coordinates":[-41.45856,-4.427055]}},{"type":"Feature","properties":{"municipio":"1df0b59b-fb11-4724-8514-84bf36bad67d","title":"PI - PAULISTANA","name":"PI - PAULISTANA","tipo":"Munic\u00edpio","url":"\/dashboard\/details-assets\/1df0b59b-fb11-4724-8514-84bf36bad67d"},"geometry":{"type":"Point","coordinates":[-41.147096,-8.141436]}},{"type":"Feature","properties":{"municipio":"b490444f-c3e1-4f0c-ae8d-6a0169477a5d","title":"PI - OEIRAS","name":"PI - OEIRAS","tipo":"Munic\u00edpio","url":"\/dashboard\/details-assets\/b490444f-c3e1-4f0c-ae8d-6a0169477a5d"},"geometry":{"type":"Point","coordinates":[-42.131406,-7.016418]}},{"type":"Feature","properties":{"municipio":"4e34a96c-ec0b-4e2a-a252-0b6c176784c6","title":"PI - PARNAIBA","name":"PI - PARNAIBA","tipo":"Munic\u00edpio","url":"\/dashboard\/details-assets\/4e34a96c-ec0b-4e2a-a252-0b6c176784c6"},"geometry":{"type":"Point","coordinates":[-41.778171,-2.90336]}},{"type":"Feature","properties":{"municipio":"5a71bb9f-73b8-43ce-9c9b-bbfa3c8b987e","title":"PI - MONTE ALEGRE DO PIAUI","name":"PI - MONTE ALEGRE DO PIAUI","tipo":"Munic\u00edpio","url":"\/dashboard\/details-assets\/5a71bb9f-73b8-43ce-9c9b-bbfa3c8b987e"},"geometry":{"type":"Point","coordinates":[-45.303889,-9.753889]}},{"type":"Feature","properties":{"municipio":"73a5bef6-ef6d-4b9d-b72d-64cf36a13136","title":"PI - MONSENHOR GIL","name":"PI - MONSENHOR GIL","tipo":"Munic\u00edpio","url":"\/dashboard\/details-assets\/73a5bef6-ef6d-4b9d-b72d-64cf36a13136"},"geometry":{"type":"Point","coordinates":[-42.617399,-5.551486]}},{"type":"Feature","properties":{"municipio":"010c217a-2e5c-4b92-a508-b6b2a5f6b58a","title":"PI - MIGUEL ALVES","name":"PI - MIGUEL ALVES","tipo":"Munic\u00edpio","url":"\/dashboard\/details-assets\/010c217a-2e5c-4b92-a508-b6b2a5f6b58a"},"geometry":{"type":"Point","coordinates":[-42.893167,-4.168216]}},{"type":"Feature","properties":{"municipio":"9adedc19-d145-4375-a897-1070c636eb55","title":"PI - MARCOS PARENTE","name":"PI - MARCOS PARENTE","tipo":"Munic\u00edpio","url":"\/dashboard\/details-assets\/9adedc19-d145-4375-a897-1070c636eb55"},"geometry":{"type":"Point","coordinates":[-43.89,-7.12]}},{"type":"Feature","properties":{"municipio":"3b3b091c-83ee-4e56-a149-e7fb4ac172c0","title":"PI - LUZILANDIA","name":"PI - LUZILANDIA","tipo":"Munic\u00edpio","url":"\/dashboard\/details-assets\/3b3b091c-83ee-4e56-a149-e7fb4ac172c0"},"geometry":{"type":"Point","coordinates":[-42.371638,-3.460818]}},{"type":"Feature","properties":{"municipio":"3c6f71a8-2d1e-4b63-ab5d-de66d39e1f49","title":"PI - LUIS CORREIA","name":"PI - LUIS CORREIA","tipo":"Munic\u00edpio","url":"\/dashboard\/details-assets\/3c6f71a8-2d1e-4b63-ab5d-de66d39e1f49"},"geometry":{"type":"Point","coordinates":[-41.653727,-2.891175]}},{"type":"Feature","properties":{"municipio":"02eeb3fc-328a-4612-aa44-82d1b883d3bd","title":"PI - LANDRI SALES","name":"PI - LANDRI SALES","tipo":"Munic\u00edpio","url":"\/dashboard\/details-assets\/02eeb3fc-328a-4612-aa44-82d1b883d3bd"},"geometry":{"type":"Point","coordinates":[-43.93,-7.26583]}},{"type":"Feature","properties":{"municipio":"f73218c5-9ec5-40bf-abdf-735a1b9582e9","title":"PI - FLORIANO","name":"PI - FLORIANO","tipo":"Munic\u00edpio","url":"\/dashboard\/details-assets\/f73218c5-9ec5-40bf-abdf-735a1b9582e9"},"geometry":{"type":"Point","coordinates":[-43.020645,-6.769672]}},{"type":"Feature","properties":{"municipio":"7f3c959f-8c42-49ad-86b1-1777edcfcb10","title":"PI - JOSE DE FREITAS","name":"PI - JOSE DE FREITAS","tipo":"Munic\u00edpio","url":"\/dashboard\/details-assets\/7f3c959f-8c42-49ad-86b1-1777edcfcb10"},"geometry":{"type":"Point","coordinates":[-42.578375,-4.763051]}},{"type":"Feature","properties":{"municipio":"e34caab5-fd1d-4896-88c9-a36e71ac688f","title":"PI - ESPERANTINA","name":"PI - ESPERANTINA","tipo":"Munic\u00edpio","url":"\/dashboard\/details-assets\/e34caab5-fd1d-4896-88c9-a36e71ac688f"},"geometry":{"type":"Point","coordinates":[-42.23422,-3.894559]}},{"type":"Feature","properties":{"municipio":"7e05876e-31ca-45f5-b028-ce096a73f3bf","title":"PI - COCAL","name":"PI - COCAL","tipo":"Munic\u00edpio","url":"\/dashboard\/details-assets\/7e05876e-31ca-45f5-b028-ce096a73f3bf"},"geometry":{"type":"Point","coordinates":[-41.557703,-3.468468]}},{"type":"Feature","properties":{"municipio":"61c0f272-bfcf-4bf9-b30d-ee0a45fd69d3","title":"PI - CORRENTE","name":"PI - CORRENTE","tipo":"Munic\u00edpio","url":"\/dashboard\/details-assets\/61c0f272-bfcf-4bf9-b30d-ee0a45fd69d3"},"geometry":{"type":"Point","coordinates":[-45.163313,-10.440936]}},{"type":"Feature","properties":{"municipio":"5149b686-e297-47a9-90b7-ff27d6a225bc","title":"PI - CASTELO DO PIAUI","name":"PI - CASTELO DO PIAUI","tipo":"Munic\u00edpio","url":"\/dashboard\/details-assets\/5149b686-e297-47a9-90b7-ff27d6a225bc"},"geometry":{"type":"Point","coordinates":[-41.547316,-5.321544]}},{"type":"Feature","properties":{"municipio":"e26fb677-b5cb-41b8-8585-6b8bfac250a4","title":"PI - CAMPO MAIOR","name":"PI - CAMPO MAIOR","tipo":"Munic\u00edpio","url":"\/dashboard\/details-assets\/e26fb677-b5cb-41b8-8585-6b8bfac250a4"},"geometry":{"type":"Point","coordinates":[-42.166745,-4.829114]}},{"type":"Feature","properties":{"municipio":"77a8cfb1-d510-4ace-b6ab-36ef1f9aee25","title":"PI - CANTO DO BURITI","name":"PI - CANTO DO BURITI","tipo":"Munic\u00edpio","url":"\/dashboard\/details-assets\/77a8cfb1-d510-4ace-b6ab-36ef1f9aee25"},"geometry":{"type":"Point","coordinates":[-42.944021,-8.108232]}},{"type":"Feature","properties":{"municipio":"b5487640-2663-413a-9c13-07afd7cc4cf3","title":"PI - BURITI DOS LOPES","name":"PI - BURITI DOS LOPES","tipo":"Munic\u00edpio","url":"\/dashboard\/details-assets\/b5487640-2663-413a-9c13-07afd7cc4cf3"},"geometry":{"type":"Point","coordinates":[-41.869909,-3.172721]}},{"type":"Feature","properties":{"municipio":"c91c018a-ebf4-4d2e-8bc4-fd411b28e4ae","title":"PI - BOM JESUS","name":"PI - BOM JESUS","tipo":"Munic\u00edpio","url":"\/dashboard\/details-assets\/c91c018a-ebf4-4d2e-8bc4-fd411b28e4ae"},"geometry":{"type":"Point","coordinates":[-44.357392,-9.074637]}},{"type":"Feature","properties":{"municipio":"8de12ef2-c5c9-4b67-921f-9294902246f4","title":"PI - BATALHA","name":"PI - BATALHA","tipo":"Munic\u00edpio","url":"\/dashboard\/details-assets\/8de12ef2-c5c9-4b67-921f-9294902246f4"},"geometry":{"type":"Point","coordinates":[-37.127092,-9.674593]}},{"type":"Feature","properties":{"municipio":"97df00a9-596b-426d-ad86-3aa8566a58e0","title":"PI - BARRAS","name":"PI - BARRAS","tipo":"Munic\u00edpio","url":"\/dashboard\/details-assets\/97df00a9-596b-426d-ad86-3aa8566a58e0"},"geometry":{"type":"Point","coordinates":[-42.29534,-4.243093]}},{"type":"Feature","properties":{"municipio":"fd683998-59b5-416d-8242-b1522c933236","title":"PI - BAIXA GRANDE DO RIBEIRO","name":"PI - BAIXA GRANDE DO RIBEIRO","tipo":"Munic\u00edpio","url":"\/dashboard\/details-assets\/fd683998-59b5-416d-8242-b1522c933236"},"geometry":{"type":"Point","coordinates":[-45.213611,-7.850278]}},{"type":"Feature","properties":{"municipio":"33f3cefd-55d0-400e-9fae-fa93b60a977c","title":"PI - AVELINO LOPES","name":"PI - AVELINO LOPES","tipo":"Munic\u00edpio","url":"\/dashboard\/details-assets\/33f3cefd-55d0-400e-9fae-fa93b60a977c"},"geometry":{"type":"Point","coordinates":[-43.948889,-10.136944]}},{"type":"Feature","properties":{"municipio":"e6e3e531-cc08-449f-bf4b-8c01b1af779d","title":"PI - AMARANTE","name":"PI - AMARANTE","tipo":"Munic\u00edpio","url":"\/dashboard\/details-assets\/e6e3e531-cc08-449f-bf4b-8c01b1af779d"},"geometry":{"type":"Point","coordinates":[-42.853693,-6.246611]}},{"type":"Feature","properties":{"municipio":"dce0e0ff-4f2b-4cec-b5d3-03f5dce5403a","title":"PI - ALTOS","name":"PI - ALTOS","tipo":"Munic\u00edpio","url":"\/dashboard\/details-assets\/dce0e0ff-4f2b-4cec-b5d3-03f5dce5403a"},"geometry":{"type":"Point","coordinates":[-42.460948,-5.036546]}},{"type":"Feature","properties":{"municipio":"7d31ef7d-310f-4a84-a6c7-b59d40cb2728","title":"PE - VITORIA DE SANTO ANTAO","name":"PE - VITORIA DE SANTO ANTAO","tipo":"Munic\u00edpio","url":"\/dashboard\/details-assets\/7d31ef7d-310f-4a84-a6c7-b59d40cb2728"},"geometry":{"type":"Point","coordinates":[-35.293864,-8.118748]}},{"type":"Feature","properties":{"municipio":"6de35884-08ee-4d37-8b5e-662bf92fa56f","title":"PI - AGUA BRANCA","name":"PI - AGUA BRANCA","tipo":"Munic\u00edpio","url":"\/dashboard\/details-assets\/6de35884-08ee-4d37-8b5e-662bf92fa56f"},"geometry":{"type":"Point","coordinates":[-42.637341,-5.888951]}},{"type":"Feature","properties":{"municipio":"90081c92-fef4-456b-b36a-9408c3c33375","title":"PE - VICENCIA","name":"PE - VICENCIA","tipo":"Munic\u00edpio","url":"\/dashboard\/details-assets\/90081c92-fef4-456b-b36a-9408c3c33375"},"geometry":{"type":"Point","coordinates":[-35.320301,-7.652959]}},{"type":"Feature","properties":{"municipio":"93c1bc9a-836e-4da4-8e88-f1a23b718500","title":"PE - TRIUNFO","name":"PE - TRIUNFO","tipo":"Munic\u00edpio","url":"\/dashboard\/details-assets\/93c1bc9a-836e-4da4-8e88-f1a23b718500"},"geometry":{"type":"Point","coordinates":[-38.074724,-7.842575]}},{"type":"Feature","properties":{"municipio":"cea4a981-35f7-4faf-882b-843cab1f6797","title":"PE - TIMBAUBA","name":"PE - TIMBAUBA","tipo":"Munic\u00edpio","url":"\/dashboard\/details-assets\/cea4a981-35f7-4faf-882b-843cab1f6797"},"geometry":{"type":"Point","coordinates":[-35.318772,-7.511746]}},{"type":"Feature","properties":{"municipio":"545fa0de-37ea-44c4-9502-81bb0be7a3ac","title":"PE - TABIRA","name":"PE - TABIRA","tipo":"Munic\u00edpio","url":"\/dashboard\/details-assets\/545fa0de-37ea-44c4-9502-81bb0be7a3ac"},"geometry":{"type":"Point","coordinates":[-37.540266,-7.591137]}},{"type":"Feature","properties":{"municipio":"ca157fcc-3408-46de-b89b-6f76a5fd3799","title":"PE - SURUBIM","name":"PE - SURUBIM","tipo":"Munic\u00edpio","url":"\/dashboard\/details-assets\/ca157fcc-3408-46de-b89b-6f76a5fd3799"},"geometry":{"type":"Point","coordinates":[-35.756784,-7.835157]}},{"type":"Feature","properties":{"municipio":"b1b909f9-0cd0-4b41-85f7-3c37a761354b","title":"PE - SERRA TALHADA","name":"PE - SERRA TALHADA","tipo":"Munic\u00edpio","url":"\/dashboard\/details-assets\/b1b909f9-0cd0-4b41-85f7-3c37a761354b"},"geometry":{"type":"Point","coordinates":[-38.296315,-7.987998]}},{"type":"Feature","properties":{"municipio":"b63b6787-54ec-4342-b55d-fb4c650e5670","title":"PE - SERTANIA","name":"PE - SERTANIA","tipo":"Munic\u00edpio","url":"\/dashboard\/details-assets\/b63b6787-54ec-4342-b55d-fb4c650e5670"},"geometry":{"type":"Point","coordinates":[-37.26739,-8.07245]}},{"type":"Feature","properties":{"municipio":"d78cad0c-76a2-498b-8acb-e81def498adb","title":"PE - SAO LOURENCO DA MATA","name":"PE - SAO LOURENCO DA MATA","tipo":"Munic\u00edpio","url":"\/dashboard\/details-assets\/d78cad0c-76a2-498b-8acb-e81def498adb"},"geometry":{"type":"Point","coordinates":[-35.041278,-7.995938]}},{"type":"Feature","properties":{"municipio":"19f7e49f-d422-4590-a9f2-505a2d37ac11","title":"PE - SAO JOSE DO EGITO","name":"PE - SAO JOSE DO EGITO","tipo":"Munic\u00edpio","url":"\/dashboard\/details-assets\/19f7e49f-d422-4590-a9f2-505a2d37ac11"},"geometry":{"type":"Point","coordinates":[-37.275072,-7.474025]}},{"type":"Feature","properties":{"municipio":"58fc9f64-048b-4fd4-b773-d0c05b44327e","title":"PE - SAO JOSE DO BELMONTE","name":"PE - SAO JOSE DO BELMONTE","tipo":"Munic\u00edpio","url":"\/dashboard\/details-assets\/58fc9f64-048b-4fd4-b773-d0c05b44327e"},"geometry":{"type":"Point","coordinates":[-38.759454,-7.86174]}},{"type":"Feature","properties":{"municipio":"2a7451b8-d0c5-477e-a9b9-9bae808cd98d","title":"PE - SAO CAITANO","name":"PE - SAO CAITANO","tipo":"Munic\u00edpio","url":"\/dashboard\/details-assets\/2a7451b8-d0c5-477e-a9b9-9bae808cd98d"},"geometry":{"type":"Point","coordinates":[-36.132813,-8.280698]}},{"type":"Feature","properties":{"municipio":"dab6e0df-e89b-4355-9408-0d56df9bd112","title":"PE - SAO BENTO DO UNA","name":"PE - SAO BENTO DO UNA","tipo":"Munic\u00edpio","url":"\/dashboard\/details-assets\/dab6e0df-e89b-4355-9408-0d56df9bd112"},"geometry":{"type":"Point","coordinates":[-36.446298,-8.519868]}},{"type":"Feature","properties":{"municipio":"4141433a-75db-4399-9238-9227c3193d4e","title":"PE - SANTA MARIA DA BOA VISTA","name":"PE - SANTA MARIA DA BOA VISTA","tipo":"Munic\u00edpio","url":"\/dashboard\/details-assets\/4141433a-75db-4399-9238-9227c3193d4e"},"geometry":{"type":"Point","coordinates":[-39.824236,-8.804126]}},{"type":"Feature","properties":{"municipio":"cb2967ac-7cff-4a67-a394-8c55021b8f75","title":"PE - SANTA CRUZ DO CAPIBARIBE","name":"PE - SANTA CRUZ DO CAPIBARIBE","tipo":"Munic\u00edpio","url":"\/dashboard\/details-assets\/cb2967ac-7cff-4a67-a394-8c55021b8f75"},"geometry":{"type":"Point","coordinates":[-36.20395,-7.955189]}},{"type":"Feature","properties":{"municipio":"de94be91-dc0a-4e24-b30b-1ad4c204a1b3","title":"PE - SALGUEIRO","name":"PE - SALGUEIRO","tipo":"Munic\u00edpio","url":"\/dashboard\/details-assets\/de94be91-dc0a-4e24-b30b-1ad4c204a1b3"},"geometry":{"type":"Point","coordinates":[-39.120851,-8.070678]}},{"type":"Feature","properties":{"municipio":"3b951f07-46d1-4a61-8648-2fbd65f6fb5d","title":"PE - RIO FORMOSO","name":"PE - RIO FORMOSO","tipo":"Munic\u00edpio","url":"\/dashboard\/details-assets\/3b951f07-46d1-4a61-8648-2fbd65f6fb5d"},"geometry":{"type":"Point","coordinates":[-35.148879,-8.697587]}},{"type":"Feature","properties":{"municipio":"82a8e29d-24ce-4ad3-8750-0d723875c917","title":"PE - RIBEIRAO","name":"PE - RIBEIRAO","tipo":"Munic\u00edpio","url":"\/dashboard\/details-assets\/82a8e29d-24ce-4ad3-8750-0d723875c917"},"geometry":{"type":"Point","coordinates":[-35.376131,-8.511116]}},{"type":"Feature","properties":{"municipio":"09a29d16-ad9e-4293-81ca-b53229c32d1c","title":"PE - RECIFE","name":"PE - RECIFE","tipo":"Munic\u00edpio","url":"\/dashboard\/details-assets\/09a29d16-ad9e-4293-81ca-b53229c32d1c"},"geometry":{"type":"Point","coordinates":[-34.888942,-8.062762]}},{"type":"Feature","properties":{"municipio":"67c95f68-1783-4cb1-8022-4b077ffe8136","title":"PE - PETROLINA","name":"PE - PETROLINA","tipo":"Munic\u00edpio","url":"\/dashboard\/details-assets\/67c95f68-1783-4cb1-8022-4b077ffe8136"},"geometry":{"type":"Point","coordinates":[-40.499999,-9.397376]}},{"type":"Feature","properties":{"municipio":"f5e990fd-717e-473c-ae80-7d7ff20d0fe2","title":"PE - PETROLANDIA","name":"PE - PETROLANDIA","tipo":"Munic\u00edpio","url":"\/dashboard\/details-assets\/f5e990fd-717e-473c-ae80-7d7ff20d0fe2"},"geometry":{"type":"Point","coordinates":[-38.218947,-8.981833]}},{"type":"Feature","properties":{"municipio":"f7b1db18-0115-48cd-b64a-f338114b792b","title":"PE - PESQUEIRA","name":"PE - PESQUEIRA","tipo":"Munic\u00edpio","url":"\/dashboard\/details-assets\/f7b1db18-0115-48cd-b64a-f338114b792b"},"geometry":{"type":"Point","coordinates":[-36.695515,-8.355456]}},{"type":"Feature","properties":{"municipio":"86016d87-3d78-428c-b1d4-303baedd64f3","title":"PE - PAULISTA","name":"PE - PAULISTA","tipo":"Munic\u00edpio","url":"\/dashboard\/details-assets\/86016d87-3d78-428c-b1d4-303baedd64f3"},"geometry":{"type":"Point","coordinates":[-34.82076,-7.91819]}},{"type":"Feature","properties":{"municipio":"1e886909-476a-433b-9e24-b1d2b683fe77","title":"PE - PAUDALHO","name":"PE - PAUDALHO","tipo":"Munic\u00edpio","url":"\/dashboard\/details-assets\/1e886909-476a-433b-9e24-b1d2b683fe77"},"geometry":{"type":"Point","coordinates":[-35.179151,-7.897135]}},{"type":"Feature","properties":{"municipio":"8c76e08b-59ca-430e-a430-3aab98b61a59","title":"PE - PASSIRA","name":"PE - PASSIRA","tipo":"Munic\u00edpio","url":"\/dashboard\/details-assets\/8c76e08b-59ca-430e-a430-3aab98b61a59"},"geometry":{"type":"Point","coordinates":[-35.581685,-7.978884]}},{"type":"Feature","properties":{"municipio":"3ebb9f99-a18f-4387-8b7b-1b02d203c21f","title":"PE - PARNAMIRIM","name":"PE - PARNAMIRIM","tipo":"Munic\u00edpio","url":"\/dashboard\/details-assets\/3ebb9f99-a18f-4387-8b7b-1b02d203c21f"},"geometry":{"type":"Point","coordinates":[-39.575787,-8.090138]}},{"type":"Feature","properties":{"municipio":"224f1766-77fa-454f-b28a-620e7781f809","title":"PE - PANELAS","name":"PE - PANELAS","tipo":"Munic\u00edpio","url":"\/dashboard\/details-assets\/224f1766-77fa-454f-b28a-620e7781f809"},"geometry":{"type":"Point","coordinates":[-36.001576,-8.667242]}},{"type":"Feature","properties":{"municipio":"2d09bf1a-5e13-41a3-8246-8a374b92d5f0","title":"PE - PALMARES","name":"PE - PALMARES","tipo":"Munic\u00edpio","url":"\/dashboard\/details-assets\/2d09bf1a-5e13-41a3-8246-8a374b92d5f0"},"geometry":{"type":"Point","coordinates":[-35.588336,-8.679082]}},{"type":"Feature","properties":{"municipio":"2999cdd3-54d9-4433-8540-31c1c2072247","title":"PE - OURICURI","name":"PE - OURICURI","tipo":"Munic\u00edpio","url":"\/dashboard\/details-assets\/2999cdd3-54d9-4433-8540-31c1c2072247"},"geometry":{"type":"Point","coordinates":[-40.081463,-7.883152]}},{"type":"Feature","properties":{"municipio":"f0378c8a-d4bf-426e-9839-264ad5aa70e6","title":"PE - OROBO","name":"PE - OROBO","tipo":"Munic\u00edpio","url":"\/dashboard\/details-assets\/f0378c8a-d4bf-426e-9839-264ad5aa70e6"},"geometry":{"type":"Point","coordinates":[-35.602982,-7.737895]}},{"type":"Feature","properties":{"municipio":"7f6e89de-0d72-4883-aa4a-c92af25f680c","title":"PE - OLINDA","name":"PE - OLINDA","tipo":"Munic\u00edpio","url":"\/dashboard\/details-assets\/7f6e89de-0d72-4883-aa4a-c92af25f680c"},"geometry":{"type":"Point","coordinates":[-34.86131,-7.99266]}},{"type":"Feature","properties":{"municipio":"619251d7-29c8-45a3-a42d-6d9b922dc5e1","title":"PE - MORENO","name":"PE - MORENO","tipo":"Munic\u00edpio","url":"\/dashboard\/details-assets\/619251d7-29c8-45a3-a42d-6d9b922dc5e1"},"geometry":{"type":"Point","coordinates":[-35.094869,-8.118695]}},{"type":"Feature","properties":{"municipio":"bc144556-15a8-4a88-afaa-aed6cd73bedc","title":"PE - NAZARE DA MATA","name":"PE - NAZARE DA MATA","tipo":"Munic\u00edpio","url":"\/dashboard\/details-assets\/bc144556-15a8-4a88-afaa-aed6cd73bedc"},"geometry":{"type":"Point","coordinates":[-35.221339,-7.737688]}},{"type":"Feature","properties":{"municipio":"f99e04af-4a3f-4432-8bda-7ea985ab1bac","title":"PE - MIRANDIBA","name":"PE - MIRANDIBA","tipo":"Munic\u00edpio","url":"\/dashboard\/details-assets\/f99e04af-4a3f-4432-8bda-7ea985ab1bac"},"geometry":{"type":"Point","coordinates":[-38.728457,-8.121553]}},{"type":"Feature","properties":{"municipio":"f3b358a6-5716-472b-80ad-4787f3be311c","title":"PE - MACAPARANA","name":"PE - MACAPARANA","tipo":"Munic\u00edpio","url":"\/dashboard\/details-assets\/f3b358a6-5716-472b-80ad-4787f3be311c"},"geometry":{"type":"Point","coordinates":[-35.449875,-7.555681]}},{"type":"Feature","properties":{"municipio":"d9eb5122-a42f-4531-8516-fcce81f55e94","title":"PE - LIMOEIRO","name":"PE - LIMOEIRO","tipo":"Munic\u00edpio","url":"\/dashboard\/details-assets\/d9eb5122-a42f-4531-8516-fcce81f55e94"},"geometry":{"type":"Point","coordinates":[-35.455261,-7.880198]}},{"type":"Feature","properties":{"municipio":"cdc63dbc-ddec-45c3-ac2d-7c88d1f6e983","title":"PE - LAJEDO","name":"PE - LAJEDO","tipo":"Munic\u00edpio","url":"\/dashboard\/details-assets\/cdc63dbc-ddec-45c3-ac2d-7c88d1f6e983"},"geometry":{"type":"Point","coordinates":[-36.321497,-8.662857]}},{"type":"Feature","properties":{"municipio":"13c4eff1-b6dc-4422-b18a-27f5d9bfcfb7","title":"PE - LAGOA DE ITAENGA","name":"PE - LAGOA DE ITAENGA","tipo":"Munic\u00edpio","url":"\/dashboard\/details-assets\/13c4eff1-b6dc-4422-b18a-27f5d9bfcfb7"},"geometry":{"type":"Point","coordinates":[-35.292804,-7.932378]}},{"type":"Feature","properties":{"municipio":"d32aa643-4743-4a89-b575-3a56abc888f9","title":"PE - LAGOA GRANDE","name":"PE - LAGOA GRANDE","tipo":"Munic\u00edpio","url":"\/dashboard\/details-assets\/d32aa643-4743-4a89-b575-3a56abc888f9"},"geometry":{"type":"Point","coordinates":[-40.271977,-8.99302]}},{"type":"Feature","properties":{"municipio":"f5189ac2-e724-4549-9a76-d49ff448adc2","title":"PE - ITAMBE","name":"PE - ITAMBE","tipo":"Munic\u00edpio","url":"\/dashboard\/details-assets\/f5189ac2-e724-4549-9a76-d49ff448adc2"},"geometry":{"type":"Point","coordinates":[-35.11013,-7.411067]}},{"type":"Feature","properties":{"municipio":"8c349935-5d73-4607-ba3a-0e860fbdaf36","title":"PE - JABOATAO DOS GUARARAPES","name":"PE - JABOATAO DOS GUARARAPES","tipo":"Munic\u00edpio","url":"\/dashboard\/details-assets\/8c349935-5d73-4607-ba3a-0e860fbdaf36"},"geometry":{"type":"Point","coordinates":[-34.921173,-8.165391]}},{"type":"Feature","properties":{"municipio":"51231089-20d0-47dd-b58f-44122e0978dc","title":"PE - IPUBI","name":"PE - IPUBI","tipo":"Munic\u00edpio","url":"\/dashboard\/details-assets\/51231089-20d0-47dd-b58f-44122e0978dc"},"geometry":{"type":"Point","coordinates":[-40.151265,-7.651849]}},{"type":"Feature","properties":{"municipio":"932eb439-7169-4f74-8060-e040e6f9a7ba","title":"PE - IPOJUCA","name":"PE - IPOJUCA","tipo":"Munic\u00edpio","url":"\/dashboard\/details-assets\/932eb439-7169-4f74-8060-e040e6f9a7ba"},"geometry":{"type":"Point","coordinates":[-35.063472,-8.396986]}},{"type":"Feature","properties":{"municipio":"474eace4-f4f0-414b-b096-9f8fc31eadf1","title":"PE - IGARASSU","name":"PE - IGARASSU","tipo":"Munic\u00edpio","url":"\/dashboard\/details-assets\/474eace4-f4f0-414b-b096-9f8fc31eadf1"},"geometry":{"type":"Point","coordinates":[-34.910583,-7.828372]}},{"type":"Feature","properties":{"municipio":"95c88f1d-524f-4917-aa65-e212e17ac5d2","title":"PE - IBIMIRIM","name":"PE - IBIMIRIM","tipo":"Munic\u00edpio","url":"\/dashboard\/details-assets\/95c88f1d-524f-4917-aa65-e212e17ac5d2"},"geometry":{"type":"Point","coordinates":[-37.690047,-8.538762]}},{"type":"Feature","properties":{"municipio":"e40e5fee-ae7b-4c06-a5ab-a53598e36f77","title":"PE - GRAVATA","name":"PE - GRAVATA","tipo":"Munic\u00edpio","url":"\/dashboard\/details-assets\/e40e5fee-ae7b-4c06-a5ab-a53598e36f77"},"geometry":{"type":"Point","coordinates":[-35.571492,-8.205999]}},{"type":"Feature","properties":{"municipio":"d66270f0-ab3c-4d5a-a893-f7830601e8de","title":"PE - GOIANA","name":"PE - GOIANA","tipo":"Munic\u00edpio","url":"\/dashboard\/details-assets\/d66270f0-ab3c-4d5a-a893-f7830601e8de"},"geometry":{"type":"Point","coordinates":[-34.998376,-7.559232]}},{"type":"Feature","properties":{"municipio":"2fda24ff-cebf-4134-b902-2a01841cd47a","title":"PE - GLORIA DO GOITA","name":"PE - GLORIA DO GOITA","tipo":"Munic\u00edpio","url":"\/dashboard\/details-assets\/2fda24ff-cebf-4134-b902-2a01841cd47a"},"geometry":{"type":"Point","coordinates":[-35.292322,-7.999608]}},{"type":"Feature","properties":{"municipio":"b84376d5-da0d-40b2-ac7d-eb877ddddfea","title":"PE - FLORESTA","name":"PE - FLORESTA","tipo":"Munic\u00edpio","url":"\/dashboard\/details-assets\/b84376d5-da0d-40b2-ac7d-eb877ddddfea"},"geometry":{"type":"Point","coordinates":[-38.563907,-8.611573]}},{"type":"Feature","properties":{"municipio":"71a36ad4-f6dc-4f79-827d-522442622192","title":"PE - GARANHUNS","name":"PE - GARANHUNS","tipo":"Munic\u00edpio","url":"\/dashboard\/details-assets\/71a36ad4-f6dc-4f79-827d-522442622192"},"geometry":{"type":"Point","coordinates":[-36.49305,-8.888906]}},{"type":"Feature","properties":{"municipio":"6db85820-a3db-43af-8dcd-ca35b75146a4","title":"PE - FERNANDO DE NORONHA","name":"PE - FERNANDO DE NORONHA","tipo":"Munic\u00edpio","url":"\/dashboard\/details-assets\/6db85820-a3db-43af-8dcd-ca35b75146a4"},"geometry":{"type":"Point","coordinates":[-32.435186,-3.852021]}},{"type":"Feature","properties":{"municipio":"0809c59f-5fa9-4073-8ce5-1963d3b2a015","title":"PE - ESCADA","name":"PE - ESCADA","tipo":"Munic\u00edpio","url":"\/dashboard\/details-assets\/0809c59f-5fa9-4073-8ce5-1963d3b2a015"},"geometry":{"type":"Point","coordinates":[-35.236157,-8.362522]}},{"type":"Feature","properties":{"municipio":"0b866594-b5d4-4bd5-adff-df27e8c04492","title":"PE - EXU","name":"PE - EXU","tipo":"Munic\u00edpio","url":"\/dashboard\/details-assets\/0b866594-b5d4-4bd5-adff-df27e8c04492"},"geometry":{"type":"Point","coordinates":[-39.722728,-7.516307]}},{"type":"Feature","properties":{"municipio":"9f996f86-f314-45ee-a7fc-1ad75e954b5a","title":"PE - CUSTODIA","name":"PE - CUSTODIA","tipo":"Munic\u00edpio","url":"\/dashboard\/details-assets\/9f996f86-f314-45ee-a7fc-1ad75e954b5a"},"geometry":{"type":"Point","coordinates":[-37.641097,-8.089002]}},{"type":"Feature","properties":{"municipio":"100ec9cf-a1ee-4e89-8a6e-2ad6ed10d984","title":"PE - CATENDE","name":"PE - CATENDE","tipo":"Munic\u00edpio","url":"\/dashboard\/details-assets\/100ec9cf-a1ee-4e89-8a6e-2ad6ed10d984"},"geometry":{"type":"Point","coordinates":[-35.721667,-8.670307]}},{"type":"Feature","properties":{"municipio":"0d3e1148-7104-459f-9085-752a9f9fdc79","title":"PE - CUPIRA","name":"PE - CUPIRA","tipo":"Munic\u00edpio","url":"\/dashboard\/details-assets\/0d3e1148-7104-459f-9085-752a9f9fdc79"},"geometry":{"type":"Point","coordinates":[-35.95098,-8.593868]}},{"type":"Feature","properties":{"municipio":"7767bba3-fcc4-4f04-b870-40162a7f3791","title":"PE - CARUARU","name":"PE - CARUARU","tipo":"Munic\u00edpio","url":"\/dashboard\/details-assets\/7767bba3-fcc4-4f04-b870-40162a7f3791"},"geometry":{"type":"Point","coordinates":[-35.967073,-8.285898]}},{"type":"Feature","properties":{"municipio":"a2029de1-5e91-4d0d-b726-e77c25031df5","title":"PE - CARPINA","name":"PE - CARPINA","tipo":"Munic\u00edpio","url":"\/dashboard\/details-assets\/a2029de1-5e91-4d0d-b726-e77c25031df5"},"geometry":{"type":"Point","coordinates":[-35.258061,-7.846887]}},{"type":"Feature","properties":{"municipio":"1b6d6b8c-bba6-4616-a545-fa79fe9e3f8d","title":"PE - CARNAUBEIRA DA PENHA","name":"PE - CARNAUBEIRA DA PENHA","tipo":"Munic\u00edpio","url":"\/dashboard\/details-assets\/1b6d6b8c-bba6-4616-a545-fa79fe9e3f8d"},"geometry":{"type":"Point","coordinates":[-38.742867,-8.318557]}},{"type":"Feature","properties":{"municipio":"f7a4d317-90c7-4706-a61b-6501ef006339","title":"PE - CARNAIBA","name":"PE - CARNAIBA","tipo":"Munic\u00edpio","url":"\/dashboard\/details-assets\/f7a4d317-90c7-4706-a61b-6501ef006339"},"geometry":{"type":"Point","coordinates":[-37.793399,-7.803058]}},{"type":"Feature","properties":{"municipio":"ce832387-85d7-4605-9573-5f28d62d9d23","title":"PE - CAMARAGIBE","name":"PE - CAMARAGIBE","tipo":"Munic\u00edpio","url":"\/dashboard\/details-assets\/ce832387-85d7-4605-9573-5f28d62d9d23"},"geometry":{"type":"Point","coordinates":[-34.995721,-8.020522]}},{"type":"Feature","properties":{"municipio":"ae4249f7-7c19-4c29-be84-3791fe4556af","title":"PE - CABROBO","name":"PE - CABROBO","tipo":"Munic\u00edpio","url":"\/dashboard\/details-assets\/ae4249f7-7c19-4c29-be84-3791fe4556af"},"geometry":{"type":"Point","coordinates":[-39.309841,-8.515105]}},{"type":"Feature","properties":{"municipio":"b79345ad-6d6b-48ac-b212-f1b97dc928ab","title":"PE - CAETES","name":"PE - CAETES","tipo":"Munic\u00edpio","url":"\/dashboard\/details-assets\/b79345ad-6d6b-48ac-b212-f1b97dc928ab"},"geometry":{"type":"Point","coordinates":[-36.624804,-8.775595]}},{"type":"Feature","properties":{"municipio":"67292158-575b-41fe-9737-74054a60f144","title":"PE - CABO DE SANTO AGOSTINHO","name":"PE - CABO DE SANTO AGOSTINHO","tipo":"Munic\u00edpio","url":"\/dashboard\/details-assets\/67292158-575b-41fe-9737-74054a60f144"},"geometry":{"type":"Point","coordinates":[-35.038489,-8.289864]}},{"type":"Feature","properties":{"municipio":"ef736efb-abc3-4289-9a2b-8a45d2f609df","title":"PE - BREJO DA MADRE DE DEUS","name":"PE - BREJO DA MADRE DE DEUS","tipo":"Munic\u00edpio","url":"\/dashboard\/details-assets\/ef736efb-abc3-4289-9a2b-8a45d2f609df"},"geometry":{"type":"Point","coordinates":[-36.370391,-8.148956]}},{"type":"Feature","properties":{"municipio":"6e2e0fb0-015d-4332-a8dc-8fd9565f134e","title":"PE - BONITO","name":"PE - BONITO","tipo":"Munic\u00edpio","url":"\/dashboard\/details-assets\/6e2e0fb0-015d-4332-a8dc-8fd9565f134e"},"geometry":{"type":"Point","coordinates":[-35.731821,-8.474067]}},{"type":"Feature","properties":{"municipio":"a202c137-6232-4078-a9fa-b620e9a64a1d","title":"PE - BOM JARDIM","name":"PE - BOM JARDIM","tipo":"Munic\u00edpio","url":"\/dashboard\/details-assets\/a202c137-6232-4078-a9fa-b620e9a64a1d"},"geometry":{"type":"Point","coordinates":[-35.586084,-7.799509]}},{"type":"Feature","properties":{"municipio":"993e8489-1861-4cbb-b687-0a6feb2f8f21","title":"PE - BOM CONSELHO","name":"PE - BOM CONSELHO","tipo":"Munic\u00edpio","url":"\/dashboard\/details-assets\/993e8489-1861-4cbb-b687-0a6feb2f8f21"},"geometry":{"type":"Point","coordinates":[-36.679314,-9.163383]}},{"type":"Feature","properties":{"municipio":"b4ef2658-b56e-41b0-9291-2289aec6399f","title":"PE - BEZERROS","name":"PE - BEZERROS","tipo":"Munic\u00edpio","url":"\/dashboard\/details-assets\/b4ef2658-b56e-41b0-9291-2289aec6399f"},"geometry":{"type":"Point","coordinates":[-35.7847,-8.161959]}},{"type":"Feature","properties":{"municipio":"6dbeab09-de94-4a48-a673-761710918d62","title":"PE - BELO JARDIM","name":"PE - BELO JARDIM","tipo":"Munic\u00edpio","url":"\/dashboard\/details-assets\/6dbeab09-de94-4a48-a673-761710918d62"},"geometry":{"type":"Point","coordinates":[-36.420035,-8.335295]}},{"type":"Feature","properties":{"municipio":"cf939564-a8c4-49ab-a3c6-40728eba7e75","title":"PE - BELEM DO SAO FRANCISCO","name":"PE - BELEM DO SAO FRANCISCO","tipo":"Munic\u00edpio","url":"\/dashboard\/details-assets\/cf939564-a8c4-49ab-a3c6-40728eba7e75"},"geometry":{"type":"Point","coordinates":[-38.9616,-8.751463]}},{"type":"Feature","properties":{"municipio":"536e27ad-55ec-4145-820c-570548083d1b","title":"PE - BARREIROS","name":"PE - BARREIROS","tipo":"Munic\u00edpio","url":"\/dashboard\/details-assets\/536e27ad-55ec-4145-820c-570548083d1b"},"geometry":{"type":"Point","coordinates":[-35.199086,-8.814138]}},{"type":"Feature","properties":{"municipio":"ecc5884e-14aa-45e2-a7f8-0fd4d54b5e98","title":"PE - ARCOVERDE","name":"PE - ARCOVERDE","tipo":"Munic\u00edpio","url":"\/dashboard\/details-assets\/ecc5884e-14aa-45e2-a7f8-0fd4d54b5e98"},"geometry":{"type":"Point","coordinates":[-37.056506,-8.42394]}},{"type":"Feature","properties":{"municipio":"d7ab0cf5-2ea3-4ef6-be1a-034d5206cf2e","title":"PE - ARARIPINA","name":"PE - ARARIPINA","tipo":"Munic\u00edpio","url":"\/dashboard\/details-assets\/d7ab0cf5-2ea3-4ef6-be1a-034d5206cf2e"},"geometry":{"type":"Point","coordinates":[-40.502461,-7.578141]}},{"type":"Feature","properties":{"municipio":"6c131694-75de-45b7-8300-c880ca5c3197","title":"PE - ARACOIABA","name":"PE - ARACOIABA","tipo":"Munic\u00edpio","url":"\/dashboard\/details-assets\/6c131694-75de-45b7-8300-c880ca5c3197"},"geometry":{"type":"Point","coordinates":[-35.092465,-7.78896]}},{"type":"Feature","properties":{"municipio":"83c51bf3-f4bc-44c4-ab44-526014a241b3","title":"PE - ALTINHO","name":"PE - ALTINHO","tipo":"Munic\u00edpio","url":"\/dashboard\/details-assets\/83c51bf3-f4bc-44c4-ab44-526014a241b3"},"geometry":{"type":"Point","coordinates":[-36.059125,-8.489336]}},{"type":"Feature","properties":{"municipio":"8d53d691-167a-46d6-bac2-32c13d7f82dd","title":"PE - ALIANCA","name":"PE - ALIANCA","tipo":"Munic\u00edpio","url":"\/dashboard\/details-assets\/8d53d691-167a-46d6-bac2-32c13d7f82dd"},"geometry":{"type":"Point","coordinates":[-35.228501,-7.60473]}},{"type":"Feature","properties":{"municipio":"43204da3-0786-4cd9-90bd-edf75dbe14bd","title":"PE - AGUAS BELAS","name":"PE - AGUAS BELAS","tipo":"Munic\u00edpio","url":"\/dashboard\/details-assets\/43204da3-0786-4cd9-90bd-edf75dbe14bd"},"geometry":{"type":"Point","coordinates":[-37.121957,-9.114589]}},{"type":"Feature","properties":{"municipio":"a8bac6b2-bdfe-488b-b1fd-f3d170f5694b","title":"PE - AGUA PRETA","name":"PE - AGUA PRETA","tipo":"Munic\u00edpio","url":"\/dashboard\/details-assets\/a8bac6b2-bdfe-488b-b1fd-f3d170f5694b"},"geometry":{"type":"Point","coordinates":[-35.506317,-8.692523]}},{"type":"Feature","properties":{"municipio":"dbb9626c-59c8-418d-bc89-ac5037f4b2b3","title":"PE - AGRESTINA","name":"PE - AGRESTINA","tipo":"Munic\u00edpio","url":"\/dashboard\/details-assets\/dbb9626c-59c8-418d-bc89-ac5037f4b2b3"},"geometry":{"type":"Point","coordinates":[-36.016013,-8.460538]}},{"type":"Feature","properties":{"municipio":"f96dc4c5-6f7b-4098-9b64-4f9fe45edd07","title":"PE - AFOGADOS DA INGAZEIRA","name":"PE - AFOGADOS DA INGAZEIRA","tipo":"Munic\u00edpio","url":"\/dashboard\/details-assets\/f96dc4c5-6f7b-4098-9b64-4f9fe45edd07"},"geometry":{"type":"Point","coordinates":[-37.637686,-7.748328]}},{"type":"Feature","properties":{"municipio":"de218cfc-529d-45ef-a3b2-0e90eab0c699","title":"PE - AFRANIO","name":"PE - AFRANIO","tipo":"Munic\u00edpio","url":"\/dashboard\/details-assets\/de218cfc-529d-45ef-a3b2-0e90eab0c699"},"geometry":{"type":"Point","coordinates":[-41.005797,-8.511091]}},{"type":"Feature","properties":{"municipio":"ab1f2e7b-f765-4cc7-b9e4-819e84248c10","title":"PE - ABREU E LIMA","name":"PE - ABREU E LIMA","tipo":"Munic\u00edpio","url":"\/dashboard\/details-assets\/ab1f2e7b-f765-4cc7-b9e4-819e84248c10"},"geometry":{"type":"Point","coordinates":[-34.898709,-7.901149]}},{"type":"Feature","properties":{"municipio":"50b351f1-98b6-4aea-817e-09143daa4aad","title":"PB - UIRAUNA","name":"PB - UIRAUNA","tipo":"Munic\u00edpio","url":"\/dashboard\/details-assets\/50b351f1-98b6-4aea-817e-09143daa4aad"},"geometry":{"type":"Point","coordinates":[-38.407027,-6.524927]}},{"type":"Feature","properties":{"municipio":"cdd01d73-7c7b-4bd4-b065-527c6210acc0","title":"PB - TAVARES","name":"PB - TAVARES","tipo":"Munic\u00edpio","url":"\/dashboard\/details-assets\/cdd01d73-7c7b-4bd4-b065-527c6210acc0"},"geometry":{"type":"Point","coordinates":[-37.870667,-7.640901]}},{"type":"Feature","properties":{"municipio":"8a9955d2-f726-4bf0-8a70-7969474e13ad","title":"PB - TAPEROA","name":"PB - TAPEROA","tipo":"Munic\u00edpio","url":"\/dashboard\/details-assets\/8a9955d2-f726-4bf0-8a70-7969474e13ad"},"geometry":{"type":"Point","coordinates":[-36.824963,-7.210242]}},{"type":"Feature","properties":{"municipio":"b86f2ee1-4874-41d5-8ead-d87b0efc7a5f","title":"PB - SUME","name":"PB - SUME","tipo":"Munic\u00edpio","url":"\/dashboard\/details-assets\/b86f2ee1-4874-41d5-8ead-d87b0efc7a5f"},"geometry":{"type":"Point","coordinates":[-36.880276,-7.671054]}},{"type":"Feature","properties":{"municipio":"b4abff72-9d08-4830-ba6d-aac4232f6046","title":"PB - SOUSA","name":"PB - SOUSA","tipo":"Munic\u00edpio","url":"\/dashboard\/details-assets\/b4abff72-9d08-4830-ba6d-aac4232f6046"},"geometry":{"type":"Point","coordinates":[-38.229605,-6.763378]}},{"type":"Feature","properties":{"municipio":"40fb8610-d048-4ab6-b9bc-3447f06ce020","title":"PB - SOLEDADE","name":"PB - SOLEDADE","tipo":"Munic\u00edpio","url":"\/dashboard\/details-assets\/40fb8610-d048-4ab6-b9bc-3447f06ce020"},"geometry":{"type":"Point","coordinates":[-36.353544,-7.087055]}},{"type":"Feature","properties":{"municipio":"89145de5-3857-45d2-b4ea-0e56d419cf7d","title":"PB - SOLANEA","name":"PB - SOLANEA","tipo":"Munic\u00edpio","url":"\/dashboard\/details-assets\/89145de5-3857-45d2-b4ea-0e56d419cf7d"},"geometry":{"type":"Point","coordinates":[-35.656158,-6.759897]}},{"type":"Feature","properties":{"municipio":"30adf54e-b7ec-4955-aa22-2490b362db35","title":"PB - SAO VICENTE DO SERIDO","name":"PB - SAO VICENTE DO SERIDO","tipo":"Munic\u00edpio","url":"\/dashboard\/details-assets\/30adf54e-b7ec-4955-aa22-2490b362db35"},"geometry":{"type":"Point","coordinates":[-36.418595,-6.929252]}},{"type":"Feature","properties":{"municipio":"3b6df515-fb75-417d-aa3c-48b4dd8a076a","title":"PB - SAPE","name":"PB - SAPE","tipo":"Munic\u00edpio","url":"\/dashboard\/details-assets\/3b6df515-fb75-417d-aa3c-48b4dd8a076a"},"geometry":{"type":"Point","coordinates":[-35.230433,-7.087111]}},{"type":"Feature","properties":{"municipio":"800f5c63-f21f-4ae0-bd0d-ad34734e4be2","title":"PB - SAO SEBASTIAO DE LAGOA DE ROCA","name":"PB - SAO SEBASTIAO DE LAGOA DE ROCA","tipo":"Munic\u00edpio","url":"\/dashboard\/details-assets\/800f5c63-f21f-4ae0-bd0d-ad34734e4be2"},"geometry":{"type":"Point","coordinates":[-35.867767,-7.105027]}},{"type":"Feature","properties":{"municipio":"f88560f9-0288-4407-8693-970da73dbd28","title":"PB - SAO BENTO","name":"PB - SAO BENTO","tipo":"Munic\u00edpio","url":"\/dashboard\/details-assets\/f88560f9-0288-4407-8693-970da73dbd28"},"geometry":{"type":"Point","coordinates":[-37.4525,-6.480432]}},{"type":"Feature","properties":{"municipio":"52ae8686-f17b-464a-81f3-8a57f489ec4b","title":"PB - SAO JOSE DE PIRANHAS","name":"PB - SAO JOSE DE PIRANHAS","tipo":"Munic\u00edpio","url":"\/dashboard\/details-assets\/52ae8686-f17b-464a-81f3-8a57f489ec4b"},"geometry":{"type":"Point","coordinates":[-38.499068,-7.119035]}},{"type":"Feature","properties":{"municipio":"d6fa2089-543b-4844-a9aa-6e21dcde7530","title":"PB - SANTA RITA","name":"PB - SANTA RITA","tipo":"Munic\u00edpio","url":"\/dashboard\/details-assets\/d6fa2089-543b-4844-a9aa-6e21dcde7530"},"geometry":{"type":"Point","coordinates":[-34.966235,-7.135868]}},{"type":"Feature","properties":{"municipio":"10d6a97d-52f4-46fe-a45e-a2f93a6c2ef4","title":"PB - RIO TINTO","name":"PB - RIO TINTO","tipo":"Munic\u00edpio","url":"\/dashboard\/details-assets\/10d6a97d-52f4-46fe-a45e-a2f93a6c2ef4"},"geometry":{"type":"Point","coordinates":[-35.078852,-6.808448]}},{"type":"Feature","properties":{"municipio":"44cd9891-ff00-4996-869f-72b79efba79a","title":"PB - SANTA LUZIA","name":"PB - SANTA LUZIA","tipo":"Munic\u00edpio","url":"\/dashboard\/details-assets\/44cd9891-ff00-4996-869f-72b79efba79a"},"geometry":{"type":"Point","coordinates":[-36.925263,-6.83917]}},{"type":"Feature","properties":{"municipio":"27a241c7-8ffb-48f4-ae53-6080046b91cc","title":"PB - REMIGIO","name":"PB - REMIGIO","tipo":"Munic\u00edpio","url":"\/dashboard\/details-assets\/27a241c7-8ffb-48f4-ae53-6080046b91cc"},"geometry":{"type":"Point","coordinates":[-35.793804,-6.967144]}},{"type":"Feature","properties":{"municipio":"be27b8b2-b925-4e15-bb27-ab652b8d0976","title":"PB - QUEIMADAS","name":"PB - QUEIMADAS","tipo":"Munic\u00edpio","url":"\/dashboard\/details-assets\/be27b8b2-b925-4e15-bb27-ab652b8d0976"},"geometry":{"type":"Point","coordinates":[-35.902741,-7.348847]}},{"type":"Feature","properties":{"municipio":"c24929d4-c234-46ec-acb0-2a218a62a75f","title":"PB - PRINCESA ISABEL","name":"PB - PRINCESA ISABEL","tipo":"Munic\u00edpio","url":"\/dashboard\/details-assets\/c24929d4-c234-46ec-acb0-2a218a62a75f"},"geometry":{"type":"Point","coordinates":[-37.991699,-7.736212]}},{"type":"Feature","properties":{"municipio":"35de2220-1046-4902-a29c-09d1d4e04c25","title":"PB - POMBAL","name":"PB - POMBAL","tipo":"Munic\u00edpio","url":"\/dashboard\/details-assets\/35de2220-1046-4902-a29c-09d1d4e04c25"},"geometry":{"type":"Point","coordinates":[-37.798267,-6.769855]}},{"type":"Feature","properties":{"municipio":"9f921cf3-a6a7-4136-b743-cfd28087f2cb","title":"PB - POCINHOS","name":"PB - POCINHOS","tipo":"Munic\u00edpio","url":"\/dashboard\/details-assets\/9f921cf3-a6a7-4136-b743-cfd28087f2cb"},"geometry":{"type":"Point","coordinates":[-36.059603,-7.073914]}},{"type":"Feature","properties":{"municipio":"905b1641-a2f8-485e-8c75-9592e2a4cf68","title":"PB - PICUI","name":"PB - PICUI","tipo":"Munic\u00edpio","url":"\/dashboard\/details-assets\/905b1641-a2f8-485e-8c75-9592e2a4cf68"},"geometry":{"type":"Point","coordinates":[-36.347046,-6.510136]}},{"type":"Feature","properties":{"municipio":"64dd4934-1e71-46c1-b151-9d47457462eb","title":"PB - PATOS","name":"PB - PATOS","tipo":"Munic\u00edpio","url":"\/dashboard\/details-assets\/64dd4934-1e71-46c1-b151-9d47457462eb"},"geometry":{"type":"Point","coordinates":[-37.276913,-7.024492]}},{"type":"Feature","properties":{"municipio":"f2cd4915-0952-4fea-aa60-4c0e2ba90ee0","title":"PB - PIANCO","name":"PB - PIANCO","tipo":"Munic\u00edpio","url":"\/dashboard\/details-assets\/f2cd4915-0952-4fea-aa60-4c0e2ba90ee0"},"geometry":{"type":"Point","coordinates":[-37.926519,-7.19257]}},{"type":"Feature","properties":{"municipio":"e19c3a8a-15ad-4e58-a840-e4bc8af5f7b6","title":"PB - MONTEIRO","name":"PB - MONTEIRO","tipo":"Munic\u00edpio","url":"\/dashboard\/details-assets\/e19c3a8a-15ad-4e58-a840-e4bc8af5f7b6"},"geometry":{"type":"Point","coordinates":[-37.122681,-7.892217]}},{"type":"Feature","properties":{"municipio":"01a28bb7-0a7e-4311-93a7-168a173920af","title":"PB - MARI","name":"PB - MARI","tipo":"Munic\u00edpio","url":"\/dashboard\/details-assets\/01a28bb7-0a7e-4311-93a7-168a173920af"},"geometry":{"type":"Point","coordinates":[-35.318542,-7.056384]}},{"type":"Feature","properties":{"municipio":"dad8a15d-d0ac-43bd-8d07-a2b8e4cc54b9","title":"PB - MAMANGUAPE","name":"PB - MAMANGUAPE","tipo":"Munic\u00edpio","url":"\/dashboard\/details-assets\/dad8a15d-d0ac-43bd-8d07-a2b8e4cc54b9"},"geometry":{"type":"Point","coordinates":[-35.123893,-6.833715]}},{"type":"Feature","properties":{"municipio":"697480ad-455c-4465-9707-2db5d8312df3","title":"PB - JUAZEIRINHO","name":"PB - JUAZEIRINHO","tipo":"Munic\u00edpio","url":"\/dashboard\/details-assets\/697480ad-455c-4465-9707-2db5d8312df3"},"geometry":{"type":"Point","coordinates":[-36.577059,-7.068667]}},{"type":"Feature","properties":{"municipio":"ed93891f-f815-458f-819b-8b0e66720a6c","title":"PB - JOAO PESSOA","name":"PB - JOAO PESSOA","tipo":"Munic\u00edpio","url":"\/dashboard\/details-assets\/ed93891f-f815-458f-819b-8b0e66720a6c"},"geometry":{"type":"Point","coordinates":[-34.873385,-7.149382]}},{"type":"Feature","properties":{"municipio":"11dd66fd-525e-4603-ab62-cfe659f42549","title":"PB - JACARAU","name":"PB - JACARAU","tipo":"Munic\u00edpio","url":"\/dashboard\/details-assets\/11dd66fd-525e-4603-ab62-cfe659f42549"},"geometry":{"type":"Point","coordinates":[-35.291112,-6.615057]}},{"type":"Feature","properties":{"municipio":"fda250f0-5d7b-4038-b0a3-f71431381231","title":"PB - ITAPOROROCA","name":"PB - ITAPOROROCA","tipo":"Munic\u00edpio","url":"\/dashboard\/details-assets\/fda250f0-5d7b-4038-b0a3-f71431381231"},"geometry":{"type":"Point","coordinates":[-35.246296,-6.82992]}},{"type":"Feature","properties":{"municipio":"fa76a73f-9825-49d8-b3ff-02af61af5b37","title":"PB - ITAPORANGA","name":"PB - ITAPORANGA","tipo":"Munic\u00edpio","url":"\/dashboard\/details-assets\/fa76a73f-9825-49d8-b3ff-02af61af5b37"},"geometry":{"type":"Point","coordinates":[-49.484396,-23.7035]}},{"type":"Feature","properties":{"municipio":"48844315-ebd6-484f-8e91-76219e3b185e","title":"PB - ITABAIANA","name":"PB - ITABAIANA","tipo":"Munic\u00edpio","url":"\/dashboard\/details-assets\/48844315-ebd6-484f-8e91-76219e3b185e"},"geometry":{"type":"Point","coordinates":[-37.426861,-10.685716]}},{"type":"Feature","properties":{"municipio":"4997bfe4-b978-4f62-963d-a1c274b78c58","title":"PB - INGA","name":"PB - INGA","tipo":"Munic\u00edpio","url":"\/dashboard\/details-assets\/4997bfe4-b978-4f62-963d-a1c274b78c58"},"geometry":{"type":"Point","coordinates":[-35.617689,-7.295027]}},{"type":"Feature","properties":{"municipio":"f7171429-64a2-4c58-be82-5af021dd98b7","title":"PB - GUARABIRA","name":"PB - GUARABIRA","tipo":"Munic\u00edpio","url":"\/dashboard\/details-assets\/f7171429-64a2-4c58-be82-5af021dd98b7"},"geometry":{"type":"Point","coordinates":[-35.489965,-6.852715]}},{"type":"Feature","properties":{"municipio":"4ece3315-ecd5-46bf-8083-d4bbabf9994e","title":"PB - ESPERANCA","name":"PB - ESPERANCA","tipo":"Munic\u00edpio","url":"\/dashboard\/details-assets\/4ece3315-ecd5-46bf-8083-d4bbabf9994e"},"geometry":{"type":"Point","coordinates":[-35.858593,-7.020685]}},{"type":"Feature","properties":{"municipio":"62c7193c-ff8d-43e2-aa3c-242f262264bf","title":"PB - DIAMANTE","name":"PB - DIAMANTE","tipo":"Munic\u00edpio","url":"\/dashboard\/details-assets\/62c7193c-ff8d-43e2-aa3c-242f262264bf"},"geometry":{"type":"Point","coordinates":[-38.265044,-7.423583]}},{"type":"Feature","properties":{"municipio":"5cacbe95-c50e-41fd-be8c-c7d495710879","title":"PB - CUITE","name":"PB - CUITE","tipo":"Munic\u00edpio","url":"\/dashboard\/details-assets\/5cacbe95-c50e-41fd-be8c-c7d495710879"},"geometry":{"type":"Point","coordinates":[-36.153208,-6.485555]}},{"type":"Feature","properties":{"municipio":"a823d230-8c62-4194-9d87-691f8abe54b9","title":"PB - CONCEICAO","name":"PB - CONCEICAO","tipo":"Munic\u00edpio","url":"\/dashboard\/details-assets\/a823d230-8c62-4194-9d87-691f8abe54b9"},"geometry":{"type":"Point","coordinates":[-38.509158,-7.560225]}},{"type":"Feature","properties":{"municipio":"1abfc15d-10dc-40a9-8d6a-26c3d8711a42","title":"PB - CATOLE DO ROCHA","name":"PB - CATOLE DO ROCHA","tipo":"Munic\u00edpio","url":"\/dashboard\/details-assets\/1abfc15d-10dc-40a9-8d6a-26c3d8711a42"},"geometry":{"type":"Point","coordinates":[-37.7485,-6.346753]}},{"type":"Feature","properties":{"municipio":"35e571f2-adfc-402d-a6b5-581cbbc8dd18","title":"PB - CAJAZEIRAS","name":"PB - CAJAZEIRAS","tipo":"Munic\u00edpio","url":"\/dashboard\/details-assets\/35e571f2-adfc-402d-a6b5-581cbbc8dd18"},"geometry":{"type":"Point","coordinates":[-38.56053,-6.890464]}},{"type":"Feature","properties":{"municipio":"8894f5c4-533e-4272-acaf-37270666ba33","title":"PB - CAMPINA GRANDE","name":"PB - CAMPINA GRANDE","tipo":"Munic\u00edpio","url":"\/dashboard\/details-assets\/8894f5c4-533e-4272-acaf-37270666ba33"},"geometry":{"type":"Point","coordinates":[-35.883859,-7.221497]}},{"type":"Feature","properties":{"municipio":"9a8b83fd-554f-42e0-a071-af6da589224d","title":"PB - CACIMBA DE DENTRO","name":"PB - CACIMBA DE DENTRO","tipo":"Munic\u00edpio","url":"\/dashboard\/details-assets\/9a8b83fd-554f-42e0-a071-af6da589224d"},"geometry":{"type":"Point","coordinates":[-35.792737,-6.641819]}},{"type":"Feature","properties":{"municipio":"3483cf01-e6bc-4afb-8f00-3f6d6cd2a2f9","title":"PB - CABEDELO","name":"PB - CABEDELO","tipo":"Munic\u00edpio","url":"\/dashboard\/details-assets\/3483cf01-e6bc-4afb-8f00-3f6d6cd2a2f9"},"geometry":{"type":"Point","coordinates":[-34.83943,-6.966983]}},{"type":"Feature","properties":{"municipio":"33ebcd0c-4d78-4b09-9fac-0fa53f0f39f9","title":"PB - BOQUEIRAO","name":"PB - BOQUEIRAO","tipo":"Munic\u00edpio","url":"\/dashboard\/details-assets\/33ebcd0c-4d78-4b09-9fac-0fa53f0f39f9"},"geometry":{"type":"Point","coordinates":[-36.133405,-7.482648]}},{"type":"Feature","properties":{"municipio":"c7ce48c0-757d-44a1-8d60-94f937ee1da1","title":"PB - CAAPORA","name":"PB - CAAPORA","tipo":"Munic\u00edpio","url":"\/dashboard\/details-assets\/c7ce48c0-757d-44a1-8d60-94f937ee1da1"},"geometry":{"type":"Point","coordinates":[-34.91785,-7.514288]}},{"type":"Feature","properties":{"municipio":"694d9007-e2c1-4563-a07b-66ce3ae854ac","title":"PB - BAYEUX","name":"PB - BAYEUX","tipo":"Munic\u00edpio","url":"\/dashboard\/details-assets\/694d9007-e2c1-4563-a07b-66ce3ae854ac"},"geometry":{"type":"Point","coordinates":[-34.929186,-7.132276]}},{"type":"Feature","properties":{"municipio":"6f31e3db-f791-4ac6-93a7-38401d823687","title":"PB - BANANEIRAS","name":"PB - BANANEIRAS","tipo":"Munic\u00edpio","url":"\/dashboard\/details-assets\/6f31e3db-f791-4ac6-93a7-38401d823687"},"geometry":{"type":"Point","coordinates":[-35.6316,-6.749637]}},{"type":"Feature","properties":{"municipio":"26f108f2-d7c5-474a-ac17-af023833009e","title":"PB - AROEIRAS","name":"PB - AROEIRAS","tipo":"Munic\u00edpio","url":"\/dashboard\/details-assets\/26f108f2-d7c5-474a-ac17-af023833009e"},"geometry":{"type":"Point","coordinates":[-35.715593,-7.548462]}},{"type":"Feature","properties":{"municipio":"120b036c-d2c1-4134-8c7c-d6c822b85b8d","title":"PB - AREIA","name":"PB - AREIA","tipo":"Munic\u00edpio","url":"\/dashboard\/details-assets\/120b036c-d2c1-4134-8c7c-d6c822b85b8d"},"geometry":{"type":"Point","coordinates":[-35.703391,-6.965515]}},{"type":"Feature","properties":{"municipio":"3e2dfcc5-a22f-4bc5-a66a-38730bc8b9fe","title":"PB - ARARUNA","name":"PB - ARARUNA","tipo":"Munic\u00edpio","url":"\/dashboard\/details-assets\/3e2dfcc5-a22f-4bc5-a66a-38730bc8b9fe"},"geometry":{"type":"Point","coordinates":[-35.75249,-6.529736]}},{"type":"Feature","properties":{"municipio":"335b70db-9a1f-4ce9-a408-eb8f49ca5aae","title":"PB - SAO JOAO DO RIO DO PEIXE","name":"PB - SAO JOAO DO RIO DO PEIXE","tipo":"Munic\u00edpio","url":"\/dashboard\/details-assets\/335b70db-9a1f-4ce9-a408-eb8f49ca5aae"},"geometry":{"type":"Point","coordinates":[-38.445454,-6.734431]}},{"type":"Feature","properties":{"municipio":"f3f61800-e42f-4805-9cae-578ed0cb1076","title":"PB - ALHANDRA","name":"PB - ALHANDRA","tipo":"Munic\u00edpio","url":"\/dashboard\/details-assets\/f3f61800-e42f-4805-9cae-578ed0cb1076"},"geometry":{"type":"Point","coordinates":[-34.91148,-7.43477]}},{"type":"Feature","properties":{"municipio":"228f334b-3e55-489f-b762-b4e45a090db9","title":"PB - ALAGOINHA","name":"PB - ALAGOINHA","tipo":"Munic\u00edpio","url":"\/dashboard\/details-assets\/228f334b-3e55-489f-b762-b4e45a090db9"},"geometry":{"type":"Point","coordinates":[-35.534491,-6.93493]}},{"type":"Feature","properties":{"municipio":"8fc8d667-4fca-4800-b5a9-ea9ff815ea34","title":"PB - ALAGOA NOVA","name":"PB - ALAGOA NOVA","tipo":"Munic\u00edpio","url":"\/dashboard\/details-assets\/8fc8d667-4fca-4800-b5a9-ea9ff815ea34"},"geometry":{"type":"Point","coordinates":[-35.759457,-7.057799]}},{"type":"Feature","properties":{"municipio":"51ef695a-921f-4201-be3e-c86c79de5634","title":"PB - ALAGOA GRANDE","name":"PB - ALAGOA GRANDE","tipo":"Munic\u00edpio","url":"\/dashboard\/details-assets\/51ef695a-921f-4201-be3e-c86c79de5634"},"geometry":{"type":"Point","coordinates":[-35.633892,-7.036775]}},{"type":"Feature","properties":{"municipio":"ceb5b560-98d7-41cc-b2c2-cf8537c09d5a","title":"PA - XINGUARA","name":"PA - XINGUARA","tipo":"Munic\u00edpio","url":"\/dashboard\/details-assets\/ceb5b560-98d7-41cc-b2c2-cf8537c09d5a"},"geometry":{"type":"Point","coordinates":[-49.942701,-7.101513]}},{"type":"Feature","properties":{"municipio":"137dd39a-32b1-40cb-9fd5-d46d0a48afcc","title":"PA - VITORIA DO XINGU","name":"PA - VITORIA DO XINGU","tipo":"Munic\u00edpio","url":"\/dashboard\/details-assets\/137dd39a-32b1-40cb-9fd5-d46d0a48afcc"},"geometry":{"type":"Point","coordinates":[-52.01,-2.88]}},{"type":"Feature","properties":{"municipio":"b1799799-53eb-4e8a-9a72-db57d6feb3dd","title":"PA - VISEU","name":"PA - VISEU","tipo":"Munic\u00edpio","url":"\/dashboard\/details-assets\/b1799799-53eb-4e8a-9a72-db57d6feb3dd"},"geometry":{"type":"Point","coordinates":[-46.138131,-1.204403]}},{"type":"Feature","properties":{"municipio":"01ffba2c-0ef6-4e35-8680-80899f5c5ef0","title":"PA - URUARA","name":"PA - URUARA","tipo":"Munic\u00edpio","url":"\/dashboard\/details-assets\/01ffba2c-0ef6-4e35-8680-80899f5c5ef0"},"geometry":{"type":"Point","coordinates":[-53.737031,-3.706528]}},{"type":"Feature","properties":{"municipio":"a834c2c0-1ebe-41f5-8a16-87cc3b87bfac","title":"PA - VIGIA","name":"PA - VIGIA","tipo":"Munic\u00edpio","url":"\/dashboard\/details-assets\/a834c2c0-1ebe-41f5-8a16-87cc3b87bfac"},"geometry":{"type":"Point","coordinates":[-48.141499,-0.855533]}},{"type":"Feature","properties":{"municipio":"397e4302-47e9-4c82-8447-f10f63d356ea","title":"PA - TUCURUI","name":"PA - TUCURUI","tipo":"Munic\u00edpio","url":"\/dashboard\/details-assets\/397e4302-47e9-4c82-8447-f10f63d356ea"},"geometry":{"type":"Point","coordinates":[-49.667184,-3.766889]}},{"type":"Feature","properties":{"municipio":"0642bd33-d43e-4743-9b11-ddc2c8a581dd","title":"PA - TOMEACU","name":"PA - TOMEACU","tipo":"Munic\u00edpio","url":"\/dashboard\/details-assets\/0642bd33-d43e-4743-9b11-ddc2c8a581dd"},"geometry":{"type":"Point","coordinates":[-48.146897,-2.419367]}},{"type":"Feature","properties":{"municipio":"35002ef6-f883-43e1-a2c4-e731b143db54","title":"PA - TUCUMA","name":"PA - TUCUMA","tipo":"Munic\u00edpio","url":"\/dashboard\/details-assets\/35002ef6-f883-43e1-a2c4-e731b143db54"},"geometry":{"type":"Point","coordinates":[-51.139539,-6.749972]}},{"type":"Feature","properties":{"municipio":"7923d238-3dec-41d0-a1c1-ab54977da6c7","title":"PA - TAILANDIA","name":"PA - TAILANDIA","tipo":"Munic\u00edpio","url":"\/dashboard\/details-assets\/7923d238-3dec-41d0-a1c1-ab54977da6c7"},"geometry":{"type":"Point","coordinates":[-48.951282,-2.937079]}},{"type":"Feature","properties":{"municipio":"0c9f3f4d-6469-46ac-a98c-3284bd6c9d1f","title":"PA - SOURE","name":"PA - SOURE","tipo":"Munic\u00edpio","url":"\/dashboard\/details-assets\/0c9f3f4d-6469-46ac-a98c-3284bd6c9d1f"},"geometry":{"type":"Point","coordinates":[-48.516013,-0.725925]}},{"type":"Feature","properties":{"municipio":"6aeeac14-e444-40eb-b72c-6471c4845905","title":"PA - SENADOR JOSE PORFIRIO","name":"PA - SENADOR JOSE PORFIRIO","tipo":"Munic\u00edpio","url":"\/dashboard\/details-assets\/6aeeac14-e444-40eb-b72c-6471c4845905"},"geometry":{"type":"Point","coordinates":[-51.964,-2.591]}},{"type":"Feature","properties":{"municipio":"f78dfd10-2ffc-4c3c-add5-f1c934e94e78","title":"PA - SAO SEBASTIAO DA BOA VISTA","name":"PA - SAO SEBASTIAO DA BOA VISTA","tipo":"Munic\u00edpio","url":"\/dashboard\/details-assets\/f78dfd10-2ffc-4c3c-add5-f1c934e94e78"},"geometry":{"type":"Point","coordinates":[-49.531744,-1.71642]}},{"type":"Feature","properties":{"municipio":"315fca71-c119-40db-bfc4-40e6edacfd9f","title":"PA - SAO MIGUEL DO GUAMA","name":"PA - SAO MIGUEL DO GUAMA","tipo":"Munic\u00edpio","url":"\/dashboard\/details-assets\/315fca71-c119-40db-bfc4-40e6edacfd9f"},"geometry":{"type":"Point","coordinates":[-47.482409,-1.617136]}},{"type":"Feature","properties":{"municipio":"09f31369-0766-45b7-88c1-7d150159f16a","title":"PA - SAO GERALDO DO ARAGUAIA","name":"PA - SAO GERALDO DO ARAGUAIA","tipo":"Munic\u00edpio","url":"\/dashboard\/details-assets\/09f31369-0766-45b7-88c1-7d150159f16a"},"geometry":{"type":"Point","coordinates":[-48.555712,-6.398958]}},{"type":"Feature","properties":{"municipio":"eb2e1f0d-6314-4ce7-a0ae-532da6eada47","title":"PA - SAO FELIX DO XINGU","name":"PA - SAO FELIX DO XINGU","tipo":"Munic\u00edpio","url":"\/dashboard\/details-assets\/eb2e1f0d-6314-4ce7-a0ae-532da6eada47"},"geometry":{"type":"Point","coordinates":[-51.993783,-6.642483]}},{"type":"Feature","properties":{"municipio":"c8cf37e4-52ac-44ec-948f-7cc1b2aa7810","title":"PA - SANTAREM","name":"PA - SANTAREM","tipo":"Munic\u00edpio","url":"\/dashboard\/details-assets\/c8cf37e4-52ac-44ec-948f-7cc1b2aa7810"},"geometry":{"type":"Point","coordinates":[-54.71857,-2.436213]}},{"type":"Feature","properties":{"municipio":"acd1a1ce-5394-45a1-9d0d-95356b12a525","title":"PA - SAO DOMINGOS DO CAPIM","name":"PA - SAO DOMINGOS DO CAPIM","tipo":"Munic\u00edpio","url":"\/dashboard\/details-assets\/acd1a1ce-5394-45a1-9d0d-95356b12a525"},"geometry":{"type":"Point","coordinates":[-47.774785,-1.675814]}},{"type":"Feature","properties":{"municipio":"fe5272f7-836f-4e77-ab86-43dbc5993436","title":"PA - SANTANA DO ARAGUAIA","name":"PA - SANTANA DO ARAGUAIA","tipo":"Munic\u00edpio","url":"\/dashboard\/details-assets\/fe5272f7-836f-4e77-ab86-43dbc5993436"},"geometry":{"type":"Point","coordinates":[-50.341385,-9.336623]}},{"type":"Feature","properties":{"municipio":"e614e909-e394-4992-b8af-8a5d35ad501c","title":"PA - SANTA IZABEL DO PARA","name":"PA - SANTA IZABEL DO PARA","tipo":"Munic\u00edpio","url":"\/dashboard\/details-assets\/e614e909-e394-4992-b8af-8a5d35ad501c"},"geometry":{"type":"Point","coordinates":[-48.16306,-1.297396]}},{"type":"Feature","properties":{"municipio":"4a5b8d6a-073e-466e-975d-b4b014b01d14","title":"PA - SALVATERRA","name":"PA - SALVATERRA","tipo":"Munic\u00edpio","url":"\/dashboard\/details-assets\/4a5b8d6a-073e-466e-975d-b4b014b01d14"},"geometry":{"type":"Point","coordinates":[-48.51545,-0.75633]}},{"type":"Feature","properties":{"municipio":"6c5bbb06-1c5a-486a-bd01-da78637edf99","title":"PA - SALINOPOLIS","name":"PA - SALINOPOLIS","tipo":"Munic\u00edpio","url":"\/dashboard\/details-assets\/6c5bbb06-1c5a-486a-bd01-da78637edf99"},"geometry":{"type":"Point","coordinates":[-47.35312,-0.623638]}},{"type":"Feature","properties":{"municipio":"7fd533ed-4486-4b63-b649-c6ae82097945","title":"PA - RUROPOLIS","name":"PA - RUROPOLIS","tipo":"Munic\u00edpio","url":"\/dashboard\/details-assets\/7fd533ed-4486-4b63-b649-c6ae82097945"},"geometry":{"type":"Point","coordinates":[-54.905862,-4.099065]}},{"type":"Feature","properties":{"municipio":"8adfeae0-f28b-4bda-bc63-342a887d1743","title":"PA - RONDON DO PARA","name":"PA - RONDON DO PARA","tipo":"Munic\u00edpio","url":"\/dashboard\/details-assets\/8adfeae0-f28b-4bda-bc63-342a887d1743"},"geometry":{"type":"Point","coordinates":[-48.069974,-4.777822]}},{"type":"Feature","properties":{"municipio":"0c827c32-58e7-4e70-8f4f-cd96c6234ee8","title":"PA - REDENCAO","name":"PA - REDENCAO","tipo":"Munic\u00edpio","url":"\/dashboard\/details-assets\/0c827c32-58e7-4e70-8f4f-cd96c6234ee8"},"geometry":{"type":"Point","coordinates":[-50.029642,-8.027604]}},{"type":"Feature","properties":{"municipio":"4610c2dd-becf-4a88-95bf-9fa29f06b962","title":"PA - PRAINHA","name":"PA - PRAINHA","tipo":"Munic\u00edpio","url":"\/dashboard\/details-assets\/4610c2dd-becf-4a88-95bf-9fa29f06b962"},"geometry":{"type":"Point","coordinates":[-53.481814,-1.805694]}},{"type":"Feature","properties":{"municipio":"fb00957b-15e5-497c-85a4-0c3c38d1721f","title":"PA - PORTO DE MOZ","name":"PA - PORTO DE MOZ","tipo":"Munic\u00edpio","url":"\/dashboard\/details-assets\/fb00957b-15e5-497c-85a4-0c3c38d1721f"},"geometry":{"type":"Point","coordinates":[-52.216003,-1.730534]}},{"type":"Feature","properties":{"municipio":"2e000e7e-d236-4f5e-87f6-8684d6f48fe8","title":"PA - PORTEL","name":"PA - PORTEL","tipo":"Munic\u00edpio","url":"\/dashboard\/details-assets\/2e000e7e-d236-4f5e-87f6-8684d6f48fe8"},"geometry":{"type":"Point","coordinates":[-50.82249,-1.936451]}},{"type":"Feature","properties":{"municipio":"1d8c8bf3-b308-46a9-b87f-5bb8e52ebd36","title":"PA - PONTA DE PEDRAS","name":"PA - PONTA DE PEDRAS","tipo":"Munic\u00edpio","url":"\/dashboard\/details-assets\/1d8c8bf3-b308-46a9-b87f-5bb8e52ebd36"},"geometry":{"type":"Point","coordinates":[-48.871786,-1.3966]}},{"type":"Feature","properties":{"municipio":"34155771-c463-4246-ac2a-6b3fed875aec","title":"PA - PARAUAPEBAS","name":"PA - PARAUAPEBAS","tipo":"Munic\u00edpio","url":"\/dashboard\/details-assets\/34155771-c463-4246-ac2a-6b3fed875aec"},"geometry":{"type":"Point","coordinates":[-49.900781,-6.07273]}},{"type":"Feature","properties":{"municipio":"e8ea4174-6362-484d-a024-498d69714a7a","title":"PA - PARAGOMINAS","name":"PA - PARAGOMINAS","tipo":"Munic\u00edpio","url":"\/dashboard\/details-assets\/e8ea4174-6362-484d-a024-498d69714a7a"},"geometry":{"type":"Point","coordinates":[-47.356962,-2.99419]}},{"type":"Feature","properties":{"municipio":"00c3d968-7996-4194-8f49-8453f663709f","title":"PA - PACAJA","name":"PA - PACAJA","tipo":"Munic\u00edpio","url":"\/dashboard\/details-assets\/00c3d968-7996-4194-8f49-8453f663709f"},"geometry":{"type":"Point","coordinates":[-50.634841,-3.830306]}},{"type":"Feature","properties":{"municipio":"cbf698bc-4041-4317-a70a-942ec350ef16","title":"PA - OUREM","name":"PA - OUREM","tipo":"Munic\u00edpio","url":"\/dashboard\/details-assets\/cbf698bc-4041-4317-a70a-942ec350ef16"},"geometry":{"type":"Point","coordinates":[-47.11669,-1.548839]}},{"type":"Feature","properties":{"municipio":"b04f6bc0-22bd-4876-8b7d-4fe854695cc6","title":"PA - ORIXIMINA","name":"PA - ORIXIMINA","tipo":"Munic\u00edpio","url":"\/dashboard\/details-assets\/b04f6bc0-22bd-4876-8b7d-4fe854695cc6"},"geometry":{"type":"Point","coordinates":[-55.8628,-1.763753]}},{"type":"Feature","properties":{"municipio":"e815feb1-9c85-47ee-9b84-95e0bc603e0f","title":"PA - OBIDOS","name":"PA - OBIDOS","tipo":"Munic\u00edpio","url":"\/dashboard\/details-assets\/e815feb1-9c85-47ee-9b84-95e0bc603e0f"},"geometry":{"type":"Point","coordinates":[-55.516324,-1.909235]}},{"type":"Feature","properties":{"municipio":"63608d5f-a9e9-4241-98ae-6d9799db1446","title":"PA - OEIRAS DO PARA","name":"PA - OEIRAS DO PARA","tipo":"Munic\u00edpio","url":"\/dashboard\/details-assets\/63608d5f-a9e9-4241-98ae-6d9799db1446"},"geometry":{"type":"Point","coordinates":[-49.855106,-2.004734]}},{"type":"Feature","properties":{"municipio":"4b984ad3-cbf8-4622-bb4f-339fe77ca891","title":"PA - NOVO REPARTIMENTO","name":"PA - NOVO REPARTIMENTO","tipo":"Munic\u00edpio","url":"\/dashboard\/details-assets\/4b984ad3-cbf8-4622-bb4f-339fe77ca891"},"geometry":{"type":"Point","coordinates":[-49.948638,-4.248148]}},{"type":"Feature","properties":{"municipio":"d23d9386-9337-4922-9d51-5112a6b72db4","title":"PA - NOVO PROGRESSO","name":"PA - NOVO PROGRESSO","tipo":"Munic\u00edpio","url":"\/dashboard\/details-assets\/d23d9386-9337-4922-9d51-5112a6b72db4"},"geometry":{"type":"Point","coordinates":[-55.41987,-7.034836]}},{"type":"Feature","properties":{"municipio":"6996012e-008a-47b6-8c7a-b6ef95d2a517","title":"PA - NOVA ESPERANCA DO PIRIA","name":"PA - NOVA ESPERANCA DO PIRIA","tipo":"Munic\u00edpio","url":"\/dashboard\/details-assets\/6996012e-008a-47b6-8c7a-b6ef95d2a517"},"geometry":{"type":"Point","coordinates":[-46.9658,-2.26889]}},{"type":"Feature","properties":{"municipio":"dfb0c80b-a77b-4120-abd9-58db16db550c","title":"PA - MUANA","name":"PA - MUANA","tipo":"Munic\u00edpio","url":"\/dashboard\/details-assets\/dfb0c80b-a77b-4120-abd9-58db16db550c"},"geometry":{"type":"Point","coordinates":[-49.22788,-1.534887]}},{"type":"Feature","properties":{"municipio":"65519dd6-8cf0-4863-ab71-2870281424d7","title":"PA - MONTE ALEGRE","name":"PA - MONTE ALEGRE","tipo":"Munic\u00edpio","url":"\/dashboard\/details-assets\/65519dd6-8cf0-4863-ab71-2870281424d7"},"geometry":{"type":"Point","coordinates":[-54.073375,-2.003328]}},{"type":"Feature","properties":{"municipio":"9d96e7e4-9d91-4ede-b3fe-d407d8cfdf64","title":"PA - MOJU","name":"PA - MOJU","tipo":"Munic\u00edpio","url":"\/dashboard\/details-assets\/9d96e7e4-9d91-4ede-b3fe-d407d8cfdf64"},"geometry":{"type":"Point","coordinates":[-48.767199,-1.885889]}},{"type":"Feature","properties":{"municipio":"53aac4e7-ccdb-4b48-bdc6-60feecc9fc0b","title":"PA - MOCAJUBA","name":"PA - MOCAJUBA","tipo":"Munic\u00edpio","url":"\/dashboard\/details-assets\/53aac4e7-ccdb-4b48-bdc6-60feecc9fc0b"},"geometry":{"type":"Point","coordinates":[-49.509023,-2.582873]}},{"type":"Feature","properties":{"municipio":"614502cd-fabd-4988-bc31-8d3e916aec10","title":"PA - MELGACO","name":"PA - MELGACO","tipo":"Munic\u00edpio","url":"\/dashboard\/details-assets\/614502cd-fabd-4988-bc31-8d3e916aec10"},"geometry":{"type":"Point","coordinates":[-50.714623,-1.805456]}},{"type":"Feature","properties":{"municipio":"02288c29-47f7-4cd5-8506-1d8515691b2c","title":"PA - MARACANA","name":"PA - MARACANA","tipo":"Munic\u00edpio","url":"\/dashboard\/details-assets\/02288c29-47f7-4cd5-8506-1d8515691b2c"},"geometry":{"type":"Point","coordinates":[-47.453096,-0.765564]}},{"type":"Feature","properties":{"municipio":"5d9996dc-60d8-40b3-afaa-e3768169b5fc","title":"PA - MARITUBA","name":"PA - MARITUBA","tipo":"Munic\u00edpio","url":"\/dashboard\/details-assets\/5d9996dc-60d8-40b3-afaa-e3768169b5fc"},"geometry":{"type":"Point","coordinates":[-48.342487,-1.360378]}},{"type":"Feature","properties":{"municipio":"f78b8c7b-5fef-4a61-a975-540d347be260","title":"PA - MARABA","name":"PA - MARABA","tipo":"Munic\u00edpio","url":"\/dashboard\/details-assets\/f78b8c7b-5fef-4a61-a975-540d347be260"},"geometry":{"type":"Point","coordinates":[-49.142025,-5.352606]}},{"type":"Feature","properties":{"municipio":"3cfd69b0-207f-42d9-a3bf-6d14d378dad7","title":"PA - MAE DO RIO","name":"PA - MAE DO RIO","tipo":"Munic\u00edpio","url":"\/dashboard\/details-assets\/3cfd69b0-207f-42d9-a3bf-6d14d378dad7"},"geometry":{"type":"Point","coordinates":[-47.55229,-2.047707]}},{"type":"Feature","properties":{"municipio":"fceab74d-de54-45f7-9034-b169b810cb7e","title":"PA - JURUTI","name":"PA - JURUTI","tipo":"Munic\u00edpio","url":"\/dashboard\/details-assets\/fceab74d-de54-45f7-9034-b169b810cb7e"},"geometry":{"type":"Point","coordinates":[-56.094998,-2.155253]}},{"type":"Feature","properties":{"municipio":"6ab453bf-2485-4a32-b8b3-981d83350318","title":"PA - LIMOEIRO DO AJURU","name":"PA - LIMOEIRO DO AJURU","tipo":"Munic\u00edpio","url":"\/dashboard\/details-assets\/6ab453bf-2485-4a32-b8b3-981d83350318"},"geometry":{"type":"Point","coordinates":[-49.381534,-1.891948]}},{"type":"Feature","properties":{"municipio":"127ebad0-ac3a-4521-bca4-b42727208d66","title":"PA - JACUNDA","name":"PA - JACUNDA","tipo":"Munic\u00edpio","url":"\/dashboard\/details-assets\/127ebad0-ac3a-4521-bca4-b42727208d66"},"geometry":{"type":"Point","coordinates":[-49.112782,-4.448405]}},{"type":"Feature","properties":{"municipio":"f7ee6226-e55d-4601-a2b4-b42af79c8a80","title":"PA - ITUPIRANGA","name":"PA - ITUPIRANGA","tipo":"Munic\u00edpio","url":"\/dashboard\/details-assets\/f7ee6226-e55d-4601-a2b4-b42af79c8a80"},"geometry":{"type":"Point","coordinates":[-49.324426,-5.128837]}},{"type":"Feature","properties":{"municipio":"1a669a67-1965-4772-b566-a830a71e66f5","title":"PA - JACAREACANGA","name":"PA - JACAREACANGA","tipo":"Munic\u00edpio","url":"\/dashboard\/details-assets\/1a669a67-1965-4772-b566-a830a71e66f5"},"geometry":{"type":"Point","coordinates":[-57.752778,-6.2667]}},{"type":"Feature","properties":{"municipio":"5b0393d3-0fc7-4d84-bb86-61e3da281bbc","title":"PA - ITAITUBA","name":"PA - ITAITUBA","tipo":"Munic\u00edpio","url":"\/dashboard\/details-assets\/5b0393d3-0fc7-4d84-bb86-61e3da281bbc"},"geometry":{"type":"Point","coordinates":[-55.990049,-4.263729]}},{"type":"Feature","properties":{"municipio":"93fc33b0-4baf-4446-883b-521c14281190","title":"PA - IGARAPEACU","name":"PA - IGARAPEACU","tipo":"Munic\u00edpio","url":"\/dashboard\/details-assets\/93fc33b0-4baf-4446-883b-521c14281190"},"geometry":{"type":"Point","coordinates":[-47.622375,-1.124322]}},{"type":"Feature","properties":{"municipio":"6d18aa17-d225-41ae-9868-db1ef20b5ea5","title":"PA - IGARAPEMIRI","name":"PA - IGARAPEMIRI","tipo":"Munic\u00edpio","url":"\/dashboard\/details-assets\/6d18aa17-d225-41ae-9868-db1ef20b5ea5"},"geometry":{"type":"Point","coordinates":[-48.962299,-1.983116]}},{"type":"Feature","properties":{"municipio":"f680d99d-0fc1-4e88-951f-6c4fac56754b","title":"PA - GURUPA","name":"PA - GURUPA","tipo":"Munic\u00edpio","url":"\/dashboard\/details-assets\/f680d99d-0fc1-4e88-951f-6c4fac56754b"},"geometry":{"type":"Point","coordinates":[-51.64,-1.405]}},{"type":"Feature","properties":{"municipio":"d923dde7-d468-405f-8445-806ce5cad504","title":"PA - FLORESTA DO ARAGUAIA","name":"PA - FLORESTA DO ARAGUAIA","tipo":"Munic\u00edpio","url":"\/dashboard\/details-assets\/d923dde7-d468-405f-8445-806ce5cad504"},"geometry":{"type":"Point","coordinates":[-49.697578,-7.558701]}},{"type":"Feature","properties":{"municipio":"488eb891-fabd-404d-8317-4a319a31acdc","title":"PA - GOIANESIA DO PARA","name":"PA - GOIANESIA DO PARA","tipo":"Munic\u00edpio","url":"\/dashboard\/details-assets\/488eb891-fabd-404d-8317-4a319a31acdc"},"geometry":{"type":"Point","coordinates":[-49.101045,-3.842468]}},{"type":"Feature","properties":{"municipio":"412758ee-f5fa-4275-bc4a-948d45eb4b05","title":"PA - ELDORADO DO CARAJAS","name":"PA - ELDORADO DO CARAJAS","tipo":"Munic\u00edpio","url":"\/dashboard\/details-assets\/412758ee-f5fa-4275-bc4a-948d45eb4b05"},"geometry":{"type":"Point","coordinates":[-49.373952,-6.103525]}},{"type":"Feature","properties":{"municipio":"395d7d7f-8206-4e0f-928f-b36cbae9cad3","title":"PA - CURUCA","name":"PA - CURUCA","tipo":"Munic\u00edpio","url":"\/dashboard\/details-assets\/395d7d7f-8206-4e0f-928f-b36cbae9cad3"},"geometry":{"type":"Point","coordinates":[-47.851265,-0.732496]}},{"type":"Feature","properties":{"municipio":"276596e3-2469-482a-9ea3-e6fc85979510","title":"PA - DOM ELISEU","name":"PA - DOM ELISEU","tipo":"Munic\u00edpio","url":"\/dashboard\/details-assets\/276596e3-2469-482a-9ea3-e6fc85979510"},"geometry":{"type":"Point","coordinates":[-47.555915,-4.290778]}},{"type":"Feature","properties":{"municipio":"d7064378-a5bb-491d-a52c-24a2e025ab4d","title":"PA - CURRALINHO","name":"PA - CURRALINHO","tipo":"Munic\u00edpio","url":"\/dashboard\/details-assets\/d7064378-a5bb-491d-a52c-24a2e025ab4d"},"geometry":{"type":"Point","coordinates":[-49.801948,-1.810883]}},{"type":"Feature","properties":{"municipio":"94c876c7-e96f-4905-99dd-3b8459cb1b6b","title":"PA - CONCORDIA DO PARA","name":"PA - CONCORDIA DO PARA","tipo":"Munic\u00edpio","url":"\/dashboard\/details-assets\/94c876c7-e96f-4905-99dd-3b8459cb1b6b"},"geometry":{"type":"Point","coordinates":[-47.949887,-1.984521]}},{"type":"Feature","properties":{"municipio":"43b9e1d2-3475-4019-bb95-7747e55f2372","title":"PA - CONCEICAO DO ARAGUAIA","name":"PA - CONCEICAO DO ARAGUAIA","tipo":"Munic\u00edpio","url":"\/dashboard\/details-assets\/43b9e1d2-3475-4019-bb95-7747e55f2372"},"geometry":{"type":"Point","coordinates":[-49.264501,-8.264864]}},{"type":"Feature","properties":{"municipio":"ce97adc5-b038-47af-8af8-e6b957697a71","title":"PA - CHAVES","name":"PA - CHAVES","tipo":"Munic\u00edpio","url":"\/dashboard\/details-assets\/ce97adc5-b038-47af-8af8-e6b957697a71"},"geometry":{"type":"Point","coordinates":[-49.987778,-0.16]}},{"type":"Feature","properties":{"municipio":"0d1ccb73-2c63-4fa3-8fac-fa6b382a4518","title":"PA - CASTANHAL","name":"PA - CASTANHAL","tipo":"Munic\u00edpio","url":"\/dashboard\/details-assets\/0d1ccb73-2c63-4fa3-8fac-fa6b382a4518"},"geometry":{"type":"Point","coordinates":[-47.926643,-1.295757]}},{"type":"Feature","properties":{"municipio":"8f138c07-263f-47ba-b548-d2e833ba462b","title":"PA - CAPANEMA","name":"PA - CAPANEMA","tipo":"Munic\u00edpio","url":"\/dashboard\/details-assets\/8f138c07-263f-47ba-b548-d2e833ba462b"},"geometry":{"type":"Point","coordinates":[-47.179413,-1.196736]}},{"type":"Feature","properties":{"municipio":"332f7701-c4c4-4455-9abe-197d2b5320ec","title":"PA - CAPITAO POCO","name":"PA - CAPITAO POCO","tipo":"Munic\u00edpio","url":"\/dashboard\/details-assets\/332f7701-c4c4-4455-9abe-197d2b5320ec"},"geometry":{"type":"Point","coordinates":[-47.062825,-1.746187]}},{"type":"Feature","properties":{"municipio":"25747cba-a8be-4c7f-bf5f-b9bd4aaa94d2","title":"PA - CANAA DOS CARAJAS","name":"PA - CANAA DOS CARAJAS","tipo":"Munic\u00edpio","url":"\/dashboard\/details-assets\/25747cba-a8be-4c7f-bf5f-b9bd4aaa94d2"},"geometry":{"type":"Point","coordinates":[-50.10929,-6.481682]}},{"type":"Feature","properties":{"municipio":"d14ac720-7b16-46d7-a642-17a95458a8cc","title":"PA - CAMETA","name":"PA - CAMETA","tipo":"Munic\u00edpio","url":"\/dashboard\/details-assets\/d14ac720-7b16-46d7-a642-17a95458a8cc"},"geometry":{"type":"Point","coordinates":[-49.49783,-2.246838]}},{"type":"Feature","properties":{"municipio":"7a6f3619-a252-4b7b-8f1f-4674f4f538e4","title":"PA - CACHOEIRA DO PIRIA","name":"PA - CACHOEIRA DO PIRIA","tipo":"Munic\u00edpio","url":"\/dashboard\/details-assets\/7a6f3619-a252-4b7b-8f1f-4674f4f538e4"},"geometry":{"type":"Point","coordinates":[-46.54,-1.76]}},{"type":"Feature","properties":{"municipio":"a71b791d-a7cc-443b-8232-a09399032946","title":"PA - BREVES","name":"PA - BREVES","tipo":"Munic\u00edpio","url":"\/dashboard\/details-assets\/a71b791d-a7cc-443b-8232-a09399032946"},"geometry":{"type":"Point","coordinates":[-50.480895,-1.690736]}},{"type":"Feature","properties":{"municipio":"4178f8a7-5667-433f-8a75-1417dfc17578","title":"PA - BUJARU","name":"PA - BUJARU","tipo":"Munic\u00edpio","url":"\/dashboard\/details-assets\/4178f8a7-5667-433f-8a75-1417dfc17578"},"geometry":{"type":"Point","coordinates":[-48.035875,-1.513991]}},{"type":"Feature","properties":{"municipio":"3c18ce7b-adcf-4c59-9684-613b56635600","title":"PA - BREU BRANCO","name":"PA - BREU BRANCO","tipo":"Munic\u00edpio","url":"\/dashboard\/details-assets\/3c18ce7b-adcf-4c59-9684-613b56635600"},"geometry":{"type":"Point","coordinates":[-49.56988,-3.778135]}},{"type":"Feature","properties":{"municipio":"d6eba44b-b2e9-49ca-ba9b-6e6a90e0e494","title":"PA - BRAGANCA","name":"PA - BRAGANCA","tipo":"Munic\u00edpio","url":"\/dashboard\/details-assets\/d6eba44b-b2e9-49ca-ba9b-6e6a90e0e494"},"geometry":{"type":"Point","coordinates":[-46.765754,-1.053524]}},{"type":"Feature","properties":{"municipio":"f95a3dd8-5d35-4f64-9203-7d7e35332989","title":"PA - BELEM","name":"PA - BELEM","tipo":"Munic\u00edpio","url":"\/dashboard\/details-assets\/f95a3dd8-5d35-4f64-9203-7d7e35332989"},"geometry":{"type":"Point","coordinates":[-48.487826,-1.459845]}},{"type":"Feature","properties":{"municipio":"94cdfb25-86f8-428f-b751-605ed61e69ff","title":"PA - BENEVIDES","name":"PA - BENEVIDES","tipo":"Munic\u00edpio","url":"\/dashboard\/details-assets\/94cdfb25-86f8-428f-b751-605ed61e69ff"},"geometry":{"type":"Point","coordinates":[-48.241836,-1.361438]}},{"type":"Feature","properties":{"municipio":"f0c887d8-ffa7-4816-b91b-a4a045590d0c","title":"PA - BARCARENA","name":"PA - BARCARENA","tipo":"Munic\u00edpio","url":"\/dashboard\/details-assets\/f0c887d8-ffa7-4816-b91b-a4a045590d0c"},"geometry":{"type":"Point","coordinates":[-48.627073,-1.505767]}},{"type":"Feature","properties":{"municipio":"92e8a24d-98f5-49f4-a235-c737e31b3bcb","title":"PA - BAIAO","name":"PA - BAIAO","tipo":"Munic\u00edpio","url":"\/dashboard\/details-assets\/92e8a24d-98f5-49f4-a235-c737e31b3bcb"},"geometry":{"type":"Point","coordinates":[-49.670037,-2.791282]}},{"type":"Feature","properties":{"municipio":"8fcbb5cd-2049-4006-aa1c-b7b0a8b70aa3","title":"PA - AURORA DO PARA","name":"PA - AURORA DO PARA","tipo":"Munic\u00edpio","url":"\/dashboard\/details-assets\/8fcbb5cd-2049-4006-aa1c-b7b0a8b70aa3"},"geometry":{"type":"Point","coordinates":[-47.55856,-2.133944]}},{"type":"Feature","properties":{"municipio":"3e6db80a-3caa-499f-9e35-10d31091c39a","title":"PA - BAGRE","name":"PA - BAGRE","tipo":"Munic\u00edpio","url":"\/dashboard\/details-assets\/3e6db80a-3caa-499f-9e35-10d31091c39a"},"geometry":{"type":"Point","coordinates":[-50.203611,-1.898333]}},{"type":"Feature","properties":{"municipio":"25d29109-396b-44c7-bdcc-e422d7a6dece","title":"PA - AUGUSTO CORREA","name":"PA - AUGUSTO CORREA","tipo":"Munic\u00edpio","url":"\/dashboard\/details-assets\/25d29109-396b-44c7-bdcc-e422d7a6dece"},"geometry":{"type":"Point","coordinates":[-46.64539,-1.022065]}},{"type":"Feature","properties":{"municipio":"a4298133-7f42-4de7-877d-ff61486db152","title":"PA - ANAJAS","name":"PA - ANAJAS","tipo":"Munic\u00edpio","url":"\/dashboard\/details-assets\/a4298133-7f42-4de7-877d-ff61486db152"},"geometry":{"type":"Point","coordinates":[-49.945001,-0.984451]}},{"type":"Feature","properties":{"municipio":"3cf85a9c-cc8a-4bb7-ade0-cf3c79db86f3","title":"PA - ANANINDEUA","name":"PA - ANANINDEUA","tipo":"Munic\u00edpio","url":"\/dashboard\/details-assets\/3cf85a9c-cc8a-4bb7-ade0-cf3c79db86f3"},"geometry":{"type":"Point","coordinates":[-48.372067,-1.368714]}},{"type":"Feature","properties":{"municipio":"f280a9e7-eefc-4ea3-a293-c771e4a19971","title":"PA - ALTAMIRA","name":"PA - ALTAMIRA","tipo":"Munic\u00edpio","url":"\/dashboard\/details-assets\/f280a9e7-eefc-4ea3-a293-c771e4a19971"},"geometry":{"type":"Point","coordinates":[-52.214376,-3.20566]}},{"type":"Feature","properties":{"municipio":"6cf37144-b8be-4fc6-a71d-74ec0a698a63","title":"PA - ALENQUER","name":"PA - ALENQUER","tipo":"Munic\u00edpio","url":"\/dashboard\/details-assets\/6cf37144-b8be-4fc6-a71d-74ec0a698a63"},"geometry":{"type":"Point","coordinates":[-54.740862,-1.951398]}},{"type":"Feature","properties":{"municipio":"82a63391-d3cd-4d15-8f3e-bb5dbaeaf2db","title":"PA - ALMEIRIM","name":"PA - ALMEIRIM","tipo":"Munic\u00edpio","url":"\/dashboard\/details-assets\/82a63391-d3cd-4d15-8f3e-bb5dbaeaf2db"},"geometry":{"type":"Point","coordinates":[-52.576835,-1.527339]}},{"type":"Feature","properties":{"municipio":"fb576284-f95b-4e17-a6ae-095aad62b5be","title":"PA - ACARA","name":"PA - ACARA","tipo":"Munic\u00edpio","url":"\/dashboard\/details-assets\/fb576284-f95b-4e17-a6ae-095aad62b5be"},"geometry":{"type":"Point","coordinates":[-48.200456,-1.963436]}},{"type":"Feature","properties":{"municipio":"f1cfe025-a8ff-4a1f-ace9-231440304b5f","title":"MT - NOVA MONTE VERDE","name":"MT - NOVA MONTE VERDE","tipo":"Munic\u00edpio","url":"\/dashboard\/details-assets\/f1cfe025-a8ff-4a1f-ace9-231440304b5f"},"geometry":{"type":"Point","coordinates":[-57.535,-9.98194]}},{"type":"Feature","properties":{"municipio":"908ec4f9-f63f-45c0-97e4-b7eaa0e09836","title":"PA - ABAETETUBA","name":"PA - ABAETETUBA","tipo":"Munic\u00edpio","url":"\/dashboard\/details-assets\/908ec4f9-f63f-45c0-97e4-b7eaa0e09836"},"geometry":{"type":"Point","coordinates":[-48.879225,-1.722248]}},{"type":"Feature","properties":{"municipio":"af4528eb-c8d3-466d-aa52-fb2e84515520","title":"MT - VILA RICA","name":"MT - VILA RICA","tipo":"Munic\u00edpio","url":"\/dashboard\/details-assets\/af4528eb-c8d3-466d-aa52-fb2e84515520"},"geometry":{"type":"Point","coordinates":[-51.116823,-10.013352]}},{"type":"Feature","properties":{"municipio":"bb213a5b-2774-49f5-aaf8-75f6c85abfa7","title":"MT - VARZEA GRANDE","name":"MT - VARZEA GRANDE","tipo":"Munic\u00edpio","url":"\/dashboard\/details-assets\/bb213a5b-2774-49f5-aaf8-75f6c85abfa7"},"geometry":{"type":"Point","coordinates":[-56.144664,-15.658065]}},{"type":"Feature","properties":{"municipio":"daf4ec50-5753-46b5-bf7e-e81562585b8b","title":"MT - TERRA NOVA DO NORTE","name":"MT - TERRA NOVA DO NORTE","tipo":"Munic\u00edpio","url":"\/dashboard\/details-assets\/daf4ec50-5753-46b5-bf7e-e81562585b8b"},"geometry":{"type":"Point","coordinates":[-55.115951,-10.597128]}},{"type":"Feature","properties":{"municipio":"f4ad1546-b2c5-4fcf-801c-2ffc99591428","title":"MT - TANGARA DA SERRA","name":"MT - TANGARA DA SERRA","tipo":"Munic\u00edpio","url":"\/dashboard\/details-assets\/f4ad1546-b2c5-4fcf-801c-2ffc99591428"},"geometry":{"type":"Point","coordinates":[-57.491299,-14.623785]}},{"type":"Feature","properties":{"municipio":"96027f80-9564-4919-9ddc-d6a53890b970","title":"MT - SINOP","name":"MT - SINOP","tipo":"Munic\u00edpio","url":"\/dashboard\/details-assets\/96027f80-9564-4919-9ddc-d6a53890b970"},"geometry":{"type":"Point","coordinates":[-55.500922,-11.858005]}},{"type":"Feature","properties":{"municipio":"c4666cd7-ed00-4791-bfb2-845d3b439b76","title":"MT - SORRISO","name":"MT - SORRISO","tipo":"Munic\u00edpio","url":"\/dashboard\/details-assets\/c4666cd7-ed00-4791-bfb2-845d3b439b76"},"geometry":{"type":"Point","coordinates":[-55.725914,-12.551777]}},{"type":"Feature","properties":{"municipio":"044cdca9-7362-4eb5-ba43-0e88aeacab6f","title":"MT - SAPEZAL","name":"MT - SAPEZAL","tipo":"Munic\u00edpio","url":"\/dashboard\/details-assets\/044cdca9-7362-4eb5-ba43-0e88aeacab6f"},"geometry":{"type":"Point","coordinates":[-58.812138,-13.538195]}},{"type":"Feature","properties":{"municipio":"5d5d6116-663b-4aef-87e1-f01d40a65f33","title":"MT - SANTO ANTONIO DO LEVERGER","name":"MT - SANTO ANTONIO DO LEVERGER","tipo":"Munic\u00edpio","url":"\/dashboard\/details-assets\/5d5d6116-663b-4aef-87e1-f01d40a65f33"},"geometry":{"type":"Point","coordinates":[-56.094162,-15.869179]}},{"type":"Feature","properties":{"municipio":"05904d6c-0b07-4ad0-b3f7-e03077d531cf","title":"MT - SAO FELIX DO ARAGUAIA","name":"MT - SAO FELIX DO ARAGUAIA","tipo":"Munic\u00edpio","url":"\/dashboard\/details-assets\/05904d6c-0b07-4ad0-b3f7-e03077d531cf"},"geometry":{"type":"Point","coordinates":[-50.661986,-11.616082]}},{"type":"Feature","properties":{"municipio":"0dad751d-ad9b-47bb-b02f-134f52a3b322","title":"MT - ROSARIO OESTE","name":"MT - ROSARIO OESTE","tipo":"Munic\u00edpio","url":"\/dashboard\/details-assets\/0dad751d-ad9b-47bb-b02f-134f52a3b322"},"geometry":{"type":"Point","coordinates":[-56.428293,-14.826428]}},{"type":"Feature","properties":{"municipio":"eee38fb4-43e5-47aa-aca4-5bfb2e7bca6f","title":"MT - RONDONOPOLIS","name":"MT - RONDONOPOLIS","tipo":"Munic\u00edpio","url":"\/dashboard\/details-assets\/eee38fb4-43e5-47aa-aca4-5bfb2e7bca6f"},"geometry":{"type":"Point","coordinates":[-54.633587,-16.470163]}},{"type":"Feature","properties":{"municipio":"5f90e2fd-65cb-498c-8387-f600436253ff","title":"MT - SAO JOSE DOS QUATRO MARCOS","name":"MT - SAO JOSE DOS QUATRO MARCOS","tipo":"Munic\u00edpio","url":"\/dashboard\/details-assets\/5f90e2fd-65cb-498c-8387-f600436253ff"},"geometry":{"type":"Point","coordinates":[-58.176506,-15.627106]}},{"type":"Feature","properties":{"municipio":"b258fbb1-cceb-4fc4-9a52-88aa16dc11b3","title":"MT - SAO JOSE DO RIO CLARO","name":"MT - SAO JOSE DO RIO CLARO","tipo":"Munic\u00edpio","url":"\/dashboard\/details-assets\/b258fbb1-cceb-4fc4-9a52-88aa16dc11b3"},"geometry":{"type":"Point","coordinates":[-56.729488,-13.437004]}},{"type":"Feature","properties":{"municipio":"30877f6b-c050-4a61-bcd6-73fba3f373fa","title":"MT - QUERENCIA","name":"MT - QUERENCIA","tipo":"Munic\u00edpio","url":"\/dashboard\/details-assets\/30877f6b-c050-4a61-bcd6-73fba3f373fa"},"geometry":{"type":"Point","coordinates":[-52.209892,-12.5923]}},{"type":"Feature","properties":{"municipio":"4c20546d-7a87-46ff-84a4-e8692a81ec01","title":"MT - POXEREU","name":"MT - POXEREU","tipo":"Munic\u00edpio","url":"\/dashboard\/details-assets\/4c20546d-7a87-46ff-84a4-e8692a81ec01"},"geometry":{"type":"Point","coordinates":[-54.400733,-15.818136]}},{"type":"Feature","properties":{"municipio":"32cbc8e9-7ccd-41c1-9160-ef254ed12828","title":"MT - PRIMAVERA DO LESTE","name":"MT - PRIMAVERA DO LESTE","tipo":"Munic\u00edpio","url":"\/dashboard\/details-assets\/32cbc8e9-7ccd-41c1-9160-ef254ed12828"},"geometry":{"type":"Point","coordinates":[-54.300053,-15.552294]}},{"type":"Feature","properties":{"municipio":"45fb6c02-518d-48f2-a139-0b3352889eba","title":"MT - PONTES E LACERDA","name":"MT - PONTES E LACERDA","tipo":"Munic\u00edpio","url":"\/dashboard\/details-assets\/45fb6c02-518d-48f2-a139-0b3352889eba"},"geometry":{"type":"Point","coordinates":[-59.332275,-15.232577]}},{"type":"Feature","properties":{"municipio":"f0fa5ec9-38b8-49ac-9122-311e5a9d36ba","title":"MT - PORTO ESPERIDIAO","name":"MT - PORTO ESPERIDIAO","tipo":"Munic\u00edpio","url":"\/dashboard\/details-assets\/f0fa5ec9-38b8-49ac-9122-311e5a9d36ba"},"geometry":{"type":"Point","coordinates":[-59.012368,-16.024962]}},{"type":"Feature","properties":{"municipio":"c37e8267-51c9-4e50-8403-5ce2c588b3ff","title":"MT - POCONE","name":"MT - POCONE","tipo":"Munic\u00edpio","url":"\/dashboard\/details-assets\/c37e8267-51c9-4e50-8403-5ce2c588b3ff"},"geometry":{"type":"Point","coordinates":[-56.626509,-16.259509]}},{"type":"Feature","properties":{"municipio":"5860bfcf-0e09-450a-8d83-0f9e8992b5ce","title":"MT - PEIXOTO DE AZEVEDO","name":"MT - PEIXOTO DE AZEVEDO","tipo":"Munic\u00edpio","url":"\/dashboard\/details-assets\/5860bfcf-0e09-450a-8d83-0f9e8992b5ce"},"geometry":{"type":"Point","coordinates":[-54.992297,-10.244842]}},{"type":"Feature","properties":{"municipio":"a9de3f97-10d7-4641-b934-ceede7f7053a","title":"MT - PEDRA PRETA","name":"MT - PEDRA PRETA","tipo":"Munic\u00edpio","url":"\/dashboard\/details-assets\/a9de3f97-10d7-4641-b934-ceede7f7053a"},"geometry":{"type":"Point","coordinates":[-54.471396,-16.62221]}},{"type":"Feature","properties":{"municipio":"e7006a5e-5076-4ac0-910c-d4c471b8c417","title":"MT - PARANATINGA","name":"MT - PARANATINGA","tipo":"Munic\u00edpio","url":"\/dashboard\/details-assets\/e7006a5e-5076-4ac0-910c-d4c471b8c417"},"geometry":{"type":"Point","coordinates":[-54.054092,-14.427698]}},{"type":"Feature","properties":{"municipio":"8b65b4e2-7c8d-40da-90ba-98ae24b0542d","title":"MT - NOVA XAVANTINA","name":"MT - NOVA XAVANTINA","tipo":"Munic\u00edpio","url":"\/dashboard\/details-assets\/8b65b4e2-7c8d-40da-90ba-98ae24b0542d"},"geometry":{"type":"Point","coordinates":[-52.361193,-14.66918]}},{"type":"Feature","properties":{"municipio":"1ff6028f-a1a6-455d-af3c-da4db5d14dd5","title":"MT - NOVA OLIMPIA","name":"MT - NOVA OLIMPIA","tipo":"Munic\u00edpio","url":"\/dashboard\/details-assets\/1ff6028f-a1a6-455d-af3c-da4db5d14dd5"},"geometry":{"type":"Point","coordinates":[-53.091233,-23.471101]}},{"type":"Feature","properties":{"municipio":"7c6224c7-07ed-43c9-9207-c19954f340a1","title":"MT - NOSSA SENHORA DO LIVRAMENTO","name":"MT - NOSSA SENHORA DO LIVRAMENTO","tipo":"Munic\u00edpio","url":"\/dashboard\/details-assets\/7c6224c7-07ed-43c9-9207-c19954f340a1"},"geometry":{"type":"Point","coordinates":[-56.292938,-15.900221]}},{"type":"Feature","properties":{"municipio":"ebf343b9-190c-4f87-bde5-655a57ff9ffa","title":"MT - NOVA MUTUM","name":"MT - NOVA MUTUM","tipo":"Munic\u00edpio","url":"\/dashboard\/details-assets\/ebf343b9-190c-4f87-bde5-655a57ff9ffa"},"geometry":{"type":"Point","coordinates":[-56.085554,-13.817931]}},{"type":"Feature","properties":{"municipio":"f623e7b8-32d0-46c7-b480-55be50a5b987","title":"MT - MIRASSOL DOESTE","name":"MT - MIRASSOL DOESTE","tipo":"Munic\u00edpio","url":"\/dashboard\/details-assets\/f623e7b8-32d0-46c7-b480-55be50a5b987"},"geometry":{"type":"Point","coordinates":[-58.097904,-15.674071]}},{"type":"Feature","properties":{"municipio":"1085485e-0ae1-4459-bb05-1b6214fa0393","title":"MT - MARCELANDIA","name":"MT - MARCELANDIA","tipo":"Munic\u00edpio","url":"\/dashboard\/details-assets\/1085485e-0ae1-4459-bb05-1b6214fa0393"},"geometry":{"type":"Point","coordinates":[-54.521358,-11.084357]}},{"type":"Feature","properties":{"municipio":"1afd6579-0e1b-4337-a360-a4468e24115a","title":"MT - LUCAS DO RIO VERDE","name":"MT - LUCAS DO RIO VERDE","tipo":"Munic\u00edpio","url":"\/dashboard\/details-assets\/1afd6579-0e1b-4337-a360-a4468e24115a"},"geometry":{"type":"Point","coordinates":[-55.921771,-13.070465]}},{"type":"Feature","properties":{"municipio":"4c6e5f0e-338c-49be-96a6-7d1e57f5e8c5","title":"MT - JURUENA","name":"MT - JURUENA","tipo":"Munic\u00edpio","url":"\/dashboard\/details-assets\/4c6e5f0e-338c-49be-96a6-7d1e57f5e8c5"},"geometry":{"type":"Point","coordinates":[-58.492885,-10.334248]}},{"type":"Feature","properties":{"municipio":"e19167ec-9d47-4d2f-90b7-c995307d5304","title":"MT - JUINA","name":"MT - JUINA","tipo":"Munic\u00edpio","url":"\/dashboard\/details-assets\/e19167ec-9d47-4d2f-90b7-c995307d5304"},"geometry":{"type":"Point","coordinates":[-58.762217,-11.422018]}},{"type":"Feature","properties":{"municipio":"b2ee2389-2c77-46fb-8146-350f546961a4","title":"MT - JUARA","name":"MT - JUARA","tipo":"Munic\u00edpio","url":"\/dashboard\/details-assets\/b2ee2389-2c77-46fb-8146-350f546961a4"},"geometry":{"type":"Point","coordinates":[-57.513123,-11.25036]}},{"type":"Feature","properties":{"municipio":"3f7ca047-8fbd-40b2-8865-36afd7005eb6","title":"MT - JACIARA","name":"MT - JACIARA","tipo":"Munic\u00edpio","url":"\/dashboard\/details-assets\/3f7ca047-8fbd-40b2-8865-36afd7005eb6"},"geometry":{"type":"Point","coordinates":[-54.964188,-15.964838]}},{"type":"Feature","properties":{"municipio":"091fa80f-00fa-4293-857f-cf4e7f0763ee","title":"MT - ITIQUIRA","name":"MT - ITIQUIRA","tipo":"Munic\u00edpio","url":"\/dashboard\/details-assets\/091fa80f-00fa-4293-857f-cf4e7f0763ee"},"geometry":{"type":"Point","coordinates":[-54.144301,-17.206825]}},{"type":"Feature","properties":{"municipio":"b3b6495b-028d-447a-9296-3c1fe5afdbcc","title":"MT - GUIRATINGA","name":"MT - GUIRATINGA","tipo":"Munic\u00edpio","url":"\/dashboard\/details-assets\/b3b6495b-028d-447a-9296-3c1fe5afdbcc"},"geometry":{"type":"Point","coordinates":[-53.760964,-16.348389]}},{"type":"Feature","properties":{"municipio":"d21bd2c2-101b-4abf-8a96-71fbcd86faba","title":"MT - GUARANTA DO NORTE","name":"MT - GUARANTA DO NORTE","tipo":"Munic\u00edpio","url":"\/dashboard\/details-assets\/d21bd2c2-101b-4abf-8a96-71fbcd86faba"},"geometry":{"type":"Point","coordinates":[-54.916057,-9.954073]}},{"type":"Feature","properties":{"municipio":"bab494f8-e23d-489a-ac9a-d6417aa74c52","title":"MT - FELIZ NATAL","name":"MT - FELIZ NATAL","tipo":"Munic\u00edpio","url":"\/dashboard\/details-assets\/bab494f8-e23d-489a-ac9a-d6417aa74c52"},"geometry":{"type":"Point","coordinates":[-54.933904,-12.383247]}},{"type":"Feature","properties":{"municipio":"7ee0a5eb-5a33-4e49-a4aa-7e78e7031b60","title":"MT - CUIABA","name":"MT - CUIABA","tipo":"Munic\u00edpio","url":"\/dashboard\/details-assets\/7ee0a5eb-5a33-4e49-a4aa-7e78e7031b60"},"geometry":{"type":"Point","coordinates":[-56.073252,-15.569989]}},{"type":"Feature","properties":{"municipio":"5bcb3748-cc2b-413f-87bd-7c5d7a9bd979","title":"MT - DIAMANTINO","name":"MT - DIAMANTINO","tipo":"Munic\u00edpio","url":"\/dashboard\/details-assets\/5bcb3748-cc2b-413f-87bd-7c5d7a9bd979"},"geometry":{"type":"Point","coordinates":[-56.433566,-14.401323]}},{"type":"Feature","properties":{"municipio":"b186b226-1e20-4cff-be7b-ee0763841e25","title":"MT - CONFRESA","name":"MT - CONFRESA","tipo":"Munic\u00edpio","url":"\/dashboard\/details-assets\/b186b226-1e20-4cff-be7b-ee0763841e25"},"geometry":{"type":"Point","coordinates":[-51.571034,-10.640731]}},{"type":"Feature","properties":{"municipio":"6ba71f16-9fdc-43d5-953a-db1aa93d8b06","title":"MT - COMODORO","name":"MT - COMODORO","tipo":"Munic\u00edpio","url":"\/dashboard\/details-assets\/6ba71f16-9fdc-43d5-953a-db1aa93d8b06"},"geometry":{"type":"Point","coordinates":[-59.790431,-13.66056]}},{"type":"Feature","properties":{"municipio":"052075f3-a926-4dbf-870d-47ac41d870dc","title":"MT - COLNIZA","name":"MT - COLNIZA","tipo":"Munic\u00edpio","url":"\/dashboard\/details-assets\/052075f3-a926-4dbf-870d-47ac41d870dc"},"geometry":{"type":"Point","coordinates":[-59.218949,-9.457904]}},{"type":"Feature","properties":{"municipio":"8a46eb31-057e-4938-9779-966faaa13884","title":"MT - COLIDER","name":"MT - COLIDER","tipo":"Munic\u00edpio","url":"\/dashboard\/details-assets\/8a46eb31-057e-4938-9779-966faaa13884"},"geometry":{"type":"Point","coordinates":[-55.464231,-10.80409]}},{"type":"Feature","properties":{"municipio":"fe2de439-8b9a-4814-b674-cc1bb6c23552","title":"MT - CHAPADA DOS GUIMARAES","name":"MT - CHAPADA DOS GUIMARAES","tipo":"Munic\u00edpio","url":"\/dashboard\/details-assets\/fe2de439-8b9a-4814-b674-cc1bb6c23552"},"geometry":{"type":"Point","coordinates":[-55.745005,-15.46057]}},{"type":"Feature","properties":{"municipio":"f9e9c391-3d00-45de-a1b4-2fa184e703a2","title":"MT - CARLINDA","name":"MT - CARLINDA","tipo":"Munic\u00edpio","url":"\/dashboard\/details-assets\/f9e9c391-3d00-45de-a1b4-2fa184e703a2"},"geometry":{"type":"Point","coordinates":[-55.821615,-9.966666]}},{"type":"Feature","properties":{"municipio":"16d865fe-d432-422f-a4d6-fd61386a5b0b","title":"MT - CANARANA","name":"MT - CANARANA","tipo":"Munic\u00edpio","url":"\/dashboard\/details-assets\/16d865fe-d432-422f-a4d6-fd61386a5b0b"},"geometry":{"type":"Point","coordinates":[-52.273457,-13.55923]}},{"type":"Feature","properties":{"municipio":"f8cda66c-77fb-44fe-a906-e14d21ac3cfe","title":"MT - CAMPO VERDE","name":"MT - CAMPO VERDE","tipo":"Munic\u00edpio","url":"\/dashboard\/details-assets\/f8cda66c-77fb-44fe-a906-e14d21ac3cfe"},"geometry":{"type":"Point","coordinates":[-55.171655,-15.553704]}},{"type":"Feature","properties":{"municipio":"87dc479e-0892-48f0-8913-5ad72928acca","title":"MT - CAMPO NOVO DO PARECIS","name":"MT - CAMPO NOVO DO PARECIS","tipo":"Munic\u00edpio","url":"\/dashboard\/details-assets\/87dc479e-0892-48f0-8913-5ad72928acca"},"geometry":{"type":"Point","coordinates":[-57.888546,-13.654733]}},{"type":"Feature","properties":{"municipio":"955b73fe-c89c-4b93-aa30-1953ee17afb2","title":"MT - CACERES","name":"MT - CACERES","tipo":"Munic\u00edpio","url":"\/dashboard\/details-assets\/955b73fe-c89c-4b93-aa30-1953ee17afb2"},"geometry":{"type":"Point","coordinates":[-57.674762,-16.074096]}},{"type":"Feature","properties":{"municipio":"a345a229-387d-4d59-8845-eeaa299e5d0e","title":"MT - BRASNORTE","name":"MT - BRASNORTE","tipo":"Munic\u00edpio","url":"\/dashboard\/details-assets\/a345a229-387d-4d59-8845-eeaa299e5d0e"},"geometry":{"type":"Point","coordinates":[-58.002674,-12.124938]}},{"type":"Feature","properties":{"municipio":"a79c315b-a86a-419e-bb0f-b5420edf4aed","title":"MT - BARRA DO GARCAS","name":"MT - BARRA DO GARCAS","tipo":"Munic\u00edpio","url":"\/dashboard\/details-assets\/a79c315b-a86a-419e-bb0f-b5420edf4aed"},"geometry":{"type":"Point","coordinates":[-52.26033,-15.888711]}},{"type":"Feature","properties":{"municipio":"10b87ca6-ee83-423e-9ad9-d55b7c56314c","title":"MT - BARRA DO BUGRES","name":"MT - BARRA DO BUGRES","tipo":"Munic\u00edpio","url":"\/dashboard\/details-assets\/10b87ca6-ee83-423e-9ad9-d55b7c56314c"},"geometry":{"type":"Point","coordinates":[-57.186409,-15.066258]}},{"type":"Feature","properties":{"municipio":"5a9b2862-7311-40d4-b912-466211798235","title":"MT - ARIPUANA","name":"MT - ARIPUANA","tipo":"Munic\u00edpio","url":"\/dashboard\/details-assets\/5a9b2862-7311-40d4-b912-466211798235"},"geometry":{"type":"Point","coordinates":[-59.448616,-10.172524]}},{"type":"Feature","properties":{"municipio":"37adb671-26e3-4d6f-b1c9-0cd0e6159f4e","title":"MT - ARAPUTANGA","name":"MT - ARAPUTANGA","tipo":"Munic\u00edpio","url":"\/dashboard\/details-assets\/37adb671-26e3-4d6f-b1c9-0cd0e6159f4e"},"geometry":{"type":"Point","coordinates":[-53.218604,-17.31577]}},{"type":"Feature","properties":{"municipio":"bd01b571-7199-4995-b535-9f5d79ec3c8c","title":"MT - ARENAPOLIS","name":"MT - ARENAPOLIS","tipo":"Munic\u00edpio","url":"\/dashboard\/details-assets\/bd01b571-7199-4995-b535-9f5d79ec3c8c"},"geometry":{"type":"Point","coordinates":[-56.844489,-14.455522]}},{"type":"Feature","properties":{"municipio":"ab5f1d86-e3a1-435a-b6b2-7d8aafffd1ee","title":"MT - ALTA FLORESTA","name":"MT - ALTA FLORESTA","tipo":"Munic\u00edpio","url":"\/dashboard\/details-assets\/ab5f1d86-e3a1-435a-b6b2-7d8aafffd1ee"},"geometry":{"type":"Point","coordinates":[-56.09161,-9.871723]}},{"type":"Feature","properties":{"municipio":"ea217915-43e1-4f54-b6e3-61685878c627","title":"MT - AGUA BOA","name":"MT - AGUA BOA","tipo":"Munic\u00edpio","url":"\/dashboard\/details-assets\/ea217915-43e1-4f54-b6e3-61685878c627"},"geometry":{"type":"Point","coordinates":[-52.159383,-14.047489]}},{"type":"Feature","properties":{"municipio":"a087a92c-9078-46cf-a102-5963caf64060","title":"MS - TRES LAGOAS","name":"MS - TRES LAGOAS","tipo":"Munic\u00edpio","url":"\/dashboard\/details-assets\/a087a92c-9078-46cf-a102-5963caf64060"},"geometry":{"type":"Point","coordinates":[-51.710001,-20.788679]}},{"type":"Feature","properties":{"municipio":"1df801f5-97e6-40ea-9cb9-29bb6f7b34c0","title":"MS - SIDROLANDIA","name":"MS - SIDROLANDIA","tipo":"Munic\u00edpio","url":"\/dashboard\/details-assets\/1df801f5-97e6-40ea-9cb9-29bb6f7b34c0"},"geometry":{"type":"Point","coordinates":[-54.96603,-20.931054]}},{"type":"Feature","properties":{"municipio":"5ea2f37c-8cf1-4e37-b5ee-ee72eca25c3e","title":"MS - SETE QUEDAS","name":"MS - SETE QUEDAS","tipo":"Munic\u00edpio","url":"\/dashboard\/details-assets\/5ea2f37c-8cf1-4e37-b5ee-ee72eca25c3e"},"geometry":{"type":"Point","coordinates":[-55.053315,-23.983513]}},{"type":"Feature","properties":{"municipio":"67a851cc-9dea-47f8-9276-c154f9c014cf","title":"MS - SAO GABRIEL DO OESTE","name":"MS - SAO GABRIEL DO OESTE","tipo":"Munic\u00edpio","url":"\/dashboard\/details-assets\/67a851cc-9dea-47f8-9276-c154f9c014cf"},"geometry":{"type":"Point","coordinates":[-54.564569,-19.395521]}},{"type":"Feature","properties":{"municipio":"0700fc2e-6d09-4301-87ce-fa672a47f272","title":"MS - RIO VERDE DE MATO GROSSO","name":"MS - RIO VERDE DE MATO GROSSO","tipo":"Munic\u00edpio","url":"\/dashboard\/details-assets\/0700fc2e-6d09-4301-87ce-fa672a47f272"},"geometry":{"type":"Point","coordinates":[-54.842254,-18.916586]}},{"type":"Feature","properties":{"municipio":"4bc86955-9fce-4b98-824e-131bab095926","title":"MS - RIO BRILHANTE","name":"MS - RIO BRILHANTE","tipo":"Munic\u00edpio","url":"\/dashboard\/details-assets\/4bc86955-9fce-4b98-824e-131bab095926"},"geometry":{"type":"Point","coordinates":[-54.542242,-21.801195]}},{"type":"Feature","properties":{"municipio":"d40a37b9-02cc-405f-a937-f51ac4a850c6","title":"MS - RIBAS DO RIO PARDO","name":"MS - RIBAS DO RIO PARDO","tipo":"Munic\u00edpio","url":"\/dashboard\/details-assets\/d40a37b9-02cc-405f-a937-f51ac4a850c6"},"geometry":{"type":"Point","coordinates":[-53.759311,-20.444991]}},{"type":"Feature","properties":{"municipio":"2e76988c-6022-4329-9fbf-5a6e1e9daeb5","title":"MS - PORTO MURTINHO","name":"MS - PORTO MURTINHO","tipo":"Munic\u00edpio","url":"\/dashboard\/details-assets\/2e76988c-6022-4329-9fbf-5a6e1e9daeb5"},"geometry":{"type":"Point","coordinates":[-57.888482,-21.707325]}},{"type":"Feature","properties":{"municipio":"eb569f80-e73c-4b2f-858f-ba1f53977f03","title":"MS - PONTA PORA","name":"MS - PONTA PORA","tipo":"Munic\u00edpio","url":"\/dashboard\/details-assets\/eb569f80-e73c-4b2f-858f-ba1f53977f03"},"geometry":{"type":"Point","coordinates":[-55.71085,-22.486187]}},{"type":"Feature","properties":{"municipio":"aa3c1bb8-02eb-4694-8610-7253d28fc7e4","title":"MS - PARANAIBA","name":"MS - PARANAIBA","tipo":"Munic\u00edpio","url":"\/dashboard\/details-assets\/aa3c1bb8-02eb-4694-8610-7253d28fc7e4"},"geometry":{"type":"Point","coordinates":[-51.188708,-19.677372]}},{"type":"Feature","properties":{"municipio":"ea77aa45-f1af-43fe-98c4-f3dfdc73a68f","title":"MS - NOVA ANDRADINA","name":"MS - NOVA ANDRADINA","tipo":"Munic\u00edpio","url":"\/dashboard\/details-assets\/ea77aa45-f1af-43fe-98c4-f3dfdc73a68f"},"geometry":{"type":"Point","coordinates":[-53.351574,-22.248759]}},{"type":"Feature","properties":{"municipio":"43f061c0-d58e-4373-92f6-e79026d894db","title":"MS - NIOAQUE","name":"MS - NIOAQUE","tipo":"Munic\u00edpio","url":"\/dashboard\/details-assets\/43f061c0-d58e-4373-92f6-e79026d894db"},"geometry":{"type":"Point","coordinates":[-55.83389,-21.158152]}},{"type":"Feature","properties":{"municipio":"5452d37f-0e51-4ad7-b9aa-c8716b6722fa","title":"MS - MIRANDA","name":"MS - MIRANDA","tipo":"Munic\u00edpio","url":"\/dashboard\/details-assets\/5452d37f-0e51-4ad7-b9aa-c8716b6722fa"},"geometry":{"type":"Point","coordinates":[-56.390198,-20.239333]}},{"type":"Feature","properties":{"municipio":"f9428abb-c5dc-4a9c-b1fc-77332c2de676","title":"MS - NAVIRAI","name":"MS - NAVIRAI","tipo":"Munic\u00edpio","url":"\/dashboard\/details-assets\/f9428abb-c5dc-4a9c-b1fc-77332c2de676"},"geometry":{"type":"Point","coordinates":[-54.199969,-23.062277]}},{"type":"Feature","properties":{"municipio":"64f2c711-5f02-4ef5-8642-890e47ec1692","title":"MS - MARACAJU","name":"MS - MARACAJU","tipo":"Munic\u00edpio","url":"\/dashboard\/details-assets\/64f2c711-5f02-4ef5-8642-890e47ec1692"},"geometry":{"type":"Point","coordinates":[-55.15714,-21.62361]}},{"type":"Feature","properties":{"municipio":"ae200c98-a4cb-488c-8959-24972faafc89","title":"MS - JATEI","name":"MS - JATEI","tipo":"Munic\u00edpio","url":"\/dashboard\/details-assets\/ae200c98-a4cb-488c-8959-24972faafc89"},"geometry":{"type":"Point","coordinates":[-54.308054,-22.481687]}},{"type":"Feature","properties":{"municipio":"95405750-826b-47a9-9af6-ff14c5204e08","title":"MS - LADARIO","name":"MS - LADARIO","tipo":"Munic\u00edpio","url":"\/dashboard\/details-assets\/95405750-826b-47a9-9af6-ff14c5204e08"},"geometry":{"type":"Point","coordinates":[-57.6024,-19.001776]}},{"type":"Feature","properties":{"municipio":"e14bb459-13a9-4508-af4d-f41744db544a","title":"MS - JARDIM","name":"MS - JARDIM","tipo":"Munic\u00edpio","url":"\/dashboard\/details-assets\/e14bb459-13a9-4508-af4d-f41744db544a"},"geometry":{"type":"Point","coordinates":[-56.145845,-21.479603]}},{"type":"Feature","properties":{"municipio":"2116f10b-6370-4940-afba-5619dcc90fb7","title":"MS - IVINHEMA","name":"MS - IVINHEMA","tipo":"Munic\u00edpio","url":"\/dashboard\/details-assets\/2116f10b-6370-4940-afba-5619dcc90fb7"},"geometry":{"type":"Point","coordinates":[-53.82697,-22.301604]}},{"type":"Feature","properties":{"municipio":"3c9ddf51-0985-437b-9523-a9b0cf547adb","title":"MS - ITAQUIRAI","name":"MS - ITAQUIRAI","tipo":"Munic\u00edpio","url":"\/dashboard\/details-assets\/3c9ddf51-0985-437b-9523-a9b0cf547adb"},"geometry":{"type":"Point","coordinates":[-54.188198,-23.490663]}},{"type":"Feature","properties":{"municipio":"ea1b4228-2025-4121-8f44-74151dea86b0","title":"MS - ITAPORA","name":"MS - ITAPORA","tipo":"Munic\u00edpio","url":"\/dashboard\/details-assets\/ea1b4228-2025-4121-8f44-74151dea86b0"},"geometry":{"type":"Point","coordinates":[-54.79389,-22.080492]}},{"type":"Feature","properties":{"municipio":"a4fc3ab0-6541-4c60-b875-89cbd2949c25","title":"MS - FATIMA DO SUL","name":"MS - FATIMA DO SUL","tipo":"Munic\u00edpio","url":"\/dashboard\/details-assets\/a4fc3ab0-6541-4c60-b875-89cbd2949c25"},"geometry":{"type":"Point","coordinates":[-54.50591,-22.367703]}},{"type":"Feature","properties":{"municipio":"d5866039-4b65-412f-aead-c02013b73b5e","title":"MS - DOURADOS","name":"MS - DOURADOS","tipo":"Munic\u00edpio","url":"\/dashboard\/details-assets\/d5866039-4b65-412f-aead-c02013b73b5e"},"geometry":{"type":"Point","coordinates":[-54.811289,-22.227236]}},{"type":"Feature","properties":{"municipio":"73b19db9-ddf2-4a67-8cf9-27db84bfeccb","title":"MS - DOIS IRMAOS DO BURITI","name":"MS - DOIS IRMAOS DO BURITI","tipo":"Munic\u00edpio","url":"\/dashboard\/details-assets\/73b19db9-ddf2-4a67-8cf9-27db84bfeccb"},"geometry":{"type":"Point","coordinates":[-55.281914,-20.692312]}},{"type":"Feature","properties":{"municipio":"3bcc10d8-0501-4cba-8898-ce6294a5a643","title":"MS - COXIM","name":"MS - COXIM","tipo":"Munic\u00edpio","url":"\/dashboard\/details-assets\/3bcc10d8-0501-4cba-8898-ce6294a5a643"},"geometry":{"type":"Point","coordinates":[-54.758056,-18.508411]}},{"type":"Feature","properties":{"municipio":"e1230c13-3a07-42cc-8f08-6d09a8ddae00","title":"MS - COSTA RICA","name":"MS - COSTA RICA","tipo":"Munic\u00edpio","url":"\/dashboard\/details-assets\/e1230c13-3a07-42cc-8f08-6d09a8ddae00"},"geometry":{"type":"Point","coordinates":[-53.133047,-18.543548]}},{"type":"Feature","properties":{"municipio":"c3592abf-6684-4739-8dca-7ca3ae7a99a3","title":"MS - CORUMBA","name":"MS - CORUMBA","tipo":"Munic\u00edpio","url":"\/dashboard\/details-assets\/c3592abf-6684-4739-8dca-7ca3ae7a99a3"},"geometry":{"type":"Point","coordinates":[-57.648985,-19.006375]}},{"type":"Feature","properties":{"municipio":"6c1959c1-6253-43fb-8823-d58d072d599a","title":"MS - CHAPADAO DO SUL","name":"MS - CHAPADAO DO SUL","tipo":"Munic\u00edpio","url":"\/dashboard\/details-assets\/6c1959c1-6253-43fb-8823-d58d072d599a"},"geometry":{"type":"Point","coordinates":[-52.626356,-18.797773]}},{"type":"Feature","properties":{"municipio":"9f7bd3d8-f1d4-4274-a880-921191a3910a","title":"MS - CASSILANDIA","name":"MS - CASSILANDIA","tipo":"Munic\u00edpio","url":"\/dashboard\/details-assets\/9f7bd3d8-f1d4-4274-a880-921191a3910a"},"geometry":{"type":"Point","coordinates":[-51.731577,-19.109407]}},{"type":"Feature","properties":{"municipio":"1f5a7246-9e17-40a6-baff-bb7c4051b231","title":"MS - CAMAPUA","name":"MS - CAMAPUA","tipo":"Munic\u00edpio","url":"\/dashboard\/details-assets\/1f5a7246-9e17-40a6-baff-bb7c4051b231"},"geometry":{"type":"Point","coordinates":[-54.043309,-19.53526]}},{"type":"Feature","properties":{"municipio":"0532b83f-d742-4bc0-893a-0e113d7bbd5c","title":"MS - CAMPO GRANDE","name":"MS - CAMPO GRANDE","tipo":"Munic\u00edpio","url":"\/dashboard\/details-assets\/0532b83f-d742-4bc0-893a-0e113d7bbd5c"},"geometry":{"type":"Point","coordinates":[-54.615744,-20.45803]}},{"type":"Feature","properties":{"municipio":"bfa52007-decb-4f4d-ba02-70df53d6fc1e","title":"MS - CAARAPO","name":"MS - CAARAPO","tipo":"Munic\u00edpio","url":"\/dashboard\/details-assets\/bfa52007-decb-4f4d-ba02-70df53d6fc1e"},"geometry":{"type":"Point","coordinates":[-54.82697,-22.636582]}},{"type":"Feature","properties":{"municipio":"57c957cf-6a69-40c2-9c09-704949b25ea6","title":"MS - BONITO","name":"MS - BONITO","tipo":"Munic\u00edpio","url":"\/dashboard\/details-assets\/57c957cf-6a69-40c2-9c09-704949b25ea6"},"geometry":{"type":"Point","coordinates":[-56.492859,-21.124341]}},{"type":"Feature","properties":{"municipio":"6eb7c659-138f-45c4-b252-0530f82a4d98","title":"MS - BODOQUENA","name":"MS - BODOQUENA","tipo":"Munic\u00edpio","url":"\/dashboard\/details-assets\/6eb7c659-138f-45c4-b252-0530f82a4d98"},"geometry":{"type":"Point","coordinates":[-56.673567,-20.554843]}},{"type":"Feature","properties":{"municipio":"65940b60-8d79-416c-bc85-52e7ed1b430a","title":"MS - BELA VISTA","name":"MS - BELA VISTA","tipo":"Munic\u00edpio","url":"\/dashboard\/details-assets\/65940b60-8d79-416c-bc85-52e7ed1b430a"},"geometry":{"type":"Point","coordinates":[-56.531315,-22.115976]}},{"type":"Feature","properties":{"municipio":"8d1d9b0a-c634-4e78-aa15-d4ebecc294c6","title":"MS - BATAGUASSU","name":"MS - BATAGUASSU","tipo":"Munic\u00edpio","url":"\/dashboard\/details-assets\/8d1d9b0a-c634-4e78-aa15-d4ebecc294c6"},"geometry":{"type":"Point","coordinates":[-52.425437,-21.715288]}},{"type":"Feature","properties":{"municipio":"73400441-186c-4fa2-bb45-bfcf2854fbc2","title":"MS - AQUIDAUANA","name":"MS - AQUIDAUANA","tipo":"Munic\u00edpio","url":"\/dashboard\/details-assets\/73400441-186c-4fa2-bb45-bfcf2854fbc2"},"geometry":{"type":"Point","coordinates":[-55.790616,-20.474654]}},{"type":"Feature","properties":{"municipio":"76c53e68-c80c-4a81-853b-75d652b54e28","title":"MS - APARECIDA DO TABOADO","name":"MS - APARECIDA DO TABOADO","tipo":"Munic\u00edpio","url":"\/dashboard\/details-assets\/76c53e68-c80c-4a81-853b-75d652b54e28"},"geometry":{"type":"Point","coordinates":[-51.097638,-20.085022]}},{"type":"Feature","properties":{"municipio":"2a3dd89a-1b28-45e2-a754-80c583a758e6","title":"MS - ANASTACIO","name":"MS - ANASTACIO","tipo":"Munic\u00edpio","url":"\/dashboard\/details-assets\/2a3dd89a-1b28-45e2-a754-80c583a758e6"},"geometry":{"type":"Point","coordinates":[-55.804571,-20.48236]}},{"type":"Feature","properties":{"municipio":"6741f248-9dfa-4053-8c44-f12a7cc7b053","title":"MS - AMAMBAI","name":"MS - AMAMBAI","tipo":"Munic\u00edpio","url":"\/dashboard\/details-assets\/6741f248-9dfa-4053-8c44-f12a7cc7b053"},"geometry":{"type":"Point","coordinates":[-55.243828,-23.100582]}},{"type":"Feature","properties":{"municipio":"798928eb-b3ef-4c27-8ff8-d3069308aaf5","title":"MS - AGUA CLARA","name":"MS - AGUA CLARA","tipo":"Munic\u00edpio","url":"\/dashboard\/details-assets\/798928eb-b3ef-4c27-8ff8-d3069308aaf5"},"geometry":{"type":"Point","coordinates":[-52.878178,-20.441957]}},{"type":"Feature","properties":{"municipio":"b81bf8c2-82fb-46e8-ab8c-720ff7d74f09","title":"MG - VISCONDE DO RIO BRANCO","name":"MG - VISCONDE DO RIO BRANCO","tipo":"Munic\u00edpio","url":"\/dashboard\/details-assets\/b81bf8c2-82fb-46e8-ab8c-720ff7d74f09"},"geometry":{"type":"Point","coordinates":[-42.839389,-21.01199]}},{"type":"Feature","properties":{"municipio":"599e90b1-1e2d-4ff9-ad12-03d4293fbeb9","title":"MG - VIRGINOPOLIS","name":"MG - VIRGINOPOLIS","tipo":"Munic\u00edpio","url":"\/dashboard\/details-assets\/599e90b1-1e2d-4ff9-ad12-03d4293fbeb9"},"geometry":{"type":"Point","coordinates":[-42.714804,-18.82514]}},{"type":"Feature","properties":{"municipio":"58e597f2-aae8-4d40-bb65-8f4e56baad41","title":"MG - VICOSA","name":"MG - VICOSA","tipo":"Munic\u00edpio","url":"\/dashboard\/details-assets\/58e597f2-aae8-4d40-bb65-8f4e56baad41"},"geometry":{"type":"Point","coordinates":[-42.879477,-20.752072]}},{"type":"Feature","properties":{"municipio":"135b5dd6-4368-4d7b-b77b-8c0e9ce844f9","title":"MG - VESPASIANO","name":"MG - VESPASIANO","tipo":"Munic\u00edpio","url":"\/dashboard\/details-assets\/135b5dd6-4368-4d7b-b77b-8c0e9ce844f9"},"geometry":{"type":"Point","coordinates":[-43.919915,-19.69303]}},{"type":"Feature","properties":{"municipio":"5e3b9166-807a-49df-8385-7cd07e40d258","title":"MG - VAZANTE","name":"MG - VAZANTE","tipo":"Munic\u00edpio","url":"\/dashboard\/details-assets\/5e3b9166-807a-49df-8385-7cd07e40d258"},"geometry":{"type":"Point","coordinates":[-46.901967,-17.991038]}},{"type":"Feature","properties":{"municipio":"0628c391-5912-4b0f-9736-7bee5b7bc1b3","title":"MG - VARZEA DA PALMA","name":"MG - VARZEA DA PALMA","tipo":"Munic\u00edpio","url":"\/dashboard\/details-assets\/0628c391-5912-4b0f-9736-7bee5b7bc1b3"},"geometry":{"type":"Point","coordinates":[-44.730347,-17.59757]}},{"type":"Feature","properties":{"municipio":"6760c231-e489-4669-9284-5f3c594dee17","title":"MG - VARZELANDIA","name":"MG - VARZELANDIA","tipo":"Munic\u00edpio","url":"\/dashboard\/details-assets\/6760c231-e489-4669-9284-5f3c594dee17"},"geometry":{"type":"Point","coordinates":[-44.0278,-15.7008]}},{"type":"Feature","properties":{"municipio":"02d0c523-9594-42db-bc53-2fe4254d9b0e","title":"MG - UNAI","name":"MG - UNAI","tipo":"Munic\u00edpio","url":"\/dashboard\/details-assets\/02d0c523-9594-42db-bc53-2fe4254d9b0e"},"geometry":{"type":"Point","coordinates":[-46.899957,-16.359008]}},{"type":"Feature","properties":{"municipio":"7f1bfa39-db26-43cf-99f0-3ac2a9779c27","title":"MG - VARGINHA","name":"MG - VARGINHA","tipo":"Munic\u00edpio","url":"\/dashboard\/details-assets\/7f1bfa39-db26-43cf-99f0-3ac2a9779c27"},"geometry":{"type":"Point","coordinates":[-45.431886,-21.55708]}},{"type":"Feature","properties":{"municipio":"38d70c5c-b52a-4a6f-a5b6-17766a4d2b0e","title":"MG - UBERLANDIA","name":"MG - UBERLANDIA","tipo":"Munic\u00edpio","url":"\/dashboard\/details-assets\/38d70c5c-b52a-4a6f-a5b6-17766a4d2b0e"},"geometry":{"type":"Point","coordinates":[-48.27795,-18.918999]}},{"type":"Feature","properties":{"municipio":"908b3fbb-847b-4498-b0bd-c7bf4ff264e1","title":"MG - UBERABA","name":"MG - UBERABA","tipo":"Munic\u00edpio","url":"\/dashboard\/details-assets\/908b3fbb-847b-4498-b0bd-c7bf4ff264e1"},"geometry":{"type":"Point","coordinates":[-47.983625,-19.713535]}},{"type":"Feature","properties":{"municipio":"574eb85e-7e81-4d53-94b5-879a686ffe84","title":"MG - UBA","name":"MG - UBA","tipo":"Munic\u00edpio","url":"\/dashboard\/details-assets\/574eb85e-7e81-4d53-94b5-879a686ffe84"},"geometry":{"type":"Point","coordinates":[-42.936786,-21.118597]}},{"type":"Feature","properties":{"municipio":"2d74b8db-f3da-4d12-9a20-13c39ee1cd8a","title":"MG - TUPACIGUARA","name":"MG - TUPACIGUARA","tipo":"Munic\u00edpio","url":"\/dashboard\/details-assets\/2d74b8db-f3da-4d12-9a20-13c39ee1cd8a"},"geometry":{"type":"Point","coordinates":[-48.771833,-18.579693]}},{"type":"Feature","properties":{"municipio":"067acc8c-e937-4a74-aeb6-28085d0274cd","title":"MG - TURMALINA","name":"MG - TURMALINA","tipo":"Munic\u00edpio","url":"\/dashboard\/details-assets\/067acc8c-e937-4a74-aeb6-28085d0274cd"},"geometry":{"type":"Point","coordinates":[-42.727553,-17.285358]}},{"type":"Feature","properties":{"municipio":"f6dc4350-963b-4496-9e99-09054c200fc0","title":"MG - TRES PONTAS","name":"MG - TRES PONTAS","tipo":"Munic\u00edpio","url":"\/dashboard\/details-assets\/f6dc4350-963b-4496-9e99-09054c200fc0"},"geometry":{"type":"Point","coordinates":[-45.515475,-21.36877]}},{"type":"Feature","properties":{"municipio":"da36dfca-a617-4037-bb27-509e20a3e585","title":"MG - TRES MARIAS","name":"MG - TRES MARIAS","tipo":"Munic\u00edpio","url":"\/dashboard\/details-assets\/da36dfca-a617-4037-bb27-509e20a3e585"},"geometry":{"type":"Point","coordinates":[-45.225735,-18.205921]}},{"type":"Feature","properties":{"municipio":"35771c3f-8192-4cc8-abf7-ddf993d17378","title":"MG - TIMOTEO","name":"MG - TIMOTEO","tipo":"Munic\u00edpio","url":"\/dashboard\/details-assets\/35771c3f-8192-4cc8-abf7-ddf993d17378"},"geometry":{"type":"Point","coordinates":[-42.643942,-19.58405]}},{"type":"Feature","properties":{"municipio":"82d34677-9fda-4946-bd9a-365e23f6957e","title":"MG - TRES CORACOES","name":"MG - TRES CORACOES","tipo":"Munic\u00edpio","url":"\/dashboard\/details-assets\/82d34677-9fda-4946-bd9a-365e23f6957e"},"geometry":{"type":"Point","coordinates":[-45.254937,-21.695966]}},{"type":"Feature","properties":{"municipio":"8e9f8ca2-439e-49f1-9500-ab29e9608087","title":"MG - TAIOBEIRAS","name":"MG - TAIOBEIRAS","tipo":"Munic\u00edpio","url":"\/dashboard\/details-assets\/8e9f8ca2-439e-49f1-9500-ab29e9608087"},"geometry":{"type":"Point","coordinates":[-42.227916,-15.811521]}},{"type":"Feature","properties":{"municipio":"62609de5-b4ea-4619-9d95-20911fd5c1eb","title":"MG - TEOFILO OTONI","name":"MG - TEOFILO OTONI","tipo":"Munic\u00edpio","url":"\/dashboard\/details-assets\/62609de5-b4ea-4619-9d95-20911fd5c1eb"},"geometry":{"type":"Point","coordinates":[-41.509635,-17.86254]}},{"type":"Feature","properties":{"municipio":"f532dd44-13fb-453a-866b-0b664ea05f31","title":"MG - SETE LAGOAS","name":"MG - SETE LAGOAS","tipo":"Munic\u00edpio","url":"\/dashboard\/details-assets\/f532dd44-13fb-453a-866b-0b664ea05f31"},"geometry":{"type":"Point","coordinates":[-44.239595,-19.458287]}},{"type":"Feature","properties":{"municipio":"b5caf968-e22c-4776-aa05-a4e605b82c88","title":"MG - SAO SEBASTIAO DO PARAISO","name":"MG - SAO SEBASTIAO DO PARAISO","tipo":"Munic\u00edpio","url":"\/dashboard\/details-assets\/b5caf968-e22c-4776-aa05-a4e605b82c88"},"geometry":{"type":"Point","coordinates":[-46.986472,-20.918065]}},{"type":"Feature","properties":{"municipio":"4e61107f-c740-467b-891f-66f9b97c783b","title":"MG - SERRO","name":"MG - SERRO","tipo":"Munic\u00edpio","url":"\/dashboard\/details-assets\/4e61107f-c740-467b-891f-66f9b97c783b"},"geometry":{"type":"Point","coordinates":[-43.388631,-18.604442]}},{"type":"Feature","properties":{"municipio":"c35e8f71-e258-4087-96b1-8895b811fd71","title":"MG - SAO ROMAO","name":"MG - SAO ROMAO","tipo":"Munic\u00edpio","url":"\/dashboard\/details-assets\/c35e8f71-e258-4087-96b1-8895b811fd71"},"geometry":{"type":"Point","coordinates":[-45.069135,-16.368639]}},{"type":"Feature","properties":{"municipio":"390ddbd8-7430-4399-95dd-74e1a9b6bcf7","title":"MG - SAO MIGUEL DO ANTA","name":"MG - SAO MIGUEL DO ANTA","tipo":"Munic\u00edpio","url":"\/dashboard\/details-assets\/390ddbd8-7430-4399-95dd-74e1a9b6bcf7"},"geometry":{"type":"Point","coordinates":[-42.718889,-20.706944]}},{"type":"Feature","properties":{"municipio":"f6f2c075-429f-4315-b618-112ad822d9d9","title":"MG - SAO LOURENCO","name":"MG - SAO LOURENCO","tipo":"Munic\u00edpio","url":"\/dashboard\/details-assets\/f6f2c075-429f-4315-b618-112ad822d9d9"},"geometry":{"type":"Point","coordinates":[-45.053373,-22.117769]}},{"type":"Feature","properties":{"municipio":"c85dec87-988a-4654-8887-15fa0778a855","title":"MG - SAO JOSE DA LAPA","name":"MG - SAO JOSE DA LAPA","tipo":"Munic\u00edpio","url":"\/dashboard\/details-assets\/c85dec87-988a-4654-8887-15fa0778a855"},"geometry":{"type":"Point","coordinates":[-43.959956,-19.698627]}},{"type":"Feature","properties":{"municipio":"4182e6d6-254c-474d-a11d-d72b45045713","title":"MG - SAO JOAQUIM DE BICAS","name":"MG - SAO JOAQUIM DE BICAS","tipo":"Munic\u00edpio","url":"\/dashboard\/details-assets\/4182e6d6-254c-474d-a11d-d72b45045713"},"geometry":{"type":"Point","coordinates":[-44.266273,-20.063468]}},{"type":"Feature","properties":{"municipio":"ee54b864-fcd3-42d8-b8c5-10c4c0a26309","title":"MG - SAO JOAO NEPOMUCENO","name":"MG - SAO JOAO NEPOMUCENO","tipo":"Munic\u00edpio","url":"\/dashboard\/details-assets\/ee54b864-fcd3-42d8-b8c5-10c4c0a26309"},"geometry":{"type":"Point","coordinates":[-43.011286,-21.535697]}},{"type":"Feature","properties":{"municipio":"878ab2f5-3030-41f7-8b3e-0f1ff46b8c2e","title":"MG - SAO JOAO EVANGELISTA","name":"MG - SAO JOAO EVANGELISTA","tipo":"Munic\u00edpio","url":"\/dashboard\/details-assets\/878ab2f5-3030-41f7-8b3e-0f1ff46b8c2e"},"geometry":{"type":"Point","coordinates":[-42.776048,-18.545187]}},{"type":"Feature","properties":{"municipio":"53c84035-05b7-464e-9ad3-6883132b63a9","title":"MG - SAO JOAO DO PARAISO","name":"MG - SAO JOAO DO PARAISO","tipo":"Munic\u00edpio","url":"\/dashboard\/details-assets\/53c84035-05b7-464e-9ad3-6883132b63a9"},"geometry":{"type":"Point","coordinates":[-42.011422,-15.318438]}},{"type":"Feature","properties":{"municipio":"73c78015-3684-4d65-956a-083c86828adc","title":"MG - SAO JOAO DEL REI","name":"MG - SAO JOAO DEL REI","tipo":"Munic\u00edpio","url":"\/dashboard\/details-assets\/73c78015-3684-4d65-956a-083c86828adc"},"geometry":{"type":"Point","coordinates":[-44.260973,-21.135509]}},{"type":"Feature","properties":{"municipio":"45c927c9-a969-4acb-94c4-15dbad73a8b9","title":"MG - SAO GOTARDO","name":"MG - SAO GOTARDO","tipo":"Munic\u00edpio","url":"\/dashboard\/details-assets\/45c927c9-a969-4acb-94c4-15dbad73a8b9"},"geometry":{"type":"Point","coordinates":[-46.053144,-19.3127]}},{"type":"Feature","properties":{"municipio":"8e101211-02dd-472c-8166-447341b32798","title":"MG - SAO GONCALO DO SAPUCAI","name":"MG - SAO GONCALO DO SAPUCAI","tipo":"Munic\u00edpio","url":"\/dashboard\/details-assets\/8e101211-02dd-472c-8166-447341b32798"},"geometry":{"type":"Point","coordinates":[-45.5918,-21.905071]}},{"type":"Feature","properties":{"municipio":"2ac9ee55-9fe7-4b41-ae69-8c0d82f76703","title":"MG - SANTOS DUMONT","name":"MG - SANTOS DUMONT","tipo":"Munic\u00edpio","url":"\/dashboard\/details-assets\/2ac9ee55-9fe7-4b41-ae69-8c0d82f76703"},"geometry":{"type":"Point","coordinates":[-43.553752,-21.457532]}},{"type":"Feature","properties":{"municipio":"30508259-d2c8-40c9-87bb-5389413780f6","title":"MG - SAO FRANCISCO","name":"MG - SAO FRANCISCO","tipo":"Munic\u00edpio","url":"\/dashboard\/details-assets\/30508259-d2c8-40c9-87bb-5389413780f6"},"geometry":{"type":"Point","coordinates":[-50.700097,-20.358414]}},{"type":"Feature","properties":{"municipio":"3158ec13-57b4-4caa-95d2-2d17e1ddc6df","title":"MG - SANTA RITA DO SAPUCAI","name":"MG - SANTA RITA DO SAPUCAI","tipo":"Munic\u00edpio","url":"\/dashboard\/details-assets\/3158ec13-57b4-4caa-95d2-2d17e1ddc6df"},"geometry":{"type":"Point","coordinates":[-45.703988,-22.25333]}},{"type":"Feature","properties":{"municipio":"51ab54d7-c23b-42bd-96b3-4fa2178dc84b","title":"MG - SANTA MARIA DO SUACUI","name":"MG - SANTA MARIA DO SUACUI","tipo":"Munic\u00edpio","url":"\/dashboard\/details-assets\/51ab54d7-c23b-42bd-96b3-4fa2178dc84b"},"geometry":{"type":"Point","coordinates":[-42.417802,-18.192252]}},{"type":"Feature","properties":{"municipio":"7b9ddf34-c347-4ea4-9c00-a41ce5cef738","title":"MG - SANTA LUZIA","name":"MG - SANTA LUZIA","tipo":"Munic\u00edpio","url":"\/dashboard\/details-assets\/7b9ddf34-c347-4ea4-9c00-a41ce5cef738"},"geometry":{"type":"Point","coordinates":[-43.850007,-19.767617]}},{"type":"Feature","properties":{"municipio":"5bdbd35c-585e-4ef6-8073-8d1369da6edc","title":"MG - SANTA BARBARA","name":"MG - SANTA BARBARA","tipo":"Munic\u00edpio","url":"\/dashboard\/details-assets\/5bdbd35c-585e-4ef6-8073-8d1369da6edc"},"geometry":{"type":"Point","coordinates":[-43.405221,-19.965591]}},{"type":"Feature","properties":{"municipio":"0f35b908-3806-4537-815f-978d2b41e9c1","title":"MG - SABARA","name":"MG - SABARA","tipo":"Munic\u00edpio","url":"\/dashboard\/details-assets\/0f35b908-3806-4537-815f-978d2b41e9c1"},"geometry":{"type":"Point","coordinates":[-43.826722,-19.884526]}},{"type":"Feature","properties":{"municipio":"7988903e-04ae-4db0-a7d1-86fcb8aeef11","title":"MG - SALINAS","name":"MG - SALINAS","tipo":"Munic\u00edpio","url":"\/dashboard\/details-assets\/7988903e-04ae-4db0-a7d1-86fcb8aeef11"},"geometry":{"type":"Point","coordinates":[-42.297898,-16.167456]}},{"type":"Feature","properties":{"municipio":"d4b482b7-0de8-48fe-af44-6fb4246c7912","title":"MG - RIO PARDO DE MINAS","name":"MG - RIO PARDO DE MINAS","tipo":"Munic\u00edpio","url":"\/dashboard\/details-assets\/d4b482b7-0de8-48fe-af44-6fb4246c7912"},"geometry":{"type":"Point","coordinates":[-42.54089,-15.61649]}},{"type":"Feature","properties":{"municipio":"c3e4db1a-829c-4675-a6c2-ecebec300723","title":"MG - RIBEIRAO DAS NEVES","name":"MG - RIBEIRAO DAS NEVES","tipo":"Munic\u00edpio","url":"\/dashboard\/details-assets\/c3e4db1a-829c-4675-a6c2-ecebec300723"},"geometry":{"type":"Point","coordinates":[-44.085824,-19.766022]}},{"type":"Feature","properties":{"municipio":"4b3c5d92-d7da-4c81-b9b1-f4eece351869","title":"MG - PORTEIRINHA","name":"MG - PORTEIRINHA","tipo":"Munic\u00edpio","url":"\/dashboard\/details-assets\/4b3c5d92-d7da-4c81-b9b1-f4eece351869"},"geometry":{"type":"Point","coordinates":[-43.028523,-15.746838]}},{"type":"Feature","properties":{"municipio":"1def0969-0112-4c4b-8524-7945506fb0a1","title":"MG - POUSO ALEGRE","name":"MG - POUSO ALEGRE","tipo":"Munic\u00edpio","url":"\/dashboard\/details-assets\/1def0969-0112-4c4b-8524-7945506fb0a1"},"geometry":{"type":"Point","coordinates":[-45.937144,-22.230303]}},{"type":"Feature","properties":{"municipio":"eda289e7-abfa-469f-9b44-447b0da07dd7","title":"MG - PONTE NOVA","name":"MG - PONTE NOVA","tipo":"Munic\u00edpio","url":"\/dashboard\/details-assets\/eda289e7-abfa-469f-9b44-447b0da07dd7"},"geometry":{"type":"Point","coordinates":[-42.909684,-20.416643]}},{"type":"Feature","properties":{"municipio":"7b7a7a83-547f-4a33-9c8b-dbeb3aced302","title":"MG - POMPEU","name":"MG - POMPEU","tipo":"Munic\u00edpio","url":"\/dashboard\/details-assets\/7b7a7a83-547f-4a33-9c8b-dbeb3aced302"},"geometry":{"type":"Point","coordinates":[-45.001871,-19.220957]}},{"type":"Feature","properties":{"municipio":"09fd86a4-8f6e-491e-841c-ee5f91bde5eb","title":"MG - POCOS DE CALDAS","name":"MG - POCOS DE CALDAS","tipo":"Munic\u00edpio","url":"\/dashboard\/details-assets\/09fd86a4-8f6e-491e-841c-ee5f91bde5eb"},"geometry":{"type":"Point","coordinates":[-46.56641,-21.787364]}},{"type":"Feature","properties":{"municipio":"0f8fd47a-0b99-45bd-b80f-22e041b57084","title":"MG - PIUMHI","name":"MG - PIUMHI","tipo":"Munic\u00edpio","url":"\/dashboard\/details-assets\/0f8fd47a-0b99-45bd-b80f-22e041b57084"},"geometry":{"type":"Point","coordinates":[-45.960569,-20.470883]}},{"type":"Feature","properties":{"municipio":"e03f1ed4-48ad-4e16-8cb9-ce9f8bc8c00a","title":"MG - PITANGUI","name":"MG - PITANGUI","tipo":"Munic\u00edpio","url":"\/dashboard\/details-assets\/e03f1ed4-48ad-4e16-8cb9-ce9f8bc8c00a"},"geometry":{"type":"Point","coordinates":[-44.890119,-19.680597]}},{"type":"Feature","properties":{"municipio":"013368e6-23ef-47bf-9beb-000fb8a86bcd","title":"MG - PIRAPORA","name":"MG - PIRAPORA","tipo":"Munic\u00edpio","url":"\/dashboard\/details-assets\/013368e6-23ef-47bf-9beb-000fb8a86bcd"},"geometry":{"type":"Point","coordinates":[-44.951065,-17.349582]}},{"type":"Feature","properties":{"municipio":"bd44bc98-1259-4bd8-b6d8-c7b2dd7c5960","title":"MG - PIRANGA","name":"MG - PIRANGA","tipo":"Munic\u00edpio","url":"\/dashboard\/details-assets\/bd44bc98-1259-4bd8-b6d8-c7b2dd7c5960"},"geometry":{"type":"Point","coordinates":[-43.287346,-20.685144]}},{"type":"Feature","properties":{"municipio":"df460b7e-d4b6-44be-8c91-53c1c13b3748","title":"MG - PEDRO LEOPOLDO","name":"MG - PEDRO LEOPOLDO","tipo":"Munic\u00edpio","url":"\/dashboard\/details-assets\/df460b7e-d4b6-44be-8c91-53c1c13b3748"},"geometry":{"type":"Point","coordinates":[-44.045884,-19.618396]}},{"type":"Feature","properties":{"municipio":"80db9cee-bcde-4fa7-960b-79cb518f4544","title":"MG - PEDRA AZUL","name":"MG - PEDRA AZUL","tipo":"Munic\u00edpio","url":"\/dashboard\/details-assets\/80db9cee-bcde-4fa7-960b-79cb518f4544"},"geometry":{"type":"Point","coordinates":[-41.2969,-16.005]}},{"type":"Feature","properties":{"municipio":"eaa86fd4-b697-4930-8ca9-f2c309774e79","title":"MG - PATROCINIO","name":"MG - PATROCINIO","tipo":"Munic\u00edpio","url":"\/dashboard\/details-assets\/eaa86fd4-b697-4930-8ca9-f2c309774e79"},"geometry":{"type":"Point","coordinates":[-46.997438,-18.940813]}},{"type":"Feature","properties":{"municipio":"9ba7302a-1b09-4268-8e13-e6e83cb3856b","title":"MG - PATOS DE MINAS","name":"MG - PATOS DE MINAS","tipo":"Munic\u00edpio","url":"\/dashboard\/details-assets\/9ba7302a-1b09-4268-8e13-e6e83cb3856b"},"geometry":{"type":"Point","coordinates":[-46.515916,-18.592571]}},{"type":"Feature","properties":{"municipio":"656ffccb-3e01-47b8-b3d6-edcd514782b1","title":"MG - PARAOPEBA","name":"MG - PARAOPEBA","tipo":"Munic\u00edpio","url":"\/dashboard\/details-assets\/656ffccb-3e01-47b8-b3d6-edcd514782b1"},"geometry":{"type":"Point","coordinates":[-44.406233,-19.278438]}},{"type":"Feature","properties":{"municipio":"36fcf49d-7a9a-4022-964e-d8ab695ad785","title":"MG - PASSOS","name":"MG - PASSOS","tipo":"Munic\u00edpio","url":"\/dashboard\/details-assets\/36fcf49d-7a9a-4022-964e-d8ab695ad785"},"geometry":{"type":"Point","coordinates":[-46.611413,-20.719212]}},{"type":"Feature","properties":{"municipio":"f879df23-1a90-4fe5-b110-45a9d66a12e5","title":"MG - PARA DE MINAS","name":"MG - PARA DE MINAS","tipo":"Munic\u00edpio","url":"\/dashboard\/details-assets\/f879df23-1a90-4fe5-b110-45a9d66a12e5"},"geometry":{"type":"Point","coordinates":[-44.60538,-19.864738]}},{"type":"Feature","properties":{"municipio":"fed160f4-8649-4a30-b498-3310e996978b","title":"MG - PARACATU","name":"MG - PARACATU","tipo":"Munic\u00edpio","url":"\/dashboard\/details-assets\/fed160f4-8649-4a30-b498-3310e996978b"},"geometry":{"type":"Point","coordinates":[-46.875419,-17.219742]}},{"type":"Feature","properties":{"municipio":"406cdd01-05af-429d-a0de-0060bce1f2fd","title":"MG - PADRE PARAISO","name":"MG - PADRE PARAISO","tipo":"Munic\u00edpio","url":"\/dashboard\/details-assets\/406cdd01-05af-429d-a0de-0060bce1f2fd"},"geometry":{"type":"Point","coordinates":[-41.605219,-17.060866]}},{"type":"Feature","properties":{"municipio":"e6ea1155-361b-49e8-8f89-56b9dc04fb04","title":"MG - OURO PRETO","name":"MG - OURO PRETO","tipo":"Munic\u00edpio","url":"\/dashboard\/details-assets\/e6ea1155-361b-49e8-8f89-56b9dc04fb04"},"geometry":{"type":"Point","coordinates":[-43.506448,-20.386776]}},{"type":"Feature","properties":{"municipio":"97732d5e-9112-4aed-9208-daa84578844c","title":"MG - OURO FINO","name":"MG - OURO FINO","tipo":"Munic\u00edpio","url":"\/dashboard\/details-assets\/97732d5e-9112-4aed-9208-daa84578844c"},"geometry":{"type":"Point","coordinates":[-46.380081,-22.283524]}},{"type":"Feature","properties":{"municipio":"bb984f2e-26c2-46c5-b39e-ae97a2e7bb6d","title":"MG - OLIVEIRA","name":"MG - OLIVEIRA","tipo":"Munic\u00edpio","url":"\/dashboard\/details-assets\/bb984f2e-26c2-46c5-b39e-ae97a2e7bb6d"},"geometry":{"type":"Point","coordinates":[-44.826411,-20.697516]}},{"type":"Feature","properties":{"municipio":"b0638973-0aa9-44f4-a03b-99b202303301","title":"MG - OURO BRANCO","name":"MG - OURO BRANCO","tipo":"Munic\u00edpio","url":"\/dashboard\/details-assets\/b0638973-0aa9-44f4-a03b-99b202303301"},"geometry":{"type":"Point","coordinates":[-43.694771,-20.523583]}},{"type":"Feature","properties":{"municipio":"5d01eee1-f2c0-4fbb-9863-bccde011928d","title":"MG - NOVO CRUZEIRO","name":"MG - NOVO CRUZEIRO","tipo":"Munic\u00edpio","url":"\/dashboard\/details-assets\/5d01eee1-f2c0-4fbb-9863-bccde011928d"},"geometry":{"type":"Point","coordinates":[-41.875392,-17.474889]}},{"type":"Feature","properties":{"municipio":"099e2c82-e9a4-4a7b-b60c-807dbc2b9c20","title":"MG - NOVA SERRANA","name":"MG - NOVA SERRANA","tipo":"Munic\u00edpio","url":"\/dashboard\/details-assets\/099e2c82-e9a4-4a7b-b60c-807dbc2b9c20"},"geometry":{"type":"Point","coordinates":[-44.985083,-19.871778]}},{"type":"Feature","properties":{"municipio":"bbce5367-2cf0-452e-9b4f-f5ef0b74a64a","title":"MG - NOVA LIMA","name":"MG - NOVA LIMA","tipo":"Munic\u00edpio","url":"\/dashboard\/details-assets\/bbce5367-2cf0-452e-9b4f-f5ef0b74a64a"},"geometry":{"type":"Point","coordinates":[-43.849783,-19.983893]}},{"type":"Feature","properties":{"municipio":"8ac26460-347e-4bc9-8e6b-717a49c7b36a","title":"MG - NOVA ERA","name":"MG - NOVA ERA","tipo":"Munic\u00edpio","url":"\/dashboard\/details-assets\/8ac26460-347e-4bc9-8e6b-717a49c7b36a"},"geometry":{"type":"Point","coordinates":[-43.035457,-19.764423]}},{"type":"Feature","properties":{"municipio":"f2e83e82-a37c-4662-b463-dfbfd079ed52","title":"MG - NEPOMUCENO","name":"MG - NEPOMUCENO","tipo":"Munic\u00edpio","url":"\/dashboard\/details-assets\/f2e83e82-a37c-4662-b463-dfbfd079ed52"},"geometry":{"type":"Point","coordinates":[-45.235384,-21.2329]}},{"type":"Feature","properties":{"municipio":"f16245c6-e853-41ff-8ffa-11d20ccc3380","title":"MG - NANUQUE","name":"MG - NANUQUE","tipo":"Munic\u00edpio","url":"\/dashboard\/details-assets\/f16245c6-e853-41ff-8ffa-11d20ccc3380"},"geometry":{"type":"Point","coordinates":[-40.351739,-17.838993]}},{"type":"Feature","properties":{"municipio":"c9a15204-71ba-4ae9-8504-642b12a49872","title":"MG - MUZAMBINHO","name":"MG - MUZAMBINHO","tipo":"Munic\u00edpio","url":"\/dashboard\/details-assets\/c9a15204-71ba-4ae9-8504-642b12a49872"},"geometry":{"type":"Point","coordinates":[-46.526805,-21.373013]}},{"type":"Feature","properties":{"municipio":"e2cf606d-2394-4caf-84b9-0239ec3c5b2e","title":"MG - MUTUM","name":"MG - MUTUM","tipo":"Munic\u00edpio","url":"\/dashboard\/details-assets\/e2cf606d-2394-4caf-84b9-0239ec3c5b2e"},"geometry":{"type":"Point","coordinates":[-41.439139,-19.807189]}},{"type":"Feature","properties":{"municipio":"7184335b-82b4-4a3b-bf2f-9bcb8114b586","title":"MG - MURIAE","name":"MG - MURIAE","tipo":"Munic\u00edpio","url":"\/dashboard\/details-assets\/7184335b-82b4-4a3b-bf2f-9bcb8114b586"},"geometry":{"type":"Point","coordinates":[-42.361075,-21.132047]}},{"type":"Feature","properties":{"municipio":"53f3afa2-2784-4695-8471-da21781fb456","title":"MG - MONTES CLAROS","name":"MG - MONTES CLAROS","tipo":"Munic\u00edpio","url":"\/dashboard\/details-assets\/53f3afa2-2784-4695-8471-da21781fb456"},"geometry":{"type":"Point","coordinates":[-43.865422,-16.722707]}},{"type":"Feature","properties":{"municipio":"9189f571-da48-4bab-90c3-c9b0b372e808","title":"MG - MONTE SIAO","name":"MG - MONTE SIAO","tipo":"Munic\u00edpio","url":"\/dashboard\/details-assets\/9189f571-da48-4bab-90c3-c9b0b372e808"},"geometry":{"type":"Point","coordinates":[-46.573703,-22.433549]}},{"type":"Feature","properties":{"municipio":"6e9b3eb5-7023-42da-af24-32e0f24f278b","title":"MG - MONTE CARMELO","name":"MG - MONTE CARMELO","tipo":"Munic\u00edpio","url":"\/dashboard\/details-assets\/6e9b3eb5-7023-42da-af24-32e0f24f278b"},"geometry":{"type":"Point","coordinates":[-47.495972,-18.729038]}},{"type":"Feature","properties":{"municipio":"fdf9d751-0698-4df0-a805-08f02642a7af","title":"MG - MONTE AZUL","name":"MG - MONTE AZUL","tipo":"Munic\u00edpio","url":"\/dashboard\/details-assets\/fdf9d751-0698-4df0-a805-08f02642a7af"},"geometry":{"type":"Point","coordinates":[-42.873165,-15.155339]}},{"type":"Feature","properties":{"municipio":"4a42d2d0-38d9-4bae-b813-63ab79fdb159","title":"MG - MINAS NOVAS","name":"MG - MINAS NOVAS","tipo":"Munic\u00edpio","url":"\/dashboard\/details-assets\/4a42d2d0-38d9-4bae-b813-63ab79fdb159"},"geometry":{"type":"Point","coordinates":[-42.576828,-17.214012]}},{"type":"Feature","properties":{"municipio":"2da919dd-b190-446b-a34a-201ae6c96acd","title":"MG - MATOZINHOS","name":"MG - MATOZINHOS","tipo":"Munic\u00edpio","url":"\/dashboard\/details-assets\/2da919dd-b190-446b-a34a-201ae6c96acd"},"geometry":{"type":"Point","coordinates":[-44.087199,-19.554797]}},{"type":"Feature","properties":{"municipio":"08b4868a-74fe-4939-b9b1-4ed0cb3013f0","title":"MG - MARIANA","name":"MG - MARIANA","tipo":"Munic\u00edpio","url":"\/dashboard\/details-assets\/08b4868a-74fe-4939-b9b1-4ed0cb3013f0"},"geometry":{"type":"Point","coordinates":[-43.41614,-20.374493]}},{"type":"Feature","properties":{"municipio":"92844b55-0e1a-47b1-837e-cf3922535c41","title":"MG - MATEUS LEME","name":"MG - MATEUS LEME","tipo":"Munic\u00edpio","url":"\/dashboard\/details-assets\/92844b55-0e1a-47b1-837e-cf3922535c41"},"geometry":{"type":"Point","coordinates":[-44.428991,-19.990868]}},{"type":"Feature","properties":{"municipio":"304aa5ea-4527-4275-9f7a-e18309dfae29","title":"MG - MANTENA","name":"MG - MANTENA","tipo":"Munic\u00edpio","url":"\/dashboard\/details-assets\/304aa5ea-4527-4275-9f7a-e18309dfae29"},"geometry":{"type":"Point","coordinates":[-40.978526,-18.7807]}},{"type":"Feature","properties":{"municipio":"6f22e9d9-eabd-484d-8e01-050b06439eef","title":"MG - MANHUMIRIM","name":"MG - MANHUMIRIM","tipo":"Munic\u00edpio","url":"\/dashboard\/details-assets\/6f22e9d9-eabd-484d-8e01-050b06439eef"},"geometry":{"type":"Point","coordinates":[-41.96268,-20.363999]}},{"type":"Feature","properties":{"municipio":"33ff81b2-e0da-417e-9e9d-1a0ef8e306c1","title":"MG - MANHUACU","name":"MG - MANHUACU","tipo":"Munic\u00edpio","url":"\/dashboard\/details-assets\/33ff81b2-e0da-417e-9e9d-1a0ef8e306c1"},"geometry":{"type":"Point","coordinates":[-42.033848,-20.25868]}},{"type":"Feature","properties":{"municipio":"2220b5c2-4867-427d-b1ef-0f5394237836","title":"MG - MANGA","name":"MG - MANGA","tipo":"Munic\u00edpio","url":"\/dashboard\/details-assets\/2220b5c2-4867-427d-b1ef-0f5394237836"},"geometry":{"type":"Point","coordinates":[-43.936762,-14.755922]}},{"type":"Feature","properties":{"municipio":"ec69d28a-9f69-4fe9-baa7-ffeea128c186","title":"MG - MALACACHETA","name":"MG - MALACACHETA","tipo":"Munic\u00edpio","url":"\/dashboard\/details-assets\/ec69d28a-9f69-4fe9-baa7-ffeea128c186"},"geometry":{"type":"Point","coordinates":[-42.077299,-17.846121]}},{"type":"Feature","properties":{"municipio":"231de613-5d28-43f3-b5fc-68fb76b1f341","title":"MG - MACHACALIS","name":"MG - MACHACALIS","tipo":"Munic\u00edpio","url":"\/dashboard\/details-assets\/231de613-5d28-43f3-b5fc-68fb76b1f341"},"geometry":{"type":"Point","coordinates":[-40.720422,-17.07737]}},{"type":"Feature","properties":{"municipio":"013fbe0f-ef37-425f-adfd-1604afa0e102","title":"MG - MACHADO","name":"MG - MACHADO","tipo":"Munic\u00edpio","url":"\/dashboard\/details-assets\/013fbe0f-ef37-425f-adfd-1604afa0e102"},"geometry":{"type":"Point","coordinates":[-45.921764,-21.678354]}},{"type":"Feature","properties":{"municipio":"c7472694-9209-42b6-a4be-d7124577aa6a","title":"MG - LUZ","name":"MG - LUZ","tipo":"Munic\u00edpio","url":"\/dashboard\/details-assets\/c7472694-9209-42b6-a4be-d7124577aa6a"},"geometry":{"type":"Point","coordinates":[-45.683881,-19.796247]}},{"type":"Feature","properties":{"municipio":"4bb4f5f1-149e-4b71-847d-44d817ce9f83","title":"MG - LONTRA","name":"MG - LONTRA","tipo":"Munic\u00edpio","url":"\/dashboard\/details-assets\/4bb4f5f1-149e-4b71-847d-44d817ce9f83"},"geometry":{"type":"Point","coordinates":[-44.306115,-15.902058]}},{"type":"Feature","properties":{"municipio":"88131433-7299-4d70-a143-a69012663c2a","title":"MG - LIMA DUARTE","name":"MG - LIMA DUARTE","tipo":"Munic\u00edpio","url":"\/dashboard\/details-assets\/88131433-7299-4d70-a143-a69012663c2a"},"geometry":{"type":"Point","coordinates":[-43.796383,-21.841096]}},{"type":"Feature","properties":{"municipio":"e4a8c29f-2f06-4b3e-a943-45b87f2f4a60","title":"MG - LEOPOLDINA","name":"MG - LEOPOLDINA","tipo":"Munic\u00edpio","url":"\/dashboard\/details-assets\/e4a8c29f-2f06-4b3e-a943-45b87f2f4a60"},"geometry":{"type":"Point","coordinates":[-42.641844,-21.530729]}},{"type":"Feature","properties":{"municipio":"3aa19bf4-5630-43b1-80f6-da44e45d98eb","title":"MG - LAVRAS","name":"MG - LAVRAS","tipo":"Munic\u00edpio","url":"\/dashboard\/details-assets\/3aa19bf4-5630-43b1-80f6-da44e45d98eb"},"geometry":{"type":"Point","coordinates":[-44.999931,-21.24287]}},{"type":"Feature","properties":{"municipio":"bc8906c3-b581-4f8c-866b-3754aea7a8f2","title":"MG - LAMBARI","name":"MG - LAMBARI","tipo":"Munic\u00edpio","url":"\/dashboard\/details-assets\/bc8906c3-b581-4f8c-866b-3754aea7a8f2"},"geometry":{"type":"Point","coordinates":[-45.352479,-21.974316]}},{"type":"Feature","properties":{"municipio":"53839942-b80b-4cf9-8fbc-a3599a2ade52","title":"MG - LAGOA SANTA","name":"MG - LAGOA SANTA","tipo":"Munic\u00edpio","url":"\/dashboard\/details-assets\/53839942-b80b-4cf9-8fbc-a3599a2ade52"},"geometry":{"type":"Point","coordinates":[-51.404616,-19.183607]}},{"type":"Feature","properties":{"municipio":"b88f56a4-6a92-4635-bdf9-4ac4b1892b8d","title":"MG - LAGOA DA PRATA","name":"MG - LAGOA DA PRATA","tipo":"Munic\u00edpio","url":"\/dashboard\/details-assets\/b88f56a4-6a92-4635-bdf9-4ac4b1892b8d"},"geometry":{"type":"Point","coordinates":[-45.541692,-20.023765]}},{"type":"Feature","properties":{"municipio":"71fded4a-a2c0-4e07-a333-f80023b782c0","title":"MG - LADAINHA","name":"MG - LADAINHA","tipo":"Munic\u00edpio","url":"\/dashboard\/details-assets\/71fded4a-a2c0-4e07-a333-f80023b782c0"},"geometry":{"type":"Point","coordinates":[-41.74045,-17.62448]}},{"type":"Feature","properties":{"municipio":"02ba25b6-743a-4282-b882-5708a7bb012e","title":"MG - JUIZ DE FORA","name":"MG - JUIZ DE FORA","tipo":"Munic\u00edpio","url":"\/dashboard\/details-assets\/02ba25b6-743a-4282-b882-5708a7bb012e"},"geometry":{"type":"Point","coordinates":[-43.348817,-21.760924]}},{"type":"Feature","properties":{"municipio":"ab79123d-0ccb-4196-a785-0f7823d5b229","title":"MG - JUATUBA","name":"MG - JUATUBA","tipo":"Munic\u00edpio","url":"\/dashboard\/details-assets\/ab79123d-0ccb-4196-a785-0f7823d5b229"},"geometry":{"type":"Point","coordinates":[-44.341331,-19.955791]}},{"type":"Feature","properties":{"municipio":"06d1f8d8-167b-4acd-95a2-b9923bd5147a","title":"MG - JOAO PINHEIRO","name":"MG - JOAO PINHEIRO","tipo":"Munic\u00edpio","url":"\/dashboard\/details-assets\/06d1f8d8-167b-4acd-95a2-b9923bd5147a"},"geometry":{"type":"Point","coordinates":[-46.175464,-17.741853]}},{"type":"Feature","properties":{"municipio":"16b34150-d5af-4097-a9d0-2dd6e07eac72","title":"MG - JOAO MONLEVADE","name":"MG - JOAO MONLEVADE","tipo":"Munic\u00edpio","url":"\/dashboard\/details-assets\/16b34150-d5af-4097-a9d0-2dd6e07eac72"},"geometry":{"type":"Point","coordinates":[-43.174571,-19.805639]}},{"type":"Feature","properties":{"municipio":"2ae42e6d-0716-432e-ad6f-f2e5b634b1a1","title":"MG - JEQUITINHONHA","name":"MG - JEQUITINHONHA","tipo":"Munic\u00edpio","url":"\/dashboard\/details-assets\/2ae42e6d-0716-432e-ad6f-f2e5b634b1a1"},"geometry":{"type":"Point","coordinates":[-41.05865,-16.402401]}},{"type":"Feature","properties":{"municipio":"e3325bd2-7ddf-42c7-a9b6-ceb4e9a09bb2","title":"MG - JANUARIA","name":"MG - JANUARIA","tipo":"Munic\u00edpio","url":"\/dashboard\/details-assets\/e3325bd2-7ddf-42c7-a9b6-ceb4e9a09bb2"},"geometry":{"type":"Point","coordinates":[-44.359805,-15.487873]}},{"type":"Feature","properties":{"municipio":"f3b203ee-8d6d-485e-b2cd-664adefbeeb4","title":"MG - JANAUBA","name":"MG - JANAUBA","tipo":"Munic\u00edpio","url":"\/dashboard\/details-assets\/f3b203ee-8d6d-485e-b2cd-664adefbeeb4"},"geometry":{"type":"Point","coordinates":[-43.307683,-15.799028]}},{"type":"Feature","properties":{"municipio":"b420cb54-aa9d-40ee-8e2f-b3b57c447a81","title":"MG - JAIBA","name":"MG - JAIBA","tipo":"Munic\u00edpio","url":"\/dashboard\/details-assets\/b420cb54-aa9d-40ee-8e2f-b3b57c447a81"},"geometry":{"type":"Point","coordinates":[-43.670329,-15.342934]}},{"type":"Feature","properties":{"municipio":"b72b0a0b-ef65-49ab-99c6-873b865fd2e9","title":"MG - JACINTO","name":"MG - JACINTO","tipo":"Munic\u00edpio","url":"\/dashboard\/details-assets\/b72b0a0b-ef65-49ab-99c6-873b865fd2e9"},"geometry":{"type":"Point","coordinates":[-40.291429,-16.141162]}},{"type":"Feature","properties":{"municipio":"d287278a-3364-4b62-824e-58dcd578e6c9","title":"MG - ITURAMA","name":"MG - ITURAMA","tipo":"Munic\u00edpio","url":"\/dashboard\/details-assets\/d287278a-3364-4b62-824e-58dcd578e6c9"},"geometry":{"type":"Point","coordinates":[-50.201974,-19.731948]}},{"type":"Feature","properties":{"municipio":"9848df91-d196-4ad6-bc5a-468fc51f15e9","title":"MG - ITUIUTABA","name":"MG - ITUIUTABA","tipo":"Munic\u00edpio","url":"\/dashboard\/details-assets\/9848df91-d196-4ad6-bc5a-468fc51f15e9"},"geometry":{"type":"Point","coordinates":[-49.462235,-18.973068]}},{"type":"Feature","properties":{"municipio":"cf6ca835-79cc-4d77-a6c4-926a3de7c598","title":"MG - ITAUNA","name":"MG - ITAUNA","tipo":"Munic\u00edpio","url":"\/dashboard\/details-assets\/cf6ca835-79cc-4d77-a6c4-926a3de7c598"},"geometry":{"type":"Point","coordinates":[-44.578277,-20.074436]}},{"type":"Feature","properties":{"municipio":"6b16c9e1-ef5b-4f0a-885c-70e720a2bb83","title":"MG - ITAOBIM","name":"MG - ITAOBIM","tipo":"Munic\u00edpio","url":"\/dashboard\/details-assets\/6b16c9e1-ef5b-4f0a-885c-70e720a2bb83"},"geometry":{"type":"Point","coordinates":[-41.498977,-16.559526]}},{"type":"Feature","properties":{"municipio":"ef90e0ef-941d-4672-9272-6aa8fdfec7ae","title":"MG - ITAMARANDIBA","name":"MG - ITAMARANDIBA","tipo":"Munic\u00edpio","url":"\/dashboard\/details-assets\/ef90e0ef-941d-4672-9272-6aa8fdfec7ae"},"geometry":{"type":"Point","coordinates":[-42.849158,-17.858517]}},{"type":"Feature","properties":{"municipio":"9aead2fc-eca4-4e80-84d0-c39801827990","title":"MG - ITAJUBA","name":"MG - ITAJUBA","tipo":"Munic\u00edpio","url":"\/dashboard\/details-assets\/9aead2fc-eca4-4e80-84d0-c39801827990"},"geometry":{"type":"Point","coordinates":[-45.464583,-22.430601]}},{"type":"Feature","properties":{"municipio":"cd34462f-eecf-4809-9719-7a54b24d8200","title":"MG - ITACARAMBI","name":"MG - ITACARAMBI","tipo":"Munic\u00edpio","url":"\/dashboard\/details-assets\/cd34462f-eecf-4809-9719-7a54b24d8200"},"geometry":{"type":"Point","coordinates":[-44.093186,-15.102642]}},{"type":"Feature","properties":{"municipio":"6dccd1a3-5023-442e-8a37-c2e1721b8345","title":"MG - ITABIRITO","name":"MG - ITABIRITO","tipo":"Munic\u00edpio","url":"\/dashboard\/details-assets\/6dccd1a3-5023-442e-8a37-c2e1721b8345"},"geometry":{"type":"Point","coordinates":[-43.802143,-20.254177]}},{"type":"Feature","properties":{"municipio":"2f2b080c-6117-4770-bd64-d0aa1bbb3bfe","title":"MG - ITABIRA","name":"MG - ITABIRA","tipo":"Munic\u00edpio","url":"\/dashboard\/details-assets\/2f2b080c-6117-4770-bd64-d0aa1bbb3bfe"},"geometry":{"type":"Point","coordinates":[-43.223952,-19.638169]}},{"type":"Feature","properties":{"municipio":"29add77a-0470-4544-9a5f-c5e045242f96","title":"MG - IPATINGA","name":"MG - IPATINGA","tipo":"Munic\u00edpio","url":"\/dashboard\/details-assets\/29add77a-0470-4544-9a5f-c5e045242f96"},"geometry":{"type":"Point","coordinates":[-42.520351,-19.481032]}},{"type":"Feature","properties":{"municipio":"099b44cf-37fa-42ee-bb83-af6e1b0e9552","title":"MG - INHAPIM","name":"MG - INHAPIM","tipo":"Munic\u00edpio","url":"\/dashboard\/details-assets\/099b44cf-37fa-42ee-bb83-af6e1b0e9552"},"geometry":{"type":"Point","coordinates":[-42.115117,-19.480333]}},{"type":"Feature","properties":{"municipio":"9e5003f3-86cb-40d1-b61c-6d53a727a787","title":"MG - INCONFIDENTES","name":"MG - INCONFIDENTES","tipo":"Munic\u00edpio","url":"\/dashboard\/details-assets\/9e5003f3-86cb-40d1-b61c-6d53a727a787"},"geometry":{"type":"Point","coordinates":[-46.324269,-22.32094]}},{"type":"Feature","properties":{"municipio":"bff1dcdb-90c0-4051-aa1d-e0d892a1a7a3","title":"MG - IGARAPE","name":"MG - IGARAPE","tipo":"Munic\u00edpio","url":"\/dashboard\/details-assets\/bff1dcdb-90c0-4051-aa1d-e0d892a1a7a3"},"geometry":{"type":"Point","coordinates":[-44.301158,-20.069909]}},{"type":"Feature","properties":{"municipio":"42386590-2c6e-4ccf-b1b5-e51acef16deb","title":"MG - GUAXUPE","name":"MG - GUAXUPE","tipo":"Munic\u00edpio","url":"\/dashboard\/details-assets\/42386590-2c6e-4ccf-b1b5-e51acef16deb"},"geometry":{"type":"Point","coordinates":[-46.713537,-21.303781]}},{"type":"Feature","properties":{"municipio":"e64186b4-daf3-4694-ae6c-b83679cd5cde","title":"MG - IBIRITE","name":"MG - IBIRITE","tipo":"Munic\u00edpio","url":"\/dashboard\/details-assets\/e64186b4-daf3-4694-ae6c-b83679cd5cde"},"geometry":{"type":"Point","coordinates":[-44.056665,-20.028038]}},{"type":"Feature","properties":{"municipio":"92adab81-2168-47c9-b19f-024c10f9f704","title":"MG - GUANHAES","name":"MG - GUANHAES","tipo":"Munic\u00edpio","url":"\/dashboard\/details-assets\/92adab81-2168-47c9-b19f-024c10f9f704"},"geometry":{"type":"Point","coordinates":[-42.937049,-18.777151]}},{"type":"Feature","properties":{"municipio":"40da7b81-ef72-45f8-9478-9afd9045da19","title":"MG - GOVERNADOR VALADARES","name":"MG - GOVERNADOR VALADARES","tipo":"Munic\u00edpio","url":"\/dashboard\/details-assets\/40da7b81-ef72-45f8-9478-9afd9045da19"},"geometry":{"type":"Point","coordinates":[-41.947081,-18.852882]}},{"type":"Feature","properties":{"municipio":"c5ca3688-9f9d-4a4a-9a65-ba0fd96342b5","title":"MG - FRUTAL","name":"MG - FRUTAL","tipo":"Munic\u00edpio","url":"\/dashboard\/details-assets\/c5ca3688-9f9d-4a4a-9a65-ba0fd96342b5"},"geometry":{"type":"Point","coordinates":[-48.939154,-20.025898]}},{"type":"Feature","properties":{"municipio":"90e56808-16de-4c29-8b61-5b9c21483a41","title":"MG - FRANCISCO SA","name":"MG - FRANCISCO SA","tipo":"Munic\u00edpio","url":"\/dashboard\/details-assets\/90e56808-16de-4c29-8b61-5b9c21483a41"},"geometry":{"type":"Point","coordinates":[-43.488735,-16.475681]}},{"type":"Feature","properties":{"municipio":"72664de1-d3bd-4f20-8dc7-1bc19fdff617","title":"MG - EXTREMA","name":"MG - EXTREMA","tipo":"Munic\u00edpio","url":"\/dashboard\/details-assets\/72664de1-d3bd-4f20-8dc7-1bc19fdff617"},"geometry":{"type":"Point","coordinates":[-46.318421,-22.854505]}},{"type":"Feature","properties":{"municipio":"f6d64230-1cbb-4b21-bba2-74780b291143","title":"MG - FORMIGA","name":"MG - FORMIGA","tipo":"Munic\u00edpio","url":"\/dashboard\/details-assets\/f6d64230-1cbb-4b21-bba2-74780b291143"},"geometry":{"type":"Point","coordinates":[-45.427219,-20.462346]}},{"type":"Feature","properties":{"municipio":"5b75718d-8ce3-4c7a-850c-3e4b69759893","title":"MG - ESPINOSA","name":"MG - ESPINOSA","tipo":"Munic\u00edpio","url":"\/dashboard\/details-assets\/5b75718d-8ce3-4c7a-850c-3e4b69759893"},"geometry":{"type":"Point","coordinates":[-42.812982,-14.925272]}},{"type":"Feature","properties":{"municipio":"8999a9ac-5776-4aeb-96ba-f9c8fa3130f4","title":"MG - ERVALIA","name":"MG - ERVALIA","tipo":"Munic\u00edpio","url":"\/dashboard\/details-assets\/8999a9ac-5776-4aeb-96ba-f9c8fa3130f4"},"geometry":{"type":"Point","coordinates":[-42.65627,-20.837526]}},{"type":"Feature","properties":{"municipio":"8a177c82-7676-4dc1-b326-e4a7d50a20e7","title":"MG - ESMERALDAS","name":"MG - ESMERALDAS","tipo":"Munic\u00edpio","url":"\/dashboard\/details-assets\/8a177c82-7676-4dc1-b326-e4a7d50a20e7"},"geometry":{"type":"Point","coordinates":[-44.186917,-19.803721]}},{"type":"Feature","properties":{"municipio":"65a17b54-1504-4dc1-92b8-7e3aad9efcdc","title":"MG - ENGENHEIRO CALDAS","name":"MG - ENGENHEIRO CALDAS","tipo":"Munic\u00edpio","url":"\/dashboard\/details-assets\/65a17b54-1504-4dc1-92b8-7e3aad9efcdc"},"geometry":{"type":"Point","coordinates":[-42.046946,-19.199592]}},{"type":"Feature","properties":{"municipio":"20209b98-4232-4f0b-9767-15c249bcad66","title":"MG - ENTRE RIOS DE MINAS","name":"MG - ENTRE RIOS DE MINAS","tipo":"Munic\u00edpio","url":"\/dashboard\/details-assets\/20209b98-4232-4f0b-9767-15c249bcad66"},"geometry":{"type":"Point","coordinates":[-44.067082,-20.671357]}},{"type":"Feature","properties":{"municipio":"d6a94774-71ef-43c2-a91e-78e24b9f1676","title":"MG - DIVINOPOLIS","name":"MG - DIVINOPOLIS","tipo":"Munic\u00edpio","url":"\/dashboard\/details-assets\/d6a94774-71ef-43c2-a91e-78e24b9f1676"},"geometry":{"type":"Point","coordinates":[-44.893886,-20.142074]}},{"type":"Feature","properties":{"municipio":"ba258b56-5a57-41cb-97ac-a0fe937c13f5","title":"MG - DIAMANTINA","name":"MG - DIAMANTINA","tipo":"Munic\u00edpio","url":"\/dashboard\/details-assets\/ba258b56-5a57-41cb-97ac-a0fe937c13f5"},"geometry":{"type":"Point","coordinates":[-43.594457,-18.242093]}},{"type":"Feature","properties":{"municipio":"941bd018-5b80-4411-8aa9-b2345fe1fadb","title":"MG - CURVELO","name":"MG - CURVELO","tipo":"Munic\u00edpio","url":"\/dashboard\/details-assets\/941bd018-5b80-4411-8aa9-b2345fe1fadb"},"geometry":{"type":"Point","coordinates":[-44.428399,-18.755481]}},{"type":"Feature","properties":{"municipio":"fc7b1ad7-6d61-497d-b022-8a0b8a812020","title":"MG - CORONEL FABRICIANO","name":"MG - CORONEL FABRICIANO","tipo":"Munic\u00edpio","url":"\/dashboard\/details-assets\/fc7b1ad7-6d61-497d-b022-8a0b8a812020"},"geometry":{"type":"Point","coordinates":[-42.624347,-19.525053]}},{"type":"Feature","properties":{"municipio":"93769a55-b271-40c7-bcef-98571616eb84","title":"MG - COROMANDEL","name":"MG - COROMANDEL","tipo":"Munic\u00edpio","url":"\/dashboard\/details-assets\/93769a55-b271-40c7-bcef-98571616eb84"},"geometry":{"type":"Point","coordinates":[-47.201548,-18.473851]}},{"type":"Feature","properties":{"municipio":"dba45d93-2e7d-4897-b079-04ed5acae912","title":"MG - CORINTO","name":"MG - CORINTO","tipo":"Munic\u00edpio","url":"\/dashboard\/details-assets\/dba45d93-2e7d-4897-b079-04ed5acae912"},"geometry":{"type":"Point","coordinates":[-44.588562,-18.312785]}},{"type":"Feature","properties":{"municipio":"9eca2efd-9975-4cf5-9cba-ca055e11ee13","title":"MG - CORACAO DE JESUS","name":"MG - CORACAO DE JESUS","tipo":"Munic\u00edpio","url":"\/dashboard\/details-assets\/9eca2efd-9975-4cf5-9cba-ca055e11ee13"},"geometry":{"type":"Point","coordinates":[-44.358495,-16.689323]}},{"type":"Feature","properties":{"municipio":"fd110c63-4a21-44cf-8bdb-d1ca8e9e2a50","title":"MG - CONTAGEM","name":"MG - CONTAGEM","tipo":"Munic\u00edpio","url":"\/dashboard\/details-assets\/fd110c63-4a21-44cf-8bdb-d1ca8e9e2a50"},"geometry":{"type":"Point","coordinates":[-44.066345,-19.943446]}},{"type":"Feature","properties":{"municipio":"a18f5f68-7259-46a0-8d1c-4e2e007912b0","title":"MG - CONSELHEIRO PENA","name":"MG - CONSELHEIRO PENA","tipo":"Munic\u00edpio","url":"\/dashboard\/details-assets\/a18f5f68-7259-46a0-8d1c-4e2e007912b0"},"geometry":{"type":"Point","coordinates":[-41.471974,-19.175623]}},{"type":"Feature","properties":{"municipio":"b97feaa8-68a6-4f23-8f3a-16ad00e93d30","title":"MG - CONSELHEIRO LAFAIETE","name":"MG - CONSELHEIRO LAFAIETE","tipo":"Munic\u00edpio","url":"\/dashboard\/details-assets\/b97feaa8-68a6-4f23-8f3a-16ad00e93d30"},"geometry":{"type":"Point","coordinates":[-43.788445,-20.660852]}},{"type":"Feature","properties":{"municipio":"f767765b-99a7-457c-b147-682967629cc8","title":"MG - CONGONHAS","name":"MG - CONGONHAS","tipo":"Munic\u00edpio","url":"\/dashboard\/details-assets\/f767765b-99a7-457c-b147-682967629cc8"},"geometry":{"type":"Point","coordinates":[-43.856893,-20.504643]}},{"type":"Feature","properties":{"municipio":"aebe5ad5-b335-4de1-8f6a-77fbdeae6d8a","title":"MG - CONCEICAO DO MATO DENTRO","name":"MG - CONCEICAO DO MATO DENTRO","tipo":"Munic\u00edpio","url":"\/dashboard\/details-assets\/aebe5ad5-b335-4de1-8f6a-77fbdeae6d8a"},"geometry":{"type":"Point","coordinates":[-43.484572,-18.932714]}},{"type":"Feature","properties":{"municipio":"86b71e67-c3a9-4e94-9354-e2f49c046772","title":"MG - CLAUDIO","name":"MG - CLAUDIO","tipo":"Munic\u00edpio","url":"\/dashboard\/details-assets\/86b71e67-c3a9-4e94-9354-e2f49c046772"},"geometry":{"type":"Point","coordinates":[-44.768423,-20.444575]}},{"type":"Feature","properties":{"municipio":"253a357f-de45-48cd-bbbc-ad7e13850a9e","title":"MG - CAXAMBU","name":"MG - CAXAMBU","tipo":"Munic\u00edpio","url":"\/dashboard\/details-assets\/253a357f-de45-48cd-bbbc-ad7e13850a9e"},"geometry":{"type":"Point","coordinates":[-44.931499,-21.979312]}},{"type":"Feature","properties":{"municipio":"a72064d8-f2ff-4482-8d56-f91ad4fe413d","title":"MG - CARMO DO PARANAIBA","name":"MG - CARMO DO PARANAIBA","tipo":"Munic\u00edpio","url":"\/dashboard\/details-assets\/a72064d8-f2ff-4482-8d56-f91ad4fe413d"},"geometry":{"type":"Point","coordinates":[-46.314289,-18.997289]}},{"type":"Feature","properties":{"municipio":"6591c5cd-939c-4ec8-84f6-321c124808f2","title":"MG - CATAGUASES","name":"MG - CATAGUASES","tipo":"Munic\u00edpio","url":"\/dashboard\/details-assets\/6591c5cd-939c-4ec8-84f6-321c124808f2"},"geometry":{"type":"Point","coordinates":[-42.692085,-21.389248]}},{"type":"Feature","properties":{"municipio":"30d5569a-6e17-4927-b41a-62d16a7f751f","title":"MG - CARMESIA","name":"MG - CARMESIA","tipo":"Munic\u00edpio","url":"\/dashboard\/details-assets\/30d5569a-6e17-4927-b41a-62d16a7f751f"},"geometry":{"type":"Point","coordinates":[-43.14584,-19.087086]}},{"type":"Feature","properties":{"municipio":"4b0df791-b8a7-4203-8c9a-157083b92438","title":"MG - CARLOS CHAGAS","name":"MG - CARLOS CHAGAS","tipo":"Munic\u00edpio","url":"\/dashboard\/details-assets\/4b0df791-b8a7-4203-8c9a-157083b92438"},"geometry":{"type":"Point","coordinates":[-40.85275,-17.6715]}},{"type":"Feature","properties":{"municipio":"0ed8ee53-fbde-4e4b-be9a-0829c611ef30","title":"MG - CARATINGA","name":"MG - CARATINGA","tipo":"Munic\u00edpio","url":"\/dashboard\/details-assets\/0ed8ee53-fbde-4e4b-be9a-0829c611ef30"},"geometry":{"type":"Point","coordinates":[-42.143707,-19.789635]}},{"type":"Feature","properties":{"municipio":"33a89180-c1f6-44b0-a3e0-b515f64c8d5e","title":"MG - CARANGOLA","name":"MG - CARANGOLA","tipo":"Munic\u00edpio","url":"\/dashboard\/details-assets\/33a89180-c1f6-44b0-a3e0-b515f64c8d5e"},"geometry":{"type":"Point","coordinates":[-42.032225,-20.732551]}},{"type":"Feature","properties":{"municipio":"5b074e5d-33ee-4af1-9b47-3e39d2f39b43","title":"MG - CAPELINHA","name":"MG - CAPELINHA","tipo":"Munic\u00edpio","url":"\/dashboard\/details-assets\/5b074e5d-33ee-4af1-9b47-3e39d2f39b43"},"geometry":{"type":"Point","coordinates":[-42.516075,-17.695385]}},{"type":"Feature","properties":{"municipio":"b05d6c21-3a67-43b4-8a02-8712b08103bc","title":"MG - CAMPOS GERAIS","name":"MG - CAMPOS GERAIS","tipo":"Munic\u00edpio","url":"\/dashboard\/details-assets\/b05d6c21-3a67-43b4-8a02-8712b08103bc"},"geometry":{"type":"Point","coordinates":[-45.756907,-21.238698]}},{"type":"Feature","properties":{"municipio":"a45ee0b9-e385-48e3-89b1-5a1a6ddfe7c8","title":"MG - CAMPOS ALTOS","name":"MG - CAMPOS ALTOS","tipo":"Munic\u00edpio","url":"\/dashboard\/details-assets\/a45ee0b9-e385-48e3-89b1-5a1a6ddfe7c8"},"geometry":{"type":"Point","coordinates":[-46.17371,-19.698896]}},{"type":"Feature","properties":{"municipio":"82217c85-6cf6-45fe-b98b-38ac5b749c72","title":"MG - CAMBUI","name":"MG - CAMBUI","tipo":"Munic\u00edpio","url":"\/dashboard\/details-assets\/82217c85-6cf6-45fe-b98b-38ac5b749c72"},"geometry":{"type":"Point","coordinates":[-46.058019,-22.611097]}},{"type":"Feature","properties":{"municipio":"a7a37881-17db-4399-8ac9-ad64be3e9379","title":"MG - CAMPO BELO","name":"MG - CAMPO BELO","tipo":"Munic\u00edpio","url":"\/dashboard\/details-assets\/a7a37881-17db-4399-8ac9-ad64be3e9379"},"geometry":{"type":"Point","coordinates":[-45.272136,-20.893836]}},{"type":"Feature","properties":{"municipio":"9701e798-22d2-4784-8a7e-1a34809d42c4","title":"MG - CAETE","name":"MG - CAETE","tipo":"Munic\u00edpio","url":"\/dashboard\/details-assets\/9701e798-22d2-4784-8a7e-1a34809d42c4"},"geometry":{"type":"Point","coordinates":[-43.664787,-19.887141]}},{"type":"Feature","properties":{"municipio":"497c4be3-f0d2-4034-8787-8a2a6800a746","title":"MG - BURITIS","name":"MG - BURITIS","tipo":"Munic\u00edpio","url":"\/dashboard\/details-assets\/497c4be3-f0d2-4034-8787-8a2a6800a746"},"geometry":{"type":"Point","coordinates":[-46.34874,-22.439091]}},{"type":"Feature","properties":{"municipio":"12512897-321f-46f5-bfa0-8e15f9dcdf05","title":"MG - BRUMADINHO","name":"MG - BRUMADINHO","tipo":"Munic\u00edpio","url":"\/dashboard\/details-assets\/12512897-321f-46f5-bfa0-8e15f9dcdf05"},"geometry":{"type":"Point","coordinates":[-44.200188,-20.144174]}},{"type":"Feature","properties":{"municipio":"d43c767e-260f-4950-83d7-8fb4a292a230","title":"MG - BRASILIA DE MINAS","name":"MG - BRASILIA DE MINAS","tipo":"Munic\u00edpio","url":"\/dashboard\/details-assets\/d43c767e-260f-4950-83d7-8fb4a292a230"},"geometry":{"type":"Point","coordinates":[-44.427533,-16.205873]}},{"type":"Feature","properties":{"municipio":"d20f6a2e-7d2f-4dc0-8b16-301f52521138","title":"MG - BONITO DE MINAS","name":"MG - BONITO DE MINAS","tipo":"Munic\u00edpio","url":"\/dashboard\/details-assets\/d20f6a2e-7d2f-4dc0-8b16-301f52521138"},"geometry":{"type":"Point","coordinates":[-44.7539,-15.3228]}},{"type":"Feature","properties":{"municipio":"b9174e4c-ade1-4054-b133-0bb31096ef3f","title":"MG - BRASILANDIA DE MINAS","name":"MG - BRASILANDIA DE MINAS","tipo":"Munic\u00edpio","url":"\/dashboard\/details-assets\/b9174e4c-ade1-4054-b133-0bb31096ef3f"},"geometry":{"type":"Point","coordinates":[-46.015402,-16.998601]}},{"type":"Feature","properties":{"municipio":"ac065264-61e9-4dc6-8530-110d83fb7c72","title":"MG - BOM SUCESSO","name":"MG - BOM SUCESSO","tipo":"Munic\u00edpio","url":"\/dashboard\/details-assets\/ac065264-61e9-4dc6-8530-110d83fb7c72"},"geometry":{"type":"Point","coordinates":[-44.754125,-21.033065]}},{"type":"Feature","properties":{"municipio":"bf466744-5d8d-4e43-a8ff-52750a7bf7c2","title":"MG - BOM DESPACHO","name":"MG - BOM DESPACHO","tipo":"Munic\u00edpio","url":"\/dashboard\/details-assets\/bf466744-5d8d-4e43-a8ff-52750a7bf7c2"},"geometry":{"type":"Point","coordinates":[-45.254115,-19.737596]}},{"type":"Feature","properties":{"municipio":"c1f9cb98-937b-4a9a-9f1b-254adb5574c7","title":"MG - BOCAIUVA","name":"MG - BOCAIUVA","tipo":"Munic\u00edpio","url":"\/dashboard\/details-assets\/c1f9cb98-937b-4a9a-9f1b-254adb5574c7"},"geometry":{"type":"Point","coordinates":[-43.814444,-17.112105]}},{"type":"Feature","properties":{"municipio":"0207a8e2-b7ff-4b64-aa92-0c33d275e0d9","title":"MG - BOA ESPERANCA","name":"MG - BOA ESPERANCA","tipo":"Munic\u00edpio","url":"\/dashboard\/details-assets\/0207a8e2-b7ff-4b64-aa92-0c33d275e0d9"},"geometry":{"type":"Point","coordinates":[-45.576997,-21.069123]}},{"type":"Feature","properties":{"municipio":"5c3d8d95-a95a-4ead-9595-76ef1dd6a9ec","title":"MG - BETIM","name":"MG - BETIM","tipo":"Munic\u00edpio","url":"\/dashboard\/details-assets\/5c3d8d95-a95a-4ead-9595-76ef1dd6a9ec"},"geometry":{"type":"Point","coordinates":[-44.197551,-19.965379]}},{"type":"Feature","properties":{"municipio":"ff8c9a6b-4e33-403d-a769-0ba14d684a5a","title":"MG - BELO ORIENTE","name":"MG - BELO ORIENTE","tipo":"Munic\u00edpio","url":"\/dashboard\/details-assets\/ff8c9a6b-4e33-403d-a769-0ba14d684a5a"},"geometry":{"type":"Point","coordinates":[-42.480483,-19.223517]}},{"type":"Feature","properties":{"municipio":"dffdacaf-618b-4cf7-8e00-cedfe0a36884","title":"MG - BELO HORIZONTE","name":"MG - BELO HORIZONTE","tipo":"Munic\u00edpio","url":"\/dashboard\/details-assets\/dffdacaf-618b-4cf7-8e00-cedfe0a36884"},"geometry":{"type":"Point","coordinates":[-43.926453,-19.937524]}},{"type":"Feature","properties":{"municipio":"0aa6fbe9-ce2b-4d88-bb23-4a6abb5332f3","title":"MG - BARBACENA","name":"MG - BARBACENA","tipo":"Munic\u00edpio","url":"\/dashboard\/details-assets\/0aa6fbe9-ce2b-4d88-bb23-4a6abb5332f3"},"geometry":{"type":"Point","coordinates":[-43.776193,-21.224915]}},{"type":"Feature","properties":{"municipio":"f43b4ede-eade-4d12-9f03-447652d8670f","title":"MG - BARAO DE COCAIS","name":"MG - BARAO DE COCAIS","tipo":"Munic\u00edpio","url":"\/dashboard\/details-assets\/f43b4ede-eade-4d12-9f03-447652d8670f"},"geometry":{"type":"Point","coordinates":[-43.484882,-19.935847]}},{"type":"Feature","properties":{"municipio":"b699fdd0-5156-4fc7-9e14-9dfa58c3c018","title":"MG - BAEPENDI","name":"MG - BAEPENDI","tipo":"Munic\u00edpio","url":"\/dashboard\/details-assets\/b699fdd0-5156-4fc7-9e14-9dfa58c3c018"},"geometry":{"type":"Point","coordinates":[-44.887851,-21.957483]}},{"type":"Feature","properties":{"municipio":"78e024cf-39b1-45ed-82a2-99992bf565c6","title":"MG - BAMBUI","name":"MG - BAMBUI","tipo":"Munic\u00edpio","url":"\/dashboard\/details-assets\/78e024cf-39b1-45ed-82a2-99992bf565c6"},"geometry":{"type":"Point","coordinates":[-45.979045,-20.011892]}},{"type":"Feature","properties":{"municipio":"faa80d65-9aae-4ca3-89b3-ff44cf5bbc4a","title":"MG - ARINOS","name":"MG - ARINOS","tipo":"Munic\u00edpio","url":"\/dashboard\/details-assets\/faa80d65-9aae-4ca3-89b3-ff44cf5bbc4a"},"geometry":{"type":"Point","coordinates":[-46.107752,-15.921772]}},{"type":"Feature","properties":{"municipio":"43160ee9-07d6-4d3d-806d-d1b5811ec45c","title":"MG - ARCOS","name":"MG - ARCOS","tipo":"Munic\u00edpio","url":"\/dashboard\/details-assets\/43160ee9-07d6-4d3d-806d-d1b5811ec45c"},"geometry":{"type":"Point","coordinates":[-45.543632,-20.282563]}},{"type":"Feature","properties":{"municipio":"11b273c1-8ff3-46dc-8c68-856ae59123e0","title":"MG - AREADO","name":"MG - AREADO","tipo":"Munic\u00edpio","url":"\/dashboard\/details-assets\/11b273c1-8ff3-46dc-8c68-856ae59123e0"},"geometry":{"type":"Point","coordinates":[-46.146559,-21.358382]}},{"type":"Feature","properties":{"municipio":"dfaf0d69-4135-4dec-9c22-ccea5e9b0ee2","title":"MG - ARAXA","name":"MG - ARAXA","tipo":"Munic\u00edpio","url":"\/dashboard\/details-assets\/dfaf0d69-4135-4dec-9c22-ccea5e9b0ee2"},"geometry":{"type":"Point","coordinates":[-46.94001,-19.59133]}},{"type":"Feature","properties":{"municipio":"8d960432-b425-4f22-935a-1c9fba33b316","title":"MG - ARAGUARI","name":"MG - ARAGUARI","tipo":"Munic\u00edpio","url":"\/dashboard\/details-assets\/8d960432-b425-4f22-935a-1c9fba33b316"},"geometry":{"type":"Point","coordinates":[-48.191605,-18.64827]}},{"type":"Feature","properties":{"municipio":"0ebcbbaf-cde3-45b1-b82a-05c7113ed828","title":"MG - ARACUAI","name":"MG - ARACUAI","tipo":"Munic\u00edpio","url":"\/dashboard\/details-assets\/0ebcbbaf-cde3-45b1-b82a-05c7113ed828"},"geometry":{"type":"Point","coordinates":[-42.064207,-16.851781]}},{"type":"Feature","properties":{"municipio":"25c7c4c8-7503-47ed-bb0a-b5c2151be2cb","title":"MG - ANDRELANDIA","name":"MG - ANDRELANDIA","tipo":"Munic\u00edpio","url":"\/dashboard\/details-assets\/25c7c4c8-7503-47ed-bb0a-b5c2151be2cb"},"geometry":{"type":"Point","coordinates":[-44.317699,-21.736968]}},{"type":"Feature","properties":{"municipio":"cafb2db8-be74-4359-9b00-52e62b185eb7","title":"MG - ALVINOPOLIS","name":"MG - ALVINOPOLIS","tipo":"Munic\u00edpio","url":"\/dashboard\/details-assets\/cafb2db8-be74-4359-9b00-52e62b185eb7"},"geometry":{"type":"Point","coordinates":[-43.066083,-20.114763]}},{"type":"Feature","properties":{"municipio":"69c7bd35-d411-4005-9d0f-63b1a60e5b50","title":"MG - ANDRADAS","name":"MG - ANDRADAS","tipo":"Munic\u00edpio","url":"\/dashboard\/details-assets\/69c7bd35-d411-4005-9d0f-63b1a60e5b50"},"geometry":{"type":"Point","coordinates":[-46.575583,-22.072807]}},{"type":"Feature","properties":{"municipio":"9662b2a9-9080-4fd7-928c-252a5f3a3349","title":"MG - ALPINOPOLIS","name":"MG - ALPINOPOLIS","tipo":"Munic\u00edpio","url":"\/dashboard\/details-assets\/9662b2a9-9080-4fd7-928c-252a5f3a3349"},"geometry":{"type":"Point","coordinates":[-46.389483,-20.861855]}},{"type":"Feature","properties":{"municipio":"65e2be66-e575-46a2-8ea6-97e5c4f00a6e","title":"MG - ALMENARA","name":"MG - ALMENARA","tipo":"Munic\u00edpio","url":"\/dashboard\/details-assets\/65e2be66-e575-46a2-8ea6-97e5c4f00a6e"},"geometry":{"type":"Point","coordinates":[-40.697651,-16.180616]}},{"type":"Feature","properties":{"municipio":"51e1e1b9-8b05-4419-8ebe-ab49cb0e9ed6","title":"MG - ALFENAS","name":"MG - ALFENAS","tipo":"Munic\u00edpio","url":"\/dashboard\/details-assets\/51e1e1b9-8b05-4419-8ebe-ab49cb0e9ed6"},"geometry":{"type":"Point","coordinates":[-45.948918,-21.428178]}},{"type":"Feature","properties":{"municipio":"5ea89a34-56ad-4d77-b17f-a74ab6360360","title":"MG - ALEM PARAIBA","name":"MG - ALEM PARAIBA","tipo":"Munic\u00edpio","url":"\/dashboard\/details-assets\/5ea89a34-56ad-4d77-b17f-a74ab6360360"},"geometry":{"type":"Point","coordinates":[-42.695947,-21.876804]}},{"type":"Feature","properties":{"municipio":"243b15d0-15a5-4bb3-9def-26f781f0786e","title":"MG - AIMORES","name":"MG - AIMORES","tipo":"Munic\u00edpio","url":"\/dashboard\/details-assets\/243b15d0-15a5-4bb3-9def-26f781f0786e"},"geometry":{"type":"Point","coordinates":[-41.071344,-19.495931]}},{"type":"Feature","properties":{"municipio":"6d0dc19d-cca6-461e-b834-edec4cacc802","title":"MG - AGUAS FORMOSAS","name":"MG - AGUAS FORMOSAS","tipo":"Munic\u00edpio","url":"\/dashboard\/details-assets\/6d0dc19d-cca6-461e-b834-edec4cacc802"},"geometry":{"type":"Point","coordinates":[-40.938779,-17.079553]}},{"type":"Feature","properties":{"municipio":"fdba2102-582b-4efe-bb94-b395014c6176","title":"MG - ABAETE","name":"MG - ABAETE","tipo":"Munic\u00edpio","url":"\/dashboard\/details-assets\/fdba2102-582b-4efe-bb94-b395014c6176"},"geometry":{"type":"Point","coordinates":[-45.444786,-19.157438]}},{"type":"Feature","properties":{"municipio":"1d6a92cc-1ef2-4ac3-8104-ba67e7642020","title":"MA - ZE DOCA","name":"MA - ZE DOCA","tipo":"Munic\u00edpio","url":"\/dashboard\/details-assets\/1d6a92cc-1ef2-4ac3-8104-ba67e7642020"},"geometry":{"type":"Point","coordinates":[-45.657698,-3.27548]}},{"type":"Feature","properties":{"municipio":"cef849b9-79ce-4d91-823e-860a060f2585","title":"MA - VITORINO FREIRE","name":"MA - VITORINO FREIRE","tipo":"Munic\u00edpio","url":"\/dashboard\/details-assets\/cef849b9-79ce-4d91-823e-860a060f2585"},"geometry":{"type":"Point","coordinates":[-45.244185,-4.291187]}},{"type":"Feature","properties":{"municipio":"db54fe88-a46c-4aac-b21e-297788386fa4","title":"MA - VIANA","name":"MA - VIANA","tipo":"Munic\u00edpio","url":"\/dashboard\/details-assets\/db54fe88-a46c-4aac-b21e-297788386fa4"},"geometry":{"type":"Point","coordinates":[-40.495624,-2.0390863]}},{"type":"Feature","properties":{"municipio":"ee78af70-c989-4feb-81c3-0c3de0288ea3","title":"MA - VARGEM GRANDE","name":"MA - VARGEM GRANDE","tipo":"Munic\u00edpio","url":"\/dashboard\/details-assets\/ee78af70-c989-4feb-81c3-0c3de0288ea3"},"geometry":{"type":"Point","coordinates":[-43.916664,-3.541896]}},{"type":"Feature","properties":{"municipio":"b9d69dba-36c0-4cdb-b60c-cdfdef071003","title":"MA - URBANO SANTOS","name":"MA - URBANO SANTOS","tipo":"Munic\u00edpio","url":"\/dashboard\/details-assets\/b9d69dba-36c0-4cdb-b60c-cdfdef071003"},"geometry":{"type":"Point","coordinates":[-43.404248,-3.208409]}},{"type":"Feature","properties":{"municipio":"5f530972-01fd-433b-aee0-8ebaad6d892f","title":"MA - TUTOIA","name":"MA - TUTOIA","tipo":"Munic\u00edpio","url":"\/dashboard\/details-assets\/5f530972-01fd-433b-aee0-8ebaad6d892f"},"geometry":{"type":"Point","coordinates":[-42.276847,-2.76355]}},{"type":"Feature","properties":{"municipio":"087db934-8bf5-4eb4-8547-c2263b3ba989","title":"MA - TUNTUM","name":"MA - TUNTUM","tipo":"Munic\u00edpio","url":"\/dashboard\/details-assets\/087db934-8bf5-4eb4-8547-c2263b3ba989"},"geometry":{"type":"Point","coordinates":[-44.649012,-5.249656]}},{"type":"Feature","properties":{"municipio":"ffca368a-92c1-4435-91e1-b99e604e6748","title":"MA - TURIACU","name":"MA - TURIACU","tipo":"Munic\u00edpio","url":"\/dashboard\/details-assets\/ffca368a-92c1-4435-91e1-b99e604e6748"},"geometry":{"type":"Point","coordinates":[-45.369152,-1.669022]}},{"type":"Feature","properties":{"municipio":"804f6e46-db5e-4796-b6cb-9de24a83c8e0","title":"MA - TIMON","name":"MA - TIMON","tipo":"Munic\u00edpio","url":"\/dashboard\/details-assets\/804f6e46-db5e-4796-b6cb-9de24a83c8e0"},"geometry":{"type":"Point","coordinates":[-42.833728,-5.100681]}},{"type":"Feature","properties":{"municipio":"c70e6d90-c57f-43b7-bfef-0b9897f3cd9b","title":"MA - SAO VICENTE FERRER","name":"MA - SAO VICENTE FERRER","tipo":"Munic\u00edpio","url":"\/dashboard\/details-assets\/c70e6d90-c57f-43b7-bfef-0b9897f3cd9b"},"geometry":{"type":"Point","coordinates":[-44.886905,-2.890731]}},{"type":"Feature","properties":{"municipio":"6c6a0f2f-e0f2-4ac0-8605-5a8604bb9620","title":"MA - TIMBIRAS","name":"MA - TIMBIRAS","tipo":"Munic\u00edpio","url":"\/dashboard\/details-assets\/6c6a0f2f-e0f2-4ac0-8605-5a8604bb9620"},"geometry":{"type":"Point","coordinates":[-43.938434,-4.253841]}},{"type":"Feature","properties":{"municipio":"213befdd-53e2-4910-b930-64e77b877202","title":"MA - SAO RAIMUNDO DAS MANGABEIRAS","name":"MA - SAO RAIMUNDO DAS MANGABEIRAS","tipo":"Munic\u00edpio","url":"\/dashboard\/details-assets\/213befdd-53e2-4910-b930-64e77b877202"},"geometry":{"type":"Point","coordinates":[-45.481198,-7.021275]}},{"type":"Feature","properties":{"municipio":"46b65991-3a8a-43ba-9e45-7ff1aa27d07b","title":"MA - SAO LUIS","name":"MA - SAO LUIS","tipo":"Munic\u00edpio","url":"\/dashboard\/details-assets\/46b65991-3a8a-43ba-9e45-7ff1aa27d07b"},"geometry":{"type":"Point","coordinates":[-44.297919,-2.531886]}},{"type":"Feature","properties":{"municipio":"e5716eee-df58-4d21-adcd-1eca483b5c43","title":"MA - SAO MATEUS DO MARANHAO","name":"MA - SAO MATEUS DO MARANHAO","tipo":"Munic\u00edpio","url":"\/dashboard\/details-assets\/e5716eee-df58-4d21-adcd-1eca483b5c43"},"geometry":{"type":"Point","coordinates":[-44.468563,-4.034551]}},{"type":"Feature","properties":{"municipio":"98e92dba-b57f-4fb2-8398-0c4c813fb988","title":"MA - SAO JOSE DE RIBAMAR","name":"MA - SAO JOSE DE RIBAMAR","tipo":"Munic\u00edpio","url":"\/dashboard\/details-assets\/98e92dba-b57f-4fb2-8398-0c4c813fb988"},"geometry":{"type":"Point","coordinates":[-44.057548,-2.555859]}},{"type":"Feature","properties":{"municipio":"d28359ea-bbfd-45d0-9dc9-9fa55f96c460","title":"MA - SAO DOMINGOS DO MARANHAO","name":"MA - SAO DOMINGOS DO MARANHAO","tipo":"Munic\u00edpio","url":"\/dashboard\/details-assets\/d28359ea-bbfd-45d0-9dc9-9fa55f96c460"},"geometry":{"type":"Point","coordinates":[-44.392879,-5.565642]}},{"type":"Feature","properties":{"municipio":"1016aa2a-aa66-4459-a973-7ba5b4ece28c","title":"MA - SAO JOAO DOS PATOS","name":"MA - SAO JOAO DOS PATOS","tipo":"Munic\u00edpio","url":"\/dashboard\/details-assets\/1016aa2a-aa66-4459-a973-7ba5b4ece28c"},"geometry":{"type":"Point","coordinates":[-43.70291,-6.498208]}},{"type":"Feature","properties":{"municipio":"670e6476-128a-44e4-ba28-b7edacccd587","title":"MA - SAO BENTO","name":"MA - SAO BENTO","tipo":"Munic\u00edpio","url":"\/dashboard\/details-assets\/670e6476-128a-44e4-ba28-b7edacccd587"},"geometry":{"type":"Point","coordinates":[-44.828345,-2.697007]}},{"type":"Feature","properties":{"municipio":"a7a2652f-c12c-49b1-a424-bff18a00767f","title":"MA - SAO BERNARDO","name":"MA - SAO BERNARDO","tipo":"Munic\u00edpio","url":"\/dashboard\/details-assets\/a7a2652f-c12c-49b1-a424-bff18a00767f"},"geometry":{"type":"Point","coordinates":[-42.42301,-3.365437]}},{"type":"Feature","properties":{"municipio":"88a3268a-e719-4bfc-982e-d4414b46c8cc","title":"MA - SANTA RITA","name":"MA - SANTA RITA","tipo":"Munic\u00edpio","url":"\/dashboard\/details-assets\/88a3268a-e719-4bfc-982e-d4414b46c8cc"},"geometry":{"type":"Point","coordinates":[-44.325252,-3.139036]}},{"type":"Feature","properties":{"municipio":"19e81640-8634-47f4-9040-9ca65c5be915","title":"MA - SANTA LUZIA DO PARUA","name":"MA - SANTA LUZIA DO PARUA","tipo":"Munic\u00edpio","url":"\/dashboard\/details-assets\/19e81640-8634-47f4-9040-9ca65c5be915"},"geometry":{"type":"Point","coordinates":[-45.827973,-2.512143]}},{"type":"Feature","properties":{"municipio":"c535595e-e041-465f-bfc1-68930382a199","title":"MA - SANTA LUZIA","name":"MA - SANTA LUZIA","tipo":"Munic\u00edpio","url":"\/dashboard\/details-assets\/c535595e-e041-465f-bfc1-68930382a199"},"geometry":{"type":"Point","coordinates":[-43.944764,-1.9777956]}},{"type":"Feature","properties":{"municipio":"5bd9da6e-ba73-47c1-89ca-a5e18b582cab","title":"MA - SANTA HELENA","name":"MA - SANTA HELENA","tipo":"Munic\u00edpio","url":"\/dashboard\/details-assets\/5bd9da6e-ba73-47c1-89ca-a5e18b582cab"},"geometry":{"type":"Point","coordinates":[-45.296827,-2.228332]}},{"type":"Feature","properties":{"municipio":"73978936-9e55-407a-8a93-cdff5b0341e5","title":"MA - SANTA INES","name":"MA - SANTA INES","tipo":"Munic\u00edpio","url":"\/dashboard\/details-assets\/73978936-9e55-407a-8a93-cdff5b0341e5"},"geometry":{"type":"Point","coordinates":[-45.383971,-3.664429]}},{"type":"Feature","properties":{"municipio":"bd3326e4-c643-459a-9309-a78b4168ea39","title":"MA - ROSARIO","name":"MA - ROSARIO","tipo":"Munic\u00edpio","url":"\/dashboard\/details-assets\/bd3326e4-c643-459a-9309-a78b4168ea39"},"geometry":{"type":"Point","coordinates":[-44.247519,-2.941543]}},{"type":"Feature","properties":{"municipio":"0fbb8e83-4e57-4a71-99b6-e44ce0f3df64","title":"MA - PRESIDENTE DUTRA","name":"MA - PRESIDENTE DUTRA","tipo":"Munic\u00edpio","url":"\/dashboard\/details-assets\/0fbb8e83-4e57-4a71-99b6-e44ce0f3df64"},"geometry":{"type":"Point","coordinates":[-44.492919,-5.282374]}},{"type":"Feature","properties":{"municipio":"4535ca1a-d8e4-4094-b8b7-02d86b434c2a","title":"MA - RAPOSA","name":"MA - RAPOSA","tipo":"Munic\u00edpio","url":"\/dashboard\/details-assets\/4535ca1a-d8e4-4094-b8b7-02d86b434c2a"},"geometry":{"type":"Point","coordinates":[-44.102516,-2.43154]}},{"type":"Feature","properties":{"municipio":"dbbc2777-1769-4fb9-bf04-9a0c1ab3e75f","title":"MA - PIO XII","name":"MA - PIO XII","tipo":"Munic\u00edpio","url":"\/dashboard\/details-assets\/dbbc2777-1769-4fb9-bf04-9a0c1ab3e75f"},"geometry":{"type":"Point","coordinates":[-45.16996,-3.887588]}},{"type":"Feature","properties":{"municipio":"55b16d9a-b0d6-4865-ac73-d06877e569ed","title":"MA - PORTO FRANCO","name":"MA - PORTO FRANCO","tipo":"Munic\u00edpio","url":"\/dashboard\/details-assets\/55b16d9a-b0d6-4865-ac73-d06877e569ed"},"geometry":{"type":"Point","coordinates":[-47.382165,-6.354182]}},{"type":"Feature","properties":{"municipio":"b08682a5-6dbb-42f5-a292-b1695b71e72b","title":"MA - PINHEIRO","name":"MA - PINHEIRO","tipo":"Munic\u00edpio","url":"\/dashboard\/details-assets\/b08682a5-6dbb-42f5-a292-b1695b71e72b"},"geometry":{"type":"Point","coordinates":[-45.083927,-2.52274]}},{"type":"Feature","properties":{"municipio":"8bc98bf4-588d-43a4-8a60-c988ab80c9b5","title":"MA - PENALVA","name":"MA - PENALVA","tipo":"Munic\u00edpio","url":"\/dashboard\/details-assets\/8bc98bf4-588d-43a4-8a60-c988ab80c9b5"},"geometry":{"type":"Point","coordinates":[-45.176462,-3.293233]}},{"type":"Feature","properties":{"municipio":"1e38e222-24bd-45d3-8b1b-63a7b07224c4","title":"MA - PINDAREMIRIM","name":"MA - PINDAREMIRIM","tipo":"Munic\u00edpio","url":"\/dashboard\/details-assets\/1e38e222-24bd-45d3-8b1b-63a7b07224c4"},"geometry":{"type":"Point","coordinates":[-45.346868,-3.605501]}},{"type":"Feature","properties":{"municipio":"21b2c999-f6cd-40a5-8736-b7756e40e988","title":"MA - PEDREIRAS","name":"MA - PEDREIRAS","tipo":"Munic\u00edpio","url":"\/dashboard\/details-assets\/21b2c999-f6cd-40a5-8736-b7756e40e988"},"geometry":{"type":"Point","coordinates":[-44.603735,-4.569351]}},{"type":"Feature","properties":{"municipio":"ec9106f5-4d93-4e4f-861a-46fe4483ef6f","title":"MA - PACO DO LUMIAR","name":"MA - PACO DO LUMIAR","tipo":"Munic\u00edpio","url":"\/dashboard\/details-assets\/ec9106f5-4d93-4e4f-861a-46fe4483ef6f"},"geometry":{"type":"Point","coordinates":[-44.098692,-2.528063]}},{"type":"Feature","properties":{"municipio":"f73bc87f-3e37-4f13-8d95-68ffdbd3c09b","title":"MA - PARNARAMA","name":"MA - PARNARAMA","tipo":"Munic\u00edpio","url":"\/dashboard\/details-assets\/f73bc87f-3e37-4f13-8d95-68ffdbd3c09b"},"geometry":{"type":"Point","coordinates":[-43.090401,-5.684467]}},{"type":"Feature","properties":{"municipio":"44625c4b-7f6e-4a19-a7c4-64c2cb54d53d","title":"MA - MONTES ALTOS","name":"MA - MONTES ALTOS","tipo":"Munic\u00edpio","url":"\/dashboard\/details-assets\/44625c4b-7f6e-4a19-a7c4-64c2cb54d53d"},"geometry":{"type":"Point","coordinates":[-47.07044,-5.828563]}},{"type":"Feature","properties":{"municipio":"96b7cffb-b191-46a0-87e2-2e8a71e17164","title":"MA - MIRINZAL","name":"MA - MIRINZAL","tipo":"Munic\u00edpio","url":"\/dashboard\/details-assets\/96b7cffb-b191-46a0-87e2-2e8a71e17164"},"geometry":{"type":"Point","coordinates":[-44.785756,-2.064224]}},{"type":"Feature","properties":{"municipio":"247f4d3f-c19e-4ce5-bc5b-d57dfcfd65ed","title":"MA - MARACACUME","name":"MA - MARACACUME","tipo":"Munic\u00edpio","url":"\/dashboard\/details-assets\/247f4d3f-c19e-4ce5-bc5b-d57dfcfd65ed"},"geometry":{"type":"Point","coordinates":[-45.958639,-2.056165]}},{"type":"Feature","properties":{"municipio":"7c360bb3-a5e1-4c78-bbca-db0dcf5eb77f","title":"MA - MATINHA","name":"MA - MATINHA","tipo":"Munic\u00edpio","url":"\/dashboard\/details-assets\/7c360bb3-a5e1-4c78-bbca-db0dcf5eb77f"},"geometry":{"type":"Point","coordinates":[-45.036429,-3.0984]}},{"type":"Feature","properties":{"municipio":"a79368ca-f178-41ff-b313-09b0cee92d1a","title":"MA - LAGO DA PEDRA","name":"MA - LAGO DA PEDRA","tipo":"Munic\u00edpio","url":"\/dashboard\/details-assets\/a79368ca-f178-41ff-b313-09b0cee92d1a"},"geometry":{"type":"Point","coordinates":[-45.125891,-4.564745]}},{"type":"Feature","properties":{"municipio":"1d7e9c85-45da-4ae2-b429-dc4f3e5a8276","title":"MA - JOAO LISBOA","name":"MA - JOAO LISBOA","tipo":"Munic\u00edpio","url":"\/dashboard\/details-assets\/1d7e9c85-45da-4ae2-b429-dc4f3e5a8276"},"geometry":{"type":"Point","coordinates":[-47.405036,-5.453663]}},{"type":"Feature","properties":{"municipio":"90f9cc07-5b22-46e2-917b-062d011b35fe","title":"MA - ITINGA DO MARANHAO","name":"MA - ITINGA DO MARANHAO","tipo":"Munic\u00edpio","url":"\/dashboard\/details-assets\/90f9cc07-5b22-46e2-917b-062d011b35fe"},"geometry":{"type":"Point","coordinates":[-47.52791,-4.455004]}},{"type":"Feature","properties":{"municipio":"5886c9bf-7b4f-49f5-a141-d31a2af848cc","title":"MA - IMPERATRIZ","name":"MA - IMPERATRIZ","tipo":"Munic\u00edpio","url":"\/dashboard\/details-assets\/5886c9bf-7b4f-49f5-a141-d31a2af848cc"},"geometry":{"type":"Point","coordinates":[-47.479811,-5.526524]}},{"type":"Feature","properties":{"municipio":"bf800dc6-e12a-41fc-8f30-6a0dc7d8e220","title":"MA - ITAPECURU MIRIM","name":"MA - ITAPECURU MIRIM","tipo":"Munic\u00edpio","url":"\/dashboard\/details-assets\/bf800dc6-e12a-41fc-8f30-6a0dc7d8e220"},"geometry":{"type":"Point","coordinates":[-44.354263,-3.399045]}},{"type":"Feature","properties":{"municipio":"fff632d6-1686-4c5e-ab65-f97b795d03b6","title":"MA - ICATU","name":"MA - ICATU","tipo":"Munic\u00edpio","url":"\/dashboard\/details-assets\/fff632d6-1686-4c5e-ab65-f97b795d03b6"},"geometry":{"type":"Point","coordinates":[-44.065848,-2.774828]}},{"type":"Feature","properties":{"municipio":"81d05f55-30b2-4c2c-b9f3-438f5a814c64","title":"MA - GRAJAU","name":"MA - GRAJAU","tipo":"Munic\u00edpio","url":"\/dashboard\/details-assets\/81d05f55-30b2-4c2c-b9f3-438f5a814c64"},"geometry":{"type":"Point","coordinates":[-46.142396,-5.818548]}},{"type":"Feature","properties":{"municipio":"2a4a724f-b689-4b10-816b-e305edfbb7bd","title":"MA - HUMBERTO DE CAMPOS","name":"MA - HUMBERTO DE CAMPOS","tipo":"Munic\u00edpio","url":"\/dashboard\/details-assets\/2a4a724f-b689-4b10-816b-e305edfbb7bd"},"geometry":{"type":"Point","coordinates":[-43.465092,-2.591224]}},{"type":"Feature","properties":{"municipio":"6259a929-5166-4f6c-978a-30ad53ece4cd","title":"MA - GOVERNADOR NUNES FREIRE","name":"MA - GOVERNADOR NUNES FREIRE","tipo":"Munic\u00edpio","url":"\/dashboard\/details-assets\/6259a929-5166-4f6c-978a-30ad53ece4cd"},"geometry":{"type":"Point","coordinates":[-45.881481,-2.134962]}},{"type":"Feature","properties":{"municipio":"c46bd5b1-6e0e-4091-b162-f1b07ee9f5db","title":"MA - FORMOSA DA SERRA NEGRA","name":"MA - FORMOSA DA SERRA NEGRA","tipo":"Munic\u00edpio","url":"\/dashboard\/details-assets\/c46bd5b1-6e0e-4091-b162-f1b07ee9f5db"},"geometry":{"type":"Point","coordinates":[-46.186357,-6.435304]}},{"type":"Feature","properties":{"municipio":"bc146e8d-d82c-4c06-883b-a9ea3874eaf9","title":"MA - FERNANDO FALCAO","name":"MA - FERNANDO FALCAO","tipo":"Munic\u00edpio","url":"\/dashboard\/details-assets\/bc146e8d-d82c-4c06-883b-a9ea3874eaf9"},"geometry":{"type":"Point","coordinates":[-44.89,-6.15]}},{"type":"Feature","properties":{"municipio":"b288b210-c089-416f-b9b0-38dd5a8b0d3b","title":"MA - ESTREITO","name":"MA - ESTREITO","tipo":"Munic\u00edpio","url":"\/dashboard\/details-assets\/b288b210-c089-416f-b9b0-38dd5a8b0d3b"},"geometry":{"type":"Point","coordinates":[-47.447883,-6.568085]}},{"type":"Feature","properties":{"municipio":"f7612708-ba4f-4296-b1a1-775c0312721c","title":"MA - DOM PEDRO","name":"MA - DOM PEDRO","tipo":"Munic\u00edpio","url":"\/dashboard\/details-assets\/f7612708-ba4f-4296-b1a1-775c0312721c"},"geometry":{"type":"Point","coordinates":[-44.44001,-5.038448]}},{"type":"Feature","properties":{"municipio":"48017879-2a07-4928-826c-216f99125437","title":"MA - ESPERANTINOPOLIS","name":"MA - ESPERANTINOPOLIS","tipo":"Munic\u00edpio","url":"\/dashboard\/details-assets\/48017879-2a07-4928-826c-216f99125437"},"geometry":{"type":"Point","coordinates":[-44.886069,-4.870301]}},{"type":"Feature","properties":{"municipio":"536d0482-0dfe-4ad7-8a13-87da293b664d","title":"MA - CURURUPU","name":"MA - CURURUPU","tipo":"Munic\u00edpio","url":"\/dashboard\/details-assets\/536d0482-0dfe-4ad7-8a13-87da293b664d"},"geometry":{"type":"Point","coordinates":[-44.867762,-1.825521]}},{"type":"Feature","properties":{"municipio":"a738dbf8-4668-453f-870d-26170f882e20","title":"MA - COLINAS","name":"MA - COLINAS","tipo":"Munic\u00edpio","url":"\/dashboard\/details-assets\/a738dbf8-4668-453f-870d-26170f882e20"},"geometry":{"type":"Point","coordinates":[-44.246797,-6.026989]}},{"type":"Feature","properties":{"municipio":"119000e8-1fc4-49e1-a23e-012f3155fa6c","title":"MA - COROATA","name":"MA - COROATA","tipo":"Munic\u00edpio","url":"\/dashboard\/details-assets\/119000e8-1fc4-49e1-a23e-012f3155fa6c"},"geometry":{"type":"Point","coordinates":[-44.125599,-4.128976]}},{"type":"Feature","properties":{"municipio":"d4188617-e644-4c89-a11b-b9b91ddc115a","title":"MA - COELHO NETO","name":"MA - COELHO NETO","tipo":"Munic\u00edpio","url":"\/dashboard\/details-assets\/d4188617-e644-4c89-a11b-b9b91ddc115a"},"geometry":{"type":"Point","coordinates":[-43.014014,-4.254738]}},{"type":"Feature","properties":{"municipio":"cfec8189-5df3-48d5-b983-dd0ee2c082ca","title":"MA - CODO","name":"MA - CODO","tipo":"Munic\u00edpio","url":"\/dashboard\/details-assets\/cfec8189-5df3-48d5-b983-dd0ee2c082ca"},"geometry":{"type":"Point","coordinates":[-43.88608,-4.451338]}},{"type":"Feature","properties":{"municipio":"09ff131f-60cb-4d19-a588-3832472d3c3f","title":"MA - CHAPADINHA","name":"MA - CHAPADINHA","tipo":"Munic\u00edpio","url":"\/dashboard\/details-assets\/09ff131f-60cb-4d19-a588-3832472d3c3f"},"geometry":{"type":"Point","coordinates":[-43.361121,-3.740025]}},{"type":"Feature","properties":{"municipio":"24c05540-da92-4b1f-b29a-7dd599f5288d","title":"MA - CAXIAS","name":"MA - CAXIAS","tipo":"Munic\u00edpio","url":"\/dashboard\/details-assets\/24c05540-da92-4b1f-b29a-7dd599f5288d"},"geometry":{"type":"Point","coordinates":[-43.358539,-4.861675]}},{"type":"Feature","properties":{"municipio":"fe9db926-e476-48d1-8b1d-83cb1068a626","title":"MA - CAROLINA","name":"MA - CAROLINA","tipo":"Munic\u00edpio","url":"\/dashboard\/details-assets\/fe9db926-e476-48d1-8b1d-83cb1068a626"},"geometry":{"type":"Point","coordinates":[-47.470092,-7.330783]}},{"type":"Feature","properties":{"municipio":"ba29637a-6191-4b29-acba-7c81b67c0de1","title":"MA - CARUTAPERA","name":"MA - CARUTAPERA","tipo":"Munic\u00edpio","url":"\/dashboard\/details-assets\/ba29637a-6191-4b29-acba-7c81b67c0de1"},"geometry":{"type":"Point","coordinates":[-46.023151,-1.200602]}},{"type":"Feature","properties":{"municipio":"a16a7c10-9564-49ad-85fa-a25b8642b18f","title":"MA - BURITICUPU","name":"MA - BURITICUPU","tipo":"Munic\u00edpio","url":"\/dashboard\/details-assets\/a16a7c10-9564-49ad-85fa-a25b8642b18f"},"geometry":{"type":"Point","coordinates":[-46.451495,-4.325948]}},{"type":"Feature","properties":{"municipio":"38ca54e8-8586-42bc-98bc-f45ea0d1b936","title":"MA - BURITI BRAVO","name":"MA - BURITI BRAVO","tipo":"Munic\u00edpio","url":"\/dashboard\/details-assets\/38ca54e8-8586-42bc-98bc-f45ea0d1b936"},"geometry":{"type":"Point","coordinates":[-43.835622,-5.835288]}},{"type":"Feature","properties":{"municipio":"5b1c9d24-d912-485b-aade-f0c995b96ab1","title":"MA - BREJO","name":"MA - BREJO","tipo":"Munic\u00edpio","url":"\/dashboard\/details-assets\/5b1c9d24-d912-485b-aade-f0c995b96ab1"},"geometry":{"type":"Point","coordinates":[-42.750848,-3.679178]}},{"type":"Feature","properties":{"municipio":"69e4e57a-1c47-4857-bcae-c0deb69e4993","title":"MA - BOM JARDIM","name":"MA - BOM JARDIM","tipo":"Munic\u00edpio","url":"\/dashboard\/details-assets\/69e4e57a-1c47-4857-bcae-c0deb69e4993"},"geometry":{"type":"Point","coordinates":[-45.68015,-3.542461]}},{"type":"Feature","properties":{"municipio":"096420de-cb82-431f-8e14-f95f103fcfa8","title":"MA - BEQUIMAO","name":"MA - BEQUIMAO","tipo":"Munic\u00edpio","url":"\/dashboard\/details-assets\/096420de-cb82-431f-8e14-f95f103fcfa8"},"geometry":{"type":"Point","coordinates":[-44.78573,-2.462063]}},{"type":"Feature","properties":{"municipio":"d24675bc-5226-4001-81e4-dcaf4053791b","title":"MA - BARREIRINHAS","name":"MA - BARREIRINHAS","tipo":"Munic\u00edpio","url":"\/dashboard\/details-assets\/d24675bc-5226-4001-81e4-dcaf4053791b"},"geometry":{"type":"Point","coordinates":[-42.827803,-2.750086]}},{"type":"Feature","properties":{"municipio":"0b42b919-f8e8-4afc-994b-e42f3115e896","title":"MA - BARRA DO CORDA","name":"MA - BARRA DO CORDA","tipo":"Munic\u00edpio","url":"\/dashboard\/details-assets\/0b42b919-f8e8-4afc-994b-e42f3115e896"},"geometry":{"type":"Point","coordinates":[-45.239011,-5.508339]}},{"type":"Feature","properties":{"municipio":"82902480-b48d-424d-9a00-21896821bc06","title":"MA - BALSAS","name":"MA - BALSAS","tipo":"Munic\u00edpio","url":"\/dashboard\/details-assets\/82902480-b48d-424d-9a00-21896821bc06"},"geometry":{"type":"Point","coordinates":[-46.038993,-7.53117]}},{"type":"Feature","properties":{"municipio":"33b94d4d-565f-4863-ae23-661e70c56c98","title":"MA - BARAO DE GRAJAU","name":"MA - BARAO DE GRAJAU","tipo":"Munic\u00edpio","url":"\/dashboard\/details-assets\/33b94d4d-565f-4863-ae23-661e70c56c98"},"geometry":{"type":"Point","coordinates":[-43.252151,-6.524873]}},{"type":"Feature","properties":{"municipio":"8c88b29a-07a8-4cfb-b4d2-20b6ddbc78ad","title":"MA - BACURI","name":"MA - BACURI","tipo":"Munic\u00edpio","url":"\/dashboard\/details-assets\/8c88b29a-07a8-4cfb-b4d2-20b6ddbc78ad"},"geometry":{"type":"Point","coordinates":[-45.142807,-1.72689]}},{"type":"Feature","properties":{"municipio":"8b097160-bf80-42d4-ae2c-880c69621490","title":"MA - BACABAL","name":"MA - BACABAL","tipo":"Munic\u00edpio","url":"\/dashboard\/details-assets\/8b097160-bf80-42d4-ae2c-880c69621490"},"geometry":{"type":"Point","coordinates":[-44.781556,-4.231525]}},{"type":"Feature","properties":{"municipio":"644cf9c2-5a0c-4177-9505-ae53542184ac","title":"MA - ARARI","name":"MA - ARARI","tipo":"Munic\u00edpio","url":"\/dashboard\/details-assets\/644cf9c2-5a0c-4177-9505-ae53542184ac"},"geometry":{"type":"Point","coordinates":[-44.778835,-3.459171]}},{"type":"Feature","properties":{"municipio":"08ba80cd-657a-441f-868a-bd2ee4cc5aad","title":"MA - ARAME","name":"MA - ARAME","tipo":"Munic\u00edpio","url":"\/dashboard\/details-assets\/08ba80cd-657a-441f-868a-bd2ee4cc5aad"},"geometry":{"type":"Point","coordinates":[-45.980085,-5.050752]}},{"type":"Feature","properties":{"municipio":"4b1b61fa-1def-42b5-b85c-b2d0697c5bef","title":"MA - ANAJATUBA","name":"MA - ANAJATUBA","tipo":"Munic\u00edpio","url":"\/dashboard\/details-assets\/4b1b61fa-1def-42b5-b85c-b2d0697c5bef"},"geometry":{"type":"Point","coordinates":[-44.62067,-3.257555]}},{"type":"Feature","properties":{"municipio":"734dcaf8-f064-482d-824b-49d9c873b301","title":"MA - ARAIOSES","name":"MA - ARAIOSES","tipo":"Munic\u00edpio","url":"\/dashboard\/details-assets\/734dcaf8-f064-482d-824b-49d9c873b301"},"geometry":{"type":"Point","coordinates":[-41.899139,-2.889256]}},{"type":"Feature","properties":{"municipio":"04f9f2ed-12bd-4490-bcc9-867bf8647e8a","title":"MA - AMARANTE DO MARANHAO","name":"MA - AMARANTE DO MARANHAO","tipo":"Munic\u00edpio","url":"\/dashboard\/details-assets\/04f9f2ed-12bd-4490-bcc9-867bf8647e8a"},"geometry":{"type":"Point","coordinates":[-46.750638,-5.557662]}},{"type":"Feature","properties":{"municipio":"98980067-f5f0-457a-b206-a91fde4e7c54","title":"MA - ALCANTARA","name":"MA - ALCANTARA","tipo":"Munic\u00edpio","url":"\/dashboard\/details-assets\/98980067-f5f0-457a-b206-a91fde4e7c54"},"geometry":{"type":"Point","coordinates":[-44.437295,-2.348808]}},{"type":"Feature","properties":{"municipio":"a367c833-be5e-45d3-9f57-1efd291907cb","title":"MA - ALTO PARNAIBA","name":"MA - ALTO PARNAIBA","tipo":"Munic\u00edpio","url":"\/dashboard\/details-assets\/a367c833-be5e-45d3-9f57-1efd291907cb"},"geometry":{"type":"Point","coordinates":[-45.93,-9.11]}},{"type":"Feature","properties":{"municipio":"d2b5bec2-7201-4b57-b3ea-e732678926bd","title":"MA - ACAILANDIA","name":"MA - ACAILANDIA","tipo":"Munic\u00edpio","url":"\/dashboard\/details-assets\/d2b5bec2-7201-4b57-b3ea-e732678926bd"},"geometry":{"type":"Point","coordinates":[-47.506665,-4.951377]}},{"type":"Feature","properties":{"municipio":"a5037f08-475c-48c6-8c5d-233f9f30cc08","title":"GO - URUACU","name":"GO - URUACU","tipo":"Munic\u00edpio","url":"\/dashboard\/details-assets\/a5037f08-475c-48c6-8c5d-233f9f30cc08"},"geometry":{"type":"Point","coordinates":[-49.147486,-14.52022]}},{"type":"Feature","properties":{"municipio":"a4ad9a57-542e-41d6-beda-8dfce2919652","title":"GO - VALPARAISO DE GOIAS","name":"GO - VALPARAISO DE GOIAS","tipo":"Munic\u00edpio","url":"\/dashboard\/details-assets\/a4ad9a57-542e-41d6-beda-8dfce2919652"},"geometry":{"type":"Point","coordinates":[-47.976112,-16.06553]}},{"type":"Feature","properties":{"municipio":"53a81241-60a2-4fc4-92dc-988da079658a","title":"GO - TRINDADE","name":"GO - TRINDADE","tipo":"Munic\u00edpio","url":"\/dashboard\/details-assets\/53a81241-60a2-4fc4-92dc-988da079658a"},"geometry":{"type":"Point","coordinates":[-49.489099,-16.65535]}},{"type":"Feature","properties":{"municipio":"c3df7a36-6ec0-4c03-aedb-53ff3fb14391","title":"GO - SILVANIA","name":"GO - SILVANIA","tipo":"Munic\u00edpio","url":"\/dashboard\/details-assets\/c3df7a36-6ec0-4c03-aedb-53ff3fb14391"},"geometry":{"type":"Point","coordinates":[-48.600984,-16.620402]}},{"type":"Feature","properties":{"municipio":"7738d49c-1556-4d6b-9d5e-753848f089bc","title":"GO - SENADOR CANEDO","name":"GO - SENADOR CANEDO","tipo":"Munic\u00edpio","url":"\/dashboard\/details-assets\/7738d49c-1556-4d6b-9d5e-753848f089bc"},"geometry":{"type":"Point","coordinates":[-49.087967,-16.718575]}},{"type":"Feature","properties":{"municipio":"1760e983-c53b-4332-917d-6fc34e61cc4c","title":"GO - SAO MIGUEL DO ARAGUAIA","name":"GO - SAO MIGUEL DO ARAGUAIA","tipo":"Munic\u00edpio","url":"\/dashboard\/details-assets\/1760e983-c53b-4332-917d-6fc34e61cc4c"},"geometry":{"type":"Point","coordinates":[-50.163838,-13.276024]}},{"type":"Feature","properties":{"municipio":"cac1b110-52ea-4974-b69f-6778110d83fd","title":"GO - SAO LUIS DE MONTES BELOS","name":"GO - SAO LUIS DE MONTES BELOS","tipo":"Munic\u00edpio","url":"\/dashboard\/details-assets\/cac1b110-52ea-4974-b69f-6778110d83fd"},"geometry":{"type":"Point","coordinates":[-50.373084,-16.521513]}},{"type":"Feature","properties":{"municipio":"a9ab81e2-1d0b-43ac-a61f-b308ac7bbc3d","title":"GO - SANTO ANTONIO DO DESCOBERTO","name":"GO - SANTO ANTONIO DO DESCOBERTO","tipo":"Munic\u00edpio","url":"\/dashboard\/details-assets\/a9ab81e2-1d0b-43ac-a61f-b308ac7bbc3d"},"geometry":{"type":"Point","coordinates":[-48.256006,-15.944224]}},{"type":"Feature","properties":{"municipio":"733d090a-74f8-4ca0-ac96-712486b653d6","title":"GO - SANTA HELENA DE GOIAS","name":"GO - SANTA HELENA DE GOIAS","tipo":"Munic\u00edpio","url":"\/dashboard\/details-assets\/733d090a-74f8-4ca0-ac96-712486b653d6"},"geometry":{"type":"Point","coordinates":[-50.598443,-17.812355]}},{"type":"Feature","properties":{"municipio":"1e717fdb-54ab-49f9-842f-81d8879c932d","title":"GO - RUBIATABA","name":"GO - RUBIATABA","tipo":"Munic\u00edpio","url":"\/dashboard\/details-assets\/1e717fdb-54ab-49f9-842f-81d8879c932d"},"geometry":{"type":"Point","coordinates":[-49.80341,-15.164313]}},{"type":"Feature","properties":{"municipio":"01f588e1-daec-4301-93f9-777be2016e7e","title":"GO - RIO VERDE","name":"GO - RIO VERDE","tipo":"Munic\u00edpio","url":"\/dashboard\/details-assets\/01f588e1-daec-4301-93f9-777be2016e7e"},"geometry":{"type":"Point","coordinates":[-50.929681,-17.794543]}},{"type":"Feature","properties":{"municipio":"55b82bc7-63c9-4083-80fa-7e4da2bce242","title":"GO - QUIRINOPOLIS","name":"GO - QUIRINOPOLIS","tipo":"Munic\u00edpio","url":"\/dashboard\/details-assets\/55b82bc7-63c9-4083-80fa-7e4da2bce242"},"geometry":{"type":"Point","coordinates":[-50.452263,-18.451507]}},{"type":"Feature","properties":{"municipio":"d4c6a67b-9196-443f-b142-119c65ee01ff","title":"GO - POSSE","name":"GO - POSSE","tipo":"Munic\u00edpio","url":"\/dashboard\/details-assets\/d4c6a67b-9196-443f-b142-119c65ee01ff"},"geometry":{"type":"Point","coordinates":[-46.36201,-14.087734]}},{"type":"Feature","properties":{"municipio":"92031c4d-eebd-444d-ac27-3a21f8daf05b","title":"GO - PORANGATU","name":"GO - PORANGATU","tipo":"Munic\u00edpio","url":"\/dashboard\/details-assets\/92031c4d-eebd-444d-ac27-3a21f8daf05b"},"geometry":{"type":"Point","coordinates":[-49.146226,-13.442186]}},{"type":"Feature","properties":{"municipio":"30bb1e02-bbbf-4ef5-95ed-666a467cf22a","title":"GO - PLANALTINA","name":"GO - PLANALTINA","tipo":"Munic\u00edpio","url":"\/dashboard\/details-assets\/30bb1e02-bbbf-4ef5-95ed-666a467cf22a"},"geometry":{"type":"Point","coordinates":[-47.614847,-15.45311]}},{"type":"Feature","properties":{"municipio":"b59e6740-7eac-4276-a42e-3c73cc853ce0","title":"GO - PIRES DO RIO","name":"GO - PIRES DO RIO","tipo":"Munic\u00edpio","url":"\/dashboard\/details-assets\/b59e6740-7eac-4276-a42e-3c73cc853ce0"},"geometry":{"type":"Point","coordinates":[-48.280293,-17.300581]}},{"type":"Feature","properties":{"municipio":"6ce560f1-0a85-45ce-a1db-7c278aab37db","title":"GO - PIRENOPOLIS","name":"GO - PIRENOPOLIS","tipo":"Munic\u00edpio","url":"\/dashboard\/details-assets\/6ce560f1-0a85-45ce-a1db-7c278aab37db"},"geometry":{"type":"Point","coordinates":[-48.962527,-15.853342]}},{"type":"Feature","properties":{"municipio":"98d67281-4706-4b4b-a7ed-108ebbd3a99e","title":"GO - PIRACANJUBA","name":"GO - PIRACANJUBA","tipo":"Munic\u00edpio","url":"\/dashboard\/details-assets\/98d67281-4706-4b4b-a7ed-108ebbd3a99e"},"geometry":{"type":"Point","coordinates":[-49.919837,-16.807845]}},{"type":"Feature","properties":{"municipio":"dcc81a96-0a12-45ad-85b0-0064f919182d","title":"GO - PADRE BERNARDO","name":"GO - PADRE BERNARDO","tipo":"Munic\u00edpio","url":"\/dashboard\/details-assets\/dcc81a96-0a12-45ad-85b0-0064f919182d"},"geometry":{"type":"Point","coordinates":[-48.285966,-15.164355]}},{"type":"Feature","properties":{"municipio":"51cf7483-929b-4bee-b51e-6dad8f2ef6d7","title":"GO - NIQUELANDIA","name":"GO - NIQUELANDIA","tipo":"Munic\u00edpio","url":"\/dashboard\/details-assets\/51cf7483-929b-4bee-b51e-6dad8f2ef6d7"},"geometry":{"type":"Point","coordinates":[-48.458585,-14.46911]}},{"type":"Feature","properties":{"municipio":"71204af4-c75a-4a07-af34-a67921db1b1d","title":"GO - NOVO GAMA","name":"GO - NOVO GAMA","tipo":"Munic\u00edpio","url":"\/dashboard\/details-assets\/71204af4-c75a-4a07-af34-a67921db1b1d"},"geometry":{"type":"Point","coordinates":[-48.037211,-16.056078]}},{"type":"Feature","properties":{"municipio":"eb22182b-9676-40b2-af59-e7ff6858903d","title":"GO - NEROPOLIS","name":"GO - NEROPOLIS","tipo":"Munic\u00edpio","url":"\/dashboard\/details-assets\/eb22182b-9676-40b2-af59-e7ff6858903d"},"geometry":{"type":"Point","coordinates":[-49.224463,-16.404044]}},{"type":"Feature","properties":{"municipio":"3671a36d-68ba-4c07-ab78-b88490c12db7","title":"GO - MORRINHOS","name":"GO - MORRINHOS","tipo":"Munic\u00edpio","url":"\/dashboard\/details-assets\/3671a36d-68ba-4c07-ab78-b88490c12db7"},"geometry":{"type":"Point","coordinates":[-49.110177,-17.735271]}},{"type":"Feature","properties":{"municipio":"a3a75bf4-9bbf-4fcd-ab1c-01c4013bbb22","title":"GO - MOZARLANDIA","name":"GO - MOZARLANDIA","tipo":"Munic\u00edpio","url":"\/dashboard\/details-assets\/a3a75bf4-9bbf-4fcd-ab1c-01c4013bbb22"},"geometry":{"type":"Point","coordinates":[-50.5708,-14.745]}},{"type":"Feature","properties":{"municipio":"210a6018-1789-4533-b019-12d21172c9ec","title":"GO - MINEIROS","name":"GO - MINEIROS","tipo":"Munic\u00edpio","url":"\/dashboard\/details-assets\/210a6018-1789-4533-b019-12d21172c9ec"},"geometry":{"type":"Point","coordinates":[-52.554667,-17.566168]}},{"type":"Feature","properties":{"municipio":"e8d28958-992e-478b-950c-6ed2a2e9d5c9","title":"GO - MINACU","name":"GO - MINACU","tipo":"Munic\u00edpio","url":"\/dashboard\/details-assets\/e8d28958-992e-478b-950c-6ed2a2e9d5c9"},"geometry":{"type":"Point","coordinates":[-48.223908,-13.535094]}},{"type":"Feature","properties":{"municipio":"8d3f4106-d440-45d2-8542-4ede1bf3adcd","title":"GO - MAMBAI","name":"GO - MAMBAI","tipo":"Munic\u00edpio","url":"\/dashboard\/details-assets\/8d3f4106-d440-45d2-8542-4ede1bf3adcd"},"geometry":{"type":"Point","coordinates":[-46.110599,-14.496664]}},{"type":"Feature","properties":{"municipio":"482bb808-e371-4929-8f17-d0b0cd32b6da","title":"GO - LUZIANIA","name":"GO - LUZIANIA","tipo":"Munic\u00edpio","url":"\/dashboard\/details-assets\/482bb808-e371-4929-8f17-d0b0cd32b6da"},"geometry":{"type":"Point","coordinates":[-47.917822,-16.251468]}},{"type":"Feature","properties":{"municipio":"83c8590b-b556-4c56-b54c-6697da86b1cf","title":"GO - JUSSARA","name":"GO - JUSSARA","tipo":"Munic\u00edpio","url":"\/dashboard\/details-assets\/83c8590b-b556-4c56-b54c-6697da86b1cf"},"geometry":{"type":"Point","coordinates":[-50.867558,-15.781682]}},{"type":"Feature","properties":{"municipio":"a4df6fcb-8a50-40b9-b1f9-e70e5e2193d0","title":"GO - JATAI","name":"GO - JATAI","tipo":"Munic\u00edpio","url":"\/dashboard\/details-assets\/a4df6fcb-8a50-40b9-b1f9-e70e5e2193d0"},"geometry":{"type":"Point","coordinates":[-51.720818,-17.886232]}},{"type":"Feature","properties":{"municipio":"88e0ea82-068f-4f9b-ba8e-75c0fda9b175","title":"GO - JARAGUA","name":"GO - JARAGUA","tipo":"Munic\u00edpio","url":"\/dashboard\/details-assets\/88e0ea82-068f-4f9b-ba8e-75c0fda9b175"},"geometry":{"type":"Point","coordinates":[-49.330144,-15.753114]}},{"type":"Feature","properties":{"municipio":"ad93a7e0-b557-414f-a4ca-85ce76c3ac1b","title":"GO - ITUMBIARA","name":"GO - ITUMBIARA","tipo":"Munic\u00edpio","url":"\/dashboard\/details-assets\/ad93a7e0-b557-414f-a4ca-85ce76c3ac1b"},"geometry":{"type":"Point","coordinates":[-49.22087,-18.417682]}},{"type":"Feature","properties":{"municipio":"cbba963f-144f-4027-b083-623a074aa6f5","title":"GO - ITAPURANGA","name":"GO - ITAPURANGA","tipo":"Munic\u00edpio","url":"\/dashboard\/details-assets\/cbba963f-144f-4027-b083-623a074aa6f5"},"geometry":{"type":"Point","coordinates":[-49.944493,-15.562331]}},{"type":"Feature","properties":{"municipio":"9608cc06-4167-48ea-8b06-a0a86cf03118","title":"GO - ITABERAI","name":"GO - ITABERAI","tipo":"Munic\u00edpio","url":"\/dashboard\/details-assets\/9608cc06-4167-48ea-8b06-a0a86cf03118"},"geometry":{"type":"Point","coordinates":[-49.803479,-16.02113]}},{"type":"Feature","properties":{"municipio":"c8b8cb2f-d0da-4119-8190-3ba8efbd38e5","title":"GO - ITAPACI","name":"GO - ITAPACI","tipo":"Munic\u00edpio","url":"\/dashboard\/details-assets\/c8b8cb2f-d0da-4119-8190-3ba8efbd38e5"},"geometry":{"type":"Point","coordinates":[-49.554156,-14.950403]}},{"type":"Feature","properties":{"municipio":"fb1beb07-0382-4e5a-8e85-d7b24146b5cd","title":"GO - IPORA","name":"GO - IPORA","tipo":"Munic\u00edpio","url":"\/dashboard\/details-assets\/fb1beb07-0382-4e5a-8e85-d7b24146b5cd"},"geometry":{"type":"Point","coordinates":[-51.119595,-16.440003]}},{"type":"Feature","properties":{"municipio":"41fb5739-a817-4b7d-b14e-3616b0e00f24","title":"GO - IPAMERI","name":"GO - IPAMERI","tipo":"Munic\u00edpio","url":"\/dashboard\/details-assets\/41fb5739-a817-4b7d-b14e-3616b0e00f24"},"geometry":{"type":"Point","coordinates":[-48.158668,-17.722177]}},{"type":"Feature","properties":{"municipio":"c51f33e4-56ab-4293-b7b6-c0aa29c08d09","title":"GO - GOIATUBA","name":"GO - GOIATUBA","tipo":"Munic\u00edpio","url":"\/dashboard\/details-assets\/c51f33e4-56ab-4293-b7b6-c0aa29c08d09"},"geometry":{"type":"Point","coordinates":[-49.367343,-17.978493]}},{"type":"Feature","properties":{"municipio":"30055a97-c4f2-404d-ad13-1e83b49b9510","title":"GO - INHUMAS","name":"GO - INHUMAS","tipo":"Munic\u00edpio","url":"\/dashboard\/details-assets\/30055a97-c4f2-404d-ad13-1e83b49b9510"},"geometry":{"type":"Point","coordinates":[-49.500225,-16.35996]}},{"type":"Feature","properties":{"municipio":"22658900-89ce-497f-8dc2-94393320a643","title":"GO - GOIAS","name":"GO - GOIAS","tipo":"Munic\u00edpio","url":"\/dashboard\/details-assets\/22658900-89ce-497f-8dc2-94393320a643"},"geometry":{"type":"Point","coordinates":[-50.141384,-15.935743]}},{"type":"Feature","properties":{"municipio":"71cafd72-2073-4ab6-b636-b7e8736a0738","title":"GO - GOIANIRA","name":"GO - GOIANIRA","tipo":"Munic\u00edpio","url":"\/dashboard\/details-assets\/71cafd72-2073-4ab6-b636-b7e8736a0738"},"geometry":{"type":"Point","coordinates":[-49.428777,-16.503192]}},{"type":"Feature","properties":{"municipio":"e81a593a-847f-483f-b100-6304c83ce1be","title":"GO - GOIANIA","name":"GO - GOIANIA","tipo":"Munic\u00edpio","url":"\/dashboard\/details-assets\/e81a593a-847f-483f-b100-6304c83ce1be"},"geometry":{"type":"Point","coordinates":[-49.255814,-16.67331]}},{"type":"Feature","properties":{"municipio":"e7e854ec-bf5d-46bd-b301-622091ec8a23","title":"GO - GOIANESIA","name":"GO - GOIANESIA","tipo":"Munic\u00edpio","url":"\/dashboard\/details-assets\/e7e854ec-bf5d-46bd-b301-622091ec8a23"},"geometry":{"type":"Point","coordinates":[-49.11581,-15.322289]}},{"type":"Feature","properties":{"municipio":"1363c2df-481f-4f77-be8e-1251a23f42f8","title":"GO - FLORES DE GOIAS","name":"GO - FLORES DE GOIAS","tipo":"Munic\u00edpio","url":"\/dashboard\/details-assets\/1363c2df-481f-4f77-be8e-1251a23f42f8"},"geometry":{"type":"Point","coordinates":[-47.05,-14.4489]}},{"type":"Feature","properties":{"municipio":"fadf494d-5d68-473b-8785-b2de7b9b1328","title":"GO - FORMOSA","name":"GO - FORMOSA","tipo":"Munic\u00edpio","url":"\/dashboard\/details-assets\/fadf494d-5d68-473b-8785-b2de7b9b1328"},"geometry":{"type":"Point","coordinates":[-47.33743,-15.540441]}},{"type":"Feature","properties":{"municipio":"4876723b-7c39-4e2e-9c16-7077c6e5032f","title":"GO - CRISTALINA","name":"GO - CRISTALINA","tipo":"Munic\u00edpio","url":"\/dashboard\/details-assets\/4876723b-7c39-4e2e-9c16-7077c6e5032f"},"geometry":{"type":"Point","coordinates":[-47.606818,-16.769434]}},{"type":"Feature","properties":{"municipio":"15cabfbf-6624-42d8-9512-61604a0f0bd6","title":"GO - CHAPADAO DO CEU","name":"GO - CHAPADAO DO CEU","tipo":"Munic\u00edpio","url":"\/dashboard\/details-assets\/15cabfbf-6624-42d8-9512-61604a0f0bd6"},"geometry":{"type":"Point","coordinates":[-52.665833,-18.392778]}},{"type":"Feature","properties":{"municipio":"f17f4005-87fd-47a6-9911-96867f16b16e","title":"GO - CIDADE OCIDENTAL","name":"GO - CIDADE OCIDENTAL","tipo":"Munic\u00edpio","url":"\/dashboard\/details-assets\/f17f4005-87fd-47a6-9911-96867f16b16e"},"geometry":{"type":"Point","coordinates":[-47.937131,-16.110959]}},{"type":"Feature","properties":{"municipio":"f81bf1dd-cd66-4cfc-96b6-3caabe0f69c9","title":"GO - CERES","name":"GO - CERES","tipo":"Munic\u00edpio","url":"\/dashboard\/details-assets\/f81bf1dd-cd66-4cfc-96b6-3caabe0f69c9"},"geometry":{"type":"Point","coordinates":[-49.603379,-15.309353]}},{"type":"Feature","properties":{"municipio":"3c943ce8-81e8-46b6-9c9b-bfed7fa285f7","title":"GO - CAVALCANTE","name":"GO - CAVALCANTE","tipo":"Munic\u00edpio","url":"\/dashboard\/details-assets\/3c943ce8-81e8-46b6-9c9b-bfed7fa285f7"},"geometry":{"type":"Point","coordinates":[-47.457778,-13.797778]}},{"type":"Feature","properties":{"municipio":"9dc3045b-418b-4503-be3f-cd41c2ff49c0","title":"GO - CATALAO","name":"GO - CATALAO","tipo":"Munic\u00edpio","url":"\/dashboard\/details-assets\/9dc3045b-418b-4503-be3f-cd41c2ff49c0"},"geometry":{"type":"Point","coordinates":[-47.947703,-18.169573]}},{"type":"Feature","properties":{"municipio":"32b53163-b9c9-4ad3-89e4-4a1f5b063103","title":"GO - CAMPOS BELOS","name":"GO - CAMPOS BELOS","tipo":"Munic\u00edpio","url":"\/dashboard\/details-assets\/32b53163-b9c9-4ad3-89e4-4a1f5b063103"},"geometry":{"type":"Point","coordinates":[-46.770783,-13.036724]}},{"type":"Feature","properties":{"municipio":"049d7aa1-701a-4e97-bf3c-a0bcf770e9df","title":"GO - CALDAS NOVAS","name":"GO - CALDAS NOVAS","tipo":"Munic\u00edpio","url":"\/dashboard\/details-assets\/049d7aa1-701a-4e97-bf3c-a0bcf770e9df"},"geometry":{"type":"Point","coordinates":[-48.621197,-17.743539]}},{"type":"Feature","properties":{"municipio":"9222fcd6-1653-43bc-b3e9-5514da3d146d","title":"GO - BARRO ALTO","name":"GO - BARRO ALTO","tipo":"Munic\u00edpio","url":"\/dashboard\/details-assets\/9222fcd6-1653-43bc-b3e9-5514da3d146d"},"geometry":{"type":"Point","coordinates":[-48.92,-14.97]}},{"type":"Feature","properties":{"municipio":"4a62536f-018c-4446-b432-411b8831c434","title":"GO - BOM JESUS DE GOIAS","name":"GO - BOM JESUS DE GOIAS","tipo":"Munic\u00edpio","url":"\/dashboard\/details-assets\/4a62536f-018c-4446-b432-411b8831c434"},"geometry":{"type":"Point","coordinates":[-49.739411,-18.214767]}},{"type":"Feature","properties":{"municipio":"6c8b09e8-8808-448b-822a-1a2281ed8ed0","title":"GO - ARAGARCAS","name":"GO - ARAGARCAS","tipo":"Munic\u00edpio","url":"\/dashboard\/details-assets\/6c8b09e8-8808-448b-822a-1a2281ed8ed0"},"geometry":{"type":"Point","coordinates":[-52.246855,-15.897768]}},{"type":"Feature","properties":{"municipio":"4cce4d13-eca7-44f2-b7e7-1953b3a1ed1d","title":"GO - APARECIDA DE GOIANIA","name":"GO - APARECIDA DE GOIANIA","tipo":"Munic\u00edpio","url":"\/dashboard\/details-assets\/4cce4d13-eca7-44f2-b7e7-1953b3a1ed1d"},"geometry":{"type":"Point","coordinates":[-49.243326,-16.822146]}},{"type":"Feature","properties":{"municipio":"8a0fafc2-dd9d-4afc-a10c-ff2cf8f34b78","title":"GO - ANAPOLIS","name":"GO - ANAPOLIS","tipo":"Munic\u00edpio","url":"\/dashboard\/details-assets\/8a0fafc2-dd9d-4afc-a10c-ff2cf8f34b78"},"geometry":{"type":"Point","coordinates":[-48.953403,-16.328546]}},{"type":"Feature","properties":{"municipio":"d0739385-b359-4f2f-bf3d-56f22934bbfe","title":"GO - ALVORADA DO NORTE","name":"GO - ALVORADA DO NORTE","tipo":"Munic\u00edpio","url":"\/dashboard\/details-assets\/d0739385-b359-4f2f-bf3d-56f22934bbfe"},"geometry":{"type":"Point","coordinates":[-46.492418,-14.483914]}},{"type":"Feature","properties":{"municipio":"d6a165ff-8d4d-4452-bb06-11d2f03ce18d","title":"GO - ALEXANIA","name":"GO - ALEXANIA","tipo":"Munic\u00edpio","url":"\/dashboard\/details-assets\/d6a165ff-8d4d-4452-bb06-11d2f03ce18d"},"geometry":{"type":"Point","coordinates":[-48.509636,-16.086168]}},{"type":"Feature","properties":{"municipio":"1758e916-3a3c-497d-8c04-1e3e8d255bf4","title":"GO - ACREUNA","name":"GO - ACREUNA","tipo":"Munic\u00edpio","url":"\/dashboard\/details-assets\/1758e916-3a3c-497d-8c04-1e3e8d255bf4"},"geometry":{"type":"Point","coordinates":[-50.374973,-17.398156]}},{"type":"Feature","properties":{"municipio":"4e86eb35-de8b-46bc-89c9-b5da8c20d9e1","title":"GO - AGUAS LINDAS DE GOIAS","name":"GO - AGUAS LINDAS DE GOIAS","tipo":"Munic\u00edpio","url":"\/dashboard\/details-assets\/4e86eb35-de8b-46bc-89c9-b5da8c20d9e1"},"geometry":{"type":"Point","coordinates":[-48.283444,-15.737939]}},{"type":"Feature","properties":{"municipio":"489f8715-311e-423f-aa44-b0da1f47e185","title":"ES - VITORIA","name":"ES - VITORIA","tipo":"Munic\u00edpio","url":"\/dashboard\/details-assets\/489f8715-311e-423f-aa44-b0da1f47e185"},"geometry":{"type":"Point","coordinates":[-40.322209,-20.320154]}},{"type":"Feature","properties":{"municipio":"61ea94f7-8797-4836-8d5f-cf5bc9c73f3a","title":"ES - VILA VELHA","name":"ES - VILA VELHA","tipo":"Munic\u00edpio","url":"\/dashboard\/details-assets\/61ea94f7-8797-4836-8d5f-cf5bc9c73f3a"},"geometry":{"type":"Point","coordinates":[-40.293957,-20.338374]}},{"type":"Feature","properties":{"municipio":"a00124bb-93b6-4b2f-8031-899bebea2aa9","title":"ES - VIANA","name":"ES - VIANA","tipo":"Munic\u00edpio","url":"\/dashboard\/details-assets\/a00124bb-93b6-4b2f-8031-899bebea2aa9"},"geometry":{"type":"Point","coordinates":[-40.495624,-20.390863]}},{"type":"Feature","properties":{"municipio":"c9661151-1848-466d-9432-4bd3337396c2","title":"ES - VENDA NOVA DO IMIGRANTE","name":"ES - VENDA NOVA DO IMIGRANTE","tipo":"Munic\u00edpio","url":"\/dashboard\/details-assets\/c9661151-1848-466d-9432-4bd3337396c2"},"geometry":{"type":"Point","coordinates":[-41.129053,-20.331518]}},{"type":"Feature","properties":{"municipio":"7b70f31a-452e-467e-9d5b-5fe00e6d6b21","title":"ES - SERRA","name":"ES - SERRA","tipo":"Munic\u00edpio","url":"\/dashboard\/details-assets\/7b70f31a-452e-467e-9d5b-5fe00e6d6b21"},"geometry":{"type":"Point","coordinates":[-40.275217,-20.15677]}},{"type":"Feature","properties":{"municipio":"19a02be6-9b8d-468a-83a8-e20642b7f80b","title":"ES - SOORETAMA","name":"ES - SOORETAMA","tipo":"Munic\u00edpio","url":"\/dashboard\/details-assets\/19a02be6-9b8d-468a-83a8-e20642b7f80b"},"geometry":{"type":"Point","coordinates":[-40.096491,-19.19195]}},{"type":"Feature","properties":{"municipio":"6b24506a-f5f7-4d8c-a1a0-6589c7fb4742","title":"ES - SAO MATEUS","name":"ES - SAO MATEUS","tipo":"Munic\u00edpio","url":"\/dashboard\/details-assets\/6b24506a-f5f7-4d8c-a1a0-6589c7fb4742"},"geometry":{"type":"Point","coordinates":[-39.856734,-18.719071]}},{"type":"Feature","properties":{"municipio":"539e9529-7095-4c9a-86e5-c76bbe61b63a","title":"ES - SANTA TERESA","name":"ES - SANTA TERESA","tipo":"Munic\u00edpio","url":"\/dashboard\/details-assets\/539e9529-7095-4c9a-86e5-c76bbe61b63a"},"geometry":{"type":"Point","coordinates":[-40.598998,-19.937714]}},{"type":"Feature","properties":{"municipio":"69b61fa7-9846-458c-afed-33a3efd88093","title":"ES - SAO GABRIEL DA PALHA","name":"ES - SAO GABRIEL DA PALHA","tipo":"Munic\u00edpio","url":"\/dashboard\/details-assets\/69b61fa7-9846-458c-afed-33a3efd88093"},"geometry":{"type":"Point","coordinates":[-40.5296,-19.021965]}},{"type":"Feature","properties":{"municipio":"cae404c8-c0fc-46f9-94f0-65e2b534ce4a","title":"ES - SANTA MARIA DE JETIBA","name":"ES - SANTA MARIA DE JETIBA","tipo":"Munic\u00edpio","url":"\/dashboard\/details-assets\/cae404c8-c0fc-46f9-94f0-65e2b534ce4a"},"geometry":{"type":"Point","coordinates":[-40.744316,-20.025785]}},{"type":"Feature","properties":{"municipio":"1e6a7955-c46e-43cb-8d47-738c28484a95","title":"ES - PINHEIROS","name":"ES - PINHEIROS","tipo":"Munic\u00edpio","url":"\/dashboard\/details-assets\/1e6a7955-c46e-43cb-8d47-738c28484a95"},"geometry":{"type":"Point","coordinates":[-40.217728,-18.413323]}},{"type":"Feature","properties":{"municipio":"6e7452e1-ab52-4ecc-a4f7-e5b66d440fef","title":"ES - PEDRO CANARIO","name":"ES - PEDRO CANARIO","tipo":"Munic\u00edpio","url":"\/dashboard\/details-assets\/6e7452e1-ab52-4ecc-a4f7-e5b66d440fef"},"geometry":{"type":"Point","coordinates":[-39.954937,-18.297192]}},{"type":"Feature","properties":{"municipio":"066f8060-5153-4d90-86a3-d8d0277d21dd","title":"ES - NOVA VENECIA","name":"ES - NOVA VENECIA","tipo":"Munic\u00edpio","url":"\/dashboard\/details-assets\/066f8060-5153-4d90-86a3-d8d0277d21dd"},"geometry":{"type":"Point","coordinates":[-40.399552,-18.710015]}},{"type":"Feature","properties":{"municipio":"62c5c7f1-2b1b-43a0-a2a2-e5db351361f6","title":"ES - MONTANHA","name":"ES - MONTANHA","tipo":"Munic\u00edpio","url":"\/dashboard\/details-assets\/62c5c7f1-2b1b-43a0-a2a2-e5db351361f6"},"geometry":{"type":"Point","coordinates":[-40.363421,-18.126857]}},{"type":"Feature","properties":{"municipio":"a9025990-a97a-484a-b22b-c22605bca8c6","title":"ES - MIMOSO DO SUL","name":"ES - MIMOSO DO SUL","tipo":"Munic\u00edpio","url":"\/dashboard\/details-assets\/a9025990-a97a-484a-b22b-c22605bca8c6"},"geometry":{"type":"Point","coordinates":[-41.364425,-21.065374]}},{"type":"Feature","properties":{"municipio":"0786f379-6983-4b84-b362-4b616ab5b542","title":"ES - LINHARES","name":"ES - LINHARES","tipo":"Munic\u00edpio","url":"\/dashboard\/details-assets\/0786f379-6983-4b84-b362-4b616ab5b542"},"geometry":{"type":"Point","coordinates":[-40.065306,-19.398106]}},{"type":"Feature","properties":{"municipio":"a475b2f2-8118-41b4-83f1-ea85d3dfe1b4","title":"ES - MARATAIZES","name":"ES - MARATAIZES","tipo":"Munic\u00edpio","url":"\/dashboard\/details-assets\/a475b2f2-8118-41b4-83f1-ea85d3dfe1b4"},"geometry":{"type":"Point","coordinates":[-40.830187,-21.042996]}},{"type":"Feature","properties":{"municipio":"7ddfc135-2560-44c9-96ba-c3734f62f6c8","title":"ES - JOAO NEIVA","name":"ES - JOAO NEIVA","tipo":"Munic\u00edpio","url":"\/dashboard\/details-assets\/7ddfc135-2560-44c9-96ba-c3734f62f6c8"},"geometry":{"type":"Point","coordinates":[-40.38088,-19.752959]}},{"type":"Feature","properties":{"municipio":"6dd6d193-84d2-4b9d-a793-cb60005b3f81","title":"ES - JAGUARE","name":"ES - JAGUARE","tipo":"Munic\u00edpio","url":"\/dashboard\/details-assets\/6dd6d193-84d2-4b9d-a793-cb60005b3f81"},"geometry":{"type":"Point","coordinates":[-40.086141,-18.900436]}},{"type":"Feature","properties":{"municipio":"09a07c69-f1fc-4b6d-8744-91be4e39a609","title":"ES - IUNA","name":"ES - IUNA","tipo":"Munic\u00edpio","url":"\/dashboard\/details-assets\/09a07c69-f1fc-4b6d-8744-91be4e39a609"},"geometry":{"type":"Point","coordinates":[-41.532889,-20.3486]}},{"type":"Feature","properties":{"municipio":"51c64e24-64e3-4771-ad3d-a21abb58c587","title":"ES - ITAPEMIRIM","name":"ES - ITAPEMIRIM","tipo":"Munic\u00edpio","url":"\/dashboard\/details-assets\/51c64e24-64e3-4771-ad3d-a21abb58c587"},"geometry":{"type":"Point","coordinates":[-40.781793,-20.899934]}},{"type":"Feature","properties":{"municipio":"ef51e780-5098-4e34-a23e-eb54a6715e5b","title":"ES - GUARAPARI","name":"ES - GUARAPARI","tipo":"Munic\u00edpio","url":"\/dashboard\/details-assets\/ef51e780-5098-4e34-a23e-eb54a6715e5b"},"geometry":{"type":"Point","coordinates":[-40.495021,-20.665975]}},{"type":"Feature","properties":{"municipio":"5d58016d-66ee-4b61-a4fa-31976667d167","title":"ES - GUACUI","name":"ES - GUACUI","tipo":"Munic\u00edpio","url":"\/dashboard\/details-assets\/5d58016d-66ee-4b61-a4fa-31976667d167"},"geometry":{"type":"Point","coordinates":[-41.679496,-20.775338]}},{"type":"Feature","properties":{"municipio":"e11e5b88-531f-491f-a2ba-abfcef9824ed","title":"ES - ECOPORANGA","name":"ES - ECOPORANGA","tipo":"Munic\u00edpio","url":"\/dashboard\/details-assets\/e11e5b88-531f-491f-a2ba-abfcef9824ed"},"geometry":{"type":"Point","coordinates":[-40.830081,-18.375252]}},{"type":"Feature","properties":{"municipio":"0c1ddf92-1207-44e7-a7a5-97dab632c32e","title":"ES - DOMINGOS MARTINS","name":"ES - DOMINGOS MARTINS","tipo":"Munic\u00edpio","url":"\/dashboard\/details-assets\/0c1ddf92-1207-44e7-a7a5-97dab632c32e"},"geometry":{"type":"Point","coordinates":[-40.659396,-20.364239]}},{"type":"Feature","properties":{"municipio":"a536157a-464d-4a65-b493-bd795a6e0688","title":"ES - CONCEICAO DA BARRA","name":"ES - CONCEICAO DA BARRA","tipo":"Munic\u00edpio","url":"\/dashboard\/details-assets\/a536157a-464d-4a65-b493-bd795a6e0688"},"geometry":{"type":"Point","coordinates":[-39.727474,-18.598462]}},{"type":"Feature","properties":{"municipio":"cdc723ed-9e1b-4b0e-ae8e-850f0b288284","title":"ES - COLATINA","name":"ES - COLATINA","tipo":"Munic\u00edpio","url":"\/dashboard\/details-assets\/cdc723ed-9e1b-4b0e-ae8e-850f0b288284"},"geometry":{"type":"Point","coordinates":[-40.630318,-19.53627]}},{"type":"Feature","properties":{"municipio":"999f97bc-2a79-42d9-b73e-9e0bf0e05565","title":"ES - CASTELO","name":"ES - CASTELO","tipo":"Munic\u00edpio","url":"\/dashboard\/details-assets\/999f97bc-2a79-42d9-b73e-9e0bf0e05565"},"geometry":{"type":"Point","coordinates":[-41.202213,-20.602065]}},{"type":"Feature","properties":{"municipio":"4f8a850f-e821-47e0-8021-28f35d702317","title":"ES - CARIACICA","name":"ES - CARIACICA","tipo":"Munic\u00edpio","url":"\/dashboard\/details-assets\/4f8a850f-e821-47e0-8021-28f35d702317"},"geometry":{"type":"Point","coordinates":[-40.390559,-20.294678]}},{"type":"Feature","properties":{"municipio":"f37ce35c-9d12-46ef-aaaf-81220ccb7c54","title":"ES - CACHOEIRO DE ITAPEMIRIM","name":"ES - CACHOEIRO DE ITAPEMIRIM","tipo":"Munic\u00edpio","url":"\/dashboard\/details-assets\/f37ce35c-9d12-46ef-aaaf-81220ccb7c54"},"geometry":{"type":"Point","coordinates":[-41.111919,-20.850112]}},{"type":"Feature","properties":{"municipio":"79be6a54-5825-477d-8143-675d5942b14c","title":"ES - BREJETUBA","name":"ES - BREJETUBA","tipo":"Munic\u00edpio","url":"\/dashboard\/details-assets\/79be6a54-5825-477d-8143-675d5942b14c"},"geometry":{"type":"Point","coordinates":[-41.289677,-20.157034]}},{"type":"Feature","properties":{"municipio":"1fdc19a0-d588-4957-9474-40276ad85b54","title":"ES - BARRA DE SAO FRANCISCO","name":"ES - BARRA DE SAO FRANCISCO","tipo":"Munic\u00edpio","url":"\/dashboard\/details-assets\/1fdc19a0-d588-4957-9474-40276ad85b54"},"geometry":{"type":"Point","coordinates":[-40.890399,-18.759089]}},{"type":"Feature","properties":{"municipio":"838e13e6-74d0-4052-a32c-4e68fc9f9478","title":"ES - BAIXO GUANDU","name":"ES - BAIXO GUANDU","tipo":"Munic\u00edpio","url":"\/dashboard\/details-assets\/838e13e6-74d0-4052-a32c-4e68fc9f9478"},"geometry":{"type":"Point","coordinates":[-41.012068,-19.514246]}},{"type":"Feature","properties":{"municipio":"8d2b68da-f5dd-4157-a3d6-63d4daf95d31","title":"ES - ANCHIETA","name":"ES - ANCHIETA","tipo":"Munic\u00edpio","url":"\/dashboard\/details-assets\/8d2b68da-f5dd-4157-a3d6-63d4daf95d31"},"geometry":{"type":"Point","coordinates":[-40.6445,-20.800699]}},{"type":"Feature","properties":{"municipio":"d6b609f8-5186-468b-91f2-d3d332836e3e","title":"ES - ARACRUZ","name":"ES - ARACRUZ","tipo":"Munic\u00edpio","url":"\/dashboard\/details-assets\/d6b609f8-5186-468b-91f2-d3d332836e3e"},"geometry":{"type":"Point","coordinates":[-40.276223,-19.823278]}},{"type":"Feature","properties":{"municipio":"9b684e6c-454c-45c8-89e3-e2896a6532da","title":"ES - ALEGRE","name":"ES - ALEGRE","tipo":"Munic\u00edpio","url":"\/dashboard\/details-assets\/9b684e6c-454c-45c8-89e3-e2896a6532da"},"geometry":{"type":"Point","coordinates":[-41.536488,-20.763265]}},{"type":"Feature","properties":{"municipio":"c710c4bc-5eed-4ba8-9b18-87f7686bf0a5","title":"ES - AGUA DOCE DO NORTE","name":"ES - AGUA DOCE DO NORTE","tipo":"Munic\u00edpio","url":"\/dashboard\/details-assets\/c710c4bc-5eed-4ba8-9b18-87f7686bf0a5"},"geometry":{"type":"Point","coordinates":[-40.986774,-18.541367]}},{"type":"Feature","properties":{"municipio":"1ff3d329-d6e2-496f-9986-e8eaba18ce09","title":"ES - AFONSO CLAUDIO","name":"ES - AFONSO CLAUDIO","tipo":"Munic\u00edpio","url":"\/dashboard\/details-assets\/1ff3d329-d6e2-496f-9986-e8eaba18ce09"},"geometry":{"type":"Point","coordinates":[-41.126449,-20.078329]}},{"type":"Feature","properties":{"municipio":"352325d0-7237-44cd-b024-2eefbb3779a9","title":"DF - BRASILIA","name":"DF - BRASILIA","tipo":"Munic\u00edpio","url":"\/dashboard\/details-assets\/352325d0-7237-44cd-b024-2eefbb3779a9"},"geometry":{"type":"Point","coordinates":[-47.882166,-15.794229]}},{"type":"Feature","properties":{"municipio":"4d767c6b-95f7-4835-b9dd-e63e42ab3014","title":"CE - VICOSA DO CEARA","name":"CE - VICOSA DO CEARA","tipo":"Munic\u00edpio","url":"\/dashboard\/details-assets\/4d767c6b-95f7-4835-b9dd-e63e42ab3014"},"geometry":{"type":"Point","coordinates":[-41.09192,-3.567081]}},{"type":"Feature","properties":{"municipio":"e8d10665-b7d5-4a3a-bea1-8e4da99c4e6d","title":"CE - VARJOTA","name":"CE - VARJOTA","tipo":"Munic\u00edpio","url":"\/dashboard\/details-assets\/e8d10665-b7d5-4a3a-bea1-8e4da99c4e6d"},"geometry":{"type":"Point","coordinates":[-40.476033,-4.194808]}},{"type":"Feature","properties":{"municipio":"470d3452-dbfe-4712-9adf-a8f756b05cfe","title":"CE - VARZEA ALEGRE","name":"CE - VARZEA ALEGRE","tipo":"Munic\u00edpio","url":"\/dashboard\/details-assets\/470d3452-dbfe-4712-9adf-a8f756b05cfe"},"geometry":{"type":"Point","coordinates":[-39.298225,-6.794345]}},{"type":"Feature","properties":{"municipio":"a9d37f05-3352-47d2-b905-a9623ed1e7fc","title":"CE - URUOCA","name":"CE - URUOCA","tipo":"Munic\u00edpio","url":"\/dashboard\/details-assets\/a9d37f05-3352-47d2-b905-a9623ed1e7fc"},"geometry":{"type":"Point","coordinates":[-40.675285,-3.306753]}},{"type":"Feature","properties":{"municipio":"6e5e55f3-fedf-48f3-92c9-1f8be55bfe80","title":"CE - URUBURETAMA","name":"CE - URUBURETAMA","tipo":"Munic\u00edpio","url":"\/dashboard\/details-assets\/6e5e55f3-fedf-48f3-92c9-1f8be55bfe80"},"geometry":{"type":"Point","coordinates":[-39.507137,-3.635019]}},{"type":"Feature","properties":{"municipio":"af484a4c-96f9-47d3-b5e9-413a3bacde41","title":"CE - UBAJARA","name":"CE - UBAJARA","tipo":"Munic\u00edpio","url":"\/dashboard\/details-assets\/af484a4c-96f9-47d3-b5e9-413a3bacde41"},"geometry":{"type":"Point","coordinates":[-40.907144,-3.848491]}},{"type":"Feature","properties":{"municipio":"05c2e8e5-d4d8-4d32-9a8e-1359026a869f","title":"CE - TRAIRI","name":"CE - TRAIRI","tipo":"Munic\u00edpio","url":"\/dashboard\/details-assets\/05c2e8e5-d4d8-4d32-9a8e-1359026a869f"},"geometry":{"type":"Point","coordinates":[-39.272232,-3.26442]}},{"type":"Feature","properties":{"municipio":"314c89bd-85cb-4e78-ac4e-015ee8056004","title":"CE - TEJUCUOCA","name":"CE - TEJUCUOCA","tipo":"Munic\u00edpio","url":"\/dashboard\/details-assets\/314c89bd-85cb-4e78-ac4e-015ee8056004"},"geometry":{"type":"Point","coordinates":[-39.578937,-3.988484]}},{"type":"Feature","properties":{"municipio":"4833d901-d36d-4cf9-bae7-e405adfbfdd8","title":"CE - TIANGUA","name":"CE - TIANGUA","tipo":"Munic\u00edpio","url":"\/dashboard\/details-assets\/4833d901-d36d-4cf9-bae7-e405adfbfdd8"},"geometry":{"type":"Point","coordinates":[-40.991706,-3.722674]}},{"type":"Feature","properties":{"municipio":"6642e93b-eb69-4c0b-990e-e7990163e575","title":"CE - TAUA","name":"CE - TAUA","tipo":"Munic\u00edpio","url":"\/dashboard\/details-assets\/6642e93b-eb69-4c0b-990e-e7990163e575"},"geometry":{"type":"Point","coordinates":[-40.292625,-6.002999]}},{"type":"Feature","properties":{"municipio":"28134e48-4b88-40d5-b646-a60f2273b13e","title":"CE - TABULEIRO DO NORTE","name":"CE - TABULEIRO DO NORTE","tipo":"Munic\u00edpio","url":"\/dashboard\/details-assets\/28134e48-4b88-40d5-b646-a60f2273b13e"},"geometry":{"type":"Point","coordinates":[-38.129737,-5.243804]}},{"type":"Feature","properties":{"municipio":"c77d227c-c54f-4d8a-9bbb-20afe83f4d46","title":"CE - TAMBORIL","name":"CE - TAMBORIL","tipo":"Munic\u00edpio","url":"\/dashboard\/details-assets\/c77d227c-c54f-4d8a-9bbb-20afe83f4d46"},"geometry":{"type":"Point","coordinates":[-40.319069,-4.833929]}},{"type":"Feature","properties":{"municipio":"bd1ccbdb-5be4-449b-b060-9777461a91d1","title":"CE - SOLONOPOLE","name":"CE - SOLONOPOLE","tipo":"Munic\u00edpio","url":"\/dashboard\/details-assets\/bd1ccbdb-5be4-449b-b060-9777461a91d1"},"geometry":{"type":"Point","coordinates":[-39.006829,-5.731714]}},{"type":"Feature","properties":{"municipio":"887fd099-5219-456c-b5c9-179e2e7ce37e","title":"CE - SENADOR POMPEU","name":"CE - SENADOR POMPEU","tipo":"Munic\u00edpio","url":"\/dashboard\/details-assets\/887fd099-5219-456c-b5c9-179e2e7ce37e"},"geometry":{"type":"Point","coordinates":[-39.375325,-5.589344]}},{"type":"Feature","properties":{"municipio":"7e538417-2523-41d2-b8d2-50df29af1993","title":"CE - SOBRAL","name":"CE - SOBRAL","tipo":"Munic\u00edpio","url":"\/dashboard\/details-assets\/7e538417-2523-41d2-b8d2-50df29af1993"},"geometry":{"type":"Point","coordinates":[-40.348668,-3.688038]}},{"type":"Feature","properties":{"municipio":"2c8aaaa3-e1e2-4ee1-83fc-1ea0b40599cc","title":"CE - SAO GONCALO DO AMARANTE","name":"CE - SAO GONCALO DO AMARANTE","tipo":"Munic\u00edpio","url":"\/dashboard\/details-assets\/2c8aaaa3-e1e2-4ee1-83fc-1ea0b40599cc"},"geometry":{"type":"Point","coordinates":[-35.331156,-5.789556]}},{"type":"Feature","properties":{"municipio":"bf0c6236-319d-4f45-aa73-3fa6d186506c","title":"CE - SAO BENEDITO","name":"CE - SAO BENEDITO","tipo":"Munic\u00edpio","url":"\/dashboard\/details-assets\/bf0c6236-319d-4f45-aa73-3fa6d186506c"},"geometry":{"type":"Point","coordinates":[-40.86449,-4.044727]}},{"type":"Feature","properties":{"municipio":"37d8ff35-0ed4-4fab-a196-5d8c7868595f","title":"CE - SANTA QUITERIA","name":"CE - SANTA QUITERIA","tipo":"Munic\u00edpio","url":"\/dashboard\/details-assets\/37d8ff35-0ed4-4fab-a196-5d8c7868595f"},"geometry":{"type":"Point","coordinates":[-40.153508,-4.33327]}},{"type":"Feature","properties":{"municipio":"27d2199c-d323-4f9d-b695-6fba0eeb4185","title":"CE - SANTANA DO CARIRI","name":"CE - SANTANA DO CARIRI","tipo":"Munic\u00edpio","url":"\/dashboard\/details-assets\/27d2199c-d323-4f9d-b695-6fba0eeb4185"},"geometry":{"type":"Point","coordinates":[-39.73798,-7.180898]}},{"type":"Feature","properties":{"municipio":"4050cbc7-e273-47bb-9227-a7fd198f7951","title":"CE - SANTANA DO ACARAU","name":"CE - SANTANA DO ACARAU","tipo":"Munic\u00edpio","url":"\/dashboard\/details-assets\/4050cbc7-e273-47bb-9227-a7fd198f7951"},"geometry":{"type":"Point","coordinates":[-40.209463,-3.459775]}},{"type":"Feature","properties":{"municipio":"c05a197e-fe73-4563-b398-66c1a960e3d4","title":"CE - RUSSAS","name":"CE - RUSSAS","tipo":"Munic\u00edpio","url":"\/dashboard\/details-assets\/c05a197e-fe73-4563-b398-66c1a960e3d4"},"geometry":{"type":"Point","coordinates":[-37.975431,-4.939738]}},{"type":"Feature","properties":{"municipio":"9a324f38-f131-400c-ac6b-7a1f50e48d20","title":"CE - REDENCAO","name":"CE - REDENCAO","tipo":"Munic\u00edpio","url":"\/dashboard\/details-assets\/9a324f38-f131-400c-ac6b-7a1f50e48d20"},"geometry":{"type":"Point","coordinates":[-50.029642,-8.027604]}},{"type":"Feature","properties":{"municipio":"b40558a2-dc08-4972-bcc8-ffa2e4c080c8","title":"CE - QUIXADA","name":"CE - QUIXADA","tipo":"Munic\u00edpio","url":"\/dashboard\/details-assets\/b40558a2-dc08-4972-bcc8-ffa2e4c080c8"},"geometry":{"type":"Point","coordinates":[-39.011745,-4.9637]}},{"type":"Feature","properties":{"municipio":"569a2eac-cb68-47c1-87b0-7012b138646c","title":"CE - QUIXERAMOBIM","name":"CE - QUIXERAMOBIM","tipo":"Munic\u00edpio","url":"\/dashboard\/details-assets\/569a2eac-cb68-47c1-87b0-7012b138646c"},"geometry":{"type":"Point","coordinates":[-39.294354,-5.198405]}},{"type":"Feature","properties":{"municipio":"e77983c6-a7c0-4941-b147-4c571d908558","title":"CE - QUITERIANOPOLIS","name":"CE - QUITERIANOPOLIS","tipo":"Munic\u00edpio","url":"\/dashboard\/details-assets\/e77983c6-a7c0-4941-b147-4c571d908558"},"geometry":{"type":"Point","coordinates":[-40.70397,-5.845568]}},{"type":"Feature","properties":{"municipio":"698c0369-a588-4a0c-86b0-d1914262eab4","title":"CE - PORTEIRAS","name":"CE - PORTEIRAS","tipo":"Munic\u00edpio","url":"\/dashboard\/details-assets\/698c0369-a588-4a0c-86b0-d1914262eab4"},"geometry":{"type":"Point","coordinates":[-39.115331,-7.535746]}},{"type":"Feature","properties":{"municipio":"7ddd4d39-5730-4642-a79b-50ba7090f1d2","title":"CE - PINDORETAMA","name":"CE - PINDORETAMA","tipo":"Munic\u00edpio","url":"\/dashboard\/details-assets\/7ddd4d39-5730-4642-a79b-50ba7090f1d2"},"geometry":{"type":"Point","coordinates":[-38.300088,-4.027804]}},{"type":"Feature","properties":{"municipio":"79a9328a-eeed-43e3-9ba4-28dd16ea6c7c","title":"CE - PENTECOSTE","name":"CE - PENTECOSTE","tipo":"Munic\u00edpio","url":"\/dashboard\/details-assets\/79a9328a-eeed-43e3-9ba4-28dd16ea6c7c"},"geometry":{"type":"Point","coordinates":[-39.267009,-3.796267]}},{"type":"Feature","properties":{"municipio":"2cb00d9d-3111-4ade-aea2-b7efdfaf7f18","title":"CE - PEDRA BRANCA","name":"CE - PEDRA BRANCA","tipo":"Munic\u00edpio","url":"\/dashboard\/details-assets\/2cb00d9d-3111-4ade-aea2-b7efdfaf7f18"},"geometry":{"type":"Point","coordinates":[-38.072246,-7.426564]}},{"type":"Feature","properties":{"municipio":"db42932f-6955-4499-92d2-099f49245726","title":"CE - PARAMBU","name":"CE - PARAMBU","tipo":"Munic\u00edpio","url":"\/dashboard\/details-assets\/db42932f-6955-4499-92d2-099f49245726"},"geometry":{"type":"Point","coordinates":[-39.369862,-3.994739]}},{"type":"Feature","properties":{"municipio":"134526ff-007a-42eb-8e4f-0f654fa6f2fe","title":"CE - PARAIPABA","name":"CE - PARAIPABA","tipo":"Munic\u00edpio","url":"\/dashboard\/details-assets\/134526ff-007a-42eb-8e4f-0f654fa6f2fe"},"geometry":{"type":"Point","coordinates":[-39.148116,-3.436197]}},{"type":"Feature","properties":{"municipio":"305eb8af-aa04-49ac-8d01-2708f8fd92c5","title":"CE - PARACURU","name":"CE - PARACURU","tipo":"Munic\u00edpio","url":"\/dashboard\/details-assets\/305eb8af-aa04-49ac-8d01-2708f8fd92c5"},"geometry":{"type":"Point","coordinates":[-39.029545,-3.411635]}},{"type":"Feature","properties":{"municipio":"46604a6a-d439-4653-8fe8-fd730212d2ed","title":"CE - PACOTI","name":"CE - PACOTI","tipo":"Munic\u00edpio","url":"\/dashboard\/details-assets\/46604a6a-d439-4653-8fe8-fd730212d2ed"},"geometry":{"type":"Point","coordinates":[-38.925889,-4.224765]}},{"type":"Feature","properties":{"municipio":"a9a11d04-4f42-4275-9276-1cb214bf09de","title":"CE - PACAJUS","name":"CE - PACAJUS","tipo":"Munic\u00edpio","url":"\/dashboard\/details-assets\/a9a11d04-4f42-4275-9276-1cb214bf09de"},"geometry":{"type":"Point","coordinates":[-38.467022,-4.170541]}},{"type":"Feature","properties":{"municipio":"e946e4a1-99c7-4b6b-91dd-4f6a3eaa0ded","title":"CE - PACATUBA","name":"CE - PACATUBA","tipo":"Munic\u00edpio","url":"\/dashboard\/details-assets\/e946e4a1-99c7-4b6b-91dd-4f6a3eaa0ded"},"geometry":{"type":"Point","coordinates":[-36.647986,-10.4499]}},{"type":"Feature","properties":{"municipio":"44bbb67a-e3fe-45fd-8df6-daf47cd6c572","title":"CE - OROS","name":"CE - OROS","tipo":"Munic\u00edpio","url":"\/dashboard\/details-assets\/44bbb67a-e3fe-45fd-8df6-daf47cd6c572"},"geometry":{"type":"Point","coordinates":[-38.915602,-6.243634]}},{"type":"Feature","properties":{"municipio":"655c572e-ee05-4b9a-9026-0970c0ea6da2","title":"CE - OCARA","name":"CE - OCARA","tipo":"Munic\u00edpio","url":"\/dashboard\/details-assets\/655c572e-ee05-4b9a-9026-0970c0ea6da2"},"geometry":{"type":"Point","coordinates":[-38.596116,-4.491166]}},{"type":"Feature","properties":{"municipio":"11dd6b80-605b-49e4-a7d0-1d28be7315c5","title":"CE - NOVO ORIENTE","name":"CE - NOVO ORIENTE","tipo":"Munic\u00edpio","url":"\/dashboard\/details-assets\/11dd6b80-605b-49e4-a7d0-1d28be7315c5"},"geometry":{"type":"Point","coordinates":[-40.773445,-5.535465]}},{"type":"Feature","properties":{"municipio":"bad4c16c-cfe3-46b6-a622-a761b5c7c71d","title":"CE - NOVA OLINDA","name":"CE - NOVA OLINDA","tipo":"Munic\u00edpio","url":"\/dashboard\/details-assets\/bad4c16c-cfe3-46b6-a622-a761b5c7c71d"},"geometry":{"type":"Point","coordinates":[-39.680656,-7.095612]}},{"type":"Feature","properties":{"municipio":"fea9758c-4d08-4e61-b2e3-c01e9305baae","title":"CE - NOVA RUSSAS","name":"CE - NOVA RUSSAS","tipo":"Munic\u00edpio","url":"\/dashboard\/details-assets\/fea9758c-4d08-4e61-b2e3-c01e9305baae"},"geometry":{"type":"Point","coordinates":[-40.565303,-4.706808]}},{"type":"Feature","properties":{"municipio":"aa335f93-0ebc-4619-8278-c285d53e3cb5","title":"CE - MULUNGU","name":"CE - MULUNGU","tipo":"Munic\u00edpio","url":"\/dashboard\/details-assets\/aa335f93-0ebc-4619-8278-c285d53e3cb5"},"geometry":{"type":"Point","coordinates":[-35.465143,-7.027886]}},{"type":"Feature","properties":{"municipio":"bb432b9b-706d-46f5-a6e2-445a71cccf80","title":"CE - MORADA NOVA","name":"CE - MORADA NOVA","tipo":"Munic\u00edpio","url":"\/dashboard\/details-assets\/bb432b9b-706d-46f5-a6e2-445a71cccf80"},"geometry":{"type":"Point","coordinates":[-38.364907,-5.096952]}},{"type":"Feature","properties":{"municipio":"7c1f3118-f576-4044-b3d9-8630534eac91","title":"CE - MUCAMBO","name":"CE - MUCAMBO","tipo":"Munic\u00edpio","url":"\/dashboard\/details-assets\/7c1f3118-f576-4044-b3d9-8630534eac91"},"geometry":{"type":"Point","coordinates":[-40.745586,-3.905027]}},{"type":"Feature","properties":{"municipio":"9549f237-14b6-4ab3-8ed2-2c47c9bda1a1","title":"CE - MONSENHOR TABOSA","name":"CE - MONSENHOR TABOSA","tipo":"Munic\u00edpio","url":"\/dashboard\/details-assets\/9549f237-14b6-4ab3-8ed2-2c47c9bda1a1"},"geometry":{"type":"Point","coordinates":[-40.063449,-4.790188]}},{"type":"Feature","properties":{"municipio":"58c5b362-3fea-4a3a-8b1e-149a73ec16bf","title":"CE - MOMBACA","name":"CE - MOMBACA","tipo":"Munic\u00edpio","url":"\/dashboard\/details-assets\/58c5b362-3fea-4a3a-8b1e-149a73ec16bf"},"geometry":{"type":"Point","coordinates":[-39.624405,-5.747005]}},{"type":"Feature","properties":{"municipio":"2d4215e3-3bec-4e04-b7d0-852f98963642","title":"CE - MISSAO VELHA","name":"CE - MISSAO VELHA","tipo":"Munic\u00edpio","url":"\/dashboard\/details-assets\/2d4215e3-3bec-4e04-b7d0-852f98963642"},"geometry":{"type":"Point","coordinates":[-39.149992,-7.251741]}},{"type":"Feature","properties":{"municipio":"db365b78-f1e2-46cb-a8b5-92e523fa0ceb","title":"CE - MILAGRES","name":"CE - MILAGRES","tipo":"Munic\u00edpio","url":"\/dashboard\/details-assets\/db365b78-f1e2-46cb-a8b5-92e523fa0ceb"},"geometry":{"type":"Point","coordinates":[-39.859127,-12.870575]}},{"type":"Feature","properties":{"municipio":"d0be9cc6-1fd5-4484-be1a-7d271cdd82a2","title":"CE - MASSAPE","name":"CE - MASSAPE","tipo":"Munic\u00edpio","url":"\/dashboard\/details-assets\/d0be9cc6-1fd5-4484-be1a-7d271cdd82a2"},"geometry":{"type":"Point","coordinates":[-40.342135,-3.523871]}},{"type":"Feature","properties":{"municipio":"96d1d468-0b57-4a53-99ed-fd68987d4088","title":"CE - MAURITI","name":"CE - MAURITI","tipo":"Munic\u00edpio","url":"\/dashboard\/details-assets\/96d1d468-0b57-4a53-99ed-fd68987d4088"},"geometry":{"type":"Point","coordinates":[-38.772795,-7.387398]}},{"type":"Feature","properties":{"municipio":"ce983d89-0899-433d-95fa-cfbb12e40fe8","title":"CE - MARCO","name":"CE - MARCO","tipo":"Munic\u00edpio","url":"\/dashboard\/details-assets\/ce983d89-0899-433d-95fa-cfbb12e40fe8"},"geometry":{"type":"Point","coordinates":[-40.151644,-3.120707]}},{"type":"Feature","properties":{"municipio":"dbc3255a-3142-4bb0-9654-85a925968627","title":"CE - MARANGUAPE","name":"CE - MARANGUAPE","tipo":"Munic\u00edpio","url":"\/dashboard\/details-assets\/dbc3255a-3142-4bb0-9654-85a925968627"},"geometry":{"type":"Point","coordinates":[-38.685851,-3.891869]}},{"type":"Feature","properties":{"municipio":"963d888a-bfd8-4b8e-a7bb-bf1c9e89bfed","title":"CE - MARACANAU","name":"CE - MARACANAU","tipo":"Munic\u00edpio","url":"\/dashboard\/details-assets\/963d888a-bfd8-4b8e-a7bb-bf1c9e89bfed"},"geometry":{"type":"Point","coordinates":[-38.624419,-3.876964]}},{"type":"Feature","properties":{"municipio":"30c7fd34-5ced-4de7-9b08-26e7691280b1","title":"CE - MADALENA","name":"CE - MADALENA","tipo":"Munic\u00edpio","url":"\/dashboard\/details-assets\/30c7fd34-5ced-4de7-9b08-26e7691280b1"},"geometry":{"type":"Point","coordinates":[-39.526801,-4.921327]}},{"type":"Feature","properties":{"municipio":"a5d2439c-bc14-4fbb-9cb8-0cc9ae03db8b","title":"CE - LIMOEIRO DO NORTE","name":"CE - LIMOEIRO DO NORTE","tipo":"Munic\u00edpio","url":"\/dashboard\/details-assets\/a5d2439c-bc14-4fbb-9cb8-0cc9ae03db8b"},"geometry":{"type":"Point","coordinates":[-38.099095,-5.150239]}},{"type":"Feature","properties":{"municipio":"f7bcb38a-b6e6-4102-b415-581a4036cd8f","title":"CE - LAVRAS DA MANGABEIRA","name":"CE - LAVRAS DA MANGABEIRA","tipo":"Munic\u00edpio","url":"\/dashboard\/details-assets\/f7bcb38a-b6e6-4102-b415-581a4036cd8f"},"geometry":{"type":"Point","coordinates":[-38.967275,-6.754748]}},{"type":"Feature","properties":{"municipio":"a470970b-fa07-4c32-9cad-71d3962ac8d2","title":"CE - JUCAS","name":"CE - JUCAS","tipo":"Munic\u00edpio","url":"\/dashboard\/details-assets\/a470970b-fa07-4c32-9cad-71d3962ac8d2"},"geometry":{"type":"Point","coordinates":[-39.584195,-6.479066]}},{"type":"Feature","properties":{"municipio":"cb5dc78a-8032-4189-ab68-6389180c4635","title":"CE - JUAZEIRO DO NORTE","name":"CE - JUAZEIRO DO NORTE","tipo":"Munic\u00edpio","url":"\/dashboard\/details-assets\/cb5dc78a-8032-4189-ab68-6389180c4635"},"geometry":{"type":"Point","coordinates":[-39.316993,-7.210766]}},{"type":"Feature","properties":{"municipio":"695f4a54-12c2-485f-a40e-fef2a4e417dd","title":"CE - JIJOCA DE JERICOACOARA","name":"CE - JIJOCA DE JERICOACOARA","tipo":"Munic\u00edpio","url":"\/dashboard\/details-assets\/695f4a54-12c2-485f-a40e-fef2a4e417dd"},"geometry":{"type":"Point","coordinates":[-40.514358,-2.795051]}},{"type":"Feature","properties":{"municipio":"9d936d84-8f2f-42ff-89eb-017061331478","title":"CE - JARDIM","name":"CE - JARDIM","tipo":"Munic\u00edpio","url":"\/dashboard\/details-assets\/9d936d84-8f2f-42ff-89eb-017061331478"},"geometry":{"type":"Point","coordinates":[-56.145845,-21.479603]}},{"type":"Feature","properties":{"municipio":"c6349590-4abc-4f19-9448-47e4be8fd11e","title":"CE - JAGUARUANA","name":"CE - JAGUARUANA","tipo":"Munic\u00edpio","url":"\/dashboard\/details-assets\/c6349590-4abc-4f19-9448-47e4be8fd11e"},"geometry":{"type":"Point","coordinates":[-37.782391,-4.839555]}},{"type":"Feature","properties":{"municipio":"849d84cf-7cce-43ef-a1a4-17233d2e4324","title":"CE - JAGUARIBE","name":"CE - JAGUARIBE","tipo":"Munic\u00edpio","url":"\/dashboard\/details-assets\/849d84cf-7cce-43ef-a1a4-17233d2e4324"},"geometry":{"type":"Point","coordinates":[-38.623005,-5.886459]}},{"type":"Feature","properties":{"municipio":"085258ca-5701-43a9-9c16-1a35f855996d","title":"CE - JAGUARETAMA","name":"CE - JAGUARETAMA","tipo":"Munic\u00edpio","url":"\/dashboard\/details-assets\/085258ca-5701-43a9-9c16-1a35f855996d"},"geometry":{"type":"Point","coordinates":[-38.736819,-5.476208]}},{"type":"Feature","properties":{"municipio":"f8132d6f-9d68-408a-9a44-f4a6858ee8fa","title":"CE - ITATIRA","name":"CE - ITATIRA","tipo":"Munic\u00edpio","url":"\/dashboard\/details-assets\/f8132d6f-9d68-408a-9a44-f4a6858ee8fa"},"geometry":{"type":"Point","coordinates":[-39.621369,-4.501307]}},{"type":"Feature","properties":{"municipio":"c74fba31-0a2d-4087-a246-1e1efc515d81","title":"CE - ITAPIPOCA","name":"CE - ITAPIPOCA","tipo":"Munic\u00edpio","url":"\/dashboard\/details-assets\/c74fba31-0a2d-4087-a246-1e1efc515d81"},"geometry":{"type":"Point","coordinates":[-39.583482,-3.499435]}},{"type":"Feature","properties":{"municipio":"52dc3e75-cad7-47ad-a06f-61e26775b862","title":"CE - ITAREMA","name":"CE - ITAREMA","tipo":"Munic\u00edpio","url":"\/dashboard\/details-assets\/52dc3e75-cad7-47ad-a06f-61e26775b862"},"geometry":{"type":"Point","coordinates":[-39.915678,-2.923348]}},{"type":"Feature","properties":{"municipio":"5fd615ef-5476-4cca-a8ad-1a49d16da0ba","title":"CE - ITAPAGE","name":"CE - ITAPAGE","tipo":"Munic\u00edpio","url":"\/dashboard\/details-assets\/5fd615ef-5476-4cca-a8ad-1a49d16da0ba"},"geometry":{"type":"Point","coordinates":[-39.583533,-3.685673]}},{"type":"Feature","properties":{"municipio":"746c6ee5-b605-463d-a6b5-fb66758597b7","title":"CE - ITAITINGA","name":"CE - ITAITINGA","tipo":"Munic\u00edpio","url":"\/dashboard\/details-assets\/746c6ee5-b605-463d-a6b5-fb66758597b7"},"geometry":{"type":"Point","coordinates":[-38.526405,-3.970459]}},{"type":"Feature","properties":{"municipio":"53cd5de4-0b5d-4e06-8f6d-2010f1313014","title":"CE - IRAUCUBA","name":"CE - IRAUCUBA","tipo":"Munic\u00edpio","url":"\/dashboard\/details-assets\/53cd5de4-0b5d-4e06-8f6d-2010f1313014"},"geometry":{"type":"Point","coordinates":[-39.792238,-3.745419]}},{"type":"Feature","properties":{"municipio":"27d207fe-4c2a-4f59-aeaa-07b3547920db","title":"CE - IRACEMA","name":"CE - IRACEMA","tipo":"Munic\u00edpio","url":"\/dashboard\/details-assets\/27d207fe-4c2a-4f59-aeaa-07b3547920db"},"geometry":{"type":"Point","coordinates":[-38.321086,-5.763409]}},{"type":"Feature","properties":{"municipio":"40888a78-c9cc-4d90-8ed6-4a916e3ae6e9","title":"CE - IPU","name":"CE - IPU","tipo":"Munic\u00edpio","url":"\/dashboard\/details-assets\/40888a78-c9cc-4d90-8ed6-4a916e3ae6e9"},"geometry":{"type":"Point","coordinates":[-40.718726,-4.313432]}},{"type":"Feature","properties":{"municipio":"f71edf70-c2af-46c4-955c-d4faaff56d77","title":"CE - IPUEIRAS","name":"CE - IPUEIRAS","tipo":"Munic\u00edpio","url":"\/dashboard\/details-assets\/f71edf70-c2af-46c4-955c-d4faaff56d77"},"geometry":{"type":"Point","coordinates":[-40.722978,-4.542458]}},{"type":"Feature","properties":{"municipio":"aec1fb91-1f5e-4345-bbd7-7e60987dda0a","title":"CE - INDEPENDENCIA","name":"CE - INDEPENDENCIA","tipo":"Munic\u00edpio","url":"\/dashboard\/details-assets\/aec1fb91-1f5e-4345-bbd7-7e60987dda0a"},"geometry":{"type":"Point","coordinates":[-40.313351,-5.400093]}},{"type":"Feature","properties":{"municipio":"a58c642a-833e-4bd7-a438-f23807cf7f83","title":"CE - ICO","name":"CE - ICO","tipo":"Munic\u00edpio","url":"\/dashboard\/details-assets\/a58c642a-833e-4bd7-a438-f23807cf7f83"},"geometry":{"type":"Point","coordinates":[-38.863085,-6.403031]}},{"type":"Feature","properties":{"municipio":"07b54e38-f742-4b6c-bd76-c24abc691337","title":"CE - IGUATU","name":"CE - IGUATU","tipo":"Munic\u00edpio","url":"\/dashboard\/details-assets\/07b54e38-f742-4b6c-bd76-c24abc691337"},"geometry":{"type":"Point","coordinates":[-39.305756,-6.336455]}},{"type":"Feature","properties":{"municipio":"e0c96d3e-976c-4887-babc-67ac9c3b2cb8","title":"CE - ICAPUI","name":"CE - ICAPUI","tipo":"Munic\u00edpio","url":"\/dashboard\/details-assets\/e0c96d3e-976c-4887-babc-67ac9c3b2cb8"},"geometry":{"type":"Point","coordinates":[-37.353563,-4.715549]}},{"type":"Feature","properties":{"municipio":"7641f42c-c16e-40c0-90ea-d6f15e43b7a1","title":"CE - IBIAPINA","name":"CE - IBIAPINA","tipo":"Munic\u00edpio","url":"\/dashboard\/details-assets\/7641f42c-c16e-40c0-90ea-d6f15e43b7a1"},"geometry":{"type":"Point","coordinates":[-40.893929,-3.936131]}},{"type":"Feature","properties":{"municipio":"3c6b49ef-4112-4092-95ca-8cdb1235b909","title":"CE - HORIZONTE","name":"CE - HORIZONTE","tipo":"Munic\u00edpio","url":"\/dashboard\/details-assets\/3c6b49ef-4112-4092-95ca-8cdb1235b909"},"geometry":{"type":"Point","coordinates":[-38.49424,-4.093278]}},{"type":"Feature","properties":{"municipio":"f58d0c52-9813-4ce7-ae33-ab914cf010e6","title":"CE - HIDROLANDIA","name":"CE - HIDROLANDIA","tipo":"Munic\u00edpio","url":"\/dashboard\/details-assets\/f58d0c52-9813-4ce7-ae33-ab914cf010e6"},"geometry":{"type":"Point","coordinates":[-40.397655,-4.412383]}},{"type":"Feature","properties":{"municipio":"ceb308bf-16f9-48e3-8d84-a1a309602e1c","title":"CE - GRANJA","name":"CE - GRANJA","tipo":"Munic\u00edpio","url":"\/dashboard\/details-assets\/ceb308bf-16f9-48e3-8d84-a1a309602e1c"},"geometry":{"type":"Point","coordinates":[-40.829939,-3.118952]}},{"type":"Feature","properties":{"municipio":"cc1640a5-4a0f-4f64-89ff-83180d52b171","title":"CE - GUARACIABA DO NORTE","name":"CE - GUARACIABA DO NORTE","tipo":"Munic\u00edpio","url":"\/dashboard\/details-assets\/cc1640a5-4a0f-4f64-89ff-83180d52b171"},"geometry":{"type":"Point","coordinates":[-40.752633,-4.162451]}},{"type":"Feature","properties":{"municipio":"27be6e35-208c-4a69-84a3-022e94b26916","title":"CE - FORTALEZA","name":"CE - FORTALEZA","tipo":"Munic\u00edpio","url":"\/dashboard\/details-assets\/27be6e35-208c-4a69-84a3-022e94b26916"},"geometry":{"type":"Point","coordinates":[-38.589928,-3.723805]}},{"type":"Feature","properties":{"municipio":"7c2e9212-8a9c-436e-bc99-6e4ee08d6f3a","title":"CE - FORQUILHA","name":"CE - FORQUILHA","tipo":"Munic\u00edpio","url":"\/dashboard\/details-assets\/7c2e9212-8a9c-436e-bc99-6e4ee08d6f3a"},"geometry":{"type":"Point","coordinates":[-40.263528,-3.799922]}},{"type":"Feature","properties":{"municipio":"95914207-c5c4-4c62-a412-9dd575b40a4e","title":"CE - FARIAS BRITO","name":"CE - FARIAS BRITO","tipo":"Munic\u00edpio","url":"\/dashboard\/details-assets\/95914207-c5c4-4c62-a412-9dd575b40a4e"},"geometry":{"type":"Point","coordinates":[-39.570835,-6.92711]}},{"type":"Feature","properties":{"municipio":"19f05554-94c0-4746-ba0c-374faa7d6f3e","title":"CE - EUSEBIO","name":"CE - EUSEBIO","tipo":"Munic\u00edpio","url":"\/dashboard\/details-assets\/19f05554-94c0-4746-ba0c-374faa7d6f3e"},"geometry":{"type":"Point","coordinates":[-38.445122,-3.886973]}},{"type":"Feature","properties":{"municipio":"5578a2b9-faea-489a-86be-c96cdbb7d82a","title":"CE - CRUZ","name":"CE - CRUZ","tipo":"Munic\u00edpio","url":"\/dashboard\/details-assets\/5578a2b9-faea-489a-86be-c96cdbb7d82a"},"geometry":{"type":"Point","coordinates":[-40.171279,-2.916708]}},{"type":"Feature","properties":{"municipio":"d14c1cd5-7081-4e00-814b-04ce52b90f05","title":"CE - CRATO","name":"CE - CRATO","tipo":"Munic\u00edpio","url":"\/dashboard\/details-assets\/d14c1cd5-7081-4e00-814b-04ce52b90f05"},"geometry":{"type":"Point","coordinates":[-39.40839,-7.231753]}},{"type":"Feature","properties":{"municipio":"1a16cf27-7786-48ac-99cd-ec9c1d1652c6","title":"CE - CRATEUS","name":"CE - CRATEUS","tipo":"Munic\u00edpio","url":"\/dashboard\/details-assets\/1a16cf27-7786-48ac-99cd-ec9c1d1652c6"},"geometry":{"type":"Point","coordinates":[-40.6684,-5.176951]}},{"type":"Feature","properties":{"municipio":"eae8e08a-ee1d-418c-8faf-c3124eab70ea","title":"CE - COREAU","name":"CE - COREAU","tipo":"Munic\u00edpio","url":"\/dashboard\/details-assets\/eae8e08a-ee1d-418c-8faf-c3124eab70ea"},"geometry":{"type":"Point","coordinates":[-40.656951,-3.549488]}},{"type":"Feature","properties":{"municipio":"bd008bf2-32f3-4bb3-9647-883aac880673","title":"CE - CHAVAL","name":"CE - CHAVAL","tipo":"Munic\u00edpio","url":"\/dashboard\/details-assets\/bd008bf2-32f3-4bb3-9647-883aac880673"},"geometry":{"type":"Point","coordinates":[-41.244052,-3.034966]}},{"type":"Feature","properties":{"municipio":"3f99ea7f-14aa-4fb0-8a7e-0aa727ef8b5e","title":"CE - CEDRO","name":"CE - CEDRO","tipo":"Munic\u00edpio","url":"\/dashboard\/details-assets\/3f99ea7f-14aa-4fb0-8a7e-0aa727ef8b5e"},"geometry":{"type":"Point","coordinates":[-39.061923,-6.599171]}},{"type":"Feature","properties":{"municipio":"a2c573cc-7aa4-4060-b7a9-baef30b8b5f2","title":"CE - CAUCAIA","name":"CE - CAUCAIA","tipo":"Munic\u00edpio","url":"\/dashboard\/details-assets\/a2c573cc-7aa4-4060-b7a9-baef30b8b5f2"},"geometry":{"type":"Point","coordinates":[-38.913231,-3.682405]}},{"type":"Feature","properties":{"municipio":"cef8fd4d-9c57-4f8a-9129-ba14f53b0834","title":"CE - CASCAVEL","name":"CE - CASCAVEL","tipo":"Munic\u00edpio","url":"\/dashboard\/details-assets\/cef8fd4d-9c57-4f8a-9129-ba14f53b0834"},"geometry":{"type":"Point","coordinates":[-38.247089,-4.132864]}},{"type":"Feature","properties":{"municipio":"a61af32a-6191-420c-bb80-af67d02eeacd","title":"CE - CARIRIACU","name":"CE - CARIRIACU","tipo":"Munic\u00edpio","url":"\/dashboard\/details-assets\/a61af32a-6191-420c-bb80-af67d02eeacd"},"geometry":{"type":"Point","coordinates":[-39.285505,-7.041798]}},{"type":"Feature","properties":{"municipio":"dc7f814b-8ef5-4d63-8e19-d440bcce27ad","title":"CE - CARIRE","name":"CE - CARIRE","tipo":"Munic\u00edpio","url":"\/dashboard\/details-assets\/dc7f814b-8ef5-4d63-8e19-d440bcce27ad"},"geometry":{"type":"Point","coordinates":[-40.512714,-3.946441]}},{"type":"Feature","properties":{"municipio":"34015d6a-3215-4230-8013-10726c9deccb","title":"CE - CARIDADE","name":"CE - CARIDADE","tipo":"Munic\u00edpio","url":"\/dashboard\/details-assets\/34015d6a-3215-4230-8013-10726c9deccb"},"geometry":{"type":"Point","coordinates":[-39.112735,-4.157527]}},{"type":"Feature","properties":{"municipio":"c832302c-4e96-4130-9cd0-967b4ec3f7eb","title":"CE - CANINDE","name":"CE - CANINDE","tipo":"Munic\u00edpio","url":"\/dashboard\/details-assets\/c832302c-4e96-4130-9cd0-967b4ec3f7eb"},"geometry":{"type":"Point","coordinates":[-39.313786,-4.358087]}},{"type":"Feature","properties":{"municipio":"94aa5fd2-66c3-4a18-b688-76acb06e6d25","title":"CE - CAMOCIM","name":"CE - CAMOCIM","tipo":"Munic\u00edpio","url":"\/dashboard\/details-assets\/94aa5fd2-66c3-4a18-b688-76acb06e6d25"},"geometry":{"type":"Point","coordinates":[-40.847528,-2.900967]}},{"type":"Feature","properties":{"municipio":"c5931a16-b482-496d-8196-0b60bb7cf63e","title":"CE - CAMPOS SALES","name":"CE - CAMPOS SALES","tipo":"Munic\u00edpio","url":"\/dashboard\/details-assets\/c5931a16-b482-496d-8196-0b60bb7cf63e"},"geometry":{"type":"Point","coordinates":[-40.379003,-7.073383]}},{"type":"Feature","properties":{"municipio":"be05720a-6ca6-4511-bac8-f5a22d480e29","title":"CE - BREJO SANTO","name":"CE - BREJO SANTO","tipo":"Munic\u00edpio","url":"\/dashboard\/details-assets\/be05720a-6ca6-4511-bac8-f5a22d480e29"},"geometry":{"type":"Point","coordinates":[-38.985514,-7.491638]}},{"type":"Feature","properties":{"municipio":"5ddac46d-94dd-44e4-868f-3bfe1947028a","title":"CE - BELA CRUZ","name":"CE - BELA CRUZ","tipo":"Munic\u00edpio","url":"\/dashboard\/details-assets\/5ddac46d-94dd-44e4-868f-3bfe1947028a"},"geometry":{"type":"Point","coordinates":[-40.166843,-3.055107]}},{"type":"Feature","properties":{"municipio":"4f9f73c8-46a3-4d93-ae10-b29a29e8c3c3","title":"CE - BOA VIAGEM","name":"CE - BOA VIAGEM","tipo":"Munic\u00edpio","url":"\/dashboard\/details-assets\/4f9f73c8-46a3-4d93-ae10-b29a29e8c3c3"},"geometry":{"type":"Point","coordinates":[-39.733282,-5.125744]}},{"type":"Feature","properties":{"municipio":"6801fc20-4412-49b0-bef4-dbcb2a7352b3","title":"CE - BEBERIBE","name":"CE - BEBERIBE","tipo":"Munic\u00edpio","url":"\/dashboard\/details-assets\/6801fc20-4412-49b0-bef4-dbcb2a7352b3"},"geometry":{"type":"Point","coordinates":[-38.123273,-4.174763]}},{"type":"Feature","properties":{"municipio":"2d416a2b-d2e5-4aca-bcc5-1b655996339d","title":"CE - BATURITE","name":"CE - BATURITE","tipo":"Munic\u00edpio","url":"\/dashboard\/details-assets\/2d416a2b-d2e5-4aca-bcc5-1b655996339d"},"geometry":{"type":"Point","coordinates":[-38.880021,-4.331205]}},{"type":"Feature","properties":{"municipio":"17d9e065-edec-4ea1-842e-fd217015f15a","title":"CE - BARROQUINHA","name":"CE - BARROQUINHA","tipo":"Munic\u00edpio","url":"\/dashboard\/details-assets\/17d9e065-edec-4ea1-842e-fd217015f15a"},"geometry":{"type":"Point","coordinates":[-41.136302,-3.020201]}},{"type":"Feature","properties":{"municipio":"45e6aac9-889e-49f3-b7f9-09b43690462c","title":"CE - BARRO","name":"CE - BARRO","tipo":"Munic\u00edpio","url":"\/dashboard\/details-assets\/45e6aac9-889e-49f3-b7f9-09b43690462c"},"geometry":{"type":"Point","coordinates":[-38.779881,-7.168209]}},{"type":"Feature","properties":{"municipio":"e4906b4d-266d-4c7b-aac5-242c2b679f73","title":"CE - BARREIRA","name":"CE - BARREIRA","tipo":"Munic\u00edpio","url":"\/dashboard\/details-assets\/e4906b4d-266d-4c7b-aac5-242c2b679f73"},"geometry":{"type":"Point","coordinates":[-38.652032,-4.289568]}},{"type":"Feature","properties":{"municipio":"744ad62d-49ba-4c38-bd58-008a47d3fa9f","title":"CE - BARBALHA","name":"CE - BARBALHA","tipo":"Munic\u00edpio","url":"\/dashboard\/details-assets\/744ad62d-49ba-4c38-bd58-008a47d3fa9f"},"geometry":{"type":"Point","coordinates":[-39.302316,-7.307172]}},{"type":"Feature","properties":{"municipio":"0a99d4c9-e122-4f67-8263-12126c1bd357","title":"CE - BANABUIU","name":"CE - BANABUIU","tipo":"Munic\u00edpio","url":"\/dashboard\/details-assets\/0a99d4c9-e122-4f67-8263-12126c1bd357"},"geometry":{"type":"Point","coordinates":[-38.916228,-5.293654]}},{"type":"Feature","properties":{"municipio":"4761cf17-f52e-4997-9960-bd601a30738a","title":"CE - AURORA","name":"CE - AURORA","tipo":"Munic\u00edpio","url":"\/dashboard\/details-assets\/4761cf17-f52e-4997-9960-bd601a30738a"},"geometry":{"type":"Point","coordinates":[-38.967505,-6.943108]}},{"type":"Feature","properties":{"municipio":"1a042263-5b15-4feb-ae04-4bb4996b248f","title":"CE - ASSARE","name":"CE - ASSARE","tipo":"Munic\u00edpio","url":"\/dashboard\/details-assets\/1a042263-5b15-4feb-ae04-4bb4996b248f"},"geometry":{"type":"Point","coordinates":[-39.871275,-6.872607]}},{"type":"Feature","properties":{"municipio":"104fe12b-ec59-46bf-94d6-8d759ee3a2d4","title":"CE - ARATUBA","name":"CE - ARATUBA","tipo":"Munic\u00edpio","url":"\/dashboard\/details-assets\/104fe12b-ec59-46bf-94d6-8d759ee3a2d4"},"geometry":{"type":"Point","coordinates":[-39.034,-4.401495]}},{"type":"Feature","properties":{"municipio":"b4c76fdf-d09a-4030-969b-b9823e88451d","title":"CE - ARARIPE","name":"CE - ARARIPE","tipo":"Munic\u00edpio","url":"\/dashboard\/details-assets\/b4c76fdf-d09a-4030-969b-b9823e88451d"},"geometry":{"type":"Point","coordinates":[-40.137446,-7.206184]}},{"type":"Feature","properties":{"municipio":"c8721a8b-26c5-435b-a41a-66e9c917d28f","title":"CE - ARACATI","name":"CE - ARACATI","tipo":"Munic\u00edpio","url":"\/dashboard\/details-assets\/c8721a8b-26c5-435b-a41a-66e9c917d28f"},"geometry":{"type":"Point","coordinates":[-37.772753,-4.567066]}},{"type":"Feature","properties":{"municipio":"ac2270d4-320d-494d-be16-c627f7349c85","title":"CE - ARACOIABA","name":"CE - ARACOIABA","tipo":"Munic\u00edpio","url":"\/dashboard\/details-assets\/ac2270d4-320d-494d-be16-c627f7349c85"},"geometry":{"type":"Point","coordinates":[-38.809441,-4.370394]}},{"type":"Feature","properties":{"municipio":"f3f869d3-98fd-40cc-a526-f41700f46f37","title":"CE - AQUIRAZ","name":"CE - AQUIRAZ","tipo":"Munic\u00edpio","url":"\/dashboard\/details-assets\/f3f869d3-98fd-40cc-a526-f41700f46f37"},"geometry":{"type":"Point","coordinates":[-38.389803,-3.906194]}},{"type":"Feature","properties":{"municipio":"30cb1a5d-75b2-481d-bd80-00a8a5d74f55","title":"CE - AMONTADA","name":"CE - AMONTADA","tipo":"Munic\u00edpio","url":"\/dashboard\/details-assets\/30cb1a5d-75b2-481d-bd80-00a8a5d74f55"},"geometry":{"type":"Point","coordinates":[-39.828823,-3.364878]}},{"type":"Feature","properties":{"municipio":"0912f01e-7692-44c8-84d6-0d41e151d503","title":"CE - ALTO SANTO","name":"CE - ALTO SANTO","tipo":"Munic\u00edpio","url":"\/dashboard\/details-assets\/0912f01e-7692-44c8-84d6-0d41e151d503"},"geometry":{"type":"Point","coordinates":[-38.270643,-5.517616]}},{"type":"Feature","properties":{"municipio":"b4191d6a-f7f4-4544-be31-74dee7fd881f","title":"CE - ACOPIARA","name":"CE - ACOPIARA","tipo":"Munic\u00edpio","url":"\/dashboard\/details-assets\/b4191d6a-f7f4-4544-be31-74dee7fd881f"},"geometry":{"type":"Point","coordinates":[-39.455705,-6.092762]}},{"type":"Feature","properties":{"municipio":"62e23b15-0fb7-4658-9229-e69ebd643927","title":"CE - ACARAU","name":"CE - ACARAU","tipo":"Munic\u00edpio","url":"\/dashboard\/details-assets\/62e23b15-0fb7-4658-9229-e69ebd643927"},"geometry":{"type":"Point","coordinates":[-40.118241,-2.885311]}},{"type":"Feature","properties":{"municipio":"705019d5-fafc-4d0f-a845-4e64701ba84a","title":"CE - ACARAPE","name":"CE - ACARAPE","tipo":"Munic\u00edpio","url":"\/dashboard\/details-assets\/705019d5-fafc-4d0f-a845-4e64701ba84a"},"geometry":{"type":"Point","coordinates":[-38.704763,-4.220989]}},{"type":"Feature","properties":{"municipio":"6a364279-402a-46c4-aad8-4b3419c2c19a","title":"BA - XIQUEXIQUE","name":"BA - XIQUEXIQUE","tipo":"Munic\u00edpio","url":"\/dashboard\/details-assets\/6a364279-402a-46c4-aad8-4b3419c2c19a"},"geometry":{"type":"Point","coordinates":[-42.725508,-10.824974]}},{"type":"Feature","properties":{"municipio":"67fe36a6-2b47-4cda-bd04-46dea381d2c3","title":"BA - VITORIA DA CONQUISTA","name":"BA - VITORIA DA CONQUISTA","tipo":"Munic\u00edpio","url":"\/dashboard\/details-assets\/67fe36a6-2b47-4cda-bd04-46dea381d2c3"},"geometry":{"type":"Point","coordinates":[-40.83981,-14.848005]}},{"type":"Feature","properties":{"municipio":"782a8593-8c81-48b5-abe9-894742922248","title":"BA - VALENTE","name":"BA - VALENTE","tipo":"Munic\u00edpio","url":"\/dashboard\/details-assets\/782a8593-8c81-48b5-abe9-894742922248"},"geometry":{"type":"Point","coordinates":[-39.464246,-11.41249]}},{"type":"Feature","properties":{"municipio":"c814e1b9-7e86-4a3e-a48c-7ee83cda5498","title":"BA - VERA CRUZ","name":"BA - VERA CRUZ","tipo":"Munic\u00edpio","url":"\/dashboard\/details-assets\/c814e1b9-7e86-4a3e-a48c-7ee83cda5498"},"geometry":{"type":"Point","coordinates":[-41.042464,-12.628948]}},{"type":"Feature","properties":{"municipio":"b9c4dc34-b431-4b31-9e35-946a7ee668d4","title":"BA - VALENCA","name":"BA - VALENCA","tipo":"Munic\u00edpio","url":"\/dashboard\/details-assets\/b9c4dc34-b431-4b31-9e35-946a7ee668d4"},"geometry":{"type":"Point","coordinates":[-39.072909,-13.370877]}},{"type":"Feature","properties":{"municipio":"45f14433-edaa-44de-8901-d626b553c4c5","title":"BA - URANDI","name":"BA - URANDI","tipo":"Munic\u00edpio","url":"\/dashboard\/details-assets\/45f14433-edaa-44de-8901-d626b553c4c5"},"geometry":{"type":"Point","coordinates":[-42.658999,-14.763242]}},{"type":"Feature","properties":{"municipio":"bdffee88-5608-46f3-ad00-1e8a587a2244","title":"BA - UNA","name":"BA - UNA","tipo":"Munic\u00edpio","url":"\/dashboard\/details-assets\/bdffee88-5608-46f3-ad00-1e8a587a2244"},"geometry":{"type":"Point","coordinates":[-39.074713,-15.294208]}},{"type":"Feature","properties":{"municipio":"d8bd4118-82b5-4bdc-9c3a-8cfa16ddd593","title":"BA - UIBAI","name":"BA - UIBAI","tipo":"Munic\u00edpio","url":"\/dashboard\/details-assets\/d8bd4118-82b5-4bdc-9c3a-8cfa16ddd593"},"geometry":{"type":"Point","coordinates":[-42.133796,-11.338115]}},{"type":"Feature","properties":{"municipio":"a7f25c0d-bef8-40fd-99e4-008faf38a43f","title":"BA - UMBURANAS","name":"BA - UMBURANAS","tipo":"Munic\u00edpio","url":"\/dashboard\/details-assets\/a7f25c0d-bef8-40fd-99e4-008faf38a43f"},"geometry":{"type":"Point","coordinates":[-41.332914,-10.729271]}},{"type":"Feature","properties":{"municipio":"56822cdf-db26-45a3-87b8-fcefa2cebd0c","title":"BA - UBAITABA","name":"BA - UBAITABA","tipo":"Munic\u00edpio","url":"\/dashboard\/details-assets\/56822cdf-db26-45a3-87b8-fcefa2cebd0c"},"geometry":{"type":"Point","coordinates":[-39.447074,-14.25994]}},{"type":"Feature","properties":{"municipio":"426477bf-9b79-4201-9e6b-6f100a42ce2e","title":"BA - UBAIRA","name":"BA - UBAIRA","tipo":"Munic\u00edpio","url":"\/dashboard\/details-assets\/426477bf-9b79-4201-9e6b-6f100a42ce2e"},"geometry":{"type":"Point","coordinates":[-39.662033,-13.268089]}},{"type":"Feature","properties":{"municipio":"067bf1d8-c3e1-4cb4-8ace-70f0add9b011","title":"BA - UAUA","name":"BA - UAUA","tipo":"Munic\u00edpio","url":"\/dashboard\/details-assets\/067bf1d8-c3e1-4cb4-8ace-70f0add9b011"},"geometry":{"type":"Point","coordinates":[-39.488064,-9.832654]}},{"type":"Feature","properties":{"municipio":"8585a7cc-af65-4a6e-be9d-0a52b761f9b3","title":"BA - TUCANO","name":"BA - TUCANO","tipo":"Munic\u00edpio","url":"\/dashboard\/details-assets\/8585a7cc-af65-4a6e-be9d-0a52b761f9b3"},"geometry":{"type":"Point","coordinates":[-38.785948,-10.9643]}},{"type":"Feature","properties":{"municipio":"9e59a1e0-1c0d-444f-9481-ac0436fabc5c","title":"BA - TEIXEIRA DE FREITAS","name":"BA - TEIXEIRA DE FREITAS","tipo":"Munic\u00edpio","url":"\/dashboard\/details-assets\/9e59a1e0-1c0d-444f-9481-ac0436fabc5c"},"geometry":{"type":"Point","coordinates":[-39.744518,-17.53775]}},{"type":"Feature","properties":{"municipio":"3ba85f7b-90e8-408a-9a45-834197ca487c","title":"BA - TANHACU","name":"BA - TANHACU","tipo":"Munic\u00edpio","url":"\/dashboard\/details-assets\/3ba85f7b-90e8-408a-9a45-834197ca487c"},"geometry":{"type":"Point","coordinates":[-41.247271,-14.019662]}},{"type":"Feature","properties":{"municipio":"8dfba3f1-ead2-4cb0-8f7f-aa801964af42","title":"BA - SOBRADINHO","name":"BA - SOBRADINHO","tipo":"Munic\u00edpio","url":"\/dashboard\/details-assets\/8dfba3f1-ead2-4cb0-8f7f-aa801964af42"},"geometry":{"type":"Point","coordinates":[-40.795753,-9.469737]}},{"type":"Feature","properties":{"municipio":"8df92a43-578f-4fa8-ba40-da8493a83127","title":"BA - SIMOES FILHO","name":"BA - SIMOES FILHO","tipo":"Munic\u00edpio","url":"\/dashboard\/details-assets\/8df92a43-578f-4fa8-ba40-da8493a83127"},"geometry":{"type":"Point","coordinates":[-38.411519,-12.783941]}},{"type":"Feature","properties":{"municipio":"d56bc4da-db26-4201-a4f8-3061a504a8fa","title":"BA - SERRINHA","name":"BA - SERRINHA","tipo":"Munic\u00edpio","url":"\/dashboard\/details-assets\/d56bc4da-db26-4201-a4f8-3061a504a8fa"},"geometry":{"type":"Point","coordinates":[-39.008133,-11.659532]}},{"type":"Feature","properties":{"municipio":"79bd3a8f-cac8-4fbe-bbc4-70bc4a65ae47","title":"BA - SERRA DOURADA","name":"BA - SERRA DOURADA","tipo":"Munic\u00edpio","url":"\/dashboard\/details-assets\/79bd3a8f-cac8-4fbe-bbc4-70bc4a65ae47"},"geometry":{"type":"Point","coordinates":[-43.952337,-12.762595]}},{"type":"Feature","properties":{"municipio":"2489e254-2a3c-4e41-b414-e4755dc07b72","title":"BA - SENTO SE","name":"BA - SENTO SE","tipo":"Munic\u00edpio","url":"\/dashboard\/details-assets\/2489e254-2a3c-4e41-b414-e4755dc07b72"},"geometry":{"type":"Point","coordinates":[-41.890997,-9.74038]}},{"type":"Feature","properties":{"municipio":"a9840ab0-678b-44b3-b381-0dc650f4675a","title":"BA - SERRA DO RAMALHO","name":"BA - SERRA DO RAMALHO","tipo":"Munic\u00edpio","url":"\/dashboard\/details-assets\/a9840ab0-678b-44b3-b381-0dc650f4675a"},"geometry":{"type":"Point","coordinates":[-43.594021,-13.551264]}},{"type":"Feature","properties":{"municipio":"51d31d0e-7828-44bf-bf96-f3a8c296d6d2","title":"BA - SENHOR DO BONFIM","name":"BA - SENHOR DO BONFIM","tipo":"Munic\u00edpio","url":"\/dashboard\/details-assets\/51d31d0e-7828-44bf-bf96-f3a8c296d6d2"},"geometry":{"type":"Point","coordinates":[-40.189985,-10.456771]}},{"type":"Feature","properties":{"municipio":"391dcc52-0c4a-4634-83b8-0d0a52abd189","title":"BA - SEABRA","name":"BA - SEABRA","tipo":"Munic\u00edpio","url":"\/dashboard\/details-assets\/391dcc52-0c4a-4634-83b8-0d0a52abd189"},"geometry":{"type":"Point","coordinates":[-41.768201,-12.418763]}},{"type":"Feature","properties":{"municipio":"171cd2d4-5893-4159-8092-11e9dda57d41","title":"BA - SATIRO DIAS","name":"BA - SATIRO DIAS","tipo":"Munic\u00edpio","url":"\/dashboard\/details-assets\/171cd2d4-5893-4159-8092-11e9dda57d41"},"geometry":{"type":"Point","coordinates":[-38.58,-11.6]}},{"type":"Feature","properties":{"municipio":"327dd415-c5c3-4531-bfac-25d382e6576c","title":"BA - SAPEACU","name":"BA - SAPEACU","tipo":"Munic\u00edpio","url":"\/dashboard\/details-assets\/327dd415-c5c3-4531-bfac-25d382e6576c"},"geometry":{"type":"Point","coordinates":[-39.194808,-12.735161]}},{"type":"Feature","properties":{"municipio":"ea3ccc3a-7966-4032-a1e7-a9f5db9e2630","title":"BA - SAO SEBASTIAO DO PASSE","name":"BA - SAO SEBASTIAO DO PASSE","tipo":"Munic\u00edpio","url":"\/dashboard\/details-assets\/ea3ccc3a-7966-4032-a1e7-a9f5db9e2630"},"geometry":{"type":"Point","coordinates":[-38.49531,-12.512725]}},{"type":"Feature","properties":{"municipio":"c8af0e62-b2ce-44f8-8e96-32a5aedde389","title":"BA - SAO GONCALO DOS CAMPOS","name":"BA - SAO GONCALO DOS CAMPOS","tipo":"Munic\u00edpio","url":"\/dashboard\/details-assets\/c8af0e62-b2ce-44f8-8e96-32a5aedde389"},"geometry":{"type":"Point","coordinates":[-38.949772,-12.43031]}},{"type":"Feature","properties":{"municipio":"4e15712a-ece0-432d-8df7-19d69e03793e","title":"BA - SAO GABRIEL","name":"BA - SAO GABRIEL","tipo":"Munic\u00edpio","url":"\/dashboard\/details-assets\/4e15712a-ece0-432d-8df7-19d69e03793e"},"geometry":{"type":"Point","coordinates":[-41.720824,-11.083273]}},{"type":"Feature","properties":{"municipio":"be70b595-2d29-4081-aaf0-e76e22a69c4e","title":"BA - SAO FRANCISCO DO CONDE","name":"BA - SAO FRANCISCO DO CONDE","tipo":"Munic\u00edpio","url":"\/dashboard\/details-assets\/be70b595-2d29-4081-aaf0-e76e22a69c4e"},"geometry":{"type":"Point","coordinates":[-38.675798,-12.629983]}},{"type":"Feature","properties":{"municipio":"623334a7-2eb4-45ce-8b13-b213f05a4c11","title":"BA - SAO FELIPE","name":"BA - SAO FELIPE","tipo":"Munic\u00edpio","url":"\/dashboard\/details-assets\/623334a7-2eb4-45ce-8b13-b213f05a4c11"},"geometry":{"type":"Point","coordinates":[-39.084015,-12.845078]}},{"type":"Feature","properties":{"municipio":"1808f384-2370-4baa-b2a0-f494042ac2f4","title":"BA - SANTO ESTEVAO","name":"BA - SANTO ESTEVAO","tipo":"Munic\u00edpio","url":"\/dashboard\/details-assets\/1808f384-2370-4baa-b2a0-f494042ac2f4"},"geometry":{"type":"Point","coordinates":[-39.25319,-12.428893]}},{"type":"Feature","properties":{"municipio":"cb158865-f275-4dc9-99ae-f99b258df65d","title":"BA - SANTO ANTONIO DE JESUS","name":"BA - SANTO ANTONIO DE JESUS","tipo":"Munic\u00edpio","url":"\/dashboard\/details-assets\/cb158865-f275-4dc9-99ae-f99b258df65d"},"geometry":{"type":"Point","coordinates":[-39.261131,-12.968008]}},{"type":"Feature","properties":{"municipio":"db3d1d03-b5ec-4fa4-a5d7-f3e9601ff608","title":"BA - SANTO AMARO","name":"BA - SANTO AMARO","tipo":"Munic\u00edpio","url":"\/dashboard\/details-assets\/db3d1d03-b5ec-4fa4-a5d7-f3e9601ff608"},"geometry":{"type":"Point","coordinates":[-38.709031,-12.54914]}},{"type":"Feature","properties":{"municipio":"5bec14c8-a4fb-4e88-9576-605c721e7bf4","title":"BA - SANTA RITA DE CASSIA","name":"BA - SANTA RITA DE CASSIA","tipo":"Munic\u00edpio","url":"\/dashboard\/details-assets\/5bec14c8-a4fb-4e88-9576-605c721e7bf4"},"geometry":{"type":"Point","coordinates":[-44.51905,-11.008045]}},{"type":"Feature","properties":{"municipio":"daff420c-8d51-4c21-9332-7cd5fef61744","title":"BA - SANTANA","name":"BA - SANTANA","tipo":"Munic\u00edpio","url":"\/dashboard\/details-assets\/daff420c-8d51-4c21-9332-7cd5fef61744"},"geometry":{"type":"Point","coordinates":[-44.053258,-12.980751]}},{"type":"Feature","properties":{"municipio":"2303aa22-a9a0-45bd-9693-5cfc1b50b310","title":"BA - SANTA MARIA DA VITORIA","name":"BA - SANTA MARIA DA VITORIA","tipo":"Munic\u00edpio","url":"\/dashboard\/details-assets\/2303aa22-a9a0-45bd-9693-5cfc1b50b310"},"geometry":{"type":"Point","coordinates":[-44.198309,-13.393545]}},{"type":"Feature","properties":{"municipio":"db076899-fca4-4999-b848-182332213e1b","title":"BA - SANTALUZ","name":"BA - SANTALUZ","tipo":"Munic\u00edpio","url":"\/dashboard\/details-assets\/db076899-fca4-4999-b848-182332213e1b"},"geometry":{"type":"Point","coordinates":[-39.377378,-11.25336]}},{"type":"Feature","properties":{"municipio":"dae3f4d1-e40f-4223-ab00-5a46276d4c39","title":"BA - SANTA BARBARA","name":"BA - SANTA BARBARA","tipo":"Munic\u00edpio","url":"\/dashboard\/details-assets\/dae3f4d1-e40f-4223-ab00-5a46276d4c39"},"geometry":{"type":"Point","coordinates":[-38.975546,-11.954715]}},{"type":"Feature","properties":{"municipio":"0554941d-6625-43cf-ae91-e4ac55ad2690","title":"BA - SALVADOR","name":"BA - SALVADOR","tipo":"Munic\u00edpio","url":"\/dashboard\/details-assets\/0554941d-6625-43cf-ae91-e4ac55ad2690"},"geometry":{"type":"Point","coordinates":[-38.489434,-12.990687]}},{"type":"Feature","properties":{"municipio":"34463c8d-a56e-4c94-a46c-44ff13ca83e4","title":"BA - RUY BARBOSA","name":"BA - RUY BARBOSA","tipo":"Munic\u00edpio","url":"\/dashboard\/details-assets\/34463c8d-a56e-4c94-a46c-44ff13ca83e4"},"geometry":{"type":"Point","coordinates":[-40.500371,-12.289317]}},{"type":"Feature","properties":{"municipio":"4e3aabb8-35f0-49ef-bcbd-d495f1e4a350","title":"BA - RIO REAL","name":"BA - RIO REAL","tipo":"Munic\u00edpio","url":"\/dashboard\/details-assets\/4e3aabb8-35f0-49ef-bcbd-d495f1e4a350"},"geometry":{"type":"Point","coordinates":[-37.933578,-11.484935]}},{"type":"Feature","properties":{"municipio":"053596ed-0dde-4cc5-b3d4-bba2fa8896b6","title":"BA - RIO DE CONTAS","name":"BA - RIO DE CONTAS","tipo":"Munic\u00edpio","url":"\/dashboard\/details-assets\/053596ed-0dde-4cc5-b3d4-bba2fa8896b6"},"geometry":{"type":"Point","coordinates":[-41.818791,-13.588608]}},{"type":"Feature","properties":{"municipio":"579dddf3-b5af-4245-9b14-c5ff9555b6c9","title":"BA - RIBEIRA DO POMBAL","name":"BA - RIBEIRA DO POMBAL","tipo":"Munic\u00edpio","url":"\/dashboard\/details-assets\/579dddf3-b5af-4245-9b14-c5ff9555b6c9"},"geometry":{"type":"Point","coordinates":[-38.536099,-10.836278]}},{"type":"Feature","properties":{"municipio":"5f6de1e7-51f1-46b9-a4bf-487a8a6046c0","title":"BA - RIACHAO DO JACUIPE","name":"BA - RIACHAO DO JACUIPE","tipo":"Munic\u00edpio","url":"\/dashboard\/details-assets\/5f6de1e7-51f1-46b9-a4bf-487a8a6046c0"},"geometry":{"type":"Point","coordinates":[-39.383035,-11.805979]}},{"type":"Feature","properties":{"municipio":"886aebc4-f9dc-4a92-bc88-d77396b25997","title":"BA - RIACHO DE SANTANA","name":"BA - RIACHO DE SANTANA","tipo":"Munic\u00edpio","url":"\/dashboard\/details-assets\/886aebc4-f9dc-4a92-bc88-d77396b25997"},"geometry":{"type":"Point","coordinates":[-42.938347,-13.606588]}},{"type":"Feature","properties":{"municipio":"3636e482-e464-4621-aa2e-bd21a42870b0","title":"BA - RIACHAO DAS NEVES","name":"BA - RIACHAO DAS NEVES","tipo":"Munic\u00edpio","url":"\/dashboard\/details-assets\/3636e482-e464-4621-aa2e-bd21a42870b0"},"geometry":{"type":"Point","coordinates":[-44.91647,-11.746248]}},{"type":"Feature","properties":{"municipio":"1527fe1f-494d-4b90-a058-2085d30200a0","title":"BA - PRESIDENTE TANCREDO NEVES","name":"BA - PRESIDENTE TANCREDO NEVES","tipo":"Munic\u00edpio","url":"\/dashboard\/details-assets\/1527fe1f-494d-4b90-a058-2085d30200a0"},"geometry":{"type":"Point","coordinates":[-39.42406,-13.470842]}},{"type":"Feature","properties":{"municipio":"d94bf2d0-aec1-41ad-8735-37169f4a5af8","title":"BA - REMANSO","name":"BA - REMANSO","tipo":"Munic\u00edpio","url":"\/dashboard\/details-assets\/d94bf2d0-aec1-41ad-8735-37169f4a5af8"},"geometry":{"type":"Point","coordinates":[-42.079668,-9.623907]}},{"type":"Feature","properties":{"municipio":"a5ac268c-6ceb-46c0-a4af-997ffee31fb8","title":"BA - PRADO","name":"BA - PRADO","tipo":"Munic\u00edpio","url":"\/dashboard\/details-assets\/a5ac268c-6ceb-46c0-a4af-997ffee31fb8"},"geometry":{"type":"Point","coordinates":[-39.229238,-17.329564]}},{"type":"Feature","properties":{"municipio":"bdcc4983-41c9-4406-a181-8e6626e5c9da","title":"BA - PRESIDENTE DUTRA","name":"BA - PRESIDENTE DUTRA","tipo":"Munic\u00edpio","url":"\/dashboard\/details-assets\/bdcc4983-41c9-4406-a181-8e6626e5c9da"},"geometry":{"type":"Point","coordinates":[-44.492919,-5.282374]}},{"type":"Feature","properties":{"municipio":"38214088-5013-4615-bc61-9f6bc958db1e","title":"BA - PORTO SEGURO","name":"BA - PORTO SEGURO","tipo":"Munic\u00edpio","url":"\/dashboard\/details-assets\/38214088-5013-4615-bc61-9f6bc958db1e"},"geometry":{"type":"Point","coordinates":[-39.062114,-16.449056]}},{"type":"Feature","properties":{"municipio":"85167014-43ba-458e-a20f-33f7a9da848d","title":"BA - POJUCA","name":"BA - POJUCA","tipo":"Munic\u00edpio","url":"\/dashboard\/details-assets\/85167014-43ba-458e-a20f-33f7a9da848d"},"geometry":{"type":"Point","coordinates":[-38.327167,-12.429263]}},{"type":"Feature","properties":{"municipio":"3f114935-2196-4ee6-8414-0b0670248f63","title":"BA - POCOES","name":"BA - POCOES","tipo":"Munic\u00edpio","url":"\/dashboard\/details-assets\/3f114935-2196-4ee6-8414-0b0670248f63"},"geometry":{"type":"Point","coordinates":[-40.365127,-14.522325]}},{"type":"Feature","properties":{"municipio":"65743f98-57ea-4ea9-8064-22ccd0b15315","title":"BA - PIRITIBA","name":"BA - PIRITIBA","tipo":"Munic\u00edpio","url":"\/dashboard\/details-assets\/65743f98-57ea-4ea9-8064-22ccd0b15315"},"geometry":{"type":"Point","coordinates":[-40.554797,-11.730791]}},{"type":"Feature","properties":{"municipio":"fa9619d2-e7ec-4a2a-81ae-bb3ec944b360","title":"BA - PINDOBACU","name":"BA - PINDOBACU","tipo":"Munic\u00edpio","url":"\/dashboard\/details-assets\/fa9619d2-e7ec-4a2a-81ae-bb3ec944b360"},"geometry":{"type":"Point","coordinates":[-40.364405,-10.745721]}},{"type":"Feature","properties":{"municipio":"62424c5e-d750-4392-8534-97792ee0c9c5","title":"BA - PILAO ARCADO","name":"BA - PILAO ARCADO","tipo":"Munic\u00edpio","url":"\/dashboard\/details-assets\/62424c5e-d750-4392-8534-97792ee0c9c5"},"geometry":{"type":"Point","coordinates":[-42.484757,-9.997771]}},{"type":"Feature","properties":{"municipio":"a928c87e-16b8-4659-b701-227a636f9246","title":"BA - PIATA","name":"BA - PIATA","tipo":"Munic\u00edpio","url":"\/dashboard\/details-assets\/a928c87e-16b8-4659-b701-227a636f9246"},"geometry":{"type":"Point","coordinates":[-41.695556,-13.152778]}},{"type":"Feature","properties":{"municipio":"8696c865-9de6-4725-974f-07e9a42b575a","title":"BA - PAULO AFONSO","name":"BA - PAULO AFONSO","tipo":"Munic\u00edpio","url":"\/dashboard\/details-assets\/8696c865-9de6-4725-974f-07e9a42b575a"},"geometry":{"type":"Point","coordinates":[-38.218329,-9.403332]}},{"type":"Feature","properties":{"municipio":"d710b9fb-d162-4f3b-8baf-66bac5f61344","title":"BA - PARATINGA","name":"BA - PARATINGA","tipo":"Munic\u00edpio","url":"\/dashboard\/details-assets\/d710b9fb-d162-4f3b-8baf-66bac5f61344"},"geometry":{"type":"Point","coordinates":[-43.182025,-12.690697]}},{"type":"Feature","properties":{"municipio":"aefa8a06-bbe5-4106-a923-7d9c7c927343","title":"BA - PARIPIRANGA","name":"BA - PARIPIRANGA","tipo":"Munic\u00edpio","url":"\/dashboard\/details-assets\/aefa8a06-bbe5-4106-a923-7d9c7c927343"},"geometry":{"type":"Point","coordinates":[-37.870448,-10.675992]}},{"type":"Feature","properties":{"municipio":"9427818f-16b5-468d-9613-ac2b1ac94c1f","title":"BA - PARAMIRIM","name":"BA - PARAMIRIM","tipo":"Munic\u00edpio","url":"\/dashboard\/details-assets\/9427818f-16b5-468d-9613-ac2b1ac94c1f"},"geometry":{"type":"Point","coordinates":[-42.240649,-13.442427]}},{"type":"Feature","properties":{"municipio":"64f008a0-6b72-446e-baf0-b594cc4b30b3","title":"BA - PALMAS DE MONTE ALTO","name":"BA - PALMAS DE MONTE ALTO","tipo":"Munic\u00edpio","url":"\/dashboard\/details-assets\/64f008a0-6b72-446e-baf0-b594cc4b30b3"},"geometry":{"type":"Point","coordinates":[-43.170512,-14.257351]}},{"type":"Feature","properties":{"municipio":"ec275e9f-a908-471e-98ad-f43ba9f9d072","title":"BA - OLIVEIRA DOS BREJINHOS","name":"BA - OLIVEIRA DOS BREJINHOS","tipo":"Munic\u00edpio","url":"\/dashboard\/details-assets\/ec275e9f-a908-471e-98ad-f43ba9f9d072"},"geometry":{"type":"Point","coordinates":[-42.89702,-12.320589]}},{"type":"Feature","properties":{"municipio":"13f01286-5ff1-4dff-ac30-767f103077f3","title":"BA - NOVA VICOSA","name":"BA - NOVA VICOSA","tipo":"Munic\u00edpio","url":"\/dashboard\/details-assets\/13f01286-5ff1-4dff-ac30-767f103077f3"},"geometry":{"type":"Point","coordinates":[-39.372012,-17.893392]}},{"type":"Feature","properties":{"municipio":"76f6b4b1-6752-412c-9e1c-8ef23aca08cb","title":"BA - NAZARE","name":"BA - NAZARE","tipo":"Munic\u00edpio","url":"\/dashboard\/details-assets\/76f6b4b1-6752-412c-9e1c-8ef23aca08cb"},"geometry":{"type":"Point","coordinates":[-47.666977,-6.372558]}},{"type":"Feature","properties":{"municipio":"3c39bcd8-9b07-48d0-a5fb-3486a44abff0","title":"BA - NOVA SOURE","name":"BA - NOVA SOURE","tipo":"Munic\u00edpio","url":"\/dashboard\/details-assets\/3c39bcd8-9b07-48d0-a5fb-3486a44abff0"},"geometry":{"type":"Point","coordinates":[-38.477998,-11.237923]}},{"type":"Feature","properties":{"municipio":"446b0e69-338d-4da2-982e-058a4730b3db","title":"BA - MUTUIPE","name":"BA - MUTUIPE","tipo":"Munic\u00edpio","url":"\/dashboard\/details-assets\/446b0e69-338d-4da2-982e-058a4730b3db"},"geometry":{"type":"Point","coordinates":[-39.504164,-13.229373]}},{"type":"Feature","properties":{"municipio":"475a6d49-9954-4dbe-809f-2edd1e07bc2c","title":"BA - MURITIBA","name":"BA - MURITIBA","tipo":"Munic\u00edpio","url":"\/dashboard\/details-assets\/475a6d49-9954-4dbe-809f-2edd1e07bc2c"},"geometry":{"type":"Point","coordinates":[-38.988689,-12.623372]}},{"type":"Feature","properties":{"municipio":"75042221-7bc0-4000-9fc6-3e9a39773b75","title":"BA - MORRO DO CHAPEU","name":"BA - MORRO DO CHAPEU","tipo":"Munic\u00edpio","url":"\/dashboard\/details-assets\/75042221-7bc0-4000-9fc6-3e9a39773b75"},"geometry":{"type":"Point","coordinates":[-41.159097,-11.550126]}},{"type":"Feature","properties":{"municipio":"21b2b8a4-9e3b-40b5-9290-dd4af97fd966","title":"BA - MUCURI","name":"BA - MUCURI","tipo":"Munic\u00edpio","url":"\/dashboard\/details-assets\/21b2b8a4-9e3b-40b5-9290-dd4af97fd966"},"geometry":{"type":"Point","coordinates":[-39.547546,-18.08854]}},{"type":"Feature","properties":{"municipio":"8187503c-4072-42a7-8ace-6ed9179a5ca2","title":"BA - MONTE SANTO","name":"BA - MONTE SANTO","tipo":"Munic\u00edpio","url":"\/dashboard\/details-assets\/8187503c-4072-42a7-8ace-6ed9179a5ca2"},"geometry":{"type":"Point","coordinates":[-39.332706,-10.440158]}},{"type":"Feature","properties":{"municipio":"eca8e3ae-c07b-460d-b763-e769add64f85","title":"BA - MILAGRES","name":"BA - MILAGRES","tipo":"Munic\u00edpio","url":"\/dashboard\/details-assets\/eca8e3ae-c07b-460d-b763-e769add64f85"},"geometry":{"type":"Point","coordinates":[-39.859127,-12.870575]}},{"type":"Feature","properties":{"municipio":"48adad7d-96bd-4c43-9442-e05083b0b68b","title":"BA - MIGUEL CALMON","name":"BA - MIGUEL CALMON","tipo":"Munic\u00edpio","url":"\/dashboard\/details-assets\/48adad7d-96bd-4c43-9442-e05083b0b68b"},"geometry":{"type":"Point","coordinates":[-40.59607,-11.428344]}},{"type":"Feature","properties":{"municipio":"41d90fcb-cd17-477a-b4db-5c4811b21b31","title":"BA - MEDEIROS NETO","name":"BA - MEDEIROS NETO","tipo":"Munic\u00edpio","url":"\/dashboard\/details-assets\/41d90fcb-cd17-477a-b4db-5c4811b21b31"},"geometry":{"type":"Point","coordinates":[-40.219587,-17.321373]}},{"type":"Feature","properties":{"municipio":"522fdf4d-3ff6-4164-86de-7fc40f95ee6f","title":"BA - MATA DE SAO JOAO","name":"BA - MATA DE SAO JOAO","tipo":"Munic\u00edpio","url":"\/dashboard\/details-assets\/522fdf4d-3ff6-4164-86de-7fc40f95ee6f"},"geometry":{"type":"Point","coordinates":[-38.297299,-12.529971]}},{"type":"Feature","properties":{"municipio":"37b8b525-c77a-41f1-a791-4bad94e20593","title":"BA - MARAGOGIPE","name":"BA - MARAGOGIPE","tipo":"Munic\u00edpio","url":"\/dashboard\/details-assets\/37b8b525-c77a-41f1-a791-4bad94e20593"},"geometry":{"type":"Point","coordinates":[-38.918881,-12.77512]}},{"type":"Feature","properties":{"municipio":"8006a7a6-b7f4-4736-bd83-79d7fdc4ffc5","title":"BA - MARACAS","name":"BA - MARACAS","tipo":"Munic\u00edpio","url":"\/dashboard\/details-assets\/8006a7a6-b7f4-4736-bd83-79d7fdc4ffc5"},"geometry":{"type":"Point","coordinates":[-40.431288,-13.437674]}},{"type":"Feature","properties":{"municipio":"dfd4d87b-feb6-4786-ab7c-b304f0fa3e82","title":"BA - MACAUBAS","name":"BA - MACAUBAS","tipo":"Munic\u00edpio","url":"\/dashboard\/details-assets\/dfd4d87b-feb6-4786-ab7c-b304f0fa3e82"},"geometry":{"type":"Point","coordinates":[-42.694666,-13.023672]}},{"type":"Feature","properties":{"municipio":"36072381-a8c5-4bd9-91b1-e14e37dd3ae8","title":"BA - LUIS EDUARDO MAGALHAES","name":"BA - LUIS EDUARDO MAGALHAES","tipo":"Munic\u00edpio","url":"\/dashboard\/details-assets\/36072381-a8c5-4bd9-91b1-e14e37dd3ae8"},"geometry":{"type":"Point","coordinates":[-45.800464,-12.078372]}},{"type":"Feature","properties":{"municipio":"7b02d606-01cc-4a51-8785-88a6d62847f1","title":"BA - LIVRAMENTO DE NOSSA SENHORA","name":"BA - LIVRAMENTO DE NOSSA SENHORA","tipo":"Munic\u00edpio","url":"\/dashboard\/details-assets\/7b02d606-01cc-4a51-8785-88a6d62847f1"},"geometry":{"type":"Point","coordinates":[-41.840387,-13.649501]}},{"type":"Feature","properties":{"municipio":"1baa9f62-a8c0-4756-8c61-41b4ea61ff4b","title":"BA - LAURO DE FREITAS","name":"BA - LAURO DE FREITAS","tipo":"Munic\u00edpio","url":"\/dashboard\/details-assets\/1baa9f62-a8c0-4756-8c61-41b4ea61ff4b"},"geometry":{"type":"Point","coordinates":[-38.323462,-12.896718]}},{"type":"Feature","properties":{"municipio":"c52dffb2-6c6a-4599-a4aa-e86ab9c4c419","title":"BA - LAPAO","name":"BA - LAPAO","tipo":"Munic\u00edpio","url":"\/dashboard\/details-assets\/c52dffb2-6c6a-4599-a4aa-e86ab9c4c419"},"geometry":{"type":"Point","coordinates":[-41.831909,-11.380139]}},{"type":"Feature","properties":{"municipio":"d083b944-13ad-4ca5-96ee-a5342799d2fe","title":"BA - JUSSARA","name":"BA - JUSSARA","tipo":"Munic\u00edpio","url":"\/dashboard\/details-assets\/d083b944-13ad-4ca5-96ee-a5342799d2fe"},"geometry":{"type":"Point","coordinates":[-41.971464,-11.046595]}},{"type":"Feature","properties":{"municipio":"0c91a2eb-f775-451d-ba91-a1f67fc341f2","title":"BA - JUAZEIRO","name":"BA - JUAZEIRO","tipo":"Munic\u00edpio","url":"\/dashboard\/details-assets\/0c91a2eb-f775-451d-ba91-a1f67fc341f2"},"geometry":{"type":"Point","coordinates":[-40.503552,-9.410717]}},{"type":"Feature","properties":{"municipio":"b2ab2a35-e2cb-4477-b680-56b2474fd005","title":"BA - JOAO DOURADO","name":"BA - JOAO DOURADO","tipo":"Munic\u00edpio","url":"\/dashboard\/details-assets\/b2ab2a35-e2cb-4477-b680-56b2474fd005"},"geometry":{"type":"Point","coordinates":[-41.659989,-11.346405]}},{"type":"Feature","properties":{"municipio":"c3b810f6-cf62-4242-ae2f-003031db1f06","title":"BA - JIQUIRICA","name":"BA - JIQUIRICA","tipo":"Munic\u00edpio","url":"\/dashboard\/details-assets\/c3b810f6-cf62-4242-ae2f-003031db1f06"},"geometry":{"type":"Point","coordinates":[-39.576502,-13.252306]}},{"type":"Feature","properties":{"municipio":"5d48bd5f-bfce-416f-8026-8cfff6acd118","title":"BA - JEREMOABO","name":"BA - JEREMOABO","tipo":"Munic\u00edpio","url":"\/dashboard\/details-assets\/5d48bd5f-bfce-416f-8026-8cfff6acd118"},"geometry":{"type":"Point","coordinates":[-38.351819,-10.062242]}},{"type":"Feature","properties":{"municipio":"022bfb73-1a69-406b-ac0d-8365ca869799","title":"BA - JEQUIE","name":"BA - JEQUIE","tipo":"Munic\u00edpio","url":"\/dashboard\/details-assets\/022bfb73-1a69-406b-ac0d-8365ca869799"},"geometry":{"type":"Point","coordinates":[-40.088607,-13.855664]}},{"type":"Feature","properties":{"municipio":"858ae4cc-58e8-4863-996b-3ff4a6981f1d","title":"BA - JAGUARARI","name":"BA - JAGUARARI","tipo":"Munic\u00edpio","url":"\/dashboard\/details-assets\/858ae4cc-58e8-4863-996b-3ff4a6981f1d"},"geometry":{"type":"Point","coordinates":[-40.193611,-10.262854]}},{"type":"Feature","properties":{"municipio":"b2d11b8e-f16d-4b5a-a995-427831afa34b","title":"BA - JAGUAQUARA","name":"BA - JAGUAQUARA","tipo":"Munic\u00edpio","url":"\/dashboard\/details-assets\/b2d11b8e-f16d-4b5a-a995-427831afa34b"},"geometry":{"type":"Point","coordinates":[-39.970255,-13.530699]}},{"type":"Feature","properties":{"municipio":"85b6ba56-1488-4682-8916-fb11c0fe5ee3","title":"BA - JACOBINA","name":"BA - JACOBINA","tipo":"Munic\u00edpio","url":"\/dashboard\/details-assets\/85b6ba56-1488-4682-8916-fb11c0fe5ee3"},"geometry":{"type":"Point","coordinates":[-40.513018,-11.185062]}},{"type":"Feature","properties":{"municipio":"3c944ac3-417f-4c50-b3d3-c77d970bb195","title":"BA - ITUBERA","name":"BA - ITUBERA","tipo":"Munic\u00edpio","url":"\/dashboard\/details-assets\/3c944ac3-417f-4c50-b3d3-c77d970bb195"},"geometry":{"type":"Point","coordinates":[-39.149042,-13.736157]}},{"type":"Feature","properties":{"municipio":"b88103a3-478a-45b8-a644-2c046abc577b","title":"BA - ITORORO","name":"BA - ITORORO","tipo":"Munic\u00edpio","url":"\/dashboard\/details-assets\/b88103a3-478a-45b8-a644-2c046abc577b"},"geometry":{"type":"Point","coordinates":[-40.070278,-15.11694]}},{"type":"Feature","properties":{"municipio":"77777b08-bb0f-4468-a4d2-4c9fb3c458cc","title":"BA - ITIUBA","name":"BA - ITIUBA","tipo":"Munic\u00edpio","url":"\/dashboard\/details-assets\/77777b08-bb0f-4468-a4d2-4c9fb3c458cc"},"geometry":{"type":"Point","coordinates":[-39.85,-10.69]}},{"type":"Feature","properties":{"municipio":"f9b243c3-4f58-4650-9f0f-2f68e9d088c7","title":"BA - ITAPETINGA","name":"BA - ITAPETINGA","tipo":"Munic\u00edpio","url":"\/dashboard\/details-assets\/f9b243c3-4f58-4650-9f0f-2f68e9d088c7"},"geometry":{"type":"Point","coordinates":[-40.247381,-15.246167]}},{"type":"Feature","properties":{"municipio":"b328dfb9-13b1-4495-854a-39c42f5250da","title":"BA - ITAPARICA","name":"BA - ITAPARICA","tipo":"Munic\u00edpio","url":"\/dashboard\/details-assets\/b328dfb9-13b1-4495-854a-39c42f5250da"},"geometry":{"type":"Point","coordinates":[-38.68403,-12.881489]}},{"type":"Feature","properties":{"municipio":"3e8810c2-028b-418e-b4c5-1981aa4176b6","title":"BA - ITANHEM","name":"BA - ITANHEM","tipo":"Munic\u00edpio","url":"\/dashboard\/details-assets\/3e8810c2-028b-418e-b4c5-1981aa4176b6"},"geometry":{"type":"Point","coordinates":[-40.348999,-17.10316]}},{"type":"Feature","properties":{"municipio":"81dc07d4-3598-46dc-81c7-4eb1503b3f48","title":"BA - ITAMBE","name":"BA - ITAMBE","tipo":"Munic\u00edpio","url":"\/dashboard\/details-assets\/81dc07d4-3598-46dc-81c7-4eb1503b3f48"},"geometry":{"type":"Point","coordinates":[-40.624352,-15.250402]}},{"type":"Feature","properties":{"municipio":"0c9fa9c6-923b-4a62-a825-05f2ce2566fa","title":"BA - ITAMARAJU","name":"BA - ITAMARAJU","tipo":"Munic\u00edpio","url":"\/dashboard\/details-assets\/0c9fa9c6-923b-4a62-a825-05f2ce2566fa"},"geometry":{"type":"Point","coordinates":[-39.53304,-17.042338]}},{"type":"Feature","properties":{"municipio":"b73f75fb-ebc5-45b9-9f14-77a41625f279","title":"BA - ITAJUIPE","name":"BA - ITAJUIPE","tipo":"Munic\u00edpio","url":"\/dashboard\/details-assets\/b73f75fb-ebc5-45b9-9f14-77a41625f279"},"geometry":{"type":"Point","coordinates":[-39.381788,-14.678019]}},{"type":"Feature","properties":{"municipio":"cca34b9a-e94f-4c3c-bfcf-08e4e8d9ecb5","title":"BA - ITACARE","name":"BA - ITACARE","tipo":"Munic\u00edpio","url":"\/dashboard\/details-assets\/cca34b9a-e94f-4c3c-bfcf-08e4e8d9ecb5"},"geometry":{"type":"Point","coordinates":[-38.996944,-14.277778]}},{"type":"Feature","properties":{"municipio":"f566ade7-4d3d-4bd3-a8d0-719a6fd6e4c0","title":"BA - ITABERABA","name":"BA - ITABERABA","tipo":"Munic\u00edpio","url":"\/dashboard\/details-assets\/f566ade7-4d3d-4bd3-a8d0-719a6fd6e4c0"},"geometry":{"type":"Point","coordinates":[-40.306995,-12.532254]}},{"type":"Feature","properties":{"municipio":"f8cdb81b-39ba-437d-9c1f-19ace82cda6b","title":"BA - ITABUNA","name":"BA - ITABUNA","tipo":"Munic\u00edpio","url":"\/dashboard\/details-assets\/f8cdb81b-39ba-437d-9c1f-19ace82cda6b"},"geometry":{"type":"Point","coordinates":[-39.273109,-14.78904]}},{"type":"Feature","properties":{"municipio":"53a18928-19d9-4cb1-8ef5-c4e8d8fe44c1","title":"BA - ITABELA","name":"BA - ITABELA","tipo":"Munic\u00edpio","url":"\/dashboard\/details-assets\/53a18928-19d9-4cb1-8ef5-c4e8d8fe44c1"},"geometry":{"type":"Point","coordinates":[-39.553238,-16.575836]}},{"type":"Feature","properties":{"municipio":"0b2441ca-da5b-4a10-8b42-a994cf5b12fb","title":"BA - IRECE","name":"BA - IRECE","tipo":"Munic\u00edpio","url":"\/dashboard\/details-assets\/0b2441ca-da5b-4a10-8b42-a994cf5b12fb"},"geometry":{"type":"Point","coordinates":[-41.85886,-11.30338]}},{"type":"Feature","properties":{"municipio":"81aff07a-2500-4596-8027-c672c232022a","title":"BA - IRARA","name":"BA - IRARA","tipo":"Munic\u00edpio","url":"\/dashboard\/details-assets\/81aff07a-2500-4596-8027-c672c232022a"},"geometry":{"type":"Point","coordinates":[-38.771651,-12.033704]}},{"type":"Feature","properties":{"municipio":"2d62f71e-d270-4a66-87b5-51eb0f9db753","title":"BA - IRAQUARA","name":"BA - IRAQUARA","tipo":"Munic\u00edpio","url":"\/dashboard\/details-assets\/2d62f71e-d270-4a66-87b5-51eb0f9db753"},"geometry":{"type":"Point","coordinates":[-41.617959,-12.243501]}},{"type":"Feature","properties":{"municipio":"f240e771-fc71-4562-9f57-364abac4d144","title":"BA - IPIRA","name":"BA - IPIRA","tipo":"Munic\u00edpio","url":"\/dashboard\/details-assets\/f240e771-fc71-4562-9f57-364abac4d144"},"geometry":{"type":"Point","coordinates":[-39.756989,-12.153458]}},{"type":"Feature","properties":{"municipio":"030829b1-7ed8-4a0e-8eae-5bb847ce3246","title":"BA - IPIAU","name":"BA - IPIAU","tipo":"Munic\u00edpio","url":"\/dashboard\/details-assets\/030829b1-7ed8-4a0e-8eae-5bb847ce3246"},"geometry":{"type":"Point","coordinates":[-39.735654,-14.137474]}},{"type":"Feature","properties":{"municipio":"fd97056e-f081-4e94-8f74-6470b941ea74","title":"BA - INHAMBUPE","name":"BA - INHAMBUPE","tipo":"Munic\u00edpio","url":"\/dashboard\/details-assets\/fd97056e-f081-4e94-8f74-6470b941ea74"},"geometry":{"type":"Point","coordinates":[-38.354019,-11.789127]}},{"type":"Feature","properties":{"municipio":"6487c2e0-d9dd-4b34-81b9-0afe667e6389","title":"BA - IBOTIRAMA","name":"BA - IBOTIRAMA","tipo":"Munic\u00edpio","url":"\/dashboard\/details-assets\/6487c2e0-d9dd-4b34-81b9-0afe667e6389"},"geometry":{"type":"Point","coordinates":[-43.218696,-12.184014]}},{"type":"Feature","properties":{"municipio":"83b0d4ba-a71a-423c-9ee9-5a3c734d0242","title":"BA - ILHEUS","name":"BA - ILHEUS","tipo":"Munic\u00edpio","url":"\/dashboard\/details-assets\/83b0d4ba-a71a-423c-9ee9-5a3c734d0242"},"geometry":{"type":"Point","coordinates":[-39.043184,-14.79332]}},{"type":"Feature","properties":{"municipio":"f1e04174-9c54-4571-92c5-3efebfded157","title":"BA - IBITITA","name":"BA - IBITITA","tipo":"Munic\u00edpio","url":"\/dashboard\/details-assets\/f1e04174-9c54-4571-92c5-3efebfded157"},"geometry":{"type":"Point","coordinates":[-41.975152,-11.552771]}},{"type":"Feature","properties":{"municipio":"841fe8ef-0456-4cad-aaa2-5b6e29fd30ee","title":"BA - GUANAMBI","name":"BA - GUANAMBI","tipo":"Munic\u00edpio","url":"\/dashboard\/details-assets\/841fe8ef-0456-4cad-aaa2-5b6e29fd30ee"},"geometry":{"type":"Point","coordinates":[-42.778562,-14.225315]}},{"type":"Feature","properties":{"municipio":"e6ddb273-2d4a-4b2a-8462-90fac2e7cf6f","title":"BA - IBICARAI","name":"BA - IBICARAI","tipo":"Munic\u00edpio","url":"\/dashboard\/details-assets\/e6ddb273-2d4a-4b2a-8462-90fac2e7cf6f"},"geometry":{"type":"Point","coordinates":[-39.591541,-14.865763]}},{"type":"Feature","properties":{"municipio":"848b2633-500e-42ef-a2c9-7dd718fe3568","title":"BA - GOVERNADOR MANGABEIRA","name":"BA - GOVERNADOR MANGABEIRA","tipo":"Munic\u00edpio","url":"\/dashboard\/details-assets\/848b2633-500e-42ef-a2c9-7dd718fe3568"},"geometry":{"type":"Point","coordinates":[-39.034024,-12.601554]}},{"type":"Feature","properties":{"municipio":"7e2460e3-663c-4596-a882-0b14c2e2976b","title":"BA - GANDU","name":"BA - GANDU","tipo":"Munic\u00edpio","url":"\/dashboard\/details-assets\/7e2460e3-663c-4596-a882-0b14c2e2976b"},"geometry":{"type":"Point","coordinates":[-39.486324,-13.743781]}},{"type":"Feature","properties":{"municipio":"9a789628-5b4e-410b-9818-4aba3d6472cd","title":"BA - FORMOSA DO RIO PRETO","name":"BA - FORMOSA DO RIO PRETO","tipo":"Munic\u00edpio","url":"\/dashboard\/details-assets\/9a789628-5b4e-410b-9818-4aba3d6472cd"},"geometry":{"type":"Point","coordinates":[-45.191615,-11.042624]}},{"type":"Feature","properties":{"municipio":"5d2c06db-b8af-45af-84e2-f024bd3eef30","title":"BA - FEIRA DE SANTANA","name":"BA - FEIRA DE SANTANA","tipo":"Munic\u00edpio","url":"\/dashboard\/details-assets\/5d2c06db-b8af-45af-84e2-f024bd3eef30"},"geometry":{"type":"Point","coordinates":[-38.960033,-12.229284]}},{"type":"Feature","properties":{"municipio":"8cd194b4-ad9c-4708-8b8b-db91131a723d","title":"BA - EUNAPOLIS","name":"BA - EUNAPOLIS","tipo":"Munic\u00edpio","url":"\/dashboard\/details-assets\/8cd194b4-ad9c-4708-8b8b-db91131a723d"},"geometry":{"type":"Point","coordinates":[-39.584172,-16.375167]}},{"type":"Feature","properties":{"municipio":"5a779f3a-22d9-4ab3-8c6c-4231ef90e1f4","title":"BA - EUCLIDES DA CUNHA","name":"BA - EUCLIDES DA CUNHA","tipo":"Munic\u00edpio","url":"\/dashboard\/details-assets\/5a779f3a-22d9-4ab3-8c6c-4231ef90e1f4"},"geometry":{"type":"Point","coordinates":[-39.014249,-10.505818]}},{"type":"Feature","properties":{"municipio":"18e5fa90-0de3-4fe2-9beb-382b464dcbdc","title":"BA - ESPLANADA","name":"BA - ESPLANADA","tipo":"Munic\u00edpio","url":"\/dashboard\/details-assets\/18e5fa90-0de3-4fe2-9beb-382b464dcbdc"},"geometry":{"type":"Point","coordinates":[-37.944981,-11.799409]}},{"type":"Feature","properties":{"municipio":"5a5de4c4-2e60-44c9-98e8-ebd03a514a6c","title":"BA - DIAS DAVILA","name":"BA - DIAS DAVILA","tipo":"Munic\u00edpio","url":"\/dashboard\/details-assets\/5a5de4c4-2e60-44c9-98e8-ebd03a514a6c"},"geometry":{"type":"Point","coordinates":[-38.297994,-12.604368]}},{"type":"Feature","properties":{"municipio":"d277dc50-4d8f-4ce3-a680-7ff416a0ea2f","title":"BA - ENTRE RIOS","name":"BA - ENTRE RIOS","tipo":"Munic\u00edpio","url":"\/dashboard\/details-assets\/d277dc50-4d8f-4ce3-a680-7ff416a0ea2f"},"geometry":{"type":"Point","coordinates":[-38.070803,-11.904979]}},{"type":"Feature","properties":{"municipio":"41374619-49e3-4923-8000-f03321c0504c","title":"BA - CURACA","name":"BA - CURACA","tipo":"Munic\u00edpio","url":"\/dashboard\/details-assets\/41374619-49e3-4923-8000-f03321c0504c"},"geometry":{"type":"Point","coordinates":[-39.908081,-8.989032]}},{"type":"Feature","properties":{"municipio":"a62850b7-df0c-4496-9b4f-331965c0958e","title":"BA - CORRENTINA","name":"BA - CORRENTINA","tipo":"Munic\u00edpio","url":"\/dashboard\/details-assets\/a62850b7-df0c-4496-9b4f-331965c0958e"},"geometry":{"type":"Point","coordinates":[-44.641087,-13.341772]}},{"type":"Feature","properties":{"municipio":"63ab212f-c677-4b67-9154-e0e400fbc544","title":"BA - CRUZ DAS ALMAS","name":"BA - CRUZ DAS ALMAS","tipo":"Munic\u00edpio","url":"\/dashboard\/details-assets\/63ab212f-c677-4b67-9154-e0e400fbc544"},"geometry":{"type":"Point","coordinates":[-39.100736,-12.663786]}},{"type":"Feature","properties":{"municipio":"dd7a903a-95bb-45f0-ba4e-95f7c28dc61d","title":"BA - CORDEIROS","name":"BA - CORDEIROS","tipo":"Munic\u00edpio","url":"\/dashboard\/details-assets\/dd7a903a-95bb-45f0-ba4e-95f7c28dc61d"},"geometry":{"type":"Point","coordinates":[-41.935734,-15.037234]}},{"type":"Feature","properties":{"municipio":"7cedf75a-b8ff-45d9-86f7-e7f387ef6329","title":"BA - CONCEICAO DO JACUIPE","name":"BA - CONCEICAO DO JACUIPE","tipo":"Munic\u00edpio","url":"\/dashboard\/details-assets\/7cedf75a-b8ff-45d9-86f7-e7f387ef6329"},"geometry":{"type":"Point","coordinates":[-38.763674,-12.322946]}},{"type":"Feature","properties":{"municipio":"47042ae2-65a0-4352-b795-cb3b328994e7","title":"BA - CORACAO DE MARIA","name":"BA - CORACAO DE MARIA","tipo":"Munic\u00edpio","url":"\/dashboard\/details-assets\/47042ae2-65a0-4352-b795-cb3b328994e7"},"geometry":{"type":"Point","coordinates":[-38.750517,-12.247921]}},{"type":"Feature","properties":{"municipio":"51545c0d-cf17-4610-a1ef-d6deb370b84a","title":"BA - CONCEICAO DO COITE","name":"BA - CONCEICAO DO COITE","tipo":"Munic\u00edpio","url":"\/dashboard\/details-assets\/51545c0d-cf17-4610-a1ef-d6deb370b84a"},"geometry":{"type":"Point","coordinates":[-39.281684,-11.561826]}},{"type":"Feature","properties":{"municipio":"24093e61-ecae-4d43-8f33-1ed3f54b1ac0","title":"BA - CONCEICAO DA FEIRA","name":"BA - CONCEICAO DA FEIRA","tipo":"Munic\u00edpio","url":"\/dashboard\/details-assets\/24093e61-ecae-4d43-8f33-1ed3f54b1ac0"},"geometry":{"type":"Point","coordinates":[-38.999781,-12.503992]}},{"type":"Feature","properties":{"municipio":"596b7c1f-d9b6-45ac-ad44-be7a1540d8bf","title":"BA - COCOS","name":"BA - COCOS","tipo":"Munic\u00edpio","url":"\/dashboard\/details-assets\/596b7c1f-d9b6-45ac-ad44-be7a1540d8bf"},"geometry":{"type":"Point","coordinates":[-44.545669,-14.171078]}},{"type":"Feature","properties":{"municipio":"064984b6-0b60-497b-b350-d29eb415bb60","title":"BA - COARACI","name":"BA - COARACI","tipo":"Munic\u00edpio","url":"\/dashboard\/details-assets\/064984b6-0b60-497b-b350-d29eb415bb60"},"geometry":{"type":"Point","coordinates":[-39.552304,-14.636814]}},{"type":"Feature","properties":{"municipio":"e4904772-8fdb-48a8-be86-226b3436b8f9","title":"BA - CICERO DANTAS","name":"BA - CICERO DANTAS","tipo":"Munic\u00edpio","url":"\/dashboard\/details-assets\/e4904772-8fdb-48a8-be86-226b3436b8f9"},"geometry":{"type":"Point","coordinates":[-38.383419,-10.592172]}},{"type":"Feature","properties":{"municipio":"a2d5cc87-1970-43de-88bb-c7ac258b7087","title":"BA - CATU","name":"BA - CATU","tipo":"Munic\u00edpio","url":"\/dashboard\/details-assets\/a2d5cc87-1970-43de-88bb-c7ac258b7087"},"geometry":{"type":"Point","coordinates":[-38.376294,-12.355187]}},{"type":"Feature","properties":{"municipio":"a15c2e5f-4c1f-4e77-b0d4-8a326c075a1a","title":"BA - CASTRO ALVES","name":"BA - CASTRO ALVES","tipo":"Munic\u00edpio","url":"\/dashboard\/details-assets\/a15c2e5f-4c1f-4e77-b0d4-8a326c075a1a"},"geometry":{"type":"Point","coordinates":[-39.426519,-12.765833]}},{"type":"Feature","properties":{"municipio":"4c4f7a39-fbd1-4b31-904a-8494e98a12bf","title":"BA - CARINHANHA","name":"BA - CARINHANHA","tipo":"Munic\u00edpio","url":"\/dashboard\/details-assets\/4c4f7a39-fbd1-4b31-904a-8494e98a12bf"},"geometry":{"type":"Point","coordinates":[-43.761777,-14.302007]}},{"type":"Feature","properties":{"municipio":"52bf5825-9e1f-45f6-98d3-82be8e2a1156","title":"BA - CASA NOVA","name":"BA - CASA NOVA","tipo":"Munic\u00edpio","url":"\/dashboard\/details-assets\/52bf5825-9e1f-45f6-98d3-82be8e2a1156"},"geometry":{"type":"Point","coordinates":[-40.975797,-9.178595]}},{"type":"Feature","properties":{"municipio":"5510df21-99cd-41d9-b862-804dd375d752","title":"BA - CARAVELAS","name":"BA - CARAVELAS","tipo":"Munic\u00edpio","url":"\/dashboard\/details-assets\/5510df21-99cd-41d9-b862-804dd375d752"},"geometry":{"type":"Point","coordinates":[-39.253382,-17.733371]}},{"type":"Feature","properties":{"municipio":"8195d073-77c3-42ab-aede-84111fd3836f","title":"BA - CAPIM GROSSO","name":"BA - CAPIM GROSSO","tipo":"Munic\u00edpio","url":"\/dashboard\/details-assets\/8195d073-77c3-42ab-aede-84111fd3836f"},"geometry":{"type":"Point","coordinates":[-40.011001,-11.381574]}},{"type":"Feature","properties":{"municipio":"861f0a45-d289-475b-8964-0ecd323a02d5","title":"BA - CANSANCAO","name":"BA - CANSANCAO","tipo":"Munic\u00edpio","url":"\/dashboard\/details-assets\/861f0a45-d289-475b-8964-0ecd323a02d5"},"geometry":{"type":"Point","coordinates":[-39.496605,-10.66675]}},{"type":"Feature","properties":{"municipio":"1b27ce2f-585c-435b-9d7f-98a80103ec4f","title":"BA - CANDIDO SALES","name":"BA - CANDIDO SALES","tipo":"Munic\u00edpio","url":"\/dashboard\/details-assets\/1b27ce2f-585c-435b-9d7f-98a80103ec4f"},"geometry":{"type":"Point","coordinates":[-41.241118,-15.506066]}},{"type":"Feature","properties":{"municipio":"614857b0-a5e5-4e0b-b78c-118643f9cd6a","title":"BA - CANDEIAS","name":"BA - CANDEIAS","tipo":"Munic\u00edpio","url":"\/dashboard\/details-assets\/614857b0-a5e5-4e0b-b78c-118643f9cd6a"},"geometry":{"type":"Point","coordinates":[-45.276857,-20.77035]}},{"type":"Feature","properties":{"municipio":"51a8e7dd-593b-4f72-9a46-4cc3411479f6","title":"BA - CANAVIEIRAS","name":"BA - CANAVIEIRAS","tipo":"Munic\u00edpio","url":"\/dashboard\/details-assets\/51a8e7dd-593b-4f72-9a46-4cc3411479f6"},"geometry":{"type":"Point","coordinates":[-38.947376,-15.679777]}},{"type":"Feature","properties":{"municipio":"de948fa8-c3c2-4317-8137-99835be1443c","title":"BA - CANARANA","name":"BA - CANARANA","tipo":"Munic\u00edpio","url":"\/dashboard\/details-assets\/de948fa8-c3c2-4317-8137-99835be1443c"},"geometry":{"type":"Point","coordinates":[-52.273457,-13.55923]}},{"type":"Feature","properties":{"municipio":"aacd56d8-2fac-4549-a69a-c0d6e0341033","title":"BA - CAMPO ALEGRE DE LOURDES","name":"BA - CAMPO ALEGRE DE LOURDES","tipo":"Munic\u00edpio","url":"\/dashboard\/details-assets\/aacd56d8-2fac-4549-a69a-c0d6e0341033"},"geometry":{"type":"Point","coordinates":[-43.011525,-9.519824]}},{"type":"Feature","properties":{"municipio":"3a85076f-be47-4ddf-b123-cb1288764eb6","title":"BA - CAMPO FORMOSO","name":"BA - CAMPO FORMOSO","tipo":"Munic\u00edpio","url":"\/dashboard\/details-assets\/3a85076f-be47-4ddf-b123-cb1288764eb6"},"geometry":{"type":"Point","coordinates":[-40.318821,-10.505662]}},{"type":"Feature","properties":{"municipio":"3888d660-b91f-42bf-9555-3422b8d3ad46","title":"BA - CAMAMU","name":"BA - CAMAMU","tipo":"Munic\u00edpio","url":"\/dashboard\/details-assets\/3888d660-b91f-42bf-9555-3422b8d3ad46"},"geometry":{"type":"Point","coordinates":[-39.10057,-13.947076]}},{"type":"Feature","properties":{"municipio":"7d605700-b011-45c3-b052-505ab99b8a05","title":"BA - CAMACARI","name":"BA - CAMACARI","tipo":"Munic\u00edpio","url":"\/dashboard\/details-assets\/7d605700-b011-45c3-b052-505ab99b8a05"},"geometry":{"type":"Point","coordinates":[-38.32574,-12.698817]}},{"type":"Feature","properties":{"municipio":"a91b578a-e958-4cac-a236-ec88f0cd6e9c","title":"BA - CAMACAN","name":"BA - CAMACAN","tipo":"Munic\u00edpio","url":"\/dashboard\/details-assets\/a91b578a-e958-4cac-a236-ec88f0cd6e9c"},"geometry":{"type":"Point","coordinates":[-39.496367,-15.417627]}},{"type":"Feature","properties":{"municipio":"af57dca6-7c87-4696-b2ed-eb2f8304a8c1","title":"BA - CAIRU","name":"BA - CAIRU","tipo":"Munic\u00edpio","url":"\/dashboard\/details-assets\/af57dca6-7c87-4696-b2ed-eb2f8304a8c1"},"geometry":{"type":"Point","coordinates":[-39.043889,-13.486944]}},{"type":"Feature","properties":{"municipio":"9c9b8beb-340e-4238-9e62-8cad28145c4e","title":"BA - CAETITE","name":"BA - CAETITE","tipo":"Munic\u00edpio","url":"\/dashboard\/details-assets\/9c9b8beb-340e-4238-9e62-8cad28145c4e"},"geometry":{"type":"Point","coordinates":[-42.485711,-14.066754]}},{"type":"Feature","properties":{"municipio":"1c997869-a09f-4638-a885-89d2aa95222a","title":"BA - CACULE","name":"BA - CACULE","tipo":"Munic\u00edpio","url":"\/dashboard\/details-assets\/1c997869-a09f-4638-a885-89d2aa95222a"},"geometry":{"type":"Point","coordinates":[-42.221414,-14.504206]}},{"type":"Feature","properties":{"municipio":"eddb21d2-7ace-48f9-abd9-e2a97c897889","title":"BA - CACHOEIRA","name":"BA - CACHOEIRA","tipo":"Munic\u00edpio","url":"\/dashboard\/details-assets\/eddb21d2-7ace-48f9-abd9-e2a97c897889"},"geometry":{"type":"Point","coordinates":[-38.969398,-12.596211]}},{"type":"Feature","properties":{"municipio":"5dbc0215-cb5c-46dc-bdff-96f5e91c3322","title":"BA - BURITIRAMA","name":"BA - BURITIRAMA","tipo":"Munic\u00edpio","url":"\/dashboard\/details-assets\/5dbc0215-cb5c-46dc-bdff-96f5e91c3322"},"geometry":{"type":"Point","coordinates":[-43.630833,-10.707778]}},{"type":"Feature","properties":{"municipio":"4004dacf-1510-4aac-9f4c-7b3e86e16e94","title":"BA - BUERAREMA","name":"BA - BUERAREMA","tipo":"Munic\u00edpio","url":"\/dashboard\/details-assets\/4004dacf-1510-4aac-9f4c-7b3e86e16e94"},"geometry":{"type":"Point","coordinates":[-39.30252,-14.956441]}},{"type":"Feature","properties":{"municipio":"0a52a75f-4e7e-4582-942a-68ba2e888938","title":"BA - BRUMADO","name":"BA - BRUMADO","tipo":"Munic\u00edpio","url":"\/dashboard\/details-assets\/0a52a75f-4e7e-4582-942a-68ba2e888938"},"geometry":{"type":"Point","coordinates":[-41.66707,-14.205438]}},{"type":"Feature","properties":{"municipio":"9ccfcfcf-c51f-4efd-aabe-f04b5969f3a5","title":"BA - BROTAS DE MACAUBAS","name":"BA - BROTAS DE MACAUBAS","tipo":"Munic\u00edpio","url":"\/dashboard\/details-assets\/9ccfcfcf-c51f-4efd-aabe-f04b5969f3a5"},"geometry":{"type":"Point","coordinates":[-42.624691,-12.002636]}},{"type":"Feature","properties":{"municipio":"43f01717-d390-4a3f-bc95-ad0daec0dea5","title":"BA - BREJOES","name":"BA - BREJOES","tipo":"Munic\u00edpio","url":"\/dashboard\/details-assets\/43f01717-d390-4a3f-bc95-ad0daec0dea5"},"geometry":{"type":"Point","coordinates":[-39.846712,-13.081517]}},{"type":"Feature","properties":{"municipio":"37d4fc05-b3a3-476e-93be-f903b3ab0c35","title":"BA - BOQUIRA","name":"BA - BOQUIRA","tipo":"Munic\u00edpio","url":"\/dashboard\/details-assets\/37d4fc05-b3a3-476e-93be-f903b3ab0c35"},"geometry":{"type":"Point","coordinates":[-42.730115,-12.820823]}},{"type":"Feature","properties":{"municipio":"4a4285e1-eee0-4d21-ae17-ea9019be9321","title":"BA - BELMONTE","name":"BA - BELMONTE","tipo":"Munic\u00edpio","url":"\/dashboard\/details-assets\/4a4285e1-eee0-4d21-ae17-ea9019be9321"},"geometry":{"type":"Point","coordinates":[-38.8725,-15.871389]}},{"type":"Feature","properties":{"municipio":"359809ca-6ad0-429f-84b4-1ed2c0a7444e","title":"BA - BOM JESUS DA LAPA","name":"BA - BOM JESUS DA LAPA","tipo":"Munic\u00edpio","url":"\/dashboard\/details-assets\/359809ca-6ad0-429f-84b4-1ed2c0a7444e"},"geometry":{"type":"Point","coordinates":[-43.417142,-13.254114]}},{"type":"Feature","properties":{"municipio":"123bedd1-a27b-459f-a06d-8fbcc2cdb4a3","title":"BA - BARRA DO CHOCA","name":"BA - BARRA DO CHOCA","tipo":"Munic\u00edpio","url":"\/dashboard\/details-assets\/123bedd1-a27b-459f-a06d-8fbcc2cdb4a3"},"geometry":{"type":"Point","coordinates":[-40.576373,-14.864273]}},{"type":"Feature","properties":{"municipio":"be374817-9a35-4ff7-8162-20cc840d3cf6","title":"BA - BARREIRAS","name":"BA - BARREIRAS","tipo":"Munic\u00edpio","url":"\/dashboard\/details-assets\/be374817-9a35-4ff7-8162-20cc840d3cf6"},"geometry":{"type":"Point","coordinates":[-45.004168,-12.144925]}},{"type":"Feature","properties":{"municipio":"350a85fd-fbe7-4524-b293-97338d064aa9","title":"BA - BARRA DA ESTIVA","name":"BA - BARRA DA ESTIVA","tipo":"Munic\u00edpio","url":"\/dashboard\/details-assets\/350a85fd-fbe7-4524-b293-97338d064aa9"},"geometry":{"type":"Point","coordinates":[-41.331696,-13.620205]}},{"type":"Feature","properties":{"municipio":"40d26efc-031d-4f50-a937-8b53c3bd655d","title":"BA - BARRA","name":"BA - BARRA","tipo":"Munic\u00edpio","url":"\/dashboard\/details-assets\/40d26efc-031d-4f50-a937-8b53c3bd655d"},"geometry":{"type":"Point","coordinates":[-43.143639,-11.088955]}},{"type":"Feature","properties":{"municipio":"4d8ebb33-f866-4b6e-9264-450d45994883","title":"BA - BAIXA GRANDE","name":"BA - BAIXA GRANDE","tipo":"Munic\u00edpio","url":"\/dashboard\/details-assets\/4d8ebb33-f866-4b6e-9264-450d45994883"},"geometry":{"type":"Point","coordinates":[-40.166861,-11.959357]}},{"type":"Feature","properties":{"municipio":"cf678771-a579-430c-b08a-1a5d17dd2cf7","title":"BA - ARACI","name":"BA - ARACI","tipo":"Munic\u00edpio","url":"\/dashboard\/details-assets\/cf678771-a579-430c-b08a-1a5d17dd2cf7"},"geometry":{"type":"Point","coordinates":[-38.960958,-11.335728]}},{"type":"Feature","properties":{"municipio":"a1da5329-7738-4f80-b678-b85328a97ff9","title":"BA - ANDORINHA","name":"BA - ANDORINHA","tipo":"Munic\u00edpio","url":"\/dashboard\/details-assets\/a1da5329-7738-4f80-b678-b85328a97ff9"},"geometry":{"type":"Point","coordinates":[-39.839142,-10.348214]}},{"type":"Feature","properties":{"municipio":"c4349f11-6d67-4097-bbcd-d892f69c5291","title":"BA - ANDARAI","name":"BA - ANDARAI","tipo":"Munic\u00edpio","url":"\/dashboard\/details-assets\/c4349f11-6d67-4097-bbcd-d892f69c5291"},"geometry":{"type":"Point","coordinates":[-41.33,-12.8]}},{"type":"Feature","properties":{"municipio":"c7f4bdc3-eafa-4b6e-840f-fae906cdbd63","title":"BA - ANAGE","name":"BA - ANAGE","tipo":"Munic\u00edpio","url":"\/dashboard\/details-assets\/c7f4bdc3-eafa-4b6e-840f-fae906cdbd63"},"geometry":{"type":"Point","coordinates":[-41.127113,-14.611326]}},{"type":"Feature","properties":{"municipio":"fec4b1f5-5ad5-4c73-bfaf-2387e46f5f89","title":"BA - AMARGOSA","name":"BA - AMARGOSA","tipo":"Munic\u00edpio","url":"\/dashboard\/details-assets\/fec4b1f5-5ad5-4c73-bfaf-2387e46f5f89"},"geometry":{"type":"Point","coordinates":[-39.595558,-13.026223]}},{"type":"Feature","properties":{"municipio":"2ba75a57-59e2-41fc-a546-d31c6321a52d","title":"BA - AMELIA RODRIGUES","name":"BA - AMELIA RODRIGUES","tipo":"Munic\u00edpio","url":"\/dashboard\/details-assets\/2ba75a57-59e2-41fc-a546-d31c6321a52d"},"geometry":{"type":"Point","coordinates":[-38.755557,-12.400188]}},{"type":"Feature","properties":{"municipio":"92c2a574-46ca-4de2-91eb-2a2d1e48d31f","title":"BA - ALAGOINHAS","name":"BA - ALAGOINHAS","tipo":"Munic\u00edpio","url":"\/dashboard\/details-assets\/92c2a574-46ca-4de2-91eb-2a2d1e48d31f"},"geometry":{"type":"Point","coordinates":[-38.426334,-12.1344]}},{"type":"Feature","properties":{"municipio":"837d1aeb-28fd-46fb-916b-b2197decec04","title":"AP - VITORIA DO JARI","name":"AP - VITORIA DO JARI","tipo":"Munic\u00edpio","url":"\/dashboard\/details-assets\/837d1aeb-28fd-46fb-916b-b2197decec04"},"geometry":{"type":"Point","coordinates":[-52.423889,-0.937778]}},{"type":"Feature","properties":{"municipio":"550c6c1b-f16d-4de6-90cc-3a8451221ffa","title":"AP - TARTARUGALZINHO","name":"AP - TARTARUGALZINHO","tipo":"Munic\u00edpio","url":"\/dashboard\/details-assets\/550c6c1b-f16d-4de6-90cc-3a8451221ffa"},"geometry":{"type":"Point","coordinates":[-50.911788,1.504862]}},{"type":"Feature","properties":{"municipio":"db208864-c842-43b7-8c9b-1aff405dc8bf","title":"AP - SANTANA","name":"AP - SANTANA","tipo":"Munic\u00edpio","url":"\/dashboard\/details-assets\/db208864-c842-43b7-8c9b-1aff405dc8bf"},"geometry":{"type":"Point","coordinates":[-51.442133,0.072828]}},{"type":"Feature","properties":{"municipio":"89d324c7-c48d-4d39-89e8-026f9dbe23a6","title":"AP - OIAPOQUE","name":"AP - OIAPOQUE","tipo":"Munic\u00edpio","url":"\/dashboard\/details-assets\/89d324c7-c48d-4d39-89e8-026f9dbe23a6"},"geometry":{"type":"Point","coordinates":[-51.832228,3.844121]}},{"type":"Feature","properties":{"municipio":"aa2af5e9-b8a7-4a8d-a6ec-a38177076506","title":"AP - PORTO GRANDE","name":"AP - PORTO GRANDE","tipo":"Munic\u00edpio","url":"\/dashboard\/details-assets\/aa2af5e9-b8a7-4a8d-a6ec-a38177076506"},"geometry":{"type":"Point","coordinates":[-51.410037,0.709929]}},{"type":"Feature","properties":{"municipio":"4d99c67e-dec7-450e-a2fa-d697268fc16b","title":"AP - MAZAGAO","name":"AP - MAZAGAO","tipo":"Munic\u00edpio","url":"\/dashboard\/details-assets\/4d99c67e-dec7-450e-a2fa-d697268fc16b"},"geometry":{"type":"Point","coordinates":[-51.286285,-0.11473]}},{"type":"Feature","properties":{"municipio":"21d9f886-6037-495e-9a55-1cb78e6c5dc2","title":"AP - MACAPA","name":"AP - MACAPA","tipo":"Munic\u00edpio","url":"\/dashboard\/details-assets\/21d9f886-6037-495e-9a55-1cb78e6c5dc2"},"geometry":{"type":"Point","coordinates":[-51.057405,0.038951]}},{"type":"Feature","properties":{"municipio":"deece16a-3d57-40a6-9449-92baeca0bae6","title":"AP - LARANJAL DO JARI","name":"AP - LARANJAL DO JARI","tipo":"Munic\u00edpio","url":"\/dashboard\/details-assets\/deece16a-3d57-40a6-9449-92baeca0bae6"},"geometry":{"type":"Point","coordinates":[-52.539021,-0.855664]}},{"type":"Feature","properties":{"municipio":"48486e2c-2c9d-4cba-9c2e-315bd172a729","title":"AP - CALCOENE","name":"AP - CALCOENE","tipo":"Munic\u00edpio","url":"\/dashboard\/details-assets\/48486e2c-2c9d-4cba-9c2e-315bd172a729"},"geometry":{"type":"Point","coordinates":[-50.949,2.498]}},{"type":"Feature","properties":{"municipio":"2e58b4d3-e92a-41ba-b0a7-09546c3b783f","title":"AP - PEDRA BRANCA DO AMAPARI","name":"AP - PEDRA BRANCA DO AMAPARI","tipo":"Munic\u00edpio","url":"\/dashboard\/details-assets\/2e58b4d3-e92a-41ba-b0a7-09546c3b783f"},"geometry":{"type":"Point","coordinates":[-51.944,0.778]}},{"type":"Feature","properties":{"municipio":"2ad93e49-c5e1-4036-a361-52f611ecf7a7","title":"AP - AMAPA","name":"AP - AMAPA","tipo":"Munic\u00edpio","url":"\/dashboard\/details-assets\/2ad93e49-c5e1-4036-a361-52f611ecf7a7"},"geometry":{"type":"Point","coordinates":[-51.847902,1.790398]}},{"type":"Feature","properties":{"municipio":"9bd824c5-b327-4d45-a765-f8ff2d896b0a","title":"AM - URUCARA","name":"AM - URUCARA","tipo":"Munic\u00edpio","url":"\/dashboard\/details-assets\/9bd824c5-b327-4d45-a765-f8ff2d896b0a"},"geometry":{"type":"Point","coordinates":[-57.759828,-2.536612]}},{"type":"Feature","properties":{"municipio":"6ff1832f-4fe7-4bd7-ac33-7e7af158131d","title":"AM - URUCURITUBA","name":"AM - URUCURITUBA","tipo":"Munic\u00edpio","url":"\/dashboard\/details-assets\/6ff1832f-4fe7-4bd7-ac33-7e7af158131d"},"geometry":{"type":"Point","coordinates":[-58.159641,-3.134633]}},{"type":"Feature","properties":{"municipio":"c8bb468f-cab5-44bd-a90c-042b0fcdd078","title":"AM - UARINI","name":"AM - UARINI","tipo":"Munic\u00edpio","url":"\/dashboard\/details-assets\/c8bb468f-cab5-44bd-a90c-042b0fcdd078"},"geometry":{"type":"Point","coordinates":[-65.217961,-2.978969]}},{"type":"Feature","properties":{"municipio":"080d6b16-e966-4156-a31f-50ecb95f6c62","title":"AM - TEFE","name":"AM - TEFE","tipo":"Munic\u00edpio","url":"\/dashboard\/details-assets\/080d6b16-e966-4156-a31f-50ecb95f6c62"},"geometry":{"type":"Point","coordinates":[-64.70842,-3.348372]}},{"type":"Feature","properties":{"municipio":"17b41394-bc31-48b9-b571-61cb6a4eba66","title":"AM - TONANTINS","name":"AM - TONANTINS","tipo":"Munic\u00edpio","url":"\/dashboard\/details-assets\/17b41394-bc31-48b9-b571-61cb6a4eba66"},"geometry":{"type":"Point","coordinates":[-67.776482,-2.861091]}},{"type":"Feature","properties":{"municipio":"27e55641-b213-483a-a2bb-96b2f4a8dedc","title":"AM - TAPAUA","name":"AM - TAPAUA","tipo":"Munic\u00edpio","url":"\/dashboard\/details-assets\/27e55641-b213-483a-a2bb-96b2f4a8dedc"},"geometry":{"type":"Point","coordinates":[-63.187095,-5.624224]}},{"type":"Feature","properties":{"municipio":"dde11163-3751-4275-96a4-8578ea3c5488","title":"AM - TABATINGA","name":"AM - TABATINGA","tipo":"Munic\u00edpio","url":"\/dashboard\/details-assets\/dde11163-3751-4275-96a4-8578ea3c5488"},"geometry":{"type":"Point","coordinates":[-69.946244,-4.231884]}},{"type":"Feature","properties":{"municipio":"a702edb7-d617-46f5-a5c8-8e91a9fc37e1","title":"AM - SILVES","name":"AM - SILVES","tipo":"Munic\u00edpio","url":"\/dashboard\/details-assets\/a702edb7-d617-46f5-a5c8-8e91a9fc37e1"},"geometry":{"type":"Point","coordinates":[-58.463,-2.846627]}},{"type":"Feature","properties":{"municipio":"014c8dd4-cfb0-4886-bffa-1ab7a02394b7","title":"AM - SAO PAULO DE OLIVENCA","name":"AM - SAO PAULO DE OLIVENCA","tipo":"Munic\u00edpio","url":"\/dashboard\/details-assets\/014c8dd4-cfb0-4886-bffa-1ab7a02394b7"},"geometry":{"type":"Point","coordinates":[-68.944853,-3.46651]}},{"type":"Feature","properties":{"municipio":"caac1a91-dd4b-42f6-b58d-db76bddc8ed4","title":"AM - SAO SEBASTIAO DO UATUMA","name":"AM - SAO SEBASTIAO DO UATUMA","tipo":"Munic\u00edpio","url":"\/dashboard\/details-assets\/caac1a91-dd4b-42f6-b58d-db76bddc8ed4"},"geometry":{"type":"Point","coordinates":[-57.87,-2.57]}},{"type":"Feature","properties":{"municipio":"2e54eaa1-a899-424b-8f19-cfddd9cb2547","title":"AM - SAO GABRIEL DA CACHOEIRA","name":"AM - SAO GABRIEL DA CACHOEIRA","tipo":"Munic\u00edpio","url":"\/dashboard\/details-assets\/2e54eaa1-a899-424b-8f19-cfddd9cb2547"},"geometry":{"type":"Point","coordinates":[-67.083643,-0.136463]}},{"type":"Feature","properties":{"municipio":"3a388b03-1ba6-4fc0-8c68-9b39382f5416","title":"AM - SANTO ANTONIO DO ICA","name":"AM - SANTO ANTONIO DO ICA","tipo":"Munic\u00edpio","url":"\/dashboard\/details-assets\/3a388b03-1ba6-4fc0-8c68-9b39382f5416"},"geometry":{"type":"Point","coordinates":[-67.946485,-3.107486]}},{"type":"Feature","properties":{"municipio":"2624ec12-b548-4751-ab9a-a68b926ddcf6","title":"AM - SANTA ISABEL DO RIO NEGRO","name":"AM - SANTA ISABEL DO RIO NEGRO","tipo":"Munic\u00edpio","url":"\/dashboard\/details-assets\/2624ec12-b548-4751-ab9a-a68b926ddcf6"},"geometry":{"type":"Point","coordinates":[-65.475736,-0.272553]}},{"type":"Feature","properties":{"municipio":"33ed9bde-72be-4d3e-8b3c-0b6e18cacfb5","title":"AM - RIO PRETO DA EVA","name":"AM - RIO PRETO DA EVA","tipo":"Munic\u00edpio","url":"\/dashboard\/details-assets\/33ed9bde-72be-4d3e-8b3c-0b6e18cacfb5"},"geometry":{"type":"Point","coordinates":[-59.704738,-2.693302]}},{"type":"Feature","properties":{"municipio":"592ed0da-d349-4794-ba58-acae3d5c8c93","title":"AM - PAUINI","name":"AM - PAUINI","tipo":"Munic\u00edpio","url":"\/dashboard\/details-assets\/592ed0da-d349-4794-ba58-acae3d5c8c93"},"geometry":{"type":"Point","coordinates":[-66.949651,-7.522301]}},{"type":"Feature","properties":{"municipio":"ead3c10b-8f43-4468-91f8-7f194911f546","title":"AM - PRESIDENTE FIGUEIREDO","name":"AM - PRESIDENTE FIGUEIREDO","tipo":"Munic\u00edpio","url":"\/dashboard\/details-assets\/ead3c10b-8f43-4468-91f8-7f194911f546"},"geometry":{"type":"Point","coordinates":[-60.025647,-2.058429]}},{"type":"Feature","properties":{"municipio":"42b42b52-1f89-4cd5-a9d9-f3390b825147","title":"AM - PARINTINS","name":"AM - PARINTINS","tipo":"Munic\u00edpio","url":"\/dashboard\/details-assets\/42b42b52-1f89-4cd5-a9d9-f3390b825147"},"geometry":{"type":"Point","coordinates":[-56.736292,-2.627053]}},{"type":"Feature","properties":{"municipio":"d6533688-bdd5-4009-9cba-398773af63e6","title":"AM - NOVO AIRAO","name":"AM - NOVO AIRAO","tipo":"Munic\u00edpio","url":"\/dashboard\/details-assets\/d6533688-bdd5-4009-9cba-398773af63e6"},"geometry":{"type":"Point","coordinates":[-60.948811,-2.623432]}},{"type":"Feature","properties":{"municipio":"94f18f33-a0aa-425b-acb4-b7fb11ac143c","title":"AM - NOVO ARIPUANA","name":"AM - NOVO ARIPUANA","tipo":"Munic\u00edpio","url":"\/dashboard\/details-assets\/94f18f33-a0aa-425b-acb4-b7fb11ac143c"},"geometry":{"type":"Point","coordinates":[-60.377046,-5.122669]}},{"type":"Feature","properties":{"municipio":"ddc0ed69-c568-45a0-b2da-95816aa85748","title":"AM - NOVA OLINDA DO NORTE","name":"AM - NOVA OLINDA DO NORTE","tipo":"Munic\u00edpio","url":"\/dashboard\/details-assets\/ddc0ed69-c568-45a0-b2da-95816aa85748"},"geometry":{"type":"Point","coordinates":[-59.093074,-3.887593]}},{"type":"Feature","properties":{"municipio":"430531d5-3f92-4226-bbf0-f93d4d4916f4","title":"AM - NHAMUNDA","name":"AM - NHAMUNDA","tipo":"Munic\u00edpio","url":"\/dashboard\/details-assets\/430531d5-3f92-4226-bbf0-f93d4d4916f4"},"geometry":{"type":"Point","coordinates":[-56.71677,-2.188984]}},{"type":"Feature","properties":{"municipio":"ad2e2315-b89b-4b6c-80c3-7c9f339aab91","title":"AM - MAUES","name":"AM - MAUES","tipo":"Munic\u00edpio","url":"\/dashboard\/details-assets\/ad2e2315-b89b-4b6c-80c3-7c9f339aab91"},"geometry":{"type":"Point","coordinates":[-57.715034,-3.386428]}},{"type":"Feature","properties":{"municipio":"4b811ee8-43a8-4a39-b273-59ad2e5939bc","title":"AM - MARAA","name":"AM - MARAA","tipo":"Munic\u00edpio","url":"\/dashboard\/details-assets\/4b811ee8-43a8-4a39-b273-59ad2e5939bc"},"geometry":{"type":"Point","coordinates":[-65.352417,-1.769448]}},{"type":"Feature","properties":{"municipio":"03ba25aa-8268-4260-ace9-88c898f43c96","title":"AM - MANICORE","name":"AM - MANICORE","tipo":"Munic\u00edpio","url":"\/dashboard\/details-assets\/03ba25aa-8268-4260-ace9-88c898f43c96"},"geometry":{"type":"Point","coordinates":[-61.299248,-5.813205]}},{"type":"Feature","properties":{"municipio":"808e9f21-da48-4207-a76f-13c172bb9bb3","title":"AM - MANAQUIRI","name":"AM - MANAQUIRI","tipo":"Munic\u00edpio","url":"\/dashboard\/details-assets\/808e9f21-da48-4207-a76f-13c172bb9bb3"},"geometry":{"type":"Point","coordinates":[-60.458881,-3.42908]}},{"type":"Feature","properties":{"municipio":"46dac185-48cc-4626-84f8-f675766f9f34","title":"AM - MANAUS","name":"AM - MANAUS","tipo":"Munic\u00edpio","url":"\/dashboard\/details-assets\/46dac185-48cc-4626-84f8-f675766f9f34"},"geometry":{"type":"Point","coordinates":[-60.023335,-3.134691]}},{"type":"Feature","properties":{"municipio":"770fca4f-06d7-4fb7-af11-97f62ad71aa7","title":"AM - MANACAPURU","name":"AM - MANACAPURU","tipo":"Munic\u00edpio","url":"\/dashboard\/details-assets\/770fca4f-06d7-4fb7-af11-97f62ad71aa7"},"geometry":{"type":"Point","coordinates":[-60.620589,-3.298278]}},{"type":"Feature","properties":{"municipio":"cdece63b-ff11-4733-9e4c-b555ebf90f02","title":"AM - LABREA","name":"AM - LABREA","tipo":"Munic\u00edpio","url":"\/dashboard\/details-assets\/cdece63b-ff11-4733-9e4c-b555ebf90f02"},"geometry":{"type":"Point","coordinates":[-64.794773,-7.261947]}},{"type":"Feature","properties":{"municipio":"548baab7-ba02-4f43-89ea-348bbf2475df","title":"AM - JUTAI","name":"AM - JUTAI","tipo":"Munic\u00edpio","url":"\/dashboard\/details-assets\/548baab7-ba02-4f43-89ea-348bbf2475df"},"geometry":{"type":"Point","coordinates":[-68.89825,-5.035913]}},{"type":"Feature","properties":{"municipio":"e7249140-0530-4659-8d9b-9bdd722899aa","title":"AM - JURUA","name":"AM - JURUA","tipo":"Munic\u00edpio","url":"\/dashboard\/details-assets\/e7249140-0530-4659-8d9b-9bdd722899aa"},"geometry":{"type":"Point","coordinates":[-66.06,-3.47]}},{"type":"Feature","properties":{"municipio":"ac61ff99-1cac-4ee4-98c4-c96acea2dbef","title":"AM - JAPURA","name":"AM - JAPURA","tipo":"Munic\u00edpio","url":"\/dashboard\/details-assets\/ac61ff99-1cac-4ee4-98c4-c96acea2dbef"},"geometry":{"type":"Point","coordinates":[-68.622976,-1.762334]}},{"type":"Feature","properties":{"municipio":"258e24a3-c288-40a0-a236-548ed87e709c","title":"AM - ITAPIRANGA","name":"AM - ITAPIRANGA","tipo":"Munic\u00edpio","url":"\/dashboard\/details-assets\/258e24a3-c288-40a0-a236-548ed87e709c"},"geometry":{"type":"Point","coordinates":[-58.021944,-2.748889]}},{"type":"Feature","properties":{"municipio":"6bd60128-7d25-4e06-a4c7-bb52a2f9bf7e","title":"AM - ITAMARATI","name":"AM - ITAMARATI","tipo":"Munic\u00edpio","url":"\/dashboard\/details-assets\/6bd60128-7d25-4e06-a4c7-bb52a2f9bf7e"},"geometry":{"type":"Point","coordinates":[-67.952363,-6.739067]}},{"type":"Feature","properties":{"municipio":"62ae0a8b-a9a8-4264-a82c-ead8ac75f0e7","title":"AM - ITACOATIARA","name":"AM - ITACOATIARA","tipo":"Munic\u00edpio","url":"\/dashboard\/details-assets\/62ae0a8b-a9a8-4264-a82c-ead8ac75f0e7"},"geometry":{"type":"Point","coordinates":[-58.440175,-3.140379]}},{"type":"Feature","properties":{"municipio":"6cb2fc88-cc7e-4dfe-b63d-b0b6e55d392c","title":"AM - IPIXUNA","name":"AM - IPIXUNA","tipo":"Munic\u00edpio","url":"\/dashboard\/details-assets\/6cb2fc88-cc7e-4dfe-b63d-b0b6e55d392c"},"geometry":{"type":"Point","coordinates":[-71.693988,-7.047935]}},{"type":"Feature","properties":{"municipio":"b27052a8-a7c5-4963-9e54-afb75d866892","title":"AM - IRANDUBA","name":"AM - IRANDUBA","tipo":"Munic\u00edpio","url":"\/dashboard\/details-assets\/b27052a8-a7c5-4963-9e54-afb75d866892"},"geometry":{"type":"Point","coordinates":[-60.193388,-3.281054]}},{"type":"Feature","properties":{"municipio":"cf0cfd8b-61e1-40fa-b355-3a9126861b97","title":"AM - HUMAITA","name":"AM - HUMAITA","tipo":"Munic\u00edpio","url":"\/dashboard\/details-assets\/cf0cfd8b-61e1-40fa-b355-3a9126861b97"},"geometry":{"type":"Point","coordinates":[-63.034916,-7.48775]}},{"type":"Feature","properties":{"municipio":"03015c9b-7920-492f-baf8-9aa4c74ae896","title":"AM - ENVIRA","name":"AM - ENVIRA","tipo":"Munic\u00edpio","url":"\/dashboard\/details-assets\/03015c9b-7920-492f-baf8-9aa4c74ae896"},"geometry":{"type":"Point","coordinates":[-69.859741,-7.478281]}},{"type":"Feature","properties":{"municipio":"ad537cbb-6d55-4a01-a26c-a1f75ccbc3a5","title":"AM - FONTE BOA","name":"AM - FONTE BOA","tipo":"Munic\u00edpio","url":"\/dashboard\/details-assets\/ad537cbb-6d55-4a01-a26c-a1f75ccbc3a5"},"geometry":{"type":"Point","coordinates":[-66.096503,-2.512271]}},{"type":"Feature","properties":{"municipio":"09346827-b5cc-458f-ab60-141ae4c148dc","title":"AM - EIRUNEPE","name":"AM - EIRUNEPE","tipo":"Munic\u00edpio","url":"\/dashboard\/details-assets\/09346827-b5cc-458f-ab60-141ae4c148dc"},"geometry":{"type":"Point","coordinates":[-69.86629,-6.667353]}},{"type":"Feature","properties":{"municipio":"b0e700fc-4efc-430a-8739-9615b7d4a653","title":"AM - CODAJAS","name":"AM - CODAJAS","tipo":"Munic\u00edpio","url":"\/dashboard\/details-assets\/b0e700fc-4efc-430a-8739-9615b7d4a653"},"geometry":{"type":"Point","coordinates":[-62.06343,-3.843046]}},{"type":"Feature","properties":{"municipio":"da913447-2ab1-4c3c-934f-9eb034a3b412","title":"AM - COARI","name":"AM - COARI","tipo":"Munic\u00edpio","url":"\/dashboard\/details-assets\/da913447-2ab1-4c3c-934f-9eb034a3b412"},"geometry":{"type":"Point","coordinates":[-63.142184,-4.084219]}},{"type":"Feature","properties":{"municipio":"b993b0a7-07b0-4cdf-93e7-f914bb8768a3","title":"AM - CAREIRO DA VARZEA","name":"AM - CAREIRO DA VARZEA","tipo":"Munic\u00edpio","url":"\/dashboard\/details-assets\/b993b0a7-07b0-4cdf-93e7-f914bb8768a3"},"geometry":{"type":"Point","coordinates":[-59.826314,-3.197397]}},{"type":"Feature","properties":{"municipio":"c4debac2-40d3-456d-b686-fecf3c152c47","title":"AM - CAREIRO","name":"AM - CAREIRO","tipo":"Munic\u00edpio","url":"\/dashboard\/details-assets\/c4debac2-40d3-456d-b686-fecf3c152c47"},"geometry":{"type":"Point","coordinates":[-60.361227,-3.819458]}},{"type":"Feature","properties":{"municipio":"b86621e1-2402-4af7-81b0-6bb0a95cecc2","title":"AM - CARAUARI","name":"AM - CARAUARI","tipo":"Munic\u00edpio","url":"\/dashboard\/details-assets\/b86621e1-2402-4af7-81b0-6bb0a95cecc2"},"geometry":{"type":"Point","coordinates":[-66.896635,-4.881666]}},{"type":"Feature","properties":{"municipio":"b7ba1988-ff4f-49ef-a365-3903135c5b55","title":"AM - CANUTAMA","name":"AM - CANUTAMA","tipo":"Munic\u00edpio","url":"\/dashboard\/details-assets\/b7ba1988-ff4f-49ef-a365-3903135c5b55"},"geometry":{"type":"Point","coordinates":[-64.399241,-6.488174]}},{"type":"Feature","properties":{"municipio":"b6fb13bf-2c3a-48de-b268-a83a82cff28d","title":"AM - CAAPIRANGA","name":"AM - CAAPIRANGA","tipo":"Munic\u00edpio","url":"\/dashboard\/details-assets\/b6fb13bf-2c3a-48de-b268-a83a82cff28d"},"geometry":{"type":"Point","coordinates":[-61.217759,-3.306577]}},{"type":"Feature","properties":{"municipio":"8155f427-a630-4aff-aebf-9687709c6aac","title":"AM - BORBA","name":"AM - BORBA","tipo":"Munic\u00edpio","url":"\/dashboard\/details-assets\/8155f427-a630-4aff-aebf-9687709c6aac"},"geometry":{"type":"Point","coordinates":[-59.594559,-4.39062]}},{"type":"Feature","properties":{"municipio":"5bf441c2-1727-413e-b767-284965443c8b","title":"AM - BOCA DO ACRE","name":"AM - BOCA DO ACRE","tipo":"Munic\u00edpio","url":"\/dashboard\/details-assets\/5bf441c2-1727-413e-b767-284965443c8b"},"geometry":{"type":"Point","coordinates":[-67.399578,-8.751243]}},{"type":"Feature","properties":{"municipio":"5e2a9854-533f-43c7-84ec-f2b124f99483","title":"AM - BOA VISTA DO RAMOS","name":"AM - BOA VISTA DO RAMOS","tipo":"Munic\u00edpio","url":"\/dashboard\/details-assets\/5e2a9854-533f-43c7-84ec-f2b124f99483"},"geometry":{"type":"Point","coordinates":[-57.587707,-2.971727]}},{"type":"Feature","properties":{"municipio":"e015c087-68e7-4baa-8843-d91a4bd9edc5","title":"AM - BERURI","name":"AM - BERURI","tipo":"Munic\u00edpio","url":"\/dashboard\/details-assets\/e015c087-68e7-4baa-8843-d91a4bd9edc5"},"geometry":{"type":"Point","coordinates":[-61.887732,-4.612894]}},{"type":"Feature","properties":{"municipio":"78469845-5634-4755-a485-a99327d713e1","title":"AM - BENJAMIN CONSTANT","name":"AM - BENJAMIN CONSTANT","tipo":"Munic\u00edpio","url":"\/dashboard\/details-assets\/78469845-5634-4755-a485-a99327d713e1"},"geometry":{"type":"Point","coordinates":[-70.027348,-4.374989]}},{"type":"Feature","properties":{"municipio":"f44cab3f-1311-4f88-b3a5-ffb72a828411","title":"AM - BARREIRINHA","name":"AM - BARREIRINHA","tipo":"Munic\u00edpio","url":"\/dashboard\/details-assets\/f44cab3f-1311-4f88-b3a5-ffb72a828411"},"geometry":{"type":"Point","coordinates":[-57.06775,-2.79815]}},{"type":"Feature","properties":{"municipio":"7d84dc45-eb7c-4084-9777-8e3579a8d9c2","title":"AM - BARCELOS","name":"AM - BARCELOS","tipo":"Munic\u00edpio","url":"\/dashboard\/details-assets\/7d84dc45-eb7c-4084-9777-8e3579a8d9c2"},"geometry":{"type":"Point","coordinates":[-62.92567,-0.972801]}},{"type":"Feature","properties":{"municipio":"54354a58-6a4a-4a1e-93c3-842c03caa7e2","title":"AM - AUTAZES","name":"AM - AUTAZES","tipo":"Munic\u00edpio","url":"\/dashboard\/details-assets\/54354a58-6a4a-4a1e-93c3-842c03caa7e2"},"geometry":{"type":"Point","coordinates":[-59.133567,-3.578664]}},{"type":"Feature","properties":{"municipio":"d987006c-438f-48c4-b289-b4bcfaaed401","title":"AM - APUI","name":"AM - APUI","tipo":"Munic\u00edpio","url":"\/dashboard\/details-assets\/d987006c-438f-48c4-b289-b4bcfaaed401"},"geometry":{"type":"Point","coordinates":[-59.885666,-7.19787]}},{"type":"Feature","properties":{"municipio":"57e621ca-e29a-4b07-adda-4c8041e6b8aa","title":"AM - ANORI","name":"AM - ANORI","tipo":"Munic\u00edpio","url":"\/dashboard\/details-assets\/57e621ca-e29a-4b07-adda-4c8041e6b8aa"},"geometry":{"type":"Point","coordinates":[-61.658955,-3.745386]}},{"type":"Feature","properties":{"municipio":"f20d5195-6b9f-431f-9db7-a842471c2700","title":"AM - ANAMA","name":"AM - ANAMA","tipo":"Munic\u00edpio","url":"\/dashboard\/details-assets\/f20d5195-6b9f-431f-9db7-a842471c2700"},"geometry":{"type":"Point","coordinates":[-61.405903,-3.57637]}},{"type":"Feature","properties":{"municipio":"e3da7ea8-8276-45c3-bef6-cb47ef077349","title":"AM - ALVARAES","name":"AM - ALVARAES","tipo":"Munic\u00edpio","url":"\/dashboard\/details-assets\/e3da7ea8-8276-45c3-bef6-cb47ef077349"},"geometry":{"type":"Point","coordinates":[-64.813535,-3.216584]}},{"type":"Feature","properties":{"municipio":"d53f1ca5-de5f-442f-80ea-17d0360d1b92","title":"AM - AMATURA","name":"AM - AMATURA","tipo":"Munic\u00edpio","url":"\/dashboard\/details-assets\/d53f1ca5-de5f-442f-80ea-17d0360d1b92"},"geometry":{"type":"Point","coordinates":[-68.2,-3.36]}},{"type":"Feature","properties":{"municipio":"4384546f-e973-4d71-aade-8da2b1bdcd4f","title":"AL - VICOSA","name":"AL - VICOSA","tipo":"Munic\u00edpio","url":"\/dashboard\/details-assets\/4384546f-e973-4d71-aade-8da2b1bdcd4f"},"geometry":{"type":"Point","coordinates":[-36.244004,-9.347448]}},{"type":"Feature","properties":{"municipio":"63d70ea8-8a4c-45f7-ae7b-d81106c4fd5f","title":"AL - TRAIPU","name":"AL - TRAIPU","tipo":"Munic\u00edpio","url":"\/dashboard\/details-assets\/63d70ea8-8a4c-45f7-ae7b-d81106c4fd5f"},"geometry":{"type":"Point","coordinates":[-37.006006,-9.971059]}},{"type":"Feature","properties":{"municipio":"1cc304f0-38bf-4d19-8c36-237be2833d0e","title":"AL - UNIAO DOS PALMARES","name":"AL - UNIAO DOS PALMARES","tipo":"Munic\u00edpio","url":"\/dashboard\/details-assets\/1cc304f0-38bf-4d19-8c36-237be2833d0e"},"geometry":{"type":"Point","coordinates":[-36.033143,-9.159524]}},{"type":"Feature","properties":{"municipio":"c25e3e55-ea91-4d69-b0f8-3b0c92df9fe1","title":"AL - TEOTONIO VILELA","name":"AL - TEOTONIO VILELA","tipo":"Munic\u00edpio","url":"\/dashboard\/details-assets\/c25e3e55-ea91-4d69-b0f8-3b0c92df9fe1"},"geometry":{"type":"Point","coordinates":[-36.355563,-9.907498]}},{"type":"Feature","properties":{"municipio":"8d7f4b61-a7f0-4aaa-8f36-eab9b06787cb","title":"AL - SAO MIGUEL DOS CAMPOS","name":"AL - SAO MIGUEL DOS CAMPOS","tipo":"Munic\u00edpio","url":"\/dashboard\/details-assets\/8d7f4b61-a7f0-4aaa-8f36-eab9b06787cb"},"geometry":{"type":"Point","coordinates":[-36.094264,-9.779935]}},{"type":"Feature","properties":{"municipio":"8b70fd15-e7ce-4e5e-abc5-2e7e0aa9e00b","title":"AL - SAO LUIS DO QUITUNDE","name":"AL - SAO LUIS DO QUITUNDE","tipo":"Munic\u00edpio","url":"\/dashboard\/details-assets\/8b70fd15-e7ce-4e5e-abc5-2e7e0aa9e00b"},"geometry":{"type":"Point","coordinates":[-35.565491,-9.314117]}},{"type":"Feature","properties":{"municipio":"74c13b9e-7f9a-4a15-90ef-75e1876c8cb2","title":"AL - SAO JOSE DA TAPERA","name":"AL - SAO JOSE DA TAPERA","tipo":"Munic\u00edpio","url":"\/dashboard\/details-assets\/74c13b9e-7f9a-4a15-90ef-75e1876c8cb2"},"geometry":{"type":"Point","coordinates":[-37.383708,-9.549396]}},{"type":"Feature","properties":{"municipio":"cd0e760c-a94e-4c44-b1ee-e11a1acac33e","title":"AL - SANTANA DO IPANEMA","name":"AL - SANTANA DO IPANEMA","tipo":"Munic\u00edpio","url":"\/dashboard\/details-assets\/cd0e760c-a94e-4c44-b1ee-e11a1acac33e"},"geometry":{"type":"Point","coordinates":[-37.245407,-9.372284]}},{"type":"Feature","properties":{"municipio":"af878474-4bf2-47f1-99d6-67327567203f","title":"AL - RIO LARGO","name":"AL - RIO LARGO","tipo":"Munic\u00edpio","url":"\/dashboard\/details-assets\/af878474-4bf2-47f1-99d6-67327567203f"},"geometry":{"type":"Point","coordinates":[-35.852422,-9.486158]}},{"type":"Feature","properties":{"municipio":"85a485a4-f89c-496f-875c-be89a2960941","title":"AL - PORTO CALVO","name":"AL - PORTO CALVO","tipo":"Munic\u00edpio","url":"\/dashboard\/details-assets\/85a485a4-f89c-496f-875c-be89a2960941"},"geometry":{"type":"Point","coordinates":[-35.398334,-9.052448]}},{"type":"Feature","properties":{"municipio":"e5c529b8-7f3c-4d6b-ab09-d1e304d91fec","title":"AL - PENEDO","name":"AL - PENEDO","tipo":"Munic\u00edpio","url":"\/dashboard\/details-assets\/e5c529b8-7f3c-4d6b-ab09-d1e304d91fec"},"geometry":{"type":"Point","coordinates":[-36.58046,-10.29611]}},{"type":"Feature","properties":{"municipio":"776284df-8069-4878-bb5c-a52750ebf1f1","title":"AL - PILAR","name":"AL - PILAR","tipo":"Munic\u00edpio","url":"\/dashboard\/details-assets\/776284df-8069-4878-bb5c-a52750ebf1f1"},"geometry":{"type":"Point","coordinates":[-35.948518,-9.606894]}},{"type":"Feature","properties":{"municipio":"01a2016d-0513-4985-91b9-fdfdc37e9fb9","title":"AL - PALMEIRA DOS INDIOS","name":"AL - PALMEIRA DOS INDIOS","tipo":"Munic\u00edpio","url":"\/dashboard\/details-assets\/01a2016d-0513-4985-91b9-fdfdc37e9fb9"},"geometry":{"type":"Point","coordinates":[-36.630984,-9.406159]}},{"type":"Feature","properties":{"municipio":"3ddf87e9-a631-4552-8b5f-167d1f6afb31","title":"AL - OLHO DAGUA DAS FLORES","name":"AL - OLHO DAGUA DAS FLORES","tipo":"Munic\u00edpio","url":"\/dashboard\/details-assets\/3ddf87e9-a631-4552-8b5f-167d1f6afb31"},"geometry":{"type":"Point","coordinates":[-37.297891,-9.533601]}},{"type":"Feature","properties":{"municipio":"9f964eee-20ba-4140-a979-d04e1b794990","title":"AL - MATA GRANDE","name":"AL - MATA GRANDE","tipo":"Munic\u00edpio","url":"\/dashboard\/details-assets\/9f964eee-20ba-4140-a979-d04e1b794990"},"geometry":{"type":"Point","coordinates":[-37.73,-9.12]}},{"type":"Feature","properties":{"municipio":"9bb11068-73bb-4cf8-9746-38cf7642f4ff","title":"AL - MARECHAL DEODORO","name":"AL - MARECHAL DEODORO","tipo":"Munic\u00edpio","url":"\/dashboard\/details-assets\/9bb11068-73bb-4cf8-9746-38cf7642f4ff"},"geometry":{"type":"Point","coordinates":[-35.898396,-9.707366]}},{"type":"Feature","properties":{"municipio":"1ecf6bff-6fe2-443f-aeaa-0fafd060e58d","title":"AL - MACEIO","name":"AL - MACEIO","tipo":"Munic\u00edpio","url":"\/dashboard\/details-assets\/1ecf6bff-6fe2-443f-aeaa-0fafd060e58d"},"geometry":{"type":"Point","coordinates":[-35.70163,-9.660822]}},{"type":"Feature","properties":{"municipio":"e53608c2-4aef-4cb8-8978-981564d9ab28","title":"AL - IGACI","name":"AL - IGACI","tipo":"Munic\u00edpio","url":"\/dashboard\/details-assets\/e53608c2-4aef-4cb8-8978-981564d9ab28"},"geometry":{"type":"Point","coordinates":[-36.62816,-9.533689]}},{"type":"Feature","properties":{"municipio":"00cbe284-46c1-421b-a72e-0573391738ee","title":"AL - GIRAU DO PONCIANO","name":"AL - GIRAU DO PONCIANO","tipo":"Munic\u00edpio","url":"\/dashboard\/details-assets\/00cbe284-46c1-421b-a72e-0573391738ee"},"geometry":{"type":"Point","coordinates":[-36.830314,-9.887364]}},{"type":"Feature","properties":{"municipio":"667376c3-010c-4554-b6e8-ca39d2175e8e","title":"AL - DELMIRO GOUVEIA","name":"AL - DELMIRO GOUVEIA","tipo":"Munic\u00edpio","url":"\/dashboard\/details-assets\/667376c3-010c-4554-b6e8-ca39d2175e8e"},"geometry":{"type":"Point","coordinates":[-37.999233,-9.384574]}},{"type":"Feature","properties":{"municipio":"8061e854-165d-49de-8cd5-7053d0c89a81","title":"AL - CORURIPE","name":"AL - CORURIPE","tipo":"Munic\u00edpio","url":"\/dashboard\/details-assets\/8061e854-165d-49de-8cd5-7053d0c89a81"},"geometry":{"type":"Point","coordinates":[-36.176078,-10.126547]}},{"type":"Feature","properties":{"municipio":"45781622-7769-43f2-b5e9-4f1f94485b67","title":"AL - CAMPO ALEGRE","name":"AL - CAMPO ALEGRE","tipo":"Munic\u00edpio","url":"\/dashboard\/details-assets\/45781622-7769-43f2-b5e9-4f1f94485b67"},"geometry":{"type":"Point","coordinates":[-36.347734,-9.762693]}},{"type":"Feature","properties":{"municipio":"345dd2f4-cd6b-44db-a1a9-56a33e60f78a","title":"AL - BOCA DA MATA","name":"AL - BOCA DA MATA","tipo":"Munic\u00edpio","url":"\/dashboard\/details-assets\/345dd2f4-cd6b-44db-a1a9-56a33e60f78a"},"geometry":{"type":"Point","coordinates":[-36.211725,-9.645145]}},{"type":"Feature","properties":{"municipio":"ce0f94e8-cebd-4896-a2e1-681abd345d79","title":"AL - BATALHA","name":"AL - BATALHA","tipo":"Munic\u00edpio","url":"\/dashboard\/details-assets\/ce0f94e8-cebd-4896-a2e1-681abd345d79"},"geometry":{"type":"Point","coordinates":[-37.127092,-9.674593]}},{"type":"Feature","properties":{"municipio":"bdff3a01-a3a8-435d-afd7-ff70f17d867f","title":"AL - ATALAIA","name":"AL - ATALAIA","tipo":"Munic\u00edpio","url":"\/dashboard\/details-assets\/bdff3a01-a3a8-435d-afd7-ff70f17d867f"},"geometry":{"type":"Point","coordinates":[-36.02755,-9.507963]}},{"type":"Feature","properties":{"municipio":"0adba5f5-62c3-4343-a940-228e119777f9","title":"AL - ARAPIRACA","name":"AL - ARAPIRACA","tipo":"Munic\u00edpio","url":"\/dashboard\/details-assets\/0adba5f5-62c3-4343-a940-228e119777f9"},"geometry":{"type":"Point","coordinates":[-36.657297,-9.755907]}},{"type":"Feature","properties":{"municipio":"470bc352-e5bb-4107-a7bd-44518ac19757","title":"AL - AGUA BRANCA","name":"AL - AGUA BRANCA","tipo":"Munic\u00edpio","url":"\/dashboard\/details-assets\/470bc352-e5bb-4107-a7bd-44518ac19757"},"geometry":{"type":"Point","coordinates":[-37.935635,-9.262089]}},{"type":"Feature","properties":{"municipio":"8eb948d7-3b55-43d1-9680-0883cc1a063f","title":"AC - PORTO ACRE","name":"AC - PORTO ACRE","tipo":"Munic\u00edpio","url":"\/dashboard\/details-assets\/8eb948d7-3b55-43d1-9680-0883cc1a063f"},"geometry":{"type":"Point","coordinates":[-67.71391,-9.633365]}},{"type":"Feature","properties":{"municipio":"29117d8a-9aeb-48fc-b269-93092af314c7","title":"AC - TARAUACA","name":"AC - TARAUACA","tipo":"Munic\u00edpio","url":"\/dashboard\/details-assets\/29117d8a-9aeb-48fc-b269-93092af314c7"},"geometry":{"type":"Point","coordinates":[-70.755501,-8.155669]}},{"type":"Feature","properties":{"municipio":"e3654b57-7303-4f46-9b07-9856a25ca54a","title":"AC - XAPURI","name":"AC - XAPURI","tipo":"Munic\u00edpio","url":"\/dashboard\/details-assets\/e3654b57-7303-4f46-9b07-9856a25ca54a"},"geometry":{"type":"Point","coordinates":[-68.506295,-10.652072]}},{"type":"Feature","properties":{"municipio":"7e6533b3-9ca2-483d-9e5c-c0def9dadc83","title":"AC - SENA MADUREIRA","name":"AC - SENA MADUREIRA","tipo":"Munic\u00edpio","url":"\/dashboard\/details-assets\/7e6533b3-9ca2-483d-9e5c-c0def9dadc83"},"geometry":{"type":"Point","coordinates":[-68.655684,-9.06534]}},{"type":"Feature","properties":{"municipio":"e49e7e53-d23e-44cd-8505-231e47633600","title":"AC - SENADOR GUIOMARD","name":"AC - SENADOR GUIOMARD","tipo":"Munic\u00edpio","url":"\/dashboard\/details-assets\/e49e7e53-d23e-44cd-8505-231e47633600"},"geometry":{"type":"Point","coordinates":[-67.743172,-10.148174]}},{"type":"Feature","properties":{"municipio":"7c15ee9b-0576-42cb-ae1e-6f6b30a4c2fe","title":"AC - SANTA ROSA DO PURUS","name":"AC - SANTA ROSA DO PURUS","tipo":"Munic\u00edpio","url":"\/dashboard\/details-assets\/7c15ee9b-0576-42cb-ae1e-6f6b30a4c2fe"},"geometry":{"type":"Point","coordinates":[-70.145581,-9.071283]}},{"type":"Feature","properties":{"municipio":"56579705-1ad8-4910-b750-30448eab16a9","title":"AC - RIO BRANCO","name":"AC - RIO BRANCO","tipo":"Munic\u00edpio","url":"\/dashboard\/details-assets\/56579705-1ad8-4910-b750-30448eab16a9"},"geometry":{"type":"Point","coordinates":[-67.829853,-9.973437]}},{"type":"Feature","properties":{"municipio":"2e654dd8-6371-4dc3-bbd3-d9c71d50eb24","title":"AC - PORTO WALTER","name":"AC - PORTO WALTER","tipo":"Munic\u00edpio","url":"\/dashboard\/details-assets\/2e654dd8-6371-4dc3-bbd3-d9c71d50eb24"},"geometry":{"type":"Point","coordinates":[-72.742334,-8.266666]}},{"type":"Feature","properties":{"municipio":"113c6915-8f19-40c8-bcba-3c8fab1fd6a0","title":"AC - PLACIDO DE CASTRO","name":"AC - PLACIDO DE CASTRO","tipo":"Munic\u00edpio","url":"\/dashboard\/details-assets\/113c6915-8f19-40c8-bcba-3c8fab1fd6a0"},"geometry":{"type":"Point","coordinates":[-67.125486,-10.236726]}},{"type":"Feature","properties":{"municipio":"20ca560d-9988-445b-ae43-34cf5a56ee3f","title":"AC - MARECHAL THAUMATURGO","name":"AC - MARECHAL THAUMATURGO","tipo":"Munic\u00edpio","url":"\/dashboard\/details-assets\/20ca560d-9988-445b-ae43-34cf5a56ee3f"},"geometry":{"type":"Point","coordinates":[-72.790266,-8.953591]}},{"type":"Feature","properties":{"municipio":"f8acf093-06fe-4f0e-8d82-d23027aed1c4","title":"AC - JORDAO","name":"AC - JORDAO","tipo":"Munic\u00edpio","url":"\/dashboard\/details-assets\/f8acf093-06fe-4f0e-8d82-d23027aed1c4"},"geometry":{"type":"Point","coordinates":[-71.857133,-9.163488]}},{"type":"Feature","properties":{"municipio":"d45c4ee7-796c-4bdc-a00c-90a40e579972","title":"AC - MANCIO LIMA","name":"AC - MANCIO LIMA","tipo":"Munic\u00edpio","url":"\/dashboard\/details-assets\/d45c4ee7-796c-4bdc-a00c-90a40e579972"},"geometry":{"type":"Point","coordinates":[-72.916501,-7.593223]}},{"type":"Feature","properties":{"municipio":"319b697f-58b8-47f1-b6b4-878a908544b9","title":"AC - FEIJO","name":"AC - FEIJO","tipo":"Munic\u00edpio","url":"\/dashboard\/details-assets\/319b697f-58b8-47f1-b6b4-878a908544b9"},"geometry":{"type":"Point","coordinates":[-70.353984,-8.160248]}},{"type":"Feature","properties":{"municipio":"9306cd16-dc4e-4d23-9a47-b37bfdbadfc5","title":"AC - CRUZEIRO DO SUL","name":"AC - CRUZEIRO DO SUL","tipo":"Munic\u00edpio","url":"\/dashboard\/details-assets\/9306cd16-dc4e-4d23-9a47-b37bfdbadfc5"},"geometry":{"type":"Point","coordinates":[-72.672531,-7.63069]}},{"type":"Feature","properties":{"municipio":"0a111050-8a4b-4292-99fe-ec6fc8e9d06e","title":"AC - BRASILEIA","name":"AC - BRASILEIA","tipo":"Munic\u00edpio","url":"\/dashboard\/details-assets\/0a111050-8a4b-4292-99fe-ec6fc8e9d06e"},"geometry":{"type":"Point","coordinates":[-69.192392,-10.705993]}},{"type":"Feature","properties":{"municipio":"ed98d7d2-f284-48a3-a279-e4763396f7f9","title":"AC - ACRELANDIA","name":"AC - ACRELANDIA","tipo":"Munic\u00edpio","url":"\/dashboard\/details-assets\/ed98d7d2-f284-48a3-a279-e4763396f7f9"},"geometry":{"type":"Point","coordinates":[-67.058698,-10.076392]}}]}