{"type":"FeatureCollection","features":[{"type":"Feature","properties":{"municipio":"1117a254-ee22-4e33-92e3-e737d45f964b","title":"TO - XAMBIOA","name":"TO - XAMBIOA","tipo":"Munic\u00edpio","url":"\/dashboard\/details-assets\/1117a254-ee22-4e33-92e3-e737d45f964b"},"geometry":{"type":"Point","coordinates":[-48.532,-6.4141]}},{"type":"Feature","properties":{"municipio":"60587a3b-0cd2-4027-b6df-c50665ada023","title":"TO - TOCANTINOPOLIS","name":"TO - TOCANTINOPOLIS","tipo":"Munic\u00edpio","url":"\/dashboard\/details-assets\/60587a3b-0cd2-4027-b6df-c50665ada023"},"geometry":{"type":"Point","coordinates":[-47.4224,-6.32447]}},{"type":"Feature","properties":{"municipio":"a49918c6-5790-4089-b0ab-265d8d2b9f2c","title":"TO - PALMAS","name":"TO - PALMAS","tipo":"Munic\u00edpio","url":"\/dashboard\/details-assets\/a49918c6-5790-4089-b0ab-265d8d2b9f2c"},"geometry":{"type":"Point","coordinates":[-48.3558,-10.24]}},{"type":"Feature","properties":{"municipio":"a296d243-c1ba-421b-813b-8a69113d1c68","title":"TO - TAGUATINGA","name":"TO - TAGUATINGA","tipo":"Munic\u00edpio","url":"\/dashboard\/details-assets\/a296d243-c1ba-421b-813b-8a69113d1c68"},"geometry":{"type":"Point","coordinates":[-46.437,-12.4026]}},{"type":"Feature","properties":{"municipio":"08c0e721-28fa-49d8-b797-68c3d41866ac","title":"TO - SITIO NOVO DO TOCANTINS","name":"TO - SITIO NOVO DO TOCANTINS","tipo":"Munic\u00edpio","url":"\/dashboard\/details-assets\/08c0e721-28fa-49d8-b797-68c3d41866ac"},"geometry":{"type":"Point","coordinates":[-47.6381,-5.6012]}},{"type":"Feature","properties":{"municipio":"3123f317-e0fa-4751-b8c0-a91b08a4dfe2","title":"TO - PORTO NACIONAL","name":"TO - PORTO NACIONAL","tipo":"Munic\u00edpio","url":"\/dashboard\/details-assets\/3123f317-e0fa-4751-b8c0-a91b08a4dfe2"},"geometry":{"type":"Point","coordinates":[-48.408,-10.7027]}},{"type":"Feature","properties":{"municipio":"f30cecf0-b4c0-42c9-b446-a92c4f96fb2d","title":"TO - PONTE ALTA DO TOCANTINS","name":"TO - PONTE ALTA DO TOCANTINS","tipo":"Munic\u00edpio","url":"\/dashboard\/details-assets\/f30cecf0-b4c0-42c9-b446-a92c4f96fb2d"},"geometry":{"type":"Point","coordinates":[-47.5276,-10.7481]}},{"type":"Feature","properties":{"municipio":"40d285a2-8940-4da7-a7e1-0bc46b7fd2a0","title":"TO - COLMEIA","name":"TO - COLMEIA","tipo":"Munic\u00edpio","url":"\/dashboard\/details-assets\/40d285a2-8940-4da7-a7e1-0bc46b7fd2a0"},"geometry":{"type":"Point","coordinates":[-48.7638,-8.72463]}},{"type":"Feature","properties":{"municipio":"22491724-8055-48da-b183-69713398033e","title":"TO - PEDRO AFONSO","name":"TO - PEDRO AFONSO","tipo":"Munic\u00edpio","url":"\/dashboard\/details-assets\/22491724-8055-48da-b183-69713398033e"},"geometry":{"type":"Point","coordinates":[-48.1729,-8.97034]}},{"type":"Feature","properties":{"municipio":"47c459f0-62ec-46f8-b59b-bc884b83cd72","title":"TO - PARANA","name":"TO - PARANA","tipo":"Munic\u00edpio","url":"\/dashboard\/details-assets\/47c459f0-62ec-46f8-b59b-bc884b83cd72"},"geometry":{"type":"Point","coordinates":[-47.8734,-12.6167]}},{"type":"Feature","properties":{"municipio":"f4080803-c175-43a0-b0d7-1a335c1c78e7","title":"TO - PARAISO DO TOCANTINS","name":"TO - PARAISO DO TOCANTINS","tipo":"Munic\u00edpio","url":"\/dashboard\/details-assets\/f4080803-c175-43a0-b0d7-1a335c1c78e7"},"geometry":{"type":"Point","coordinates":[-48.8823,-10.175]}},{"type":"Feature","properties":{"municipio":"981aa79d-c757-4c0f-8fd8-0f381926d2a4","title":"TO - NATIVIDADE","name":"TO - NATIVIDADE","tipo":"Munic\u00edpio","url":"\/dashboard\/details-assets\/981aa79d-c757-4c0f-8fd8-0f381926d2a4"},"geometry":{"type":"Point","coordinates":[-47.7223,-11.7034]}},{"type":"Feature","properties":{"municipio":"5fd4ff67-335f-4867-9dfe-1c11a85ce194","title":"TO - MIRANORTE","name":"TO - MIRANORTE","tipo":"Munic\u00edpio","url":"\/dashboard\/details-assets\/5fd4ff67-335f-4867-9dfe-1c11a85ce194"},"geometry":{"type":"Point","coordinates":[-48.5922,-9.52907]}},{"type":"Feature","properties":{"municipio":"4b39ea7a-28d3-4dec-a328-e68c4d6d765a","title":"TO - MIRACEMA DO TOCANTINS","name":"TO - MIRACEMA DO TOCANTINS","tipo":"Munic\u00edpio","url":"\/dashboard\/details-assets\/4b39ea7a-28d3-4dec-a328-e68c4d6d765a"},"geometry":{"type":"Point","coordinates":[-48.393,-9.56556]}},{"type":"Feature","properties":{"municipio":"238dbaf9-a7b3-47ae-a4a4-bd1ac7c900da","title":"TO - LAJEADO","name":"TO - LAJEADO","tipo":"Munic\u00edpio","url":"\/dashboard\/details-assets\/238dbaf9-a7b3-47ae-a4a4-bd1ac7c900da"},"geometry":{"type":"Point","coordinates":[-48.3565,-9.74996]}},{"type":"Feature","properties":{"municipio":"f88c59a4-c8b1-43cf-a91a-e0e4ef1ce7fc","title":"TO - ITACAJA","name":"TO - ITACAJA","tipo":"Munic\u00edpio","url":"\/dashboard\/details-assets\/f88c59a4-c8b1-43cf-a91a-e0e4ef1ce7fc"},"geometry":{"type":"Point","coordinates":[-47.7726,-8.39293]}},{"type":"Feature","properties":{"municipio":"16cb2f3c-aaed-48ed-acb6-3aeefb71925f","title":"TO - GURUPI","name":"TO - GURUPI","tipo":"Munic\u00edpio","url":"\/dashboard\/details-assets\/16cb2f3c-aaed-48ed-acb6-3aeefb71925f"},"geometry":{"type":"Point","coordinates":[-49.068,-11.7279]}},{"type":"Feature","properties":{"municipio":"743f50e8-69d6-4b34-80d0-460430d30cc6","title":"TO - GUARAI","name":"TO - GUARAI","tipo":"Munic\u00edpio","url":"\/dashboard\/details-assets\/743f50e8-69d6-4b34-80d0-460430d30cc6"},"geometry":{"type":"Point","coordinates":[-48.5114,-8.83543]}},{"type":"Feature","properties":{"municipio":"23491b34-1092-4801-8374-3109c874db77","title":"TO - FORMOSO DO ARAGUAIA","name":"TO - FORMOSO DO ARAGUAIA","tipo":"Munic\u00edpio","url":"\/dashboard\/details-assets\/23491b34-1092-4801-8374-3109c874db77"},"geometry":{"type":"Point","coordinates":[-49.5316,-11.7976]}},{"type":"Feature","properties":{"municipio":"af5f80db-6fca-48c0-8d05-f036ff992835","title":"TO - DIANOPOLIS","name":"TO - DIANOPOLIS","tipo":"Munic\u00edpio","url":"\/dashboard\/details-assets\/af5f80db-6fca-48c0-8d05-f036ff992835"},"geometry":{"type":"Point","coordinates":[-46.8198,-11.624]}},{"type":"Feature","properties":{"municipio":"f6a295cc-f5ad-4e16-a744-ca9c4ff02b3e","title":"TO - COLINAS DO TOCANTINS","name":"TO - COLINAS DO TOCANTINS","tipo":"Munic\u00edpio","url":"\/dashboard\/details-assets\/f6a295cc-f5ad-4e16-a744-ca9c4ff02b3e"},"geometry":{"type":"Point","coordinates":[-48.4757,-8.05764]}},{"type":"Feature","properties":{"municipio":"326c9caf-8aa9-43df-95d0-4729d1a2da8d","title":"TO - CASEARA","name":"TO - CASEARA","tipo":"Munic\u00edpio","url":"\/dashboard\/details-assets\/326c9caf-8aa9-43df-95d0-4729d1a2da8d"},"geometry":{"type":"Point","coordinates":[-49.9521,-9.27612]}},{"type":"Feature","properties":{"municipio":"b557ba3e-7378-4f74-93fb-c17d60b667db","title":"TO - AUGUSTINOPOLIS","name":"TO - AUGUSTINOPOLIS","tipo":"Munic\u00edpio","url":"\/dashboard\/details-assets\/b557ba3e-7378-4f74-93fb-c17d60b667db"},"geometry":{"type":"Point","coordinates":[-47.8863,-5.46863]}},{"type":"Feature","properties":{"municipio":"6fa93432-c580-4232-bf6e-6d89dd846437","title":"TO - CAMPOS LINDOS","name":"TO - CAMPOS LINDOS","tipo":"Munic\u00edpio","url":"\/dashboard\/details-assets\/6fa93432-c580-4232-bf6e-6d89dd846437"},"geometry":{"type":"Point","coordinates":[-46.8645,-7.98956]}},{"type":"Feature","properties":{"municipio":"7b2b087e-0ed6-4ee4-8d21-c342f1845d75","title":"TO - ARRAIAS","name":"TO - ARRAIAS","tipo":"Munic\u00edpio","url":"\/dashboard\/details-assets\/7b2b087e-0ed6-4ee4-8d21-c342f1845d75"},"geometry":{"type":"Point","coordinates":[-46.9359,-12.9287]}},{"type":"Feature","properties":{"municipio":"fc3e0252-acea-42b2-82ca-dde4935654a8","title":"TO - ARAPOEMA","name":"TO - ARAPOEMA","tipo":"Munic\u00edpio","url":"\/dashboard\/details-assets\/fc3e0252-acea-42b2-82ca-dde4935654a8"},"geometry":{"type":"Point","coordinates":[-49.0637,-7.65463]}},{"type":"Feature","properties":{"municipio":"3399acf0-0053-4567-aa94-d4feea089bef","title":"TO - ARAGUATINS","name":"TO - ARAGUATINS","tipo":"Munic\u00edpio","url":"\/dashboard\/details-assets\/3399acf0-0053-4567-aa94-d4feea089bef"},"geometry":{"type":"Point","coordinates":[-48.1232,-5.64659]}},{"type":"Feature","properties":{"municipio":"37e8f49b-1d51-4e74-ace0-33c51c775e71","title":"TO - ARAGUACU","name":"TO - ARAGUACU","tipo":"Munic\u00edpio","url":"\/dashboard\/details-assets\/37e8f49b-1d51-4e74-ace0-33c51c775e71"},"geometry":{"type":"Point","coordinates":[-49.8231,-12.9289]}},{"type":"Feature","properties":{"municipio":"ba8f859c-4d5e-466c-b233-94d70b32c56b","title":"TO - ARAGUAINA","name":"TO - ARAGUAINA","tipo":"Munic\u00edpio","url":"\/dashboard\/details-assets\/ba8f859c-4d5e-466c-b233-94d70b32c56b"},"geometry":{"type":"Point","coordinates":[-48.2044,-7.19238]}},{"type":"Feature","properties":{"municipio":"60b58ab9-341b-41d5-8ff8-18637481ccd6","title":"TO - ALVORADA","name":"TO - ALVORADA","tipo":"Munic\u00edpio","url":"\/dashboard\/details-assets\/60b58ab9-341b-41d5-8ff8-18637481ccd6"},"geometry":{"type":"Point","coordinates":[-49.1249,-12.4785]}},{"type":"Feature","properties":{"municipio":"3e234f59-7e7b-43e6-ac9c-014d3476b61a","title":"SP - VOTUPORANGA","name":"SP - VOTUPORANGA","tipo":"Munic\u00edpio","url":"\/dashboard\/details-assets\/3e234f59-7e7b-43e6-ac9c-014d3476b61a"},"geometry":{"type":"Point","coordinates":[-49.9781,-20.4237]}},{"type":"Feature","properties":{"municipio":"f58d5a46-a02a-4a8a-a982-d0214f9cccce","title":"SP - VOTORANTIM","name":"SP - VOTORANTIM","tipo":"Munic\u00edpio","url":"\/dashboard\/details-assets\/f58d5a46-a02a-4a8a-a982-d0214f9cccce"},"geometry":{"type":"Point","coordinates":[-47.4388,-23.5446]}},{"type":"Feature","properties":{"municipio":"d5556cd5-8bf2-46e0-87ac-9e796424fb21","title":"SP - VIRADOURO","name":"SP - VIRADOURO","tipo":"Munic\u00edpio","url":"\/dashboard\/details-assets\/d5556cd5-8bf2-46e0-87ac-9e796424fb21"},"geometry":{"type":"Point","coordinates":[-48.293,-20.8734]}},{"type":"Feature","properties":{"municipio":"315a7194-94e7-46b5-b022-d36dd3743090","title":"SP - VINHEDO","name":"SP - VINHEDO","tipo":"Munic\u00edpio","url":"\/dashboard\/details-assets\/315a7194-94e7-46b5-b022-d36dd3743090"},"geometry":{"type":"Point","coordinates":[-46.9833,-23.0302]}},{"type":"Feature","properties":{"municipio":"796188c3-76f0-47e8-b7e1-3679e2ebbbb3","title":"SP - VARZEA PAULISTA","name":"SP - VARZEA PAULISTA","tipo":"Munic\u00edpio","url":"\/dashboard\/details-assets\/796188c3-76f0-47e8-b7e1-3679e2ebbbb3"},"geometry":{"type":"Point","coordinates":[-46.8234,-23.2136]}},{"type":"Feature","properties":{"municipio":"6ad45a04-a05b-48fd-931d-dbc6c83ca326","title":"SP - VARGEM GRANDE PAULISTA","name":"SP - VARGEM GRANDE PAULISTA","tipo":"Munic\u00edpio","url":"\/dashboard\/details-assets\/6ad45a04-a05b-48fd-931d-dbc6c83ca326"},"geometry":{"type":"Point","coordinates":[-47.022,-23.5993]}},{"type":"Feature","properties":{"municipio":"fdba37ee-1598-46b7-b961-a4634495ffa0","title":"SP - VARGEM GRANDE DO SUL","name":"SP - VARGEM GRANDE DO SUL","tipo":"Munic\u00edpio","url":"\/dashboard\/details-assets\/fdba37ee-1598-46b7-b961-a4634495ffa0"},"geometry":{"type":"Point","coordinates":[-46.8913,-21.8322]}},{"type":"Feature","properties":{"municipio":"4c131b06-f3f6-407f-9bf6-ac385926b362","title":"SP - VALPARAISO","name":"SP - VALPARAISO","tipo":"Munic\u00edpio","url":"\/dashboard\/details-assets\/4c131b06-f3f6-407f-9bf6-ac385926b362"},"geometry":{"type":"Point","coordinates":[-50.8699,-21.2229]}},{"type":"Feature","properties":{"municipio":"3de092e7-a0ea-446d-b1c4-2ea888721c8b","title":"SP - VALINHOS","name":"SP - VALINHOS","tipo":"Munic\u00edpio","url":"\/dashboard\/details-assets\/3de092e7-a0ea-446d-b1c4-2ea888721c8b"},"geometry":{"type":"Point","coordinates":[-46.9974,-22.9698]}},{"type":"Feature","properties":{"municipio":"34162bfe-810e-4b36-854e-1d608276c1df","title":"SP - UBATUBA","name":"SP - UBATUBA","tipo":"Munic\u00edpio","url":"\/dashboard\/details-assets\/34162bfe-810e-4b36-854e-1d608276c1df"},"geometry":{"type":"Point","coordinates":[-45.0834,-23.4332]}},{"type":"Feature","properties":{"municipio":"aea58542-6c8e-44ab-90d5-8c6c199f49f7","title":"SP - TUPA","name":"SP - TUPA","tipo":"Munic\u00edpio","url":"\/dashboard\/details-assets\/aea58542-6c8e-44ab-90d5-8c6c199f49f7"},"geometry":{"type":"Point","coordinates":[-50.5191,-21.9335]}},{"type":"Feature","properties":{"municipio":"609d9a75-95fe-4aad-b655-699f56da103a","title":"SP - TREMEMBE","name":"SP - TREMEMBE","tipo":"Munic\u00edpio","url":"\/dashboard\/details-assets\/609d9a75-95fe-4aad-b655-699f56da103a"},"geometry":{"type":"Point","coordinates":[-45.5475,-22.9571]}},{"type":"Feature","properties":{"municipio":"ab7fcc1a-da5b-4a68-8955-3399a5a8d99b","title":"SP - TIETE","name":"SP - TIETE","tipo":"Munic\u00edpio","url":"\/dashboard\/details-assets\/ab7fcc1a-da5b-4a68-8955-3399a5a8d99b"},"geometry":{"type":"Point","coordinates":[-47.7164,-23.1101]}},{"type":"Feature","properties":{"municipio":"992e4261-721e-49c9-9dcb-981e08333acd","title":"SP - TAUBATE","name":"SP - TAUBATE","tipo":"Munic\u00edpio","url":"\/dashboard\/details-assets\/992e4261-721e-49c9-9dcb-981e08333acd"},"geometry":{"type":"Point","coordinates":[-45.5593,-23.0104]}},{"type":"Feature","properties":{"municipio":"700f0149-4237-41c7-8502-6682602e2be9","title":"SP - TEODORO SAMPAIO","name":"SP - TEODORO SAMPAIO","tipo":"Munic\u00edpio","url":"\/dashboard\/details-assets\/700f0149-4237-41c7-8502-6682602e2be9"},"geometry":{"type":"Point","coordinates":[-52.1682,-22.5299]}},{"type":"Feature","properties":{"municipio":"a135bd2f-1f1a-49a1-be52-6edb80adae32","title":"SP - TATUI","name":"SP - TATUI","tipo":"Munic\u00edpio","url":"\/dashboard\/details-assets\/a135bd2f-1f1a-49a1-be52-6edb80adae32"},"geometry":{"type":"Point","coordinates":[-47.8461,-23.3487]}},{"type":"Feature","properties":{"municipio":"b4cf249c-08a3-4a36-a360-8a6199dedce7","title":"SP - TAQUARITINGA","name":"SP - TAQUARITINGA","tipo":"Munic\u00edpio","url":"\/dashboard\/details-assets\/b4cf249c-08a3-4a36-a360-8a6199dedce7"},"geometry":{"type":"Point","coordinates":[-48.5103,-21.4049]}},{"type":"Feature","properties":{"municipio":"dc4a6046-5625-4b1b-bc85-a5ae7a34ca28","title":"SP - TAQUARITUBA","name":"SP - TAQUARITUBA","tipo":"Munic\u00edpio","url":"\/dashboard\/details-assets\/dc4a6046-5625-4b1b-bc85-a5ae7a34ca28"},"geometry":{"type":"Point","coordinates":[-49.241,-23.5307]}},{"type":"Feature","properties":{"municipio":"1d3673a3-01d7-4c8c-9914-436ca5281536","title":"SP - TAPIRATIBA","name":"SP - TAPIRATIBA","tipo":"Munic\u00edpio","url":"\/dashboard\/details-assets\/1d3673a3-01d7-4c8c-9914-436ca5281536"},"geometry":{"type":"Point","coordinates":[-46.7448,-21.4713]}},{"type":"Feature","properties":{"municipio":"af9ce28e-a44f-414b-bd2d-f6557c397b5b","title":"SP - TANABI","name":"SP - TANABI","tipo":"Munic\u00edpio","url":"\/dashboard\/details-assets\/af9ce28e-a44f-414b-bd2d-f6557c397b5b"},"geometry":{"type":"Point","coordinates":[-49.6563,-20.6228]}},{"type":"Feature","properties":{"municipio":"b8e58f5b-4d9c-49ad-afea-e4ff6bcbf154","title":"SP - TABOAO DA SERRA","name":"SP - TABOAO DA SERRA","tipo":"Munic\u00edpio","url":"\/dashboard\/details-assets\/b8e58f5b-4d9c-49ad-afea-e4ff6bcbf154"},"geometry":{"type":"Point","coordinates":[-46.7526,-23.6019]}},{"type":"Feature","properties":{"municipio":"76dff850-71af-4dd0-9d00-9a89a574c9ae","title":"SP - SUZANO","name":"SP - SUZANO","tipo":"Munic\u00edpio","url":"\/dashboard\/details-assets\/76dff850-71af-4dd0-9d00-9a89a574c9ae"},"geometry":{"type":"Point","coordinates":[-46.3112,-23.5448]}},{"type":"Feature","properties":{"municipio":"09c45970-885e-4b7d-91d3-1bcfb63cd5f1","title":"SP - SUMARE","name":"SP - SUMARE","tipo":"Munic\u00edpio","url":"\/dashboard\/details-assets\/09c45970-885e-4b7d-91d3-1bcfb63cd5f1"},"geometry":{"type":"Point","coordinates":[-47.2728,-22.8204]}},{"type":"Feature","properties":{"municipio":"3e83a65d-ae90-4b6f-8f54-27e65b71a959","title":"SP - SOROCABA","name":"SP - SOROCABA","tipo":"Munic\u00edpio","url":"\/dashboard\/details-assets\/3e83a65d-ae90-4b6f-8f54-27e65b71a959"},"geometry":{"type":"Point","coordinates":[-47.4451,-23.4969]}},{"type":"Feature","properties":{"municipio":"d54d31e1-3179-4f0d-8521-9dea17ec2fa4","title":"SP - SOCORRO","name":"SP - SOCORRO","tipo":"Munic\u00edpio","url":"\/dashboard\/details-assets\/d54d31e1-3179-4f0d-8521-9dea17ec2fa4"},"geometry":{"type":"Point","coordinates":[-46.5251,-22.5903]}},{"type":"Feature","properties":{"municipio":"eb0b820d-9a7f-4bdb-89c7-aa9488763d81","title":"SP - SERRA NEGRA","name":"SP - SERRA NEGRA","tipo":"Munic\u00edpio","url":"\/dashboard\/details-assets\/eb0b820d-9a7f-4bdb-89c7-aa9488763d81"},"geometry":{"type":"Point","coordinates":[-46.7033,-22.6139]}},{"type":"Feature","properties":{"municipio":"e1b9db57-8994-4c97-9737-4fe5d4afb149","title":"SP - SERTAOZINHO","name":"SP - SERTAOZINHO","tipo":"Munic\u00edpio","url":"\/dashboard\/details-assets\/e1b9db57-8994-4c97-9737-4fe5d4afb149"},"geometry":{"type":"Point","coordinates":[-47.9875,-21.1316]}},{"type":"Feature","properties":{"municipio":"3b98b8ed-c86b-4692-ae95-d86b1cad3676","title":"SP - SERRANA","name":"SP - SERRANA","tipo":"Munic\u00edpio","url":"\/dashboard\/details-assets\/3b98b8ed-c86b-4692-ae95-d86b1cad3676"},"geometry":{"type":"Point","coordinates":[-47.5952,-21.2043]}},{"type":"Feature","properties":{"municipio":"a1de4fa7-0e46-4b1f-8c97-82dc9225cdb7","title":"SP - SARAPUI","name":"SP - SARAPUI","tipo":"Munic\u00edpio","url":"\/dashboard\/details-assets\/a1de4fa7-0e46-4b1f-8c97-82dc9225cdb7"},"geometry":{"type":"Point","coordinates":[-47.8249,-23.6397]}},{"type":"Feature","properties":{"municipio":"db80882c-4626-4050-8ea6-4ac656913f20","title":"SP - SAO VICENTE","name":"SP - SAO VICENTE","tipo":"Munic\u00edpio","url":"\/dashboard\/details-assets\/db80882c-4626-4050-8ea6-4ac656913f20"},"geometry":{"type":"Point","coordinates":[-46.3883,-23.9574]}},{"type":"Feature","properties":{"municipio":"b82f8be2-8ee5-4eb9-9a50-650184d25157","title":"SP - SAO SEBASTIAO","name":"SP - SAO SEBASTIAO","tipo":"Munic\u00edpio","url":"\/dashboard\/details-assets\/b82f8be2-8ee5-4eb9-9a50-650184d25157"},"geometry":{"type":"Point","coordinates":[-45.4143,-23.7951]}},{"type":"Feature","properties":{"municipio":"1ab297b2-fb12-4ee5-9855-59a6acbea5d1","title":"SP - SAO SIMAO","name":"SP - SAO SIMAO","tipo":"Munic\u00edpio","url":"\/dashboard\/details-assets\/1ab297b2-fb12-4ee5-9855-59a6acbea5d1"},"geometry":{"type":"Point","coordinates":[-47.5518,-21.4732]}},{"type":"Feature","properties":{"municipio":"db11d9e5-5e4d-44c8-b42c-8057d9432de5","title":"SP - SAO ROQUE","name":"SP - SAO ROQUE","tipo":"Munic\u00edpio","url":"\/dashboard\/details-assets\/db11d9e5-5e4d-44c8-b42c-8057d9432de5"},"geometry":{"type":"Point","coordinates":[-47.1357,-23.5226]}},{"type":"Feature","properties":{"municipio":"994a18fe-7e61-4f76-bc8e-9e1221b3ace5","title":"SP - SAO PEDRO","name":"SP - SAO PEDRO","tipo":"Munic\u00edpio","url":"\/dashboard\/details-assets\/994a18fe-7e61-4f76-bc8e-9e1221b3ace5"},"geometry":{"type":"Point","coordinates":[-47.9096,-22.5483]}},{"type":"Feature","properties":{"municipio":"f6b16def-63e3-49c6-9f55-3011cd5bfca6","title":"SP - SAO MIGUEL ARCANJO","name":"SP - SAO MIGUEL ARCANJO","tipo":"Munic\u00edpio","url":"\/dashboard\/details-assets\/f6b16def-63e3-49c6-9f55-3011cd5bfca6"},"geometry":{"type":"Point","coordinates":[-47.9935,-23.8782]}},{"type":"Feature","properties":{"municipio":"a842d9a0-121a-478a-8bc8-5bca5914355d","title":"SP - SAO PAULO","name":"SP - SAO PAULO","tipo":"Munic\u00edpio","url":"\/dashboard\/details-assets\/a842d9a0-121a-478a-8bc8-5bca5914355d"},"geometry":{"type":"Point","coordinates":[-46.6395,-23.5329]}},{"type":"Feature","properties":{"municipio":"a54822a6-64ad-4382-b803-87628edf149d","title":"SP - SAO MANUEL","name":"SP - SAO MANUEL","tipo":"Munic\u00edpio","url":"\/dashboard\/details-assets\/a54822a6-64ad-4382-b803-87628edf149d"},"geometry":{"type":"Point","coordinates":[-48.5723,-22.7321]}},{"type":"Feature","properties":{"municipio":"9caa66a1-a57a-411a-afd7-87ba299d10d2","title":"SP - SAO JOSE DOS CAMPOS","name":"SP - SAO JOSE DOS CAMPOS","tipo":"Munic\u00edpio","url":"\/dashboard\/details-assets\/9caa66a1-a57a-411a-afd7-87ba299d10d2"},"geometry":{"type":"Point","coordinates":[-45.8841,-23.1896]}},{"type":"Feature","properties":{"municipio":"b9ce1ab7-5a3e-4514-b28f-816204eb285a","title":"SP - SAO JOSE DO RIO PARDO","name":"SP - SAO JOSE DO RIO PARDO","tipo":"Munic\u00edpio","url":"\/dashboard\/details-assets\/b9ce1ab7-5a3e-4514-b28f-816204eb285a"},"geometry":{"type":"Point","coordinates":[-46.8873,-21.5953]}},{"type":"Feature","properties":{"municipio":"9d1cd30c-2f2f-49f6-8ee6-dbddc538c553","title":"SP - SAO JOSE DO RIO PRETO","name":"SP - SAO JOSE DO RIO PRETO","tipo":"Munic\u00edpio","url":"\/dashboard\/details-assets\/9d1cd30c-2f2f-49f6-8ee6-dbddc538c553"},"geometry":{"type":"Point","coordinates":[-49.3758,-20.8113]}},{"type":"Feature","properties":{"municipio":"da3e4dfd-3d44-4098-acf2-b10e23b56624","title":"SP - SAO JOAQUIM DA BARRA","name":"SP - SAO JOAQUIM DA BARRA","tipo":"Munic\u00edpio","url":"\/dashboard\/details-assets\/da3e4dfd-3d44-4098-acf2-b10e23b56624"},"geometry":{"type":"Point","coordinates":[-47.8593,-20.5812]}},{"type":"Feature","properties":{"municipio":"3e738e15-bc57-437e-bcd4-723f5704220f","title":"SP - SAO JOAO DA BOA VISTA","name":"SP - SAO JOAO DA BOA VISTA","tipo":"Munic\u00edpio","url":"\/dashboard\/details-assets\/3e738e15-bc57-437e-bcd4-723f5704220f"},"geometry":{"type":"Point","coordinates":[-46.7944,-21.9707]}},{"type":"Feature","properties":{"municipio":"010faa59-5732-4981-9c85-94fd90cdeced","title":"SP - SAO CARLOS","name":"SP - SAO CARLOS","tipo":"Munic\u00edpio","url":"\/dashboard\/details-assets\/010faa59-5732-4981-9c85-94fd90cdeced"},"geometry":{"type":"Point","coordinates":[-47.886,-22.0174]}},{"type":"Feature","properties":{"municipio":"514f33ca-545f-477b-8a19-b03b2202ec61","title":"SP - SAO CAETANO DO SUL","name":"SP - SAO CAETANO DO SUL","tipo":"Munic\u00edpio","url":"\/dashboard\/details-assets\/514f33ca-545f-477b-8a19-b03b2202ec61"},"geometry":{"type":"Point","coordinates":[-46.5548,-23.6229]}},{"type":"Feature","properties":{"municipio":"c8b32209-de59-4840-a116-3fef2dee0b90","title":"SP - SAO BERNARDO DO CAMPO","name":"SP - SAO BERNARDO DO CAMPO","tipo":"Munic\u00edpio","url":"\/dashboard\/details-assets\/c8b32209-de59-4840-a116-3fef2dee0b90"},"geometry":{"type":"Point","coordinates":[-46.5646,-23.6914]}},{"type":"Feature","properties":{"municipio":"d3a9e511-2a87-494d-8fdc-b360de488f40","title":"SP - SAO BENTO DO SAPUCAI","name":"SP - SAO BENTO DO SAPUCAI","tipo":"Munic\u00edpio","url":"\/dashboard\/details-assets\/d3a9e511-2a87-494d-8fdc-b360de488f40"},"geometry":{"type":"Point","coordinates":[-45.7287,-22.6837]}},{"type":"Feature","properties":{"municipio":"f1077823-64e7-413f-a7b5-b2016744a35c","title":"SP - SANTOS","name":"SP - SANTOS","tipo":"Munic\u00edpio","url":"\/dashboard\/details-assets\/f1077823-64e7-413f-a7b5-b2016744a35c"},"geometry":{"type":"Point","coordinates":[-46.335,-23.9535]}},{"type":"Feature","properties":{"municipio":"6addd307-0cc7-4461-9311-65f139c9d5e9","title":"SP - SANTO ANTONIO DE POSSE","name":"SP - SANTO ANTONIO DE POSSE","tipo":"Munic\u00edpio","url":"\/dashboard\/details-assets\/6addd307-0cc7-4461-9311-65f139c9d5e9"},"geometry":{"type":"Point","coordinates":[-46.9192,-22.6029]}},{"type":"Feature","properties":{"municipio":"f3ad0a7d-d35a-47ba-8b47-8ee28221d31e","title":"SP - SANTO ANDRE","name":"SP - SANTO ANDRE","tipo":"Munic\u00edpio","url":"\/dashboard\/details-assets\/f3ad0a7d-d35a-47ba-8b47-8ee28221d31e"},"geometry":{"type":"Point","coordinates":[-46.5432,-23.6737]}},{"type":"Feature","properties":{"municipio":"cbce7b11-dafc-4e72-adb3-033dcdd30cdc","title":"SP - SANTO ANASTACIO","name":"SP - SANTO ANASTACIO","tipo":"Munic\u00edpio","url":"\/dashboard\/details-assets\/cbce7b11-dafc-4e72-adb3-033dcdd30cdc"},"geometry":{"type":"Point","coordinates":[-51.6527,-21.9747]}},{"type":"Feature","properties":{"municipio":"ade8de02-882a-4446-ad4e-3d772cdfb1db","title":"SP - SANTA ROSA DE VITERBO","name":"SP - SANTA ROSA DE VITERBO","tipo":"Munic\u00edpio","url":"\/dashboard\/details-assets\/ade8de02-882a-4446-ad4e-3d772cdfb1db"},"geometry":{"type":"Point","coordinates":[-47.3622,-21.4776]}},{"type":"Feature","properties":{"municipio":"fc1e6751-e40f-441c-91b8-e70547862059","title":"SP - SANTA RITA DO PASSA QUATRO","name":"SP - SANTA RITA DO PASSA QUATRO","tipo":"Munic\u00edpio","url":"\/dashboard\/details-assets\/fc1e6751-e40f-441c-91b8-e70547862059"},"geometry":{"type":"Point","coordinates":[-47.478,-21.7083]}},{"type":"Feature","properties":{"municipio":"ae98dbbb-e9cb-45f1-b599-1a38083ece9d","title":"SP - SANTA ISABEL","name":"SP - SANTA ISABEL","tipo":"Munic\u00edpio","url":"\/dashboard\/details-assets\/ae98dbbb-e9cb-45f1-b599-1a38083ece9d"},"geometry":{"type":"Point","coordinates":[-46.2237,-23.3172]}},{"type":"Feature","properties":{"municipio":"d7547050-6858-4be1-9add-2f0637c5f010","title":"SP - SANTANA DE PARNAIBA","name":"SP - SANTANA DE PARNAIBA","tipo":"Munic\u00edpio","url":"\/dashboard\/details-assets\/d7547050-6858-4be1-9add-2f0637c5f010"},"geometry":{"type":"Point","coordinates":[-46.9178,-23.4439]}},{"type":"Feature","properties":{"municipio":"3b575a3e-b88c-4db7-b390-7c621971c3c1","title":"SP - SANTA FE DO SUL","name":"SP - SANTA FE DO SUL","tipo":"Munic\u00edpio","url":"\/dashboard\/details-assets\/3b575a3e-b88c-4db7-b390-7c621971c3c1"},"geometry":{"type":"Point","coordinates":[-50.932,-20.2083]}},{"type":"Feature","properties":{"municipio":"e7ed77a1-85f7-4f62-8f8c-998b2a3b2f9f","title":"SP - SANTA CRUZ DO RIO PARDO","name":"SP - SANTA CRUZ DO RIO PARDO","tipo":"Munic\u00edpio","url":"\/dashboard\/details-assets\/e7ed77a1-85f7-4f62-8f8c-998b2a3b2f9f"},"geometry":{"type":"Point","coordinates":[-49.6354,-22.8988]}},{"type":"Feature","properties":{"municipio":"0f58f829-3680-43e6-b830-1df1da0cbc74","title":"SP - SANTA CRUZ DAS PALMEIRAS","name":"SP - SANTA CRUZ DAS PALMEIRAS","tipo":"Munic\u00edpio","url":"\/dashboard\/details-assets\/0f58f829-3680-43e6-b830-1df1da0cbc74"},"geometry":{"type":"Point","coordinates":[-47.248,-21.8235]}},{"type":"Feature","properties":{"municipio":"a1f50ad7-e15f-415a-9ec6-ddc0d74e9abb","title":"SP - SANTA BARBARA DOESTE","name":"SP - SANTA BARBARA DOESTE","tipo":"Munic\u00edpio","url":"\/dashboard\/details-assets\/a1f50ad7-e15f-415a-9ec6-ddc0d74e9abb"},"geometry":{"type":"Point","coordinates":[-47.4143,-22.7553]}},{"type":"Feature","properties":{"municipio":"63e13f2a-8f12-4edc-b357-4461929d2e99","title":"SP - SANTA ADELIA","name":"SP - SANTA ADELIA","tipo":"Munic\u00edpio","url":"\/dashboard\/details-assets\/63e13f2a-8f12-4edc-b357-4461929d2e99"},"geometry":{"type":"Point","coordinates":[-48.8063,-21.2427]}},{"type":"Feature","properties":{"municipio":"2ae7fff8-0bc7-41ba-ba53-6d20bbd18916","title":"SP - SALTO DE PIRAPORA","name":"SP - SALTO DE PIRAPORA","tipo":"Munic\u00edpio","url":"\/dashboard\/details-assets\/2ae7fff8-0bc7-41ba-ba53-6d20bbd18916"},"geometry":{"type":"Point","coordinates":[-47.5743,-23.6474]}},{"type":"Feature","properties":{"municipio":"81f21530-3eb4-49dd-affe-91caeb5d6b09","title":"SP - SALTO","name":"SP - SALTO","tipo":"Munic\u00edpio","url":"\/dashboard\/details-assets\/81f21530-3eb4-49dd-affe-91caeb5d6b09"},"geometry":{"type":"Point","coordinates":[-47.2931,-23.1996]}},{"type":"Feature","properties":{"municipio":"d8581ce9-cc59-45c2-be39-e9b180fbe64e","title":"SP - ROSEIRA","name":"SP - ROSEIRA","tipo":"Munic\u00edpio","url":"\/dashboard\/details-assets\/d8581ce9-cc59-45c2-be39-e9b180fbe64e"},"geometry":{"type":"Point","coordinates":[-45.307,-22.8938]}},{"type":"Feature","properties":{"municipio":"2a2da324-19c5-45cf-be66-b2ed98e68571","title":"SP - SALESOPOLIS","name":"SP - SALESOPOLIS","tipo":"Munic\u00edpio","url":"\/dashboard\/details-assets\/2a2da324-19c5-45cf-be66-b2ed98e68571"},"geometry":{"type":"Point","coordinates":[-45.8465,-23.5288]}},{"type":"Feature","properties":{"municipio":"74b38707-2bca-4e99-9692-571d430e74ee","title":"SP - ROSANA","name":"SP - ROSANA","tipo":"Munic\u00edpio","url":"\/dashboard\/details-assets\/74b38707-2bca-4e99-9692-571d430e74ee"},"geometry":{"type":"Point","coordinates":[-53.0603,-22.5782]}},{"type":"Feature","properties":{"municipio":"534748db-8b7a-4fe0-b83b-1b1a42d096cc","title":"SP - RIO GRANDE DA SERRA","name":"SP - RIO GRANDE DA SERRA","tipo":"Munic\u00edpio","url":"\/dashboard\/details-assets\/534748db-8b7a-4fe0-b83b-1b1a42d096cc"},"geometry":{"type":"Point","coordinates":[-46.3971,-23.7437]}},{"type":"Feature","properties":{"municipio":"ff11cf0f-b3c2-406b-8dd4-93338c76b93c","title":"SP - RIO DAS PEDRAS","name":"SP - RIO DAS PEDRAS","tipo":"Munic\u00edpio","url":"\/dashboard\/details-assets\/ff11cf0f-b3c2-406b-8dd4-93338c76b93c"},"geometry":{"type":"Point","coordinates":[-47.6047,-22.8417]}},{"type":"Feature","properties":{"municipio":"ca0ed7f6-ad1d-45ac-b2e6-785b05319f3c","title":"SP - RIO CLARO","name":"SP - RIO CLARO","tipo":"Munic\u00edpio","url":"\/dashboard\/details-assets\/ca0ed7f6-ad1d-45ac-b2e6-785b05319f3c"},"geometry":{"type":"Point","coordinates":[-47.5546,-22.3984]}},{"type":"Feature","properties":{"municipio":"ddee4dd0-daae-4ead-b3c2-7b6369b017b9","title":"SP - RIBEIRAO PRETO","name":"SP - RIBEIRAO PRETO","tipo":"Munic\u00edpio","url":"\/dashboard\/details-assets\/ddee4dd0-daae-4ead-b3c2-7b6369b017b9"},"geometry":{"type":"Point","coordinates":[-47.8099,-21.1699]}},{"type":"Feature","properties":{"municipio":"ef4e1e76-ab5b-4b11-a8a4-cebdf51af129","title":"SP - RIBEIRAO PIRES","name":"SP - RIBEIRAO PIRES","tipo":"Munic\u00edpio","url":"\/dashboard\/details-assets\/ef4e1e76-ab5b-4b11-a8a4-cebdf51af129"},"geometry":{"type":"Point","coordinates":[-46.4058,-23.7067]}},{"type":"Feature","properties":{"municipio":"5067e78d-15c6-48f9-8af6-09a8dc00fde8","title":"SP - RIBEIRAO BONITO","name":"SP - RIBEIRAO BONITO","tipo":"Munic\u00edpio","url":"\/dashboard\/details-assets\/5067e78d-15c6-48f9-8af6-09a8dc00fde8"},"geometry":{"type":"Point","coordinates":[-48.182,-22.0685]}},{"type":"Feature","properties":{"municipio":"3cbc83c0-fc3e-4983-ba81-72ba289757d0","title":"SP - REGENTE FEIJO","name":"SP - REGENTE FEIJO","tipo":"Munic\u00edpio","url":"\/dashboard\/details-assets\/3cbc83c0-fc3e-4983-ba81-72ba289757d0"},"geometry":{"type":"Point","coordinates":[-51.3055,-22.2181]}},{"type":"Feature","properties":{"municipio":"225c90f7-fc06-41a7-b404-e6c539d22baf","title":"SP - REGISTRO","name":"SP - REGISTRO","tipo":"Munic\u00edpio","url":"\/dashboard\/details-assets\/225c90f7-fc06-41a7-b404-e6c539d22baf"},"geometry":{"type":"Point","coordinates":[-47.8449,-24.4979]}},{"type":"Feature","properties":{"municipio":"87aa1308-9b04-483f-bec6-2c5d63e02e1c","title":"SP - RANCHARIA","name":"SP - RANCHARIA","tipo":"Munic\u00edpio","url":"\/dashboard\/details-assets\/87aa1308-9b04-483f-bec6-2c5d63e02e1c"},"geometry":{"type":"Point","coordinates":[-50.893,-22.2269]}},{"type":"Feature","properties":{"municipio":"4ed6b1a4-908f-4ee9-988d-d9fb024ea0d6","title":"SP - QUATA","name":"SP - QUATA","tipo":"Munic\u00edpio","url":"\/dashboard\/details-assets\/4ed6b1a4-908f-4ee9-988d-d9fb024ea0d6"},"geometry":{"type":"Point","coordinates":[-50.6966,-22.2456]}},{"type":"Feature","properties":{"municipio":"99ab5a75-dae5-4422-add0-8cd0cdfbedf9","title":"SP - PROMISSAO","name":"SP - PROMISSAO","tipo":"Munic\u00edpio","url":"\/dashboard\/details-assets\/99ab5a75-dae5-4422-add0-8cd0cdfbedf9"},"geometry":{"type":"Point","coordinates":[-49.8599,-21.5356]}},{"type":"Feature","properties":{"municipio":"97a44b69-0602-4439-a795-894077f0b933","title":"SP - PRESIDENTE VENCESLAU","name":"SP - PRESIDENTE VENCESLAU","tipo":"Munic\u00edpio","url":"\/dashboard\/details-assets\/97a44b69-0602-4439-a795-894077f0b933"},"geometry":{"type":"Point","coordinates":[-51.8447,-21.8732]}},{"type":"Feature","properties":{"municipio":"a613fcb8-d1b9-4f05-808c-3b0a6824f3a1","title":"SP - PRESIDENTE PRUDENTE","name":"SP - PRESIDENTE PRUDENTE","tipo":"Munic\u00edpio","url":"\/dashboard\/details-assets\/a613fcb8-d1b9-4f05-808c-3b0a6824f3a1"},"geometry":{"type":"Point","coordinates":[-51.3925,-22.1207]}},{"type":"Feature","properties":{"municipio":"26d8b358-88bb-441f-8cfd-3baba30293b4","title":"SP - PRESIDENTE EPITACIO","name":"SP - PRESIDENTE EPITACIO","tipo":"Munic\u00edpio","url":"\/dashboard\/details-assets\/26d8b358-88bb-441f-8cfd-3baba30293b4"},"geometry":{"type":"Point","coordinates":[-52.1111,-21.7651]}},{"type":"Feature","properties":{"municipio":"158eeef6-e1f3-4c8b-b22c-a3636eda752d","title":"SP - PRAIA GRANDE","name":"SP - PRAIA GRANDE","tipo":"Munic\u00edpio","url":"\/dashboard\/details-assets\/158eeef6-e1f3-4c8b-b22c-a3636eda752d"},"geometry":{"type":"Point","coordinates":[-46.4121,-24.0084]}},{"type":"Feature","properties":{"municipio":"39ab3f16-c33c-49c0-a527-e3ed9301dec0","title":"SP - PORTO FERREIRA","name":"SP - PORTO FERREIRA","tipo":"Munic\u00edpio","url":"\/dashboard\/details-assets\/39ab3f16-c33c-49c0-a527-e3ed9301dec0"},"geometry":{"type":"Point","coordinates":[-47.487,-21.8498]}},{"type":"Feature","properties":{"municipio":"99a4c931-0be9-46f6-80c4-51d5d67c130b","title":"SP - PORTO FELIZ","name":"SP - PORTO FELIZ","tipo":"Munic\u00edpio","url":"\/dashboard\/details-assets\/99a4c931-0be9-46f6-80c4-51d5d67c130b"},"geometry":{"type":"Point","coordinates":[-47.5251,-23.2093]}},{"type":"Feature","properties":{"municipio":"b6c93428-3e6b-4233-9001-0e408305790c","title":"SP - PONTAL","name":"SP - PONTAL","tipo":"Munic\u00edpio","url":"\/dashboard\/details-assets\/b6c93428-3e6b-4233-9001-0e408305790c"},"geometry":{"type":"Point","coordinates":[-48.0423,-21.0216]}},{"type":"Feature","properties":{"municipio":"2a0095af-7a9d-40b6-8292-4e87198c5bbd","title":"SP - POMPEIA","name":"SP - POMPEIA","tipo":"Munic\u00edpio","url":"\/dashboard\/details-assets\/2a0095af-7a9d-40b6-8292-4e87198c5bbd"},"geometry":{"type":"Point","coordinates":[-50.176,-22.107]}},{"type":"Feature","properties":{"municipio":"387f8ab4-454d-4714-9b09-fa675f53d1de","title":"SP - POA","name":"SP - POA","tipo":"Munic\u00edpio","url":"\/dashboard\/details-assets\/387f8ab4-454d-4714-9b09-fa675f53d1de"},"geometry":{"type":"Point","coordinates":[-46.3473,-23.5333]}},{"type":"Feature","properties":{"municipio":"84170757-dbce-40e0-8068-9066b169a556","title":"SP - PITANGUEIRAS","name":"SP - PITANGUEIRAS","tipo":"Munic\u00edpio","url":"\/dashboard\/details-assets\/84170757-dbce-40e0-8068-9066b169a556"},"geometry":{"type":"Point","coordinates":[-48.221,-21.0132]}},{"type":"Feature","properties":{"municipio":"3199235c-ea5f-4b68-baa1-7eddbe81d5f6","title":"SP - PIRASSUNUNGA","name":"SP - PIRASSUNUNGA","tipo":"Munic\u00edpio","url":"\/dashboard\/details-assets\/3199235c-ea5f-4b68-baa1-7eddbe81d5f6"},"geometry":{"type":"Point","coordinates":[-47.4257,-21.996]}},{"type":"Feature","properties":{"municipio":"161b3225-33de-4ec2-9030-c530faef170d","title":"SP - PIRAPOZINHO","name":"SP - PIRAPOZINHO","tipo":"Munic\u00edpio","url":"\/dashboard\/details-assets\/161b3225-33de-4ec2-9030-c530faef170d"},"geometry":{"type":"Point","coordinates":[-51.4976,-22.2711]}},{"type":"Feature","properties":{"municipio":"f81f1b00-679a-45ce-8aaa-a9c7bb7c61f6","title":"SP - PIRAJUI","name":"SP - PIRAJUI","tipo":"Munic\u00edpio","url":"\/dashboard\/details-assets\/f81f1b00-679a-45ce-8aaa-a9c7bb7c61f6"},"geometry":{"type":"Point","coordinates":[-49.4608,-21.999]}},{"type":"Feature","properties":{"municipio":"7e2ef8d2-11f1-47a1-bff9-387f35114a1d","title":"SP - PIRAJU","name":"SP - PIRAJU","tipo":"Munic\u00edpio","url":"\/dashboard\/details-assets\/7e2ef8d2-11f1-47a1-bff9-387f35114a1d"},"geometry":{"type":"Point","coordinates":[-49.3803,-23.1981]}},{"type":"Feature","properties":{"municipio":"4cc23cfc-d93b-4b60-b3fc-5d7b6a975581","title":"SP - PIRACICABA","name":"SP - PIRACICABA","tipo":"Munic\u00edpio","url":"\/dashboard\/details-assets\/4cc23cfc-d93b-4b60-b3fc-5d7b6a975581"},"geometry":{"type":"Point","coordinates":[-47.6476,-22.7338]}},{"type":"Feature","properties":{"municipio":"8e6a8e88-d1ef-4ebb-9c87-174f8efc3084","title":"SP - PINDORAMA","name":"SP - PINDORAMA","tipo":"Munic\u00edpio","url":"\/dashboard\/details-assets\/8e6a8e88-d1ef-4ebb-9c87-174f8efc3084"},"geometry":{"type":"Point","coordinates":[-48.9086,-21.1853]}},{"type":"Feature","properties":{"municipio":"4aea0e25-e964-4ff2-ad91-d68c4c3f9cb1","title":"SP - PINDAMONHANGABA","name":"SP - PINDAMONHANGABA","tipo":"Munic\u00edpio","url":"\/dashboard\/details-assets\/4aea0e25-e964-4ff2-ad91-d68c4c3f9cb1"},"geometry":{"type":"Point","coordinates":[-45.4613,-22.9246]}},{"type":"Feature","properties":{"municipio":"35ec1fda-3e05-443b-8449-fc86cc545d42","title":"SP - PILAR DO SUL","name":"SP - PILAR DO SUL","tipo":"Munic\u00edpio","url":"\/dashboard\/details-assets\/35ec1fda-3e05-443b-8449-fc86cc545d42"},"geometry":{"type":"Point","coordinates":[-47.7222,-23.8077]}},{"type":"Feature","properties":{"municipio":"11ad5fcf-86e3-4a31-975f-0bd183b851f5","title":"SP - PIEDADE","name":"SP - PIEDADE","tipo":"Munic\u00edpio","url":"\/dashboard\/details-assets\/11ad5fcf-86e3-4a31-975f-0bd183b851f5"},"geometry":{"type":"Point","coordinates":[-47.4256,-23.7139]}},{"type":"Feature","properties":{"municipio":"b2aa5e4a-fb32-4e51-ae2c-6e8e8a1b955f","title":"SP - PERUIBE","name":"SP - PERUIBE","tipo":"Munic\u00edpio","url":"\/dashboard\/details-assets\/b2aa5e4a-fb32-4e51-ae2c-6e8e8a1b955f"},"geometry":{"type":"Point","coordinates":[-47.0012,-24.312]}},{"type":"Feature","properties":{"municipio":"0d2100e5-dd7b-420c-b157-6111aaeaf94d","title":"SP - PIACATU","name":"SP - PIACATU","tipo":"Munic\u00edpio","url":"\/dashboard\/details-assets\/0d2100e5-dd7b-420c-b157-6111aaeaf94d"},"geometry":{"type":"Point","coordinates":[-50.6003,-21.5921]}},{"type":"Feature","properties":{"municipio":"cbe3fc42-f705-4458-9ee3-5155df42cfd6","title":"SP - PEREIRA BARRETO","name":"SP - PEREIRA BARRETO","tipo":"Munic\u00edpio","url":"\/dashboard\/details-assets\/cbe3fc42-f705-4458-9ee3-5155df42cfd6"},"geometry":{"type":"Point","coordinates":[-51.1123,-20.6368]}},{"type":"Feature","properties":{"municipio":"2777f70c-28e7-4eec-bd25-5af44b91341a","title":"SP - PENAPOLIS","name":"SP - PENAPOLIS","tipo":"Munic\u00edpio","url":"\/dashboard\/details-assets\/2777f70c-28e7-4eec-bd25-5af44b91341a"},"geometry":{"type":"Point","coordinates":[-50.0769,-21.4148]}},{"type":"Feature","properties":{"municipio":"e2c98b09-faaf-4d6f-a5a4-24af57d4eaf6","title":"SP - PEDERNEIRAS","name":"SP - PEDERNEIRAS","tipo":"Munic\u00edpio","url":"\/dashboard\/details-assets\/e2c98b09-faaf-4d6f-a5a4-24af57d4eaf6"},"geometry":{"type":"Point","coordinates":[-48.7781,-22.3511]}},{"type":"Feature","properties":{"municipio":"8e8b1516-5cc9-47c1-b3a3-f2d3da8dc1ec","title":"SP - PEDREIRA","name":"SP - PEDREIRA","tipo":"Munic\u00edpio","url":"\/dashboard\/details-assets\/8e8b1516-5cc9-47c1-b3a3-f2d3da8dc1ec"},"geometry":{"type":"Point","coordinates":[-46.8948,-22.7413]}},{"type":"Feature","properties":{"municipio":"9608a330-936d-46a4-a3c3-4a094f556d80","title":"SP - PAULO DE FARIA","name":"SP - PAULO DE FARIA","tipo":"Munic\u00edpio","url":"\/dashboard\/details-assets\/9608a330-936d-46a4-a3c3-4a094f556d80"},"geometry":{"type":"Point","coordinates":[-49.4,-20.0296]}},{"type":"Feature","properties":{"municipio":"c8e4c32c-2cb3-4cf6-a8fb-374276aae022","title":"SP - PAULINIA","name":"SP - PAULINIA","tipo":"Munic\u00edpio","url":"\/dashboard\/details-assets\/c8e4c32c-2cb3-4cf6-a8fb-374276aae022"},"geometry":{"type":"Point","coordinates":[-47.1488,-22.7542]}},{"type":"Feature","properties":{"municipio":"95d254b8-2e84-48db-92b5-7f754104d895","title":"SP - PARIQUERA-ACU","name":"SP - PARIQUERA-ACU","tipo":"Munic\u00edpio","url":"\/dashboard\/details-assets\/95d254b8-2e84-48db-92b5-7f754104d895"},"geometry":{"type":"Point","coordinates":[-47.8742,-24.7147]}},{"type":"Feature","properties":{"municipio":"75b4a7a2-0a8d-47e7-a536-18243e793901","title":"SP - PARANAPANEMA","name":"SP - PARANAPANEMA","tipo":"Munic\u00edpio","url":"\/dashboard\/details-assets\/75b4a7a2-0a8d-47e7-a536-18243e793901"},"geometry":{"type":"Point","coordinates":[-48.7214,-23.3862]}},{"type":"Feature","properties":{"municipio":"9a7f901c-e6d7-4b62-92ce-8ea2a90df84f","title":"SP - PARAGUACU PAULISTA","name":"SP - PARAGUACU PAULISTA","tipo":"Munic\u00edpio","url":"\/dashboard\/details-assets\/9a7f901c-e6d7-4b62-92ce-8ea2a90df84f"},"geometry":{"type":"Point","coordinates":[-50.5732,-22.4114]}},{"type":"Feature","properties":{"municipio":"59c683ef-51ec-40a1-ae3c-6db11ac66662","title":"SP - PALMITAL","name":"SP - PALMITAL","tipo":"Munic\u00edpio","url":"\/dashboard\/details-assets\/59c683ef-51ec-40a1-ae3c-6db11ac66662"},"geometry":{"type":"Point","coordinates":[-50.218,-22.7858]}},{"type":"Feature","properties":{"municipio":"a6e509d9-d1ff-4cca-aab2-679a032c59e1","title":"SP - OSVALDO CRUZ","name":"SP - OSVALDO CRUZ","tipo":"Munic\u00edpio","url":"\/dashboard\/details-assets\/a6e509d9-d1ff-4cca-aab2-679a032c59e1"},"geometry":{"type":"Point","coordinates":[-50.8793,-21.7968]}},{"type":"Feature","properties":{"municipio":"290e334b-8af8-42ed-8b36-e5fd3792bb15","title":"SP - OURINHOS","name":"SP - OURINHOS","tipo":"Munic\u00edpio","url":"\/dashboard\/details-assets\/290e334b-8af8-42ed-8b36-e5fd3792bb15"},"geometry":{"type":"Point","coordinates":[-49.8697,-22.9797]}},{"type":"Feature","properties":{"municipio":"361817c2-0b84-42a7-91da-9141bc0b0887","title":"SP - OSASCO","name":"SP - OSASCO","tipo":"Munic\u00edpio","url":"\/dashboard\/details-assets\/361817c2-0b84-42a7-91da-9141bc0b0887"},"geometry":{"type":"Point","coordinates":[-46.7916,-23.5324]}},{"type":"Feature","properties":{"municipio":"42288f4b-ee96-4b90-aa81-5cb2db3f7ce6","title":"SP - ORLANDIA","name":"SP - ORLANDIA","tipo":"Munic\u00edpio","url":"\/dashboard\/details-assets\/42288f4b-ee96-4b90-aa81-5cb2db3f7ce6"},"geometry":{"type":"Point","coordinates":[-47.8852,-20.7169]}},{"type":"Feature","properties":{"municipio":"fb1d5d47-c073-46c3-82cb-fef1d96f85a3","title":"SP - OLIMPIA","name":"SP - OLIMPIA","tipo":"Munic\u00edpio","url":"\/dashboard\/details-assets\/fb1d5d47-c073-46c3-82cb-fef1d96f85a3"},"geometry":{"type":"Point","coordinates":[-48.9106,-20.7366]}},{"type":"Feature","properties":{"municipio":"52f0d9ca-6b6f-4786-bfc8-86acd5eed2b7","title":"SP - NOVA ODESSA","name":"SP - NOVA ODESSA","tipo":"Munic\u00edpio","url":"\/dashboard\/details-assets\/52f0d9ca-6b6f-4786-bfc8-86acd5eed2b7"},"geometry":{"type":"Point","coordinates":[-47.2941,-22.7832]}},{"type":"Feature","properties":{"municipio":"de410c60-6759-40cf-864d-c9b17a689e79","title":"SP - NOVO HORIZONTE","name":"SP - NOVO HORIZONTE","tipo":"Munic\u00edpio","url":"\/dashboard\/details-assets\/de410c60-6759-40cf-864d-c9b17a689e79"},"geometry":{"type":"Point","coordinates":[-49.2234,-21.4651]}},{"type":"Feature","properties":{"municipio":"be12be62-3979-489b-8301-f00ab028ae4f","title":"SP - NOVA GRANADA","name":"SP - NOVA GRANADA","tipo":"Munic\u00edpio","url":"\/dashboard\/details-assets\/be12be62-3979-489b-8301-f00ab028ae4f"},"geometry":{"type":"Point","coordinates":[-49.3123,-20.5321]}},{"type":"Feature","properties":{"municipio":"0722513e-722b-4795-839f-063daf96688e","title":"SP - MORRO AGUDO","name":"SP - MORRO AGUDO","tipo":"Munic\u00edpio","url":"\/dashboard\/details-assets\/0722513e-722b-4795-839f-063daf96688e"},"geometry":{"type":"Point","coordinates":[-48.0581,-20.7288]}},{"type":"Feature","properties":{"municipio":"aa667c2c-db20-4b1b-a5ad-9b6d9db1e480","title":"SP - MORUNGABA","name":"SP - MORUNGABA","tipo":"Munic\u00edpio","url":"\/dashboard\/details-assets\/aa667c2c-db20-4b1b-a5ad-9b6d9db1e480"},"geometry":{"type":"Point","coordinates":[-46.7896,-22.8811]}},{"type":"Feature","properties":{"municipio":"1a8f79f2-6a13-4627-8125-1bdb33e75bb0","title":"SP - MONTE MOR","name":"SP - MONTE MOR","tipo":"Munic\u00edpio","url":"\/dashboard\/details-assets\/1a8f79f2-6a13-4627-8125-1bdb33e75bb0"},"geometry":{"type":"Point","coordinates":[-47.3122,-22.945]}},{"type":"Feature","properties":{"municipio":"fbce2e85-fcaa-4b56-9e2e-037c18a2f10e","title":"SP - MONTE APRAZIVEL","name":"SP - MONTE APRAZIVEL","tipo":"Munic\u00edpio","url":"\/dashboard\/details-assets\/fbce2e85-fcaa-4b56-9e2e-037c18a2f10e"},"geometry":{"type":"Point","coordinates":[-49.7184,-20.768]}},{"type":"Feature","properties":{"municipio":"0d564195-a21e-4736-a56e-7029f07bbd00","title":"SP - MONTE ALTO","name":"SP - MONTE ALTO","tipo":"Munic\u00edpio","url":"\/dashboard\/details-assets\/0d564195-a21e-4736-a56e-7029f07bbd00"},"geometry":{"type":"Point","coordinates":[-48.4971,-21.2655]}},{"type":"Feature","properties":{"municipio":"8a3a9e91-0afc-4a15-88ce-5b1f0493f085","title":"SP - MONGAGUA","name":"SP - MONGAGUA","tipo":"Munic\u00edpio","url":"\/dashboard\/details-assets\/8a3a9e91-0afc-4a15-88ce-5b1f0493f085"},"geometry":{"type":"Point","coordinates":[-46.6265,-24.0809]}},{"type":"Feature","properties":{"municipio":"35e30ea0-91e9-4ac9-9ca5-34e11fa61bde","title":"SP - MOGI MIRIM","name":"SP - MOGI MIRIM","tipo":"Munic\u00edpio","url":"\/dashboard\/details-assets\/35e30ea0-91e9-4ac9-9ca5-34e11fa61bde"},"geometry":{"type":"Point","coordinates":[-46.9532,-22.4332]}},{"type":"Feature","properties":{"municipio":"81e8134d-641f-48af-bca6-f5c8c7d90b9a","title":"SP - MOGI GUACU","name":"SP - MOGI GUACU","tipo":"Munic\u00edpio","url":"\/dashboard\/details-assets\/81e8134d-641f-48af-bca6-f5c8c7d90b9a"},"geometry":{"type":"Point","coordinates":[-46.9428,-22.3675]}},{"type":"Feature","properties":{"municipio":"fa65ea52-ae7e-4d80-9666-472c33ae9345","title":"SP - MOGI DAS CRUZES","name":"SP - MOGI DAS CRUZES","tipo":"Munic\u00edpio","url":"\/dashboard\/details-assets\/fa65ea52-ae7e-4d80-9666-472c33ae9345"},"geometry":{"type":"Point","coordinates":[-46.1854,-23.5208]}},{"type":"Feature","properties":{"municipio":"ad4196d7-1d50-45f6-8c64-f19a95fcdce7","title":"SP - MOCOCA","name":"SP - MOCOCA","tipo":"Munic\u00edpio","url":"\/dashboard\/details-assets\/ad4196d7-1d50-45f6-8c64-f19a95fcdce7"},"geometry":{"type":"Point","coordinates":[-47.0024,-21.4647]}},{"type":"Feature","properties":{"municipio":"b091ff0c-c167-4f3a-b38d-8dfd88e2e41c","title":"SP - MIRASSOL","name":"SP - MIRASSOL","tipo":"Munic\u00edpio","url":"\/dashboard\/details-assets\/b091ff0c-c167-4f3a-b38d-8dfd88e2e41c"},"geometry":{"type":"Point","coordinates":[-49.5206,-20.8169]}},{"type":"Feature","properties":{"municipio":"c2a2b90b-c6fc-47a7-8b80-4ee7154fc9d3","title":"SP - MIRANTE DO PARANAPANEMA","name":"SP - MIRANTE DO PARANAPANEMA","tipo":"Munic\u00edpio","url":"\/dashboard\/details-assets\/c2a2b90b-c6fc-47a7-8b80-4ee7154fc9d3"},"geometry":{"type":"Point","coordinates":[-51.9084,-22.2904]}},{"type":"Feature","properties":{"municipio":"393f593f-fcbd-47c5-818b-6aa60ec4141d","title":"SP - MIRANDOPOLIS","name":"SP - MIRANDOPOLIS","tipo":"Munic\u00edpio","url":"\/dashboard\/details-assets\/393f593f-fcbd-47c5-818b-6aa60ec4141d"},"geometry":{"type":"Point","coordinates":[-51.1035,-21.1313]}},{"type":"Feature","properties":{"municipio":"91dbd5b8-995d-4079-bb70-a65155996a40","title":"SP - MIGUELOPOLIS","name":"SP - MIGUELOPOLIS","tipo":"Munic\u00edpio","url":"\/dashboard\/details-assets\/91dbd5b8-995d-4079-bb70-a65155996a40"},"geometry":{"type":"Point","coordinates":[-48.031,-20.1796]}},{"type":"Feature","properties":{"municipio":"b9f9377c-a1fe-4317-9fc6-164fb55eb027","title":"SP - MAUA","name":"SP - MAUA","tipo":"Munic\u00edpio","url":"\/dashboard\/details-assets\/b9f9377c-a1fe-4317-9fc6-164fb55eb027"},"geometry":{"type":"Point","coordinates":[-46.4613,-23.6677]}},{"type":"Feature","properties":{"municipio":"87e222b9-32b0-4be8-aca1-dfbb7839fbb6","title":"SP - MARTINOPOLIS","name":"SP - MARTINOPOLIS","tipo":"Munic\u00edpio","url":"\/dashboard\/details-assets\/87e222b9-32b0-4be8-aca1-dfbb7839fbb6"},"geometry":{"type":"Point","coordinates":[-51.1709,-22.1462]}},{"type":"Feature","properties":{"municipio":"c6313a56-df11-45e8-96e4-1996fe77631a","title":"SP - MATAO","name":"SP - MATAO","tipo":"Munic\u00edpio","url":"\/dashboard\/details-assets\/c6313a56-df11-45e8-96e4-1996fe77631a"},"geometry":{"type":"Point","coordinates":[-48.364,-21.6025]}},{"type":"Feature","properties":{"municipio":"3e77b9d0-e464-4d3c-8fbe-bb3734320959","title":"SP - MARILIA","name":"SP - MARILIA","tipo":"Munic\u00edpio","url":"\/dashboard\/details-assets\/3e77b9d0-e464-4d3c-8fbe-bb3734320959"},"geometry":{"type":"Point","coordinates":[-49.9501,-22.2171]}},{"type":"Feature","properties":{"municipio":"25542db7-705d-4151-9981-3f37275cd09f","title":"SP - MAIRIPORA","name":"SP - MAIRIPORA","tipo":"Munic\u00edpio","url":"\/dashboard\/details-assets\/25542db7-705d-4151-9981-3f37275cd09f"},"geometry":{"type":"Point","coordinates":[-46.5897,-23.3171]}},{"type":"Feature","properties":{"municipio":"6a85d43e-889e-4f1c-b8b1-6f1bacf75760","title":"SP - MAIRINQUE","name":"SP - MAIRINQUE","tipo":"Munic\u00edpio","url":"\/dashboard\/details-assets\/6a85d43e-889e-4f1c-b8b1-6f1bacf75760"},"geometry":{"type":"Point","coordinates":[-47.185,-23.5398]}},{"type":"Feature","properties":{"municipio":"fac5b053-866e-4942-a83a-ce062c207e26","title":"SP - LUCELIA","name":"SP - LUCELIA","tipo":"Munic\u00edpio","url":"\/dashboard\/details-assets\/fac5b053-866e-4942-a83a-ce062c207e26"},"geometry":{"type":"Point","coordinates":[-51.0215,-21.7182]}},{"type":"Feature","properties":{"municipio":"913fb4ee-2f6a-4754-9dc3-b502e10c9e7c","title":"SP - MACATUBA","name":"SP - MACATUBA","tipo":"Munic\u00edpio","url":"\/dashboard\/details-assets\/913fb4ee-2f6a-4754-9dc3-b502e10c9e7c"},"geometry":{"type":"Point","coordinates":[-48.7102,-22.5002]}},{"type":"Feature","properties":{"municipio":"98d985ae-3040-4e06-8e09-6e4c728cd20f","title":"SP - LOUVEIRA","name":"SP - LOUVEIRA","tipo":"Munic\u00edpio","url":"\/dashboard\/details-assets\/98d985ae-3040-4e06-8e09-6e4c728cd20f"},"geometry":{"type":"Point","coordinates":[-46.9484,-23.0856]}},{"type":"Feature","properties":{"municipio":"ac23dd8e-6300-4c00-838d-19be5b94d521","title":"SP - LINS","name":"SP - LINS","tipo":"Munic\u00edpio","url":"\/dashboard\/details-assets\/ac23dd8e-6300-4c00-838d-19be5b94d521"},"geometry":{"type":"Point","coordinates":[-49.7526,-21.6718]}},{"type":"Feature","properties":{"municipio":"d448bf10-0f75-4309-b34a-1819af4439a9","title":"SP - LORENA","name":"SP - LORENA","tipo":"Munic\u00edpio","url":"\/dashboard\/details-assets\/d448bf10-0f75-4309-b34a-1819af4439a9"},"geometry":{"type":"Point","coordinates":[-45.1197,-22.7334]}},{"type":"Feature","properties":{"municipio":"a2eb4a54-3e20-4355-98d9-def49a169b0b","title":"SP - LIMEIRA","name":"SP - LIMEIRA","tipo":"Munic\u00edpio","url":"\/dashboard\/details-assets\/a2eb4a54-3e20-4355-98d9-def49a169b0b"},"geometry":{"type":"Point","coordinates":[-47.397,-22.566]}},{"type":"Feature","properties":{"municipio":"c734ade3-0694-4e1e-93a6-72e2dd74f5d3","title":"SP - LENCOIS PAULISTA","name":"SP - LENCOIS PAULISTA","tipo":"Munic\u00edpio","url":"\/dashboard\/details-assets\/c734ade3-0694-4e1e-93a6-72e2dd74f5d3"},"geometry":{"type":"Point","coordinates":[-48.8037,-22.6027]}},{"type":"Feature","properties":{"municipio":"1d297160-d655-44ef-8759-a28332119208","title":"SP - LARANJAL PAULISTA","name":"SP - LARANJAL PAULISTA","tipo":"Munic\u00edpio","url":"\/dashboard\/details-assets\/1d297160-d655-44ef-8759-a28332119208"},"geometry":{"type":"Point","coordinates":[-47.8375,-23.0506]}},{"type":"Feature","properties":{"municipio":"d76dbb96-16a8-4352-b46e-cf33e212aa2d","title":"SP - LEME","name":"SP - LEME","tipo":"Munic\u00edpio","url":"\/dashboard\/details-assets\/d76dbb96-16a8-4352-b46e-cf33e212aa2d"},"geometry":{"type":"Point","coordinates":[-47.3841,-22.1809]}},{"type":"Feature","properties":{"municipio":"8d605532-536a-4f73-be47-9d701ac368bb","title":"SP - JUNQUEIROPOLIS","name":"SP - JUNQUEIROPOLIS","tipo":"Munic\u00edpio","url":"\/dashboard\/details-assets\/8d605532-536a-4f73-be47-9d701ac368bb"},"geometry":{"type":"Point","coordinates":[-51.4342,-21.5103]}},{"type":"Feature","properties":{"municipio":"632202f6-67df-47b8-8915-c2bcf090284b","title":"SP - JUNDIAI","name":"SP - JUNDIAI","tipo":"Munic\u00edpio","url":"\/dashboard\/details-assets\/632202f6-67df-47b8-8915-c2bcf090284b"},"geometry":{"type":"Point","coordinates":[-46.8974,-23.1852]}},{"type":"Feature","properties":{"municipio":"f4b63e23-d68c-40f1-8210-b9e78813521a","title":"SP - JOSE BONIFACIO","name":"SP - JOSE BONIFACIO","tipo":"Munic\u00edpio","url":"\/dashboard\/details-assets\/f4b63e23-d68c-40f1-8210-b9e78813521a"},"geometry":{"type":"Point","coordinates":[-49.6892,-21.0551]}},{"type":"Feature","properties":{"municipio":"2be3ccf0-3a70-40c6-a123-b21fc4d44936","title":"SP - JAU","name":"SP - JAU","tipo":"Munic\u00edpio","url":"\/dashboard\/details-assets\/2be3ccf0-3a70-40c6-a123-b21fc4d44936"},"geometry":{"type":"Point","coordinates":[-48.5592,-22.2936]}},{"type":"Feature","properties":{"municipio":"6abc2f20-47dc-4be5-b63a-8547175178dc","title":"SP - JARINU","name":"SP - JARINU","tipo":"Munic\u00edpio","url":"\/dashboard\/details-assets\/6abc2f20-47dc-4be5-b63a-8547175178dc"},"geometry":{"type":"Point","coordinates":[-46.728,-23.1039]}},{"type":"Feature","properties":{"municipio":"29569518-6eb9-4bb3-9fbc-feab37bebed5","title":"SP - JARDINOPOLIS","name":"SP - JARDINOPOLIS","tipo":"Munic\u00edpio","url":"\/dashboard\/details-assets\/29569518-6eb9-4bb3-9fbc-feab37bebed5"},"geometry":{"type":"Point","coordinates":[-47.7606,-21.0176]}},{"type":"Feature","properties":{"municipio":"d08c3640-c7f6-4898-94d7-fc53ece6bd94","title":"SP - JALES","name":"SP - JALES","tipo":"Munic\u00edpio","url":"\/dashboard\/details-assets\/d08c3640-c7f6-4898-94d7-fc53ece6bd94"},"geometry":{"type":"Point","coordinates":[-50.5494,-20.2672]}},{"type":"Feature","properties":{"municipio":"384ea92f-d231-4e16-8ef2-4ebb7f445059","title":"SP - JANDIRA","name":"SP - JANDIRA","tipo":"Munic\u00edpio","url":"\/dashboard\/details-assets\/384ea92f-d231-4e16-8ef2-4ebb7f445059"},"geometry":{"type":"Point","coordinates":[-46.9023,-23.5275]}},{"type":"Feature","properties":{"municipio":"56dffaad-c0fe-448e-ba10-c6333a41e44e","title":"SP - JAGUARIUNA","name":"SP - JAGUARIUNA","tipo":"Munic\u00edpio","url":"\/dashboard\/details-assets\/56dffaad-c0fe-448e-ba10-c6333a41e44e"},"geometry":{"type":"Point","coordinates":[-46.9851,-22.7037]}},{"type":"Feature","properties":{"municipio":"b1b71951-9b15-48d6-a8cd-b1276d18ae05","title":"SP - JACAREI","name":"SP - JACAREI","tipo":"Munic\u00edpio","url":"\/dashboard\/details-assets\/b1b71951-9b15-48d6-a8cd-b1276d18ae05"},"geometry":{"type":"Point","coordinates":[-45.9658,-23.2983]}},{"type":"Feature","properties":{"municipio":"11b1a7ef-cd42-4ebf-b4dd-85b1e7c0926c","title":"SP - JABOTICABAL","name":"SP - JABOTICABAL","tipo":"Munic\u00edpio","url":"\/dashboard\/details-assets\/11b1a7ef-cd42-4ebf-b4dd-85b1e7c0926c"},"geometry":{"type":"Point","coordinates":[-48.3252,-21.252]}},{"type":"Feature","properties":{"municipio":"3857973d-d0b8-481c-aebf-6a51c42c1fce","title":"SP - ITUVERAVA","name":"SP - ITUVERAVA","tipo":"Munic\u00edpio","url":"\/dashboard\/details-assets\/3857973d-d0b8-481c-aebf-6a51c42c1fce"},"geometry":{"type":"Point","coordinates":[-47.7902,-20.3355]}},{"type":"Feature","properties":{"municipio":"78ce752a-ff75-4db3-abe7-e31b25d7c72a","title":"SP - ITUPEVA","name":"SP - ITUPEVA","tipo":"Munic\u00edpio","url":"\/dashboard\/details-assets\/78ce752a-ff75-4db3-abe7-e31b25d7c72a"},"geometry":{"type":"Point","coordinates":[-47.0593,-23.1526]}},{"type":"Feature","properties":{"municipio":"5130f5ad-b22b-4e91-94ff-5f080dc4e7c0","title":"SP - ITU","name":"SP - ITU","tipo":"Munic\u00edpio","url":"\/dashboard\/details-assets\/5130f5ad-b22b-4e91-94ff-5f080dc4e7c0"},"geometry":{"type":"Point","coordinates":[-47.2927,-23.2544]}},{"type":"Feature","properties":{"municipio":"bfa1df4d-328e-4079-ac24-e5681568b423","title":"SP - ITARIRI","name":"SP - ITARIRI","tipo":"Munic\u00edpio","url":"\/dashboard\/details-assets\/bfa1df4d-328e-4079-ac24-e5681568b423"},"geometry":{"type":"Point","coordinates":[-47.1736,-24.2834]}},{"type":"Feature","properties":{"municipio":"f7cf5c15-d137-4273-80e6-15e6864d0674","title":"SP - ITATIBA","name":"SP - ITATIBA","tipo":"Munic\u00edpio","url":"\/dashboard\/details-assets\/f7cf5c15-d137-4273-80e6-15e6864d0674"},"geometry":{"type":"Point","coordinates":[-46.8464,-23.0035]}},{"type":"Feature","properties":{"municipio":"697997e1-c66a-436b-8e87-4a324816bf64","title":"SP - ITARARE","name":"SP - ITARARE","tipo":"Munic\u00edpio","url":"\/dashboard\/details-assets\/697997e1-c66a-436b-8e87-4a324816bf64"},"geometry":{"type":"Point","coordinates":[-49.3352,-24.1085]}},{"type":"Feature","properties":{"municipio":"768e01f1-8c17-4407-bcaf-269ca4ea1247","title":"SP - ITAQUAQUECETUBA","name":"SP - ITAQUAQUECETUBA","tipo":"Munic\u00edpio","url":"\/dashboard\/details-assets\/768e01f1-8c17-4407-bcaf-269ca4ea1247"},"geometry":{"type":"Point","coordinates":[-46.3457,-23.4835]}},{"type":"Feature","properties":{"municipio":"95acc337-b8c1-4e61-aab0-331967fc9870","title":"SP - ITAPORANGA","name":"SP - ITAPORANGA","tipo":"Munic\u00edpio","url":"\/dashboard\/details-assets\/95acc337-b8c1-4e61-aab0-331967fc9870"},"geometry":{"type":"Point","coordinates":[-49.4819,-23.7043]}},{"type":"Feature","properties":{"municipio":"70ce2bf4-26dd-477a-bf61-be9cbf93bd9d","title":"SP - ITAPOLIS","name":"SP - ITAPOLIS","tipo":"Munic\u00edpio","url":"\/dashboard\/details-assets\/70ce2bf4-26dd-477a-bf61-be9cbf93bd9d"},"geometry":{"type":"Point","coordinates":[-48.8149,-21.5942]}},{"type":"Feature","properties":{"municipio":"f23b3caf-5ca1-42fe-b104-b82a2bae91d7","title":"SP - ITAPIRA","name":"SP - ITAPIRA","tipo":"Munic\u00edpio","url":"\/dashboard\/details-assets\/f23b3caf-5ca1-42fe-b104-b82a2bae91d7"},"geometry":{"type":"Point","coordinates":[-46.8224,-22.4357]}},{"type":"Feature","properties":{"municipio":"776284a4-4bd2-48f2-9cb7-784c7cbac346","title":"SP - ITAPEVI","name":"SP - ITAPEVI","tipo":"Munic\u00edpio","url":"\/dashboard\/details-assets\/776284a4-4bd2-48f2-9cb7-784c7cbac346"},"geometry":{"type":"Point","coordinates":[-46.9327,-23.5488]}},{"type":"Feature","properties":{"municipio":"0f6ece3b-37f3-4327-aca7-6c00a8e38fa7","title":"SP - ITAPETININGA","name":"SP - ITAPETININGA","tipo":"Munic\u00edpio","url":"\/dashboard\/details-assets\/0f6ece3b-37f3-4327-aca7-6c00a8e38fa7"},"geometry":{"type":"Point","coordinates":[-48.0483,-23.5886]}},{"type":"Feature","properties":{"municipio":"4936abbe-321c-44d1-bf9a-dd4b11cf4146","title":"SP - ITAPEVA","name":"SP - ITAPEVA","tipo":"Munic\u00edpio","url":"\/dashboard\/details-assets\/4936abbe-321c-44d1-bf9a-dd4b11cf4146"},"geometry":{"type":"Point","coordinates":[-48.8764,-23.9788]}},{"type":"Feature","properties":{"municipio":"5d4d60c4-d967-4dd2-a7f5-b60bfada4266","title":"SP - ITAPECERICA DA SERRA","name":"SP - ITAPECERICA DA SERRA","tipo":"Munic\u00edpio","url":"\/dashboard\/details-assets\/5d4d60c4-d967-4dd2-a7f5-b60bfada4266"},"geometry":{"type":"Point","coordinates":[-46.8572,-23.7161]}},{"type":"Feature","properties":{"municipio":"02b530a9-18f2-46aa-86b9-c230c5352fb8","title":"SP - ITANHAEM","name":"SP - ITANHAEM","tipo":"Munic\u00edpio","url":"\/dashboard\/details-assets\/02b530a9-18f2-46aa-86b9-c230c5352fb8"},"geometry":{"type":"Point","coordinates":[-46.788,-24.1736]}},{"type":"Feature","properties":{"municipio":"d3228fd6-61b2-4d69-9630-ed0f1c977198","title":"SP - ITAI","name":"SP - ITAI","tipo":"Munic\u00edpio","url":"\/dashboard\/details-assets\/d3228fd6-61b2-4d69-9630-ed0f1c977198"},"geometry":{"type":"Point","coordinates":[-49.092,-23.4213]}},{"type":"Feature","properties":{"municipio":"2ff1446a-4a6e-4acb-9e46-aabd3ffb9cf8","title":"SP - ITAJOBI","name":"SP - ITAJOBI","tipo":"Munic\u00edpio","url":"\/dashboard\/details-assets\/2ff1446a-4a6e-4acb-9e46-aabd3ffb9cf8"},"geometry":{"type":"Point","coordinates":[-49.0629,-21.3123]}},{"type":"Feature","properties":{"municipio":"a28c78c2-a32d-42ae-839b-5c2fa847b03d","title":"SP - INDAIATUBA","name":"SP - INDAIATUBA","tipo":"Munic\u00edpio","url":"\/dashboard\/details-assets\/a28c78c2-a32d-42ae-839b-5c2fa847b03d"},"geometry":{"type":"Point","coordinates":[-47.2101,-23.0816]}},{"type":"Feature","properties":{"municipio":"c2f141ae-c569-4d09-94d1-bf1084c5ad06","title":"SP - ILHA SOLTEIRA","name":"SP - ILHA SOLTEIRA","tipo":"Munic\u00edpio","url":"\/dashboard\/details-assets\/c2f141ae-c569-4d09-94d1-bf1084c5ad06"},"geometry":{"type":"Point","coordinates":[-51.3426,-20.4326]}},{"type":"Feature","properties":{"municipio":"c4cde3eb-e69b-4127-bd33-6a7251abe4eb","title":"SP - ILHABELA","name":"SP - ILHABELA","tipo":"Munic\u00edpio","url":"\/dashboard\/details-assets\/c4cde3eb-e69b-4127-bd33-6a7251abe4eb"},"geometry":{"type":"Point","coordinates":[-45.3552,-23.7785]}},{"type":"Feature","properties":{"municipio":"0ddcb56f-e48e-4ba0-ba98-858de5bdd570","title":"SP - IGUAPE","name":"SP - IGUAPE","tipo":"Munic\u00edpio","url":"\/dashboard\/details-assets\/0ddcb56f-e48e-4ba0-ba98-858de5bdd570"},"geometry":{"type":"Point","coordinates":[-47.5537,-24.699]}},{"type":"Feature","properties":{"municipio":"4a5ef793-ac15-46fc-9112-195fd63ada0d","title":"SP - IGARAPAVA","name":"SP - IGARAPAVA","tipo":"Munic\u00edpio","url":"\/dashboard\/details-assets\/4a5ef793-ac15-46fc-9112-195fd63ada0d"},"geometry":{"type":"Point","coordinates":[-47.7466,-20.0407]}},{"type":"Feature","properties":{"municipio":"bdbca0fb-1c75-4935-a656-95fe2f547f46","title":"SP - IBIUNA","name":"SP - IBIUNA","tipo":"Munic\u00edpio","url":"\/dashboard\/details-assets\/bdbca0fb-1c75-4935-a656-95fe2f547f46"},"geometry":{"type":"Point","coordinates":[-47.223,-23.6596]}},{"type":"Feature","properties":{"municipio":"1b52134d-3a56-458d-97b1-45321695b617","title":"SP - IBITINGA","name":"SP - IBITINGA","tipo":"Munic\u00edpio","url":"\/dashboard\/details-assets\/1b52134d-3a56-458d-97b1-45321695b617"},"geometry":{"type":"Point","coordinates":[-48.8319,-21.7562]}},{"type":"Feature","properties":{"municipio":"6f758032-ed39-4cf4-a445-c2f8e7fc2a9e","title":"SP - IBATE","name":"SP - IBATE","tipo":"Munic\u00edpio","url":"\/dashboard\/details-assets\/6f758032-ed39-4cf4-a445-c2f8e7fc2a9e"},"geometry":{"type":"Point","coordinates":[-47.9882,-21.9584]}},{"type":"Feature","properties":{"municipio":"904e4f39-58e0-458a-9406-482d41a5288f","title":"SP - HORTOLANDIA","name":"SP - HORTOLANDIA","tipo":"Munic\u00edpio","url":"\/dashboard\/details-assets\/904e4f39-58e0-458a-9406-482d41a5288f"},"geometry":{"type":"Point","coordinates":[-47.2143,-22.8529]}},{"type":"Feature","properties":{"municipio":"99703c26-462d-41e4-99ac-a0245741fd77","title":"SP - GUARULHOS","name":"SP - GUARULHOS","tipo":"Munic\u00edpio","url":"\/dashboard\/details-assets\/99703c26-462d-41e4-99ac-a0245741fd77"},"geometry":{"type":"Point","coordinates":[-46.5333,-23.4538]}},{"type":"Feature","properties":{"municipio":"a7c49c9c-1747-460a-a7a7-8f38ec551b15","title":"SP - GUARUJA","name":"SP - GUARUJA","tipo":"Munic\u00edpio","url":"\/dashboard\/details-assets\/a7c49c9c-1747-460a-a7a7-8f38ec551b15"},"geometry":{"type":"Point","coordinates":[-46.258,-23.9888]}},{"type":"Feature","properties":{"municipio":"fa362704-3630-46ce-be78-8ee0243162fb","title":"SP - GUARIBA","name":"SP - GUARIBA","tipo":"Munic\u00edpio","url":"\/dashboard\/details-assets\/fa362704-3630-46ce-be78-8ee0243162fb"},"geometry":{"type":"Point","coordinates":[-48.2316,-21.3594]}},{"type":"Feature","properties":{"municipio":"f8766b8f-4f34-4d47-aa0b-ca247710679a","title":"SP - GUARATINGUETA","name":"SP - GUARATINGUETA","tipo":"Munic\u00edpio","url":"\/dashboard\/details-assets\/f8766b8f-4f34-4d47-aa0b-ca247710679a"},"geometry":{"type":"Point","coordinates":[-45.1938,-22.8075]}},{"type":"Feature","properties":{"municipio":"8a0aa9eb-7881-4b95-ae58-f99ccd2d087e","title":"SP - GUARAREMA","name":"SP - GUARAREMA","tipo":"Munic\u00edpio","url":"\/dashboard\/details-assets\/8a0aa9eb-7881-4b95-ae58-f99ccd2d087e"},"geometry":{"type":"Point","coordinates":[-46.0369,-23.4112]}},{"type":"Feature","properties":{"municipio":"5dd9615f-d9ed-4b69-b735-c9de1f810cca","title":"SP - GUAIRA","name":"SP - GUAIRA","tipo":"Munic\u00edpio","url":"\/dashboard\/details-assets\/5dd9615f-d9ed-4b69-b735-c9de1f810cca"},"geometry":{"type":"Point","coordinates":[-48.312,-20.3196]}},{"type":"Feature","properties":{"municipio":"2fe05fe0-1ac1-499b-820f-7320ce18ef0e","title":"SP - GUARARAPES","name":"SP - GUARARAPES","tipo":"Munic\u00edpio","url":"\/dashboard\/details-assets\/2fe05fe0-1ac1-499b-820f-7320ce18ef0e"},"geometry":{"type":"Point","coordinates":[-50.6453,-21.2544]}},{"type":"Feature","properties":{"municipio":"deb77fab-e5a3-487b-924d-4f04ee52dd80","title":"SP - GUAICARA","name":"SP - GUAICARA","tipo":"Munic\u00edpio","url":"\/dashboard\/details-assets\/deb77fab-e5a3-487b-924d-4f04ee52dd80"},"geometry":{"type":"Point","coordinates":[-49.8013,-21.6195]}},{"type":"Feature","properties":{"municipio":"0208fc59-995e-4fb9-b597-a8243e7071a9","title":"SP - GARCA","name":"SP - GARCA","tipo":"Munic\u00edpio","url":"\/dashboard\/details-assets\/0208fc59-995e-4fb9-b597-a8243e7071a9"},"geometry":{"type":"Point","coordinates":[-49.6546,-22.2125]}},{"type":"Feature","properties":{"municipio":"5d90e878-8a82-4936-ad19-dd30f56787ff","title":"SP - FRANCO DA ROCHA","name":"SP - FRANCO DA ROCHA","tipo":"Munic\u00edpio","url":"\/dashboard\/details-assets\/5d90e878-8a82-4936-ad19-dd30f56787ff"},"geometry":{"type":"Point","coordinates":[-46.729,-23.3229]}},{"type":"Feature","properties":{"municipio":"e7a7af64-f191-46d4-9106-119ec9144ddc","title":"SP - FRANCA","name":"SP - FRANCA","tipo":"Munic\u00edpio","url":"\/dashboard\/details-assets\/e7a7af64-f191-46d4-9106-119ec9144ddc"},"geometry":{"type":"Point","coordinates":[-47.4039,-20.5352]}},{"type":"Feature","properties":{"municipio":"533750ec-3821-4e37-8dc7-5f95b2ebea52","title":"SP - FRANCISCO MORATO","name":"SP - FRANCISCO MORATO","tipo":"Munic\u00edpio","url":"\/dashboard\/details-assets\/533750ec-3821-4e37-8dc7-5f95b2ebea52"},"geometry":{"type":"Point","coordinates":[-46.7448,-23.2792]}},{"type":"Feature","properties":{"municipio":"a8c8a6e8-1903-4ece-91b9-72410c263dca","title":"SP - FERRAZ DE VASCONCELOS","name":"SP - FERRAZ DE VASCONCELOS","tipo":"Munic\u00edpio","url":"\/dashboard\/details-assets\/a8c8a6e8-1903-4ece-91b9-72410c263dca"},"geometry":{"type":"Point","coordinates":[-46.371,-23.5411]}},{"type":"Feature","properties":{"municipio":"ae661e60-42e6-4e74-b0d8-cf0994b22a22","title":"SP - FERNANDOPOLIS","name":"SP - FERNANDOPOLIS","tipo":"Munic\u00edpio","url":"\/dashboard\/details-assets\/ae661e60-42e6-4e74-b0d8-cf0994b22a22"},"geometry":{"type":"Point","coordinates":[-50.2471,-20.2806]}},{"type":"Feature","properties":{"municipio":"81e640d9-c21d-43cc-9b65-2fb3ada8a0c3","title":"SP - FARTURA","name":"SP - FARTURA","tipo":"Munic\u00edpio","url":"\/dashboard\/details-assets\/81e640d9-c21d-43cc-9b65-2fb3ada8a0c3"},"geometry":{"type":"Point","coordinates":[-49.5124,-23.3916]}},{"type":"Feature","properties":{"municipio":"fe05b218-15e1-4303-b90f-d3a0bed0f45e","title":"SP - EUCLIDES DA CUNHA PAULISTA","name":"SP - EUCLIDES DA CUNHA PAULISTA","tipo":"Munic\u00edpio","url":"\/dashboard\/details-assets\/fe05b218-15e1-4303-b90f-d3a0bed0f45e"},"geometry":{"type":"Point","coordinates":[-52.5928,-22.5545]}},{"type":"Feature","properties":{"municipio":"3df55b87-fc53-45cf-91dc-73fcda69b86f","title":"SP - ESPIRITO SANTO DO PINHAL","name":"SP - ESPIRITO SANTO DO PINHAL","tipo":"Munic\u00edpio","url":"\/dashboard\/details-assets\/3df55b87-fc53-45cf-91dc-73fcda69b86f"},"geometry":{"type":"Point","coordinates":[-46.7477,-22.1909]}},{"type":"Feature","properties":{"municipio":"3e63cb2b-5fed-459d-aa40-2a5d4fc57b79","title":"SP - ENGENHEIRO COELHO","name":"SP - ENGENHEIRO COELHO","tipo":"Munic\u00edpio","url":"\/dashboard\/details-assets\/3e63cb2b-5fed-459d-aa40-2a5d4fc57b79"},"geometry":{"type":"Point","coordinates":[-47.211,-22.4836]}},{"type":"Feature","properties":{"municipio":"78e3c37c-368b-4480-8929-9efd8ef84bca","title":"SP - EMBU-GUACU","name":"SP - EMBU-GUACU","tipo":"Munic\u00edpio","url":"\/dashboard\/details-assets\/78e3c37c-368b-4480-8929-9efd8ef84bca"},"geometry":{"type":"Point","coordinates":[-46.8136,-23.8297]}},{"type":"Feature","properties":{"municipio":"7d0db903-9544-4617-bff7-05d8e3104ac7","title":"SP - EMBU DAS ARTES","name":"SP - EMBU DAS ARTES","tipo":"Munic\u00edpio","url":"\/dashboard\/details-assets\/7d0db903-9544-4617-bff7-05d8e3104ac7"},"geometry":{"type":"Point","coordinates":[-46.8579,-23.6437]}},{"type":"Feature","properties":{"municipio":"d79f3714-0e03-47e5-bd5c-cff8a6a58091","title":"SP - DRACENA","name":"SP - DRACENA","tipo":"Munic\u00edpio","url":"\/dashboard\/details-assets\/d79f3714-0e03-47e5-bd5c-cff8a6a58091"},"geometry":{"type":"Point","coordinates":[-51.535,-21.4843]}},{"type":"Feature","properties":{"municipio":"3c16851e-504c-4b6f-8727-ecf0715c923a","title":"SP - DIADEMA","name":"SP - DIADEMA","tipo":"Munic\u00edpio","url":"\/dashboard\/details-assets\/3c16851e-504c-4b6f-8727-ecf0715c923a"},"geometry":{"type":"Point","coordinates":[-46.6205,-23.6813]}},{"type":"Feature","properties":{"municipio":"cebdbdc8-8e3d-4326-9a11-8b62282c9ab8","title":"SP - DOIS CORREGOS","name":"SP - DOIS CORREGOS","tipo":"Munic\u00edpio","url":"\/dashboard\/details-assets\/cebdbdc8-8e3d-4326-9a11-8b62282c9ab8"},"geometry":{"type":"Point","coordinates":[-48.3819,-22.3673]}},{"type":"Feature","properties":{"municipio":"6db1d503-de56-4509-af41-88a147c49427","title":"SP - DESCALVADO","name":"SP - DESCALVADO","tipo":"Munic\u00edpio","url":"\/dashboard\/details-assets\/6db1d503-de56-4509-af41-88a147c49427"},"geometry":{"type":"Point","coordinates":[-47.6181,-21.9002]}},{"type":"Feature","properties":{"municipio":"31310afd-d960-4525-811e-e1f5f069811a","title":"SP - CUBATAO","name":"SP - CUBATAO","tipo":"Munic\u00edpio","url":"\/dashboard\/details-assets\/31310afd-d960-4525-811e-e1f5f069811a"},"geometry":{"type":"Point","coordinates":[-46.424,-23.8911]}},{"type":"Feature","properties":{"municipio":"970215c5-d4e6-4fc7-bd4d-28704c043734","title":"SP - CRUZEIRO","name":"SP - CRUZEIRO","tipo":"Munic\u00edpio","url":"\/dashboard\/details-assets\/970215c5-d4e6-4fc7-bd4d-28704c043734"},"geometry":{"type":"Point","coordinates":[-44.969,-22.5728]}},{"type":"Feature","properties":{"municipio":"ada7197c-09ae-4bbe-8aea-ac87b882ed1e","title":"SP - COTIA","name":"SP - COTIA","tipo":"Munic\u00edpio","url":"\/dashboard\/details-assets\/ada7197c-09ae-4bbe-8aea-ac87b882ed1e"},"geometry":{"type":"Point","coordinates":[-46.919,-23.6022]}},{"type":"Feature","properties":{"municipio":"185c652c-628d-4024-9ac4-2a9d06834943","title":"SP - CRAVINHOS","name":"SP - CRAVINHOS","tipo":"Munic\u00edpio","url":"\/dashboard\/details-assets\/185c652c-628d-4024-9ac4-2a9d06834943"},"geometry":{"type":"Point","coordinates":[-47.7324,-21.338]}},{"type":"Feature","properties":{"municipio":"4f396c1b-b622-4e1d-99d1-a294f83127da","title":"SP - COSMOPOLIS","name":"SP - COSMOPOLIS","tipo":"Munic\u00edpio","url":"\/dashboard\/details-assets\/4f396c1b-b622-4e1d-99d1-a294f83127da"},"geometry":{"type":"Point","coordinates":[-47.1926,-22.6419]}},{"type":"Feature","properties":{"municipio":"07ac2ea1-0ac0-4430-99d5-90bbd101363f","title":"SP - CORDEIROPOLIS","name":"SP - CORDEIROPOLIS","tipo":"Munic\u00edpio","url":"\/dashboard\/details-assets\/07ac2ea1-0ac0-4430-99d5-90bbd101363f"},"geometry":{"type":"Point","coordinates":[-47.4519,-22.4778]}},{"type":"Feature","properties":{"municipio":"a8f133a3-009a-4c77-b7be-aaf5062ab6bf","title":"SP - CONCHAL","name":"SP - CONCHAL","tipo":"Munic\u00edpio","url":"\/dashboard\/details-assets\/a8f133a3-009a-4c77-b7be-aaf5062ab6bf"},"geometry":{"type":"Point","coordinates":[-47.1729,-22.3375]}},{"type":"Feature","properties":{"municipio":"aa6d04cb-9a14-4d78-9d17-bf0fefd60c31","title":"SP - CONCHAS","name":"SP - CONCHAS","tipo":"Munic\u00edpio","url":"\/dashboard\/details-assets\/aa6d04cb-9a14-4d78-9d17-bf0fefd60c31"},"geometry":{"type":"Point","coordinates":[-48.0134,-23.0154]}},{"type":"Feature","properties":{"municipio":"fb62b62a-4e05-45c1-a513-e07e3ec99859","title":"SP - CESARIO LANGE","name":"SP - CESARIO LANGE","tipo":"Munic\u00edpio","url":"\/dashboard\/details-assets\/fb62b62a-4e05-45c1-a513-e07e3ec99859"},"geometry":{"type":"Point","coordinates":[-47.9545,-23.226]}},{"type":"Feature","properties":{"municipio":"501592eb-b784-4b63-84e9-32497ba89838","title":"SP - CERQUILHO","name":"SP - CERQUILHO","tipo":"Munic\u00edpio","url":"\/dashboard\/details-assets\/501592eb-b784-4b63-84e9-32497ba89838"},"geometry":{"type":"Point","coordinates":[-47.7459,-23.1665]}},{"type":"Feature","properties":{"municipio":"844b6eaf-8988-4246-b9e9-dd2fbe642de5","title":"SP - CERQUEIRA CESAR","name":"SP - CERQUEIRA CESAR","tipo":"Munic\u00edpio","url":"\/dashboard\/details-assets\/844b6eaf-8988-4246-b9e9-dd2fbe642de5"},"geometry":{"type":"Point","coordinates":[-49.1655,-23.038]}},{"type":"Feature","properties":{"municipio":"8453f753-3e08-45fc-b924-a0c09c51eb39","title":"SP - CATANDUVA","name":"SP - CATANDUVA","tipo":"Munic\u00edpio","url":"\/dashboard\/details-assets\/8453f753-3e08-45fc-b924-a0c09c51eb39"},"geometry":{"type":"Point","coordinates":[-48.977,-21.1314]}},{"type":"Feature","properties":{"municipio":"e95390b5-e74a-40ac-9998-b0e98c66a8e9","title":"SP - CASA BRANCA","name":"SP - CASA BRANCA","tipo":"Munic\u00edpio","url":"\/dashboard\/details-assets\/e95390b5-e74a-40ac-9998-b0e98c66a8e9"},"geometry":{"type":"Point","coordinates":[-47.0852,-21.7708]}},{"type":"Feature","properties":{"municipio":"4e790954-4eaf-4afc-aa82-d8d58d21de56","title":"SP - CARAGUATATUBA","name":"SP - CARAGUATATUBA","tipo":"Munic\u00edpio","url":"\/dashboard\/details-assets\/4e790954-4eaf-4afc-aa82-d8d58d21de56"},"geometry":{"type":"Point","coordinates":[-45.4125,-23.6125]}},{"type":"Feature","properties":{"municipio":"fbb2d2de-c7ec-4be4-bf1a-31486e70bf2b","title":"SP - CARAPICUIBA","name":"SP - CARAPICUIBA","tipo":"Munic\u00edpio","url":"\/dashboard\/details-assets\/fbb2d2de-c7ec-4be4-bf1a-31486e70bf2b"},"geometry":{"type":"Point","coordinates":[-46.8407,-23.5235]}},{"type":"Feature","properties":{"municipio":"90cd96c1-29f0-493f-8e25-e1aa94b665e9","title":"SP - CAPIVARI","name":"SP - CAPIVARI","tipo":"Munic\u00edpio","url":"\/dashboard\/details-assets\/90cd96c1-29f0-493f-8e25-e1aa94b665e9"},"geometry":{"type":"Point","coordinates":[-47.5071,-22.9951]}},{"type":"Feature","properties":{"municipio":"5ad87dfc-3f1e-4ddc-afc9-c73b51d39120","title":"SP - CAPAO BONITO","name":"SP - CAPAO BONITO","tipo":"Munic\u00edpio","url":"\/dashboard\/details-assets\/5ad87dfc-3f1e-4ddc-afc9-c73b51d39120"},"geometry":{"type":"Point","coordinates":[-48.3482,-24.0113]}},{"type":"Feature","properties":{"municipio":"391df2d4-09af-412e-adaf-dce0b369e679","title":"SP - CANDIDO MOTA","name":"SP - CANDIDO MOTA","tipo":"Munic\u00edpio","url":"\/dashboard\/details-assets\/391df2d4-09af-412e-adaf-dce0b369e679"},"geometry":{"type":"Point","coordinates":[-50.3873,-22.7471]}},{"type":"Feature","properties":{"municipio":"d43bb346-5ed0-40f6-9ee1-95e2acde5a5e","title":"SP - CAMPOS DO JORDAO","name":"SP - CAMPOS DO JORDAO","tipo":"Munic\u00edpio","url":"\/dashboard\/details-assets\/d43bb346-5ed0-40f6-9ee1-95e2acde5a5e"},"geometry":{"type":"Point","coordinates":[-45.5833,-22.7296]}},{"type":"Feature","properties":{"municipio":"a974c7f9-6b82-4c8d-aea1-cfb7c6dfaf7f","title":"SP - CAMPO LIMPO PAULISTA","name":"SP - CAMPO LIMPO PAULISTA","tipo":"Munic\u00edpio","url":"\/dashboard\/details-assets\/a974c7f9-6b82-4c8d-aea1-cfb7c6dfaf7f"},"geometry":{"type":"Point","coordinates":[-46.7889,-23.2078]}},{"type":"Feature","properties":{"municipio":"7ff9af8d-0e08-443e-bedb-83b42bdca270","title":"SP - CAMPINAS","name":"SP - CAMPINAS","tipo":"Munic\u00edpio","url":"\/dashboard\/details-assets\/7ff9af8d-0e08-443e-bedb-83b42bdca270"},"geometry":{"type":"Point","coordinates":[-47.0659,-22.9053]}},{"type":"Feature","properties":{"municipio":"7cfbac72-e8b4-481f-8124-043837fb617d","title":"SP - CAJURU","name":"SP - CAJURU","tipo":"Munic\u00edpio","url":"\/dashboard\/details-assets\/7cfbac72-e8b4-481f-8124-043837fb617d"},"geometry":{"type":"Point","coordinates":[-47.303,-21.2749]}},{"type":"Feature","properties":{"municipio":"7580f265-de06-49ca-8e43-dcc6010820c1","title":"SP - CAJATI","name":"SP - CAJATI","tipo":"Munic\u00edpio","url":"\/dashboard\/details-assets\/7580f265-de06-49ca-8e43-dcc6010820c1"},"geometry":{"type":"Point","coordinates":[-48.1223,-24.7324]}},{"type":"Feature","properties":{"municipio":"e1ad11f2-7990-4fad-89af-f62e40839016","title":"SP - CAJAMAR","name":"SP - CAJAMAR","tipo":"Munic\u00edpio","url":"\/dashboard\/details-assets\/e1ad11f2-7990-4fad-89af-f62e40839016"},"geometry":{"type":"Point","coordinates":[-46.8781,-23.355]}},{"type":"Feature","properties":{"municipio":"56888cc4-31cc-4ae0-b71e-a2da762d0cd9","title":"SP - CAIEIRAS","name":"SP - CAIEIRAS","tipo":"Munic\u00edpio","url":"\/dashboard\/details-assets\/56888cc4-31cc-4ae0-b71e-a2da762d0cd9"},"geometry":{"type":"Point","coordinates":[-46.7397,-23.3607]}},{"type":"Feature","properties":{"municipio":"dd61c044-d0b1-4636-b3f8-1d1f59bdcc04","title":"SP - CACHOEIRA PAULISTA","name":"SP - CACHOEIRA PAULISTA","tipo":"Munic\u00edpio","url":"\/dashboard\/details-assets\/dd61c044-d0b1-4636-b3f8-1d1f59bdcc04"},"geometry":{"type":"Point","coordinates":[-45.0154,-22.6665]}},{"type":"Feature","properties":{"municipio":"51bfe785-6020-4070-bdae-528a3de2c15f","title":"SP - CAFELANDIA","name":"SP - CAFELANDIA","tipo":"Munic\u00edpio","url":"\/dashboard\/details-assets\/51bfe785-6020-4070-bdae-528a3de2c15f"},"geometry":{"type":"Point","coordinates":[-49.6092,-21.8031]}},{"type":"Feature","properties":{"municipio":"8d18334a-a534-4c52-95ad-0650d74fe5bc","title":"SP - CACAPAVA","name":"SP - CACAPAVA","tipo":"Munic\u00edpio","url":"\/dashboard\/details-assets\/8d18334a-a534-4c52-95ad-0650d74fe5bc"},"geometry":{"type":"Point","coordinates":[-45.7076,-23.0992]}},{"type":"Feature","properties":{"municipio":"868dda66-eda1-44d5-884a-b0802cab1c6d","title":"SP - CABREUVA","name":"SP - CABREUVA","tipo":"Munic\u00edpio","url":"\/dashboard\/details-assets\/868dda66-eda1-44d5-884a-b0802cab1c6d"},"geometry":{"type":"Point","coordinates":[-47.1362,-23.3053]}},{"type":"Feature","properties":{"municipio":"1dca38f4-d51d-4426-ae8e-93d1daa822bd","title":"SP - BURI","name":"SP - BURI","tipo":"Munic\u00edpio","url":"\/dashboard\/details-assets\/1dca38f4-d51d-4426-ae8e-93d1daa822bd"},"geometry":{"type":"Point","coordinates":[-48.5958,-23.7977]}},{"type":"Feature","properties":{"municipio":"cb997f0d-6eea-4b6e-b281-79bdbabcee9d","title":"SP - BRODOWSKI","name":"SP - BRODOWSKI","tipo":"Munic\u00edpio","url":"\/dashboard\/details-assets\/cb997f0d-6eea-4b6e-b281-79bdbabcee9d"},"geometry":{"type":"Point","coordinates":[-47.6572,-20.9845]}},{"type":"Feature","properties":{"municipio":"22afe954-1af2-4908-b255-2640ef725e57","title":"SP - BRAGANCA PAULISTA","name":"SP - BRAGANCA PAULISTA","tipo":"Munic\u00edpio","url":"\/dashboard\/details-assets\/22afe954-1af2-4908-b255-2640ef725e57"},"geometry":{"type":"Point","coordinates":[-46.5419,-22.9527]}},{"type":"Feature","properties":{"municipio":"a46ed823-dd38-45e8-bee6-7d73aa5a5ae1","title":"SP - BOTUCATU","name":"SP - BOTUCATU","tipo":"Munic\u00edpio","url":"\/dashboard\/details-assets\/a46ed823-dd38-45e8-bee6-7d73aa5a5ae1"},"geometry":{"type":"Point","coordinates":[-48.4437,-22.8837]}},{"type":"Feature","properties":{"municipio":"c3b79656-adef-4836-aad8-1f4231347fb1","title":"SP - BIRITIBA-MIRIM","name":"SP - BIRITIBA-MIRIM","tipo":"Munic\u00edpio","url":"\/dashboard\/details-assets\/c3b79656-adef-4836-aad8-1f4231347fb1"},"geometry":{"type":"Point","coordinates":[-46.0407,-23.5698]}},{"type":"Feature","properties":{"municipio":"29dfaf85-3bff-45c4-9629-d0c312f0b1b7","title":"SP - BOITUVA","name":"SP - BOITUVA","tipo":"Munic\u00edpio","url":"\/dashboard\/details-assets\/29dfaf85-3bff-45c4-9629-d0c312f0b1b7"},"geometry":{"type":"Point","coordinates":[-47.6786,-23.2855]}},{"type":"Feature","properties":{"municipio":"741b6d68-3bc6-46c9-a7bc-1ba7b37673ff","title":"SP - BIRIGUI","name":"SP - BIRIGUI","tipo":"Munic\u00edpio","url":"\/dashboard\/details-assets\/741b6d68-3bc6-46c9-a7bc-1ba7b37673ff"},"geometry":{"type":"Point","coordinates":[-50.3432,-21.291]}},{"type":"Feature","properties":{"municipio":"d65239ef-2de2-473d-9b49-deafade381ed","title":"SP - BEBEDOURO","name":"SP - BEBEDOURO","tipo":"Munic\u00edpio","url":"\/dashboard\/details-assets\/d65239ef-2de2-473d-9b49-deafade381ed"},"geometry":{"type":"Point","coordinates":[-48.4791,-20.9491]}},{"type":"Feature","properties":{"municipio":"bafb17af-2d5e-42c3-9b1d-a767b5d8c5ca","title":"SP - BERTIOGA","name":"SP - BERTIOGA","tipo":"Munic\u00edpio","url":"\/dashboard\/details-assets\/bafb17af-2d5e-42c3-9b1d-a767b5d8c5ca"},"geometry":{"type":"Point","coordinates":[-46.1396,-23.8486]}},{"type":"Feature","properties":{"municipio":"caeda947-25a9-40e8-8e55-341fcd3b8b25","title":"SP - BAURU","name":"SP - BAURU","tipo":"Munic\u00edpio","url":"\/dashboard\/details-assets\/caeda947-25a9-40e8-8e55-341fcd3b8b25"},"geometry":{"type":"Point","coordinates":[-49.0871,-22.3246]}},{"type":"Feature","properties":{"municipio":"e86dad55-1494-430e-8836-a9bf137e6f08","title":"SP - BATATAIS","name":"SP - BATATAIS","tipo":"Munic\u00edpio","url":"\/dashboard\/details-assets\/e86dad55-1494-430e-8836-a9bf137e6f08"},"geometry":{"type":"Point","coordinates":[-47.5921,-20.8929]}},{"type":"Feature","properties":{"municipio":"0fa40ff2-ca41-4040-8473-011a96e8a433","title":"SP - BASTOS","name":"SP - BASTOS","tipo":"Munic\u00edpio","url":"\/dashboard\/details-assets\/0fa40ff2-ca41-4040-8473-011a96e8a433"},"geometry":{"type":"Point","coordinates":[-50.7357,-21.921]}},{"type":"Feature","properties":{"municipio":"8ac3c6bc-e097-4f1a-ac17-b4a2c1bb43f3","title":"SP - BARUERI","name":"SP - BARUERI","tipo":"Munic\u00edpio","url":"\/dashboard\/details-assets\/8ac3c6bc-e097-4f1a-ac17-b4a2c1bb43f3"},"geometry":{"type":"Point","coordinates":[-46.879,-23.5057]}},{"type":"Feature","properties":{"municipio":"2ac1910f-af99-42b9-851d-a0e80fa0ba9c","title":"SP - BARRETOS","name":"SP - BARRETOS","tipo":"Munic\u00edpio","url":"\/dashboard\/details-assets\/2ac1910f-af99-42b9-851d-a0e80fa0ba9c"},"geometry":{"type":"Point","coordinates":[-48.5698,-20.5531]}},{"type":"Feature","properties":{"municipio":"fbf195ae-fb44-467f-8525-dee72d32b9b1","title":"SP - BARRA BONITA","name":"SP - BARRA BONITA","tipo":"Munic\u00edpio","url":"\/dashboard\/details-assets\/fbf195ae-fb44-467f-8525-dee72d32b9b1"},"geometry":{"type":"Point","coordinates":[-48.5583,-22.4909]}},{"type":"Feature","properties":{"municipio":"8784deb5-ac6f-405a-a436-98b61f06aa3d","title":"SP - BARIRI","name":"SP - BARIRI","tipo":"Munic\u00edpio","url":"\/dashboard\/details-assets\/8784deb5-ac6f-405a-a436-98b61f06aa3d"},"geometry":{"type":"Point","coordinates":[-48.7438,-22.073]}},{"type":"Feature","properties":{"municipio":"ca0ca8f6-89da-492d-bb54-7c800d8038d7","title":"SP - AVARE","name":"SP - AVARE","tipo":"Munic\u00edpio","url":"\/dashboard\/details-assets\/ca0ca8f6-89da-492d-bb54-7c800d8038d7"},"geometry":{"type":"Point","coordinates":[-48.9251,-23.1067]}},{"type":"Feature","properties":{"municipio":"bd158911-bb66-4b3f-8862-5615eb124206","title":"SP - ATIBAIA","name":"SP - ATIBAIA","tipo":"Munic\u00edpio","url":"\/dashboard\/details-assets\/bd158911-bb66-4b3f-8862-5615eb124206"},"geometry":{"type":"Point","coordinates":[-46.5563,-23.1171]}},{"type":"Feature","properties":{"municipio":"309c8066-6dbf-4eed-a897-98f772640ac5","title":"SP - ARUJA","name":"SP - ARUJA","tipo":"Munic\u00edpio","url":"\/dashboard\/details-assets\/309c8066-6dbf-4eed-a897-98f772640ac5"},"geometry":{"type":"Point","coordinates":[-46.32,-23.3965]}},{"type":"Feature","properties":{"municipio":"56f21deb-7e51-4650-be69-0c615500903a","title":"SP - ASSIS","name":"SP - ASSIS","tipo":"Munic\u00edpio","url":"\/dashboard\/details-assets\/56f21deb-7e51-4650-be69-0c615500903a"},"geometry":{"type":"Point","coordinates":[-50.4183,-22.66]}},{"type":"Feature","properties":{"municipio":"68ba0911-01c1-4beb-8aac-ec6449a89ef7","title":"SP - ARTUR NOGUEIRA","name":"SP - ARTUR NOGUEIRA","tipo":"Munic\u00edpio","url":"\/dashboard\/details-assets\/68ba0911-01c1-4beb-8aac-ec6449a89ef7"},"geometry":{"type":"Point","coordinates":[-47.1727,-22.5727]}},{"type":"Feature","properties":{"municipio":"8ae3ff45-ca62-4cb4-8fa5-fb74cb4846bd","title":"SP - ARARAS","name":"SP - ARARAS","tipo":"Munic\u00edpio","url":"\/dashboard\/details-assets\/8ae3ff45-ca62-4cb4-8fa5-fb74cb4846bd"},"geometry":{"type":"Point","coordinates":[-47.3842,-22.3572]}},{"type":"Feature","properties":{"municipio":"5a388a31-9d34-42f0-9626-197be4348235","title":"SP - ARARAQUARA","name":"SP - ARARAQUARA","tipo":"Munic\u00edpio","url":"\/dashboard\/details-assets\/5a388a31-9d34-42f0-9626-197be4348235"},"geometry":{"type":"Point","coordinates":[-48.178,-21.7845]}},{"type":"Feature","properties":{"municipio":"0873100b-a1e0-431c-af45-f984dcf11178","title":"SP - ARACOIABA DA SERRA","name":"SP - ARACOIABA DA SERRA","tipo":"Munic\u00edpio","url":"\/dashboard\/details-assets\/0873100b-a1e0-431c-af45-f984dcf11178"},"geometry":{"type":"Point","coordinates":[-47.6166,-23.5029]}},{"type":"Feature","properties":{"municipio":"247857da-8756-42b8-bb08-39314abadf8d","title":"SP - ARACATUBA","name":"SP - ARACATUBA","tipo":"Munic\u00edpio","url":"\/dashboard\/details-assets\/247857da-8756-42b8-bb08-39314abadf8d"},"geometry":{"type":"Point","coordinates":[-50.4401,-21.2076]}},{"type":"Feature","properties":{"municipio":"bc63c418-d840-403c-a728-df8b548132a1","title":"SP - ARACARIGUAMA","name":"SP - ARACARIGUAMA","tipo":"Munic\u00edpio","url":"\/dashboard\/details-assets\/bc63c418-d840-403c-a728-df8b548132a1"},"geometry":{"type":"Point","coordinates":[-47.0608,-23.4366]}},{"type":"Feature","properties":{"municipio":"d4a64ada-03fd-4062-b76e-cfef164a6032","title":"SP - APIAI","name":"SP - APIAI","tipo":"Munic\u00edpio","url":"\/dashboard\/details-assets\/d4a64ada-03fd-4062-b76e-cfef164a6032"},"geometry":{"type":"Point","coordinates":[-48.8443,-24.5108]}},{"type":"Feature","properties":{"municipio":"00f0dabb-8dcd-47c9-abe6-b309925997b2","title":"SP - APARECIDA","name":"SP - APARECIDA","tipo":"Munic\u00edpio","url":"\/dashboard\/details-assets\/00f0dabb-8dcd-47c9-abe6-b309925997b2"},"geometry":{"type":"Point","coordinates":[-45.2325,-22.8495]}},{"type":"Feature","properties":{"municipio":"d7cbc553-f71a-47dc-9b5f-141966982603","title":"SP - ANDRADINA","name":"SP - ANDRADINA","tipo":"Munic\u00edpio","url":"\/dashboard\/details-assets\/d7cbc553-f71a-47dc-9b5f-141966982603"},"geometry":{"type":"Point","coordinates":[-51.3786,-20.8948]}},{"type":"Feature","properties":{"municipio":"7572a185-0f9e-4ed8-b06b-95255097a4be","title":"SP - AMPARO","name":"SP - AMPARO","tipo":"Munic\u00edpio","url":"\/dashboard\/details-assets\/7572a185-0f9e-4ed8-b06b-95255097a4be"},"geometry":{"type":"Point","coordinates":[-46.772,-22.7088]}},{"type":"Feature","properties":{"municipio":"4d57b5cb-e608-467d-a7f4-f326b035d88d","title":"SP - AMERICANA","name":"SP - AMERICANA","tipo":"Munic\u00edpio","url":"\/dashboard\/details-assets\/4d57b5cb-e608-467d-a7f4-f326b035d88d"},"geometry":{"type":"Point","coordinates":[-47.3331,-22.7374]}},{"type":"Feature","properties":{"municipio":"11e27ccf-61d6-41b9-a412-cadbc277824d","title":"SP - ALVARES MACHADO","name":"SP - ALVARES MACHADO","tipo":"Munic\u00edpio","url":"\/dashboard\/details-assets\/11e27ccf-61d6-41b9-a412-cadbc277824d"},"geometry":{"type":"Point","coordinates":[-51.4722,-22.0764]}},{"type":"Feature","properties":{"municipio":"2673873b-8686-4bd7-9e1b-42de4cb86d76","title":"SP - ALFREDO MARCONDES","name":"SP - ALFREDO MARCONDES","tipo":"Munic\u00edpio","url":"\/dashboard\/details-assets\/2673873b-8686-4bd7-9e1b-42de4cb86d76"},"geometry":{"type":"Point","coordinates":[-51.414,-21.9527]}},{"type":"Feature","properties":{"municipio":"ce607fec-e2a4-41ac-aed8-9aacaf86f938","title":"SP - AGUDOS","name":"SP - AGUDOS","tipo":"Munic\u00edpio","url":"\/dashboard\/details-assets\/ce607fec-e2a4-41ac-aed8-9aacaf86f938"},"geometry":{"type":"Point","coordinates":[-48.9863,-22.4694]}},{"type":"Feature","properties":{"municipio":"b49f7deb-40a9-4c35-a5ee-04a17f851ff9","title":"SP - AGUAS DE LINDOIA","name":"SP - AGUAS DE LINDOIA","tipo":"Munic\u00edpio","url":"\/dashboard\/details-assets\/b49f7deb-40a9-4c35-a5ee-04a17f851ff9"},"geometry":{"type":"Point","coordinates":[-46.6314,-22.4733]}},{"type":"Feature","properties":{"municipio":"517232bd-a5c0-4d5d-a467-3a855ce7e72a","title":"SP - AGUAI","name":"SP - AGUAI","tipo":"Munic\u00edpio","url":"\/dashboard\/details-assets\/517232bd-a5c0-4d5d-a467-3a855ce7e72a"},"geometry":{"type":"Point","coordinates":[-46.9735,-22.0572]}},{"type":"Feature","properties":{"municipio":"536b0484-94bb-4095-ad61-1901ea4b8c71","title":"SP - ADAMANTINA","name":"SP - ADAMANTINA","tipo":"Munic\u00edpio","url":"\/dashboard\/details-assets\/536b0484-94bb-4095-ad61-1901ea4b8c71"},"geometry":{"type":"Point","coordinates":[-51.0737,-21.682]}},{"type":"Feature","properties":{"municipio":"599adcfc-68ec-42f3-a1ae-a4e670fddbbb","title":"SE - UMBAUBA","name":"SE - UMBAUBA","tipo":"Munic\u00edpio","url":"\/dashboard\/details-assets\/599adcfc-68ec-42f3-a1ae-a4e670fddbbb"},"geometry":{"type":"Point","coordinates":[-37.6623,-11.3809]}},{"type":"Feature","properties":{"municipio":"51113978-53cc-4239-b984-cbf6fb595564","title":"SE - TOBIAS BARRETO","name":"SE - TOBIAS BARRETO","tipo":"Munic\u00edpio","url":"\/dashboard\/details-assets\/51113978-53cc-4239-b984-cbf6fb595564"},"geometry":{"type":"Point","coordinates":[-37.9995,-11.1798]}},{"type":"Feature","properties":{"municipio":"c832a88d-a17d-412b-9273-c18c25ea16af","title":"SE - SIMAO DIAS","name":"SE - SIMAO DIAS","tipo":"Munic\u00edpio","url":"\/dashboard\/details-assets\/c832a88d-a17d-412b-9273-c18c25ea16af"},"geometry":{"type":"Point","coordinates":[-37.8097,-10.7387]}},{"type":"Feature","properties":{"municipio":"0fd0702b-fa14-4057-a21d-f710f1481be5","title":"SE - PROPRIA","name":"SE - PROPRIA","tipo":"Munic\u00edpio","url":"\/dashboard\/details-assets\/0fd0702b-fa14-4057-a21d-f710f1481be5"},"geometry":{"type":"Point","coordinates":[-36.8442,-10.2138]}},{"type":"Feature","properties":{"municipio":"6d8affbc-30cf-474f-b85b-f8f1d3638334","title":"SE - SAO CRISTOVAO","name":"SE - SAO CRISTOVAO","tipo":"Munic\u00edpio","url":"\/dashboard\/details-assets\/6d8affbc-30cf-474f-b85b-f8f1d3638334"},"geometry":{"type":"Point","coordinates":[-37.2044,-11.0084]}},{"type":"Feature","properties":{"municipio":"14cb8896-4287-4c5a-bee6-0b73309853fc","title":"SE - POCO VERDE","name":"SE - POCO VERDE","tipo":"Munic\u00edpio","url":"\/dashboard\/details-assets\/14cb8896-4287-4c5a-bee6-0b73309853fc"},"geometry":{"type":"Point","coordinates":[-38.1813,-10.7151]}},{"type":"Feature","properties":{"municipio":"3a3d1a81-c763-4329-b3e7-895e4e1f3eb1","title":"SE - NOSSA SENHORA DO SOCORRO","name":"SE - NOSSA SENHORA DO SOCORRO","tipo":"Munic\u00edpio","url":"\/dashboard\/details-assets\/3a3d1a81-c763-4329-b3e7-895e4e1f3eb1"},"geometry":{"type":"Point","coordinates":[-37.1231,-10.8468]}},{"type":"Feature","properties":{"municipio":"87527400-b4ed-4d35-9deb-df368342c52d","title":"SE - LAGARTO","name":"SE - LAGARTO","tipo":"Munic\u00edpio","url":"\/dashboard\/details-assets\/87527400-b4ed-4d35-9deb-df368342c52d"},"geometry":{"type":"Point","coordinates":[-37.6689,-10.9136]}},{"type":"Feature","properties":{"municipio":"6c18dd94-f941-4ead-8833-ccce661a2bd0","title":"SE - NOSSA SENHORA DA GLORIA","name":"SE - NOSSA SENHORA DA GLORIA","tipo":"Munic\u00edpio","url":"\/dashboard\/details-assets\/6c18dd94-f941-4ead-8833-ccce661a2bd0"},"geometry":{"type":"Point","coordinates":[-37.4211,-10.2158]}},{"type":"Feature","properties":{"municipio":"beb8ac52-cf5e-451a-9c1c-5d74511c3c6a","title":"SE - ITABAIANINHA","name":"SE - ITABAIANINHA","tipo":"Munic\u00edpio","url":"\/dashboard\/details-assets\/beb8ac52-cf5e-451a-9c1c-5d74511c3c6a"},"geometry":{"type":"Point","coordinates":[-37.7875,-11.2693]}},{"type":"Feature","properties":{"municipio":"8da23a23-c963-42df-ac95-0800c4f3fd89","title":"SE - ITABAIANA","name":"SE - ITABAIANA","tipo":"Munic\u00edpio","url":"\/dashboard\/details-assets\/8da23a23-c963-42df-ac95-0800c4f3fd89"},"geometry":{"type":"Point","coordinates":[-37.4273,-10.6826]}},{"type":"Feature","properties":{"municipio":"abda095e-93eb-4db9-88e6-e1d64ae9dd18","title":"SE - ESTANCIA","name":"SE - ESTANCIA","tipo":"Munic\u00edpio","url":"\/dashboard\/details-assets\/abda095e-93eb-4db9-88e6-e1d64ae9dd18"},"geometry":{"type":"Point","coordinates":[-37.4484,-11.2659]}},{"type":"Feature","properties":{"municipio":"19395b54-f6e5-4f66-99dd-7505f7cb1dc1","title":"SE - CANINDE DE SAO FRANCISCO","name":"SE - CANINDE DE SAO FRANCISCO","tipo":"Munic\u00edpio","url":"\/dashboard\/details-assets\/19395b54-f6e5-4f66-99dd-7505f7cb1dc1"},"geometry":{"type":"Point","coordinates":[-37.7923,-9.64882]}},{"type":"Feature","properties":{"municipio":"608b6b4b-0af1-4335-b9fe-73cb8afce5c2","title":"SE - BOQUIM","name":"SE - BOQUIM","tipo":"Munic\u00edpio","url":"\/dashboard\/details-assets\/608b6b4b-0af1-4335-b9fe-73cb8afce5c2"},"geometry":{"type":"Point","coordinates":[-37.6195,-11.1397]}},{"type":"Feature","properties":{"municipio":"a30b3676-b090-4e33-9998-3d393ca89354","title":"SE - BARRA DOS COQUEIROS","name":"SE - BARRA DOS COQUEIROS","tipo":"Munic\u00edpio","url":"\/dashboard\/details-assets\/a30b3676-b090-4e33-9998-3d393ca89354"},"geometry":{"type":"Point","coordinates":[-37.0323,-10.8996]}},{"type":"Feature","properties":{"municipio":"a9fe433c-9fe9-4f69-bf8d-3e972d9ddbc3","title":"SE - ARACAJU","name":"SE - ARACAJU","tipo":"Munic\u00edpio","url":"\/dashboard\/details-assets\/a9fe433c-9fe9-4f69-bf8d-3e972d9ddbc3"},"geometry":{"type":"Point","coordinates":[-37.0677,-10.9091]}},{"type":"Feature","properties":{"municipio":"49064154-9ec3-486b-8b12-2fd015d3f74f","title":"SC - XANXERE","name":"SC - XANXERE","tipo":"Munic\u00edpio","url":"\/dashboard\/details-assets\/49064154-9ec3-486b-8b12-2fd015d3f74f"},"geometry":{"type":"Point","coordinates":[-52.4036,-26.8747]}},{"type":"Feature","properties":{"municipio":"be100a28-7857-4681-b29c-e84c8f6bc8b3","title":"SC - XAXIM","name":"SC - XAXIM","tipo":"Munic\u00edpio","url":"\/dashboard\/details-assets\/be100a28-7857-4681-b29c-e84c8f6bc8b3"},"geometry":{"type":"Point","coordinates":[-52.5374,-26.9596]}},{"type":"Feature","properties":{"municipio":"df0cf677-b94c-4c44-9011-a935e0e62e64","title":"SC - VIDEIRA","name":"SC - VIDEIRA","tipo":"Munic\u00edpio","url":"\/dashboard\/details-assets\/df0cf677-b94c-4c44-9011-a935e0e62e64"},"geometry":{"type":"Point","coordinates":[-51.1543,-27.0086]}},{"type":"Feature","properties":{"municipio":"6a9f5366-0917-4b96-847b-411a09389adb","title":"SC - URUSSANGA","name":"SC - URUSSANGA","tipo":"Munic\u00edpio","url":"\/dashboard\/details-assets\/6a9f5366-0917-4b96-847b-411a09389adb"},"geometry":{"type":"Point","coordinates":[-49.3238,-28.518]}},{"type":"Feature","properties":{"municipio":"0fd62d5d-26c6-4692-87c9-b25089f275f2","title":"SC - TUBARAO","name":"SC - TUBARAO","tipo":"Munic\u00edpio","url":"\/dashboard\/details-assets\/0fd62d5d-26c6-4692-87c9-b25089f275f2"},"geometry":{"type":"Point","coordinates":[-49.0144,-28.4713]}},{"type":"Feature","properties":{"municipio":"89b7a41b-7166-4e1f-a699-0e569f2ec83c","title":"SC - TIMBO","name":"SC - TIMBO","tipo":"Munic\u00edpio","url":"\/dashboard\/details-assets\/89b7a41b-7166-4e1f-a699-0e569f2ec83c"},"geometry":{"type":"Point","coordinates":[-49.269,-26.8246]}},{"type":"Feature","properties":{"municipio":"4fed1cfa-c5de-414c-bfb3-1676648341c2","title":"SC - TREZE TILIAS","name":"SC - TREZE TILIAS","tipo":"Munic\u00edpio","url":"\/dashboard\/details-assets\/4fed1cfa-c5de-414c-bfb3-1676648341c2"},"geometry":{"type":"Point","coordinates":[-51.4084,-27.0026]}},{"type":"Feature","properties":{"municipio":"e118ce9b-f901-418f-af22-eca9fd72c93e","title":"SC - TIJUCAS","name":"SC - TIJUCAS","tipo":"Munic\u00edpio","url":"\/dashboard\/details-assets\/e118ce9b-f901-418f-af22-eca9fd72c93e"},"geometry":{"type":"Point","coordinates":[-48.6322,-27.2354]}},{"type":"Feature","properties":{"municipio":"611df890-bd41-4235-9187-c0180d48ec74","title":"SC - TAIO","name":"SC - TAIO","tipo":"Munic\u00edpio","url":"\/dashboard\/details-assets\/611df890-bd41-4235-9187-c0180d48ec74"},"geometry":{"type":"Point","coordinates":[-49.9942,-27.121]}},{"type":"Feature","properties":{"municipio":"1671fc78-d0ea-43c0-aa1c-a3500845934c","title":"SC - SEARA","name":"SC - SEARA","tipo":"Munic\u00edpio","url":"\/dashboard\/details-assets\/1671fc78-d0ea-43c0-aa1c-a3500845934c"},"geometry":{"type":"Point","coordinates":[-52.299,-27.1564]}},{"type":"Feature","properties":{"municipio":"4688ce7b-7499-4f6d-89b5-0c3eb33a72d7","title":"SC - SOMBRIO","name":"SC - SOMBRIO","tipo":"Munic\u00edpio","url":"\/dashboard\/details-assets\/4688ce7b-7499-4f6d-89b5-0c3eb33a72d7"},"geometry":{"type":"Point","coordinates":[-49.6328,-29.108]}},{"type":"Feature","properties":{"municipio":"6dfd4edc-4770-441b-bb24-46e915015cd7","title":"SC - SAUDADES","name":"SC - SAUDADES","tipo":"Munic\u00edpio","url":"\/dashboard\/details-assets\/6dfd4edc-4770-441b-bb24-46e915015cd7"},"geometry":{"type":"Point","coordinates":[-53.0021,-26.9317]}},{"type":"Feature","properties":{"municipio":"fef6d449-9d42-445a-913c-0e0ad6a6fede","title":"SC - SAO MIGUEL DO OESTE","name":"SC - SAO MIGUEL DO OESTE","tipo":"Munic\u00edpio","url":"\/dashboard\/details-assets\/fef6d449-9d42-445a-913c-0e0ad6a6fede"},"geometry":{"type":"Point","coordinates":[-53.5163,-26.7242]}},{"type":"Feature","properties":{"municipio":"4d3115cd-9b2f-4dff-9772-e3d5915165e2","title":"SC - SAO LOURENCO DO OESTE","name":"SC - SAO LOURENCO DO OESTE","tipo":"Munic\u00edpio","url":"\/dashboard\/details-assets\/4d3115cd-9b2f-4dff-9772-e3d5915165e2"},"geometry":{"type":"Point","coordinates":[-52.8498,-26.3557]}},{"type":"Feature","properties":{"municipio":"395b1d67-3ec5-40dd-97ee-e344f6343393","title":"SC - SAO JOSE DO CEDRO","name":"SC - SAO JOSE DO CEDRO","tipo":"Munic\u00edpio","url":"\/dashboard\/details-assets\/395b1d67-3ec5-40dd-97ee-e344f6343393"},"geometry":{"type":"Point","coordinates":[-53.4955,-26.4561]}},{"type":"Feature","properties":{"municipio":"2e561bc8-75f9-4bf7-9a81-b35d51a70065","title":"SC - SAO JOSE","name":"SC - SAO JOSE","tipo":"Munic\u00edpio","url":"\/dashboard\/details-assets\/2e561bc8-75f9-4bf7-9a81-b35d51a70065"},"geometry":{"type":"Point","coordinates":[-48.6366,-27.6136]}},{"type":"Feature","properties":{"municipio":"df1fe020-8fe2-4915-86e0-6e88cf386aad","title":"SC - SAO JOAQUIM","name":"SC - SAO JOAQUIM","tipo":"Munic\u00edpio","url":"\/dashboard\/details-assets\/df1fe020-8fe2-4915-86e0-6e88cf386aad"},"geometry":{"type":"Point","coordinates":[-49.9457,-28.2887]}},{"type":"Feature","properties":{"municipio":"be509217-4cfa-43d1-8927-e5e7adcf619d","title":"SC - SAO JOAO BATISTA","name":"SC - SAO JOAO BATISTA","tipo":"Munic\u00edpio","url":"\/dashboard\/details-assets\/be509217-4cfa-43d1-8927-e5e7adcf619d"},"geometry":{"type":"Point","coordinates":[-48.8474,-27.2772]}},{"type":"Feature","properties":{"municipio":"c023dc69-c208-47fc-8995-0528c9397d1c","title":"SC - SAO FRANCISCO DO SUL","name":"SC - SAO FRANCISCO DO SUL","tipo":"Munic\u00edpio","url":"\/dashboard\/details-assets\/c023dc69-c208-47fc-8995-0528c9397d1c"},"geometry":{"type":"Point","coordinates":[-48.6344,-26.2579]}},{"type":"Feature","properties":{"municipio":"a6d71180-8f77-4e74-be10-cbfef2df6461","title":"SC - SAO DOMINGOS","name":"SC - SAO DOMINGOS","tipo":"Munic\u00edpio","url":"\/dashboard\/details-assets\/a6d71180-8f77-4e74-be10-cbfef2df6461"},"geometry":{"type":"Point","coordinates":[-52.5313,-26.5548]}},{"type":"Feature","properties":{"municipio":"ea3e5754-6567-44a9-9fa0-b286079b0ab6","title":"SC - SAO CARLOS","name":"SC - SAO CARLOS","tipo":"Munic\u00edpio","url":"\/dashboard\/details-assets\/ea3e5754-6567-44a9-9fa0-b286079b0ab6"},"geometry":{"type":"Point","coordinates":[-53.0037,-27.0798]}},{"type":"Feature","properties":{"municipio":"65a9c7da-9492-493b-8afc-5c595b1f3af5","title":"SC - SAO BENTO DO SUL","name":"SC - SAO BENTO DO SUL","tipo":"Munic\u00edpio","url":"\/dashboard\/details-assets\/65a9c7da-9492-493b-8afc-5c595b1f3af5"},"geometry":{"type":"Point","coordinates":[-49.3831,-26.2495]}},{"type":"Feature","properties":{"municipio":"1a5885c0-9ca0-47bb-822a-f0098a82e75a","title":"SC - SANTO AMARO DA IMPERATRIZ","name":"SC - SANTO AMARO DA IMPERATRIZ","tipo":"Munic\u00edpio","url":"\/dashboard\/details-assets\/1a5885c0-9ca0-47bb-822a-f0098a82e75a"},"geometry":{"type":"Point","coordinates":[-48.7813,-27.6852]}},{"type":"Feature","properties":{"municipio":"fd87bef4-51e1-4ce3-a775-930a4e1d9136","title":"SC - SANTA CECILIA","name":"SC - SANTA CECILIA","tipo":"Munic\u00edpio","url":"\/dashboard\/details-assets\/fd87bef4-51e1-4ce3-a775-930a4e1d9136"},"geometry":{"type":"Point","coordinates":[-50.4252,-26.9592]}},{"type":"Feature","properties":{"municipio":"4b0c5dca-f092-46b3-9ade-fd7ef6cd03c3","title":"SC - RIO NEGRINHO","name":"SC - RIO NEGRINHO","tipo":"Munic\u00edpio","url":"\/dashboard\/details-assets\/4b0c5dca-f092-46b3-9ade-fd7ef6cd03c3"},"geometry":{"type":"Point","coordinates":[-49.5177,-26.2591]}},{"type":"Feature","properties":{"municipio":"e3927f78-4166-4d57-9202-97ae9c04d58b","title":"SC - RIO DO SUL","name":"SC - RIO DO SUL","tipo":"Munic\u00edpio","url":"\/dashboard\/details-assets\/e3927f78-4166-4d57-9202-97ae9c04d58b"},"geometry":{"type":"Point","coordinates":[-49.643,-27.2156]}},{"type":"Feature","properties":{"municipio":"32fda6b7-871a-41c4-aae6-d55f8d76b629","title":"SC - QUILOMBO","name":"SC - QUILOMBO","tipo":"Munic\u00edpio","url":"\/dashboard\/details-assets\/32fda6b7-871a-41c4-aae6-d55f8d76b629"},"geometry":{"type":"Point","coordinates":[-52.724,-26.7264]}},{"type":"Feature","properties":{"municipio":"96c0492c-2722-41cc-97e1-b96a64fb4ee9","title":"SC - PRESIDENTE GETULIO","name":"SC - PRESIDENTE GETULIO","tipo":"Munic\u00edpio","url":"\/dashboard\/details-assets\/96c0492c-2722-41cc-97e1-b96a64fb4ee9"},"geometry":{"type":"Point","coordinates":[-49.6246,-27.0474]}},{"type":"Feature","properties":{"municipio":"819eb78f-c68a-4fc3-b87c-abc8049b23c8","title":"SC - PRAIA GRANDE","name":"SC - PRAIA GRANDE","tipo":"Munic\u00edpio","url":"\/dashboard\/details-assets\/819eb78f-c68a-4fc3-b87c-abc8049b23c8"},"geometry":{"type":"Point","coordinates":[-49.9525,-29.1918]}},{"type":"Feature","properties":{"municipio":"0dabf94c-a43b-4914-b732-50fff93215c6","title":"SC - POUSO REDONDO","name":"SC - POUSO REDONDO","tipo":"Munic\u00edpio","url":"\/dashboard\/details-assets\/0dabf94c-a43b-4914-b732-50fff93215c6"},"geometry":{"type":"Point","coordinates":[-49.9301,-27.2567]}},{"type":"Feature","properties":{"municipio":"fa6d7021-c9da-4ef2-86ed-61126c63fc5f","title":"SC - PORTO BELO","name":"SC - PORTO BELO","tipo":"Munic\u00edpio","url":"\/dashboard\/details-assets\/fa6d7021-c9da-4ef2-86ed-61126c63fc5f"},"geometry":{"type":"Point","coordinates":[-48.5469,-27.1586]}},{"type":"Feature","properties":{"municipio":"8a8f8fda-2a82-4609-9cca-5601a3830ec1","title":"SC - PORTO UNIAO","name":"SC - PORTO UNIAO","tipo":"Munic\u00edpio","url":"\/dashboard\/details-assets\/8a8f8fda-2a82-4609-9cca-5601a3830ec1"},"geometry":{"type":"Point","coordinates":[-51.0759,-26.2451]}},{"type":"Feature","properties":{"municipio":"432eb41b-e984-4416-8470-14666de06bf9","title":"SC - PONTE ALTA","name":"SC - PONTE ALTA","tipo":"Munic\u00edpio","url":"\/dashboard\/details-assets\/432eb41b-e984-4416-8470-14666de06bf9"},"geometry":{"type":"Point","coordinates":[-50.3764,-27.4835]}},{"type":"Feature","properties":{"municipio":"122be023-db16-472e-9b0e-6132e262d0ea","title":"SC - PINHALZINHO","name":"SC - PINHALZINHO","tipo":"Munic\u00edpio","url":"\/dashboard\/details-assets\/122be023-db16-472e-9b0e-6132e262d0ea"},"geometry":{"type":"Point","coordinates":[-52.9913,-26.8495]}},{"type":"Feature","properties":{"municipio":"1f716587-663a-4eda-961e-376f26245c41","title":"SC - POMERODE","name":"SC - POMERODE","tipo":"Munic\u00edpio","url":"\/dashboard\/details-assets\/1f716587-663a-4eda-961e-376f26245c41"},"geometry":{"type":"Point","coordinates":[-49.1785,-26.7384]}},{"type":"Feature","properties":{"municipio":"0cc03d33-e2c0-4ab8-a7eb-1b71f2eac262","title":"SC - BALNEARIO PICARRAS","name":"SC - BALNEARIO PICARRAS","tipo":"Munic\u00edpio","url":"\/dashboard\/details-assets\/0cc03d33-e2c0-4ab8-a7eb-1b71f2eac262"},"geometry":{"type":"Point","coordinates":[-48.6717,-26.7639]}},{"type":"Feature","properties":{"municipio":"434c382b-7e47-45ba-87b5-ffcb4ea00a00","title":"SC - PENHA","name":"SC - PENHA","tipo":"Munic\u00edpio","url":"\/dashboard\/details-assets\/434c382b-7e47-45ba-87b5-ffcb4ea00a00"},"geometry":{"type":"Point","coordinates":[-48.6465,-26.7754]}},{"type":"Feature","properties":{"municipio":"260528d9-c5c8-4002-90e5-320ab8722f83","title":"SC - PAPANDUVA","name":"SC - PAPANDUVA","tipo":"Munic\u00edpio","url":"\/dashboard\/details-assets\/260528d9-c5c8-4002-90e5-320ab8722f83"},"geometry":{"type":"Point","coordinates":[-50.1419,-26.3777]}},{"type":"Feature","properties":{"municipio":"17e7a53b-53a1-4b55-9ad0-aaf0b5707ad7","title":"SC - PALMITOS","name":"SC - PALMITOS","tipo":"Munic\u00edpio","url":"\/dashboard\/details-assets\/17e7a53b-53a1-4b55-9ad0-aaf0b5707ad7"},"geometry":{"type":"Point","coordinates":[-53.1586,-27.0702]}},{"type":"Feature","properties":{"municipio":"525420fd-bd15-40e6-b413-f47009d1c430","title":"SC - PALMA SOLA","name":"SC - PALMA SOLA","tipo":"Munic\u00edpio","url":"\/dashboard\/details-assets\/525420fd-bd15-40e6-b413-f47009d1c430"},"geometry":{"type":"Point","coordinates":[-53.2771,-26.3471]}},{"type":"Feature","properties":{"municipio":"61b3e8c8-f379-40b6-a846-f26428608858","title":"SC - PALHOCA","name":"SC - PALHOCA","tipo":"Munic\u00edpio","url":"\/dashboard\/details-assets\/61b3e8c8-f379-40b6-a846-f26428608858"},"geometry":{"type":"Point","coordinates":[-48.6697,-27.6455]}},{"type":"Feature","properties":{"municipio":"d34516ad-7104-4e4a-b6e1-1a78c221083e","title":"SC - OTACILIO COSTA","name":"SC - OTACILIO COSTA","tipo":"Munic\u00edpio","url":"\/dashboard\/details-assets\/d34516ad-7104-4e4a-b6e1-1a78c221083e"},"geometry":{"type":"Point","coordinates":[-50.1231,-27.4789]}},{"type":"Feature","properties":{"municipio":"09b5a4ae-6324-47b2-b758-4f06fbb280a2","title":"SC - ORLEANS","name":"SC - ORLEANS","tipo":"Munic\u00edpio","url":"\/dashboard\/details-assets\/09b5a4ae-6324-47b2-b758-4f06fbb280a2"},"geometry":{"type":"Point","coordinates":[-49.2986,-28.3487]}},{"type":"Feature","properties":{"municipio":"e3d0aa4c-d67f-48ee-b2c4-62aa79156362","title":"SC - NOVA TRENTO","name":"SC - NOVA TRENTO","tipo":"Munic\u00edpio","url":"\/dashboard\/details-assets\/e3d0aa4c-d67f-48ee-b2c4-62aa79156362"},"geometry":{"type":"Point","coordinates":[-48.9298,-27.278]}},{"type":"Feature","properties":{"municipio":"425e0ad3-96c5-4f59-b57a-c8edf941d868","title":"SC - NAVEGANTES","name":"SC - NAVEGANTES","tipo":"Munic\u00edpio","url":"\/dashboard\/details-assets\/425e0ad3-96c5-4f59-b57a-c8edf941d868"},"geometry":{"type":"Point","coordinates":[-48.6546,-26.8943]}},{"type":"Feature","properties":{"municipio":"990ad2df-6616-4b5f-83b8-5cc8a0cd53f6","title":"SC - MODELO","name":"SC - MODELO","tipo":"Munic\u00edpio","url":"\/dashboard\/details-assets\/990ad2df-6616-4b5f-83b8-5cc8a0cd53f6"},"geometry":{"type":"Point","coordinates":[-53.04,-26.7729]}},{"type":"Feature","properties":{"municipio":"04b20fdb-3707-46b9-a7a9-99d1b8e6a309","title":"SC - MARAVILHA","name":"SC - MARAVILHA","tipo":"Munic\u00edpio","url":"\/dashboard\/details-assets\/04b20fdb-3707-46b9-a7a9-99d1b8e6a309"},"geometry":{"type":"Point","coordinates":[-53.1737,-26.7665]}},{"type":"Feature","properties":{"municipio":"14fd9654-d926-4260-91aa-4869d53c0950","title":"SC - MAFRA","name":"SC - MAFRA","tipo":"Munic\u00edpio","url":"\/dashboard\/details-assets\/14fd9654-d926-4260-91aa-4869d53c0950"},"geometry":{"type":"Point","coordinates":[-49.8086,-26.1159]}},{"type":"Feature","properties":{"municipio":"fa67e7d8-d6e0-4f72-ad3e-4ba295d04355","title":"SC - MAJOR VIEIRA","name":"SC - MAJOR VIEIRA","tipo":"Munic\u00edpio","url":"\/dashboard\/details-assets\/fa67e7d8-d6e0-4f72-ad3e-4ba295d04355"},"geometry":{"type":"Point","coordinates":[-50.3266,-26.3709]}},{"type":"Feature","properties":{"municipio":"2ba9c649-f494-485e-b3af-a31060f76be7","title":"SC - LAURO MULLER","name":"SC - LAURO MULLER","tipo":"Munic\u00edpio","url":"\/dashboard\/details-assets\/2ba9c649-f494-485e-b3af-a31060f76be7"},"geometry":{"type":"Point","coordinates":[-49.4035,-28.3859]}},{"type":"Feature","properties":{"municipio":"33ee512b-91e1-48a2-860f-d62905b6d8c5","title":"SC - LAGUNA","name":"SC - LAGUNA","tipo":"Munic\u00edpio","url":"\/dashboard\/details-assets\/33ee512b-91e1-48a2-860f-d62905b6d8c5"},"geometry":{"type":"Point","coordinates":[-48.7772,-28.4843]}},{"type":"Feature","properties":{"municipio":"d78d9953-6c03-45b9-99d5-bd19a9a6599e","title":"SC - LAGES","name":"SC - LAGES","tipo":"Munic\u00edpio","url":"\/dashboard\/details-assets\/d78d9953-6c03-45b9-99d5-bd19a9a6599e"},"geometry":{"type":"Point","coordinates":[-50.3259,-27.815]}},{"type":"Feature","properties":{"municipio":"71d29bf7-d86e-4d24-9328-0446601be8f3","title":"SC - JOINVILLE","name":"SC - JOINVILLE","tipo":"Munic\u00edpio","url":"\/dashboard\/details-assets\/71d29bf7-d86e-4d24-9328-0446601be8f3"},"geometry":{"type":"Point","coordinates":[-48.8487,-26.3045]}},{"type":"Feature","properties":{"municipio":"d404ffe7-f4ba-4868-b0e5-1b05b7b998e0","title":"SC - JARAGUA DO SUL","name":"SC - JARAGUA DO SUL","tipo":"Munic\u00edpio","url":"\/dashboard\/details-assets\/d404ffe7-f4ba-4868-b0e5-1b05b7b998e0"},"geometry":{"type":"Point","coordinates":[-49.0713,-26.4851]}},{"type":"Feature","properties":{"municipio":"0e6e3a45-7fb2-4d3e-b14f-1c3c2500bb8f","title":"SC - JOACABA","name":"SC - JOACABA","tipo":"Munic\u00edpio","url":"\/dashboard\/details-assets\/0e6e3a45-7fb2-4d3e-b14f-1c3c2500bb8f"},"geometry":{"type":"Point","coordinates":[-51.5108,-27.1721]}},{"type":"Feature","properties":{"municipio":"7474fd13-0935-4368-a0cf-519c309c4bf7","title":"SC - JAGUARUNA","name":"SC - JAGUARUNA","tipo":"Munic\u00edpio","url":"\/dashboard\/details-assets\/7474fd13-0935-4368-a0cf-519c309c4bf7"},"geometry":{"type":"Point","coordinates":[-49.0296,-28.6146]}},{"type":"Feature","properties":{"municipio":"34b040c1-6513-4c9d-b646-e284d263acdd","title":"SC - ITUPORANGA","name":"SC - ITUPORANGA","tipo":"Munic\u00edpio","url":"\/dashboard\/details-assets\/34b040c1-6513-4c9d-b646-e284d263acdd"},"geometry":{"type":"Point","coordinates":[-49.5963,-27.4101]}},{"type":"Feature","properties":{"municipio":"1939aa58-22fa-4e97-9648-3f4f5280bd5f","title":"SC - ITAPOA","name":"SC - ITAPOA","tipo":"Munic\u00edpio","url":"\/dashboard\/details-assets\/1939aa58-22fa-4e97-9648-3f4f5280bd5f"},"geometry":{"type":"Point","coordinates":[-48.6182,-26.1158]}},{"type":"Feature","properties":{"municipio":"63efcd08-1b29-4b87-ab38-bd7d82f451e5","title":"SC - ITAPIRANGA","name":"SC - ITAPIRANGA","tipo":"Munic\u00edpio","url":"\/dashboard\/details-assets\/63efcd08-1b29-4b87-ab38-bd7d82f451e5"},"geometry":{"type":"Point","coordinates":[-53.7166,-27.1659]}},{"type":"Feature","properties":{"municipio":"bd01f24e-8852-4b55-a8ed-8c0111e80263","title":"SC - ITAPEMA","name":"SC - ITAPEMA","tipo":"Munic\u00edpio","url":"\/dashboard\/details-assets\/bd01f24e-8852-4b55-a8ed-8c0111e80263"},"geometry":{"type":"Point","coordinates":[-48.616,-27.0861]}},{"type":"Feature","properties":{"municipio":"f2551670-5eb1-4323-abf1-ebb043ef11d5","title":"SC - ITAJAI","name":"SC - ITAJAI","tipo":"Munic\u00edpio","url":"\/dashboard\/details-assets\/f2551670-5eb1-4323-abf1-ebb043ef11d5"},"geometry":{"type":"Point","coordinates":[-48.6705,-26.9101]}},{"type":"Feature","properties":{"municipio":"cc044985-ba72-48be-95fa-00682b77c57c","title":"SC - ITAIOPOLIS","name":"SC - ITAIOPOLIS","tipo":"Munic\u00edpio","url":"\/dashboard\/details-assets\/cc044985-ba72-48be-95fa-00682b77c57c"},"geometry":{"type":"Point","coordinates":[-49.9092,-26.339]}},{"type":"Feature","properties":{"municipio":"70ff7fa9-63e8-4f56-be26-01b9dce701b7","title":"SC - IRANI","name":"SC - IRANI","tipo":"Munic\u00edpio","url":"\/dashboard\/details-assets\/70ff7fa9-63e8-4f56-be26-01b9dce701b7"},"geometry":{"type":"Point","coordinates":[-51.9012,-27.0287]}},{"type":"Feature","properties":{"municipio":"d6ef446d-1ff4-4ca7-8ee6-24fe95b570e2","title":"SC - IPUMIRIM","name":"SC - IPUMIRIM","tipo":"Munic\u00edpio","url":"\/dashboard\/details-assets\/d6ef446d-1ff4-4ca7-8ee6-24fe95b570e2"},"geometry":{"type":"Point","coordinates":[-52.1289,-27.0772]}},{"type":"Feature","properties":{"municipio":"e891e612-01f8-45f8-a29e-bb7abb20d4b8","title":"SC - INDAIAL","name":"SC - INDAIAL","tipo":"Munic\u00edpio","url":"\/dashboard\/details-assets\/e891e612-01f8-45f8-a29e-bb7abb20d4b8"},"geometry":{"type":"Point","coordinates":[-49.2354,-26.8992]}},{"type":"Feature","properties":{"municipio":"ac24931f-1229-4db6-a9c9-a62e3b1954e8","title":"SC - IPORA DO OESTE","name":"SC - IPORA DO OESTE","tipo":"Munic\u00edpio","url":"\/dashboard\/details-assets\/ac24931f-1229-4db6-a9c9-a62e3b1954e8"},"geometry":{"type":"Point","coordinates":[-53.5355,-26.9854]}},{"type":"Feature","properties":{"municipio":"7fb1fd00-31bf-42fd-bd2f-eb0ea3874935","title":"SC - IMBITUBA","name":"SC - IMBITUBA","tipo":"Munic\u00edpio","url":"\/dashboard\/details-assets\/7fb1fd00-31bf-42fd-bd2f-eb0ea3874935"},"geometry":{"type":"Point","coordinates":[-48.6659,-28.2284]}},{"type":"Feature","properties":{"municipio":"e6db7044-3927-4312-8836-0c363769ffaf","title":"SC - ICARA","name":"SC - ICARA","tipo":"Munic\u00edpio","url":"\/dashboard\/details-assets\/e6db7044-3927-4312-8836-0c363769ffaf"},"geometry":{"type":"Point","coordinates":[-49.3087,-28.7132]}},{"type":"Feature","properties":{"municipio":"3bcbaf0c-3ca9-4c39-a39f-1e8e23f7b29f","title":"SC - HERVAL DOESTE","name":"SC - HERVAL DOESTE","tipo":"Munic\u00edpio","url":"\/dashboard\/details-assets\/3bcbaf0c-3ca9-4c39-a39f-1e8e23f7b29f"},"geometry":{"type":"Point","coordinates":[-51.4917,-27.1903]}},{"type":"Feature","properties":{"municipio":"ed3015a6-6c59-4f50-8bec-7226023ec394","title":"SC - IBIRAMA","name":"SC - IBIRAMA","tipo":"Munic\u00edpio","url":"\/dashboard\/details-assets\/ed3015a6-6c59-4f50-8bec-7226023ec394"},"geometry":{"type":"Point","coordinates":[-49.5193,-27.0547]}},{"type":"Feature","properties":{"municipio":"53ec88de-8b6c-4dee-8fa7-0cf9796f0b30","title":"SC - GUARAMIRIM","name":"SC - GUARAMIRIM","tipo":"Munic\u00edpio","url":"\/dashboard\/details-assets\/53ec88de-8b6c-4dee-8fa7-0cf9796f0b30"},"geometry":{"type":"Point","coordinates":[-49.0026,-26.4688]}},{"type":"Feature","properties":{"municipio":"468b8ed0-3c69-4d15-99d8-a3e8fda7d0bb","title":"SC - GASPAR","name":"SC - GASPAR","tipo":"Munic\u00edpio","url":"\/dashboard\/details-assets\/468b8ed0-3c69-4d15-99d8-a3e8fda7d0bb"},"geometry":{"type":"Point","coordinates":[-48.9534,-26.9336]}},{"type":"Feature","properties":{"municipio":"1e2d8a90-a116-4927-be2d-ddd21cde8fa6","title":"SC - GAROPABA","name":"SC - GAROPABA","tipo":"Munic\u00edpio","url":"\/dashboard\/details-assets\/1e2d8a90-a116-4927-be2d-ddd21cde8fa6"},"geometry":{"type":"Point","coordinates":[-48.6192,-28.0275]}},{"type":"Feature","properties":{"municipio":"d29165fd-5424-41ba-adee-d7fb56cf0867","title":"SC - GARUVA","name":"SC - GARUVA","tipo":"Munic\u00edpio","url":"\/dashboard\/details-assets\/d29165fd-5424-41ba-adee-d7fb56cf0867"},"geometry":{"type":"Point","coordinates":[-48.852,-26.0292]}},{"type":"Feature","properties":{"municipio":"97b79f27-78ff-4348-b3c1-962f70ca1f15","title":"SC - FRAIBURGO","name":"SC - FRAIBURGO","tipo":"Munic\u00edpio","url":"\/dashboard\/details-assets\/97b79f27-78ff-4348-b3c1-962f70ca1f15"},"geometry":{"type":"Point","coordinates":[-50.92,-27.0233]}},{"type":"Feature","properties":{"municipio":"a05d2448-53d5-48a1-b96b-915ec40e8759","title":"SC - FORQUILHINHA","name":"SC - FORQUILHINHA","tipo":"Munic\u00edpio","url":"\/dashboard\/details-assets\/a05d2448-53d5-48a1-b96b-915ec40e8759"},"geometry":{"type":"Point","coordinates":[-49.4785,-28.7454]}},{"type":"Feature","properties":{"municipio":"fc58dead-58c1-444e-bacd-a22b3dbe9f6c","title":"SC - FLORIANOPOLIS","name":"SC - FLORIANOPOLIS","tipo":"Munic\u00edpio","url":"\/dashboard\/details-assets\/fc58dead-58c1-444e-bacd-a22b3dbe9f6c"},"geometry":{"type":"Point","coordinates":[-48.5477,-27.5945]}},{"type":"Feature","properties":{"municipio":"ae2376a0-eaaf-4b8b-bccc-31a8f0e867d5","title":"SC - DIONISIO CERQUEIRA","name":"SC - DIONISIO CERQUEIRA","tipo":"Munic\u00edpio","url":"\/dashboard\/details-assets\/ae2376a0-eaaf-4b8b-bccc-31a8f0e867d5"},"geometry":{"type":"Point","coordinates":[-53.6351,-26.2648]}},{"type":"Feature","properties":{"municipio":"d9b6993d-9002-4f40-9833-5ea52174c580","title":"SC - CURITIBANOS","name":"SC - CURITIBANOS","tipo":"Munic\u00edpio","url":"\/dashboard\/details-assets\/d9b6993d-9002-4f40-9833-5ea52174c580"},"geometry":{"type":"Point","coordinates":[-50.5816,-27.2824]}},{"type":"Feature","properties":{"municipio":"9a7c4ac0-d7f9-4f80-b3c2-72b12e9fcb60","title":"SC - CUNHA PORA","name":"SC - CUNHA PORA","tipo":"Munic\u00edpio","url":"\/dashboard\/details-assets\/9a7c4ac0-d7f9-4f80-b3c2-72b12e9fcb60"},"geometry":{"type":"Point","coordinates":[-53.1662,-26.895]}},{"type":"Feature","properties":{"municipio":"8051b53a-d814-4f40-99da-9a10ba925b13","title":"SC - CRICIUMA","name":"SC - CRICIUMA","tipo":"Munic\u00edpio","url":"\/dashboard\/details-assets\/8051b53a-d814-4f40-99da-9a10ba925b13"},"geometry":{"type":"Point","coordinates":[-49.3729,-28.6723]}},{"type":"Feature","properties":{"municipio":"154804cf-5473-4b2a-9b89-92b5a6ae0419","title":"SC - CONCORDIA","name":"SC - CONCORDIA","tipo":"Munic\u00edpio","url":"\/dashboard\/details-assets\/154804cf-5473-4b2a-9b89-92b5a6ae0419"},"geometry":{"type":"Point","coordinates":[-52.026,-27.2335]}},{"type":"Feature","properties":{"municipio":"23029e81-428f-44d8-b3cc-d6cb69dd21b3","title":"SC - CHAPECO","name":"SC - CHAPECO","tipo":"Munic\u00edpio","url":"\/dashboard\/details-assets\/23029e81-428f-44d8-b3cc-d6cb69dd21b3"},"geometry":{"type":"Point","coordinates":[-52.6152,-27.1004]}},{"type":"Feature","properties":{"municipio":"3ed4eeb8-e32c-47aa-8276-d1a3abb9204a","title":"SC - CAPIVARI DE BAIXO","name":"SC - CAPIVARI DE BAIXO","tipo":"Munic\u00edpio","url":"\/dashboard\/details-assets\/3ed4eeb8-e32c-47aa-8276-d1a3abb9204a"},"geometry":{"type":"Point","coordinates":[-48.9631,-28.4498]}},{"type":"Feature","properties":{"municipio":"a39536bd-23dd-4417-8b7d-90d4606e43b4","title":"SC - CAPINZAL","name":"SC - CAPINZAL","tipo":"Munic\u00edpio","url":"\/dashboard\/details-assets\/a39536bd-23dd-4417-8b7d-90d4606e43b4"},"geometry":{"type":"Point","coordinates":[-51.6057,-27.3473]}},{"type":"Feature","properties":{"municipio":"97dcfec8-ad24-45da-acb0-3aef9a876db0","title":"SC - CANOINHAS","name":"SC - CANOINHAS","tipo":"Munic\u00edpio","url":"\/dashboard\/details-assets\/97dcfec8-ad24-45da-acb0-3aef9a876db0"},"geometry":{"type":"Point","coordinates":[-50.395,-26.1766]}},{"type":"Feature","properties":{"municipio":"44c36f05-eb09-4a22-8faa-34f25b200580","title":"SC - CAMPOS NOVOS","name":"SC - CAMPOS NOVOS","tipo":"Munic\u00edpio","url":"\/dashboard\/details-assets\/44c36f05-eb09-4a22-8faa-34f25b200580"},"geometry":{"type":"Point","coordinates":[-51.2276,-27.4002]}},{"type":"Feature","properties":{"municipio":"b5a1a993-22ff-4ce5-a656-71d7535f76c3","title":"SC - CAMPO ERE","name":"SC - CAMPO ERE","tipo":"Munic\u00edpio","url":"\/dashboard\/details-assets\/b5a1a993-22ff-4ce5-a656-71d7535f76c3"},"geometry":{"type":"Point","coordinates":[-53.0856,-26.3931]}},{"type":"Feature","properties":{"municipio":"2daa5478-5b31-4056-99bb-f5db3bf19f1d","title":"SC - CAMBORIU","name":"SC - CAMBORIU","tipo":"Munic\u00edpio","url":"\/dashboard\/details-assets\/2daa5478-5b31-4056-99bb-f5db3bf19f1d"},"geometry":{"type":"Point","coordinates":[-48.6503,-27.0241]}},{"type":"Feature","properties":{"municipio":"7ec61c8d-d162-4e46-8525-3ca3b8898656","title":"SC - CAIBI","name":"SC - CAIBI","tipo":"Munic\u00edpio","url":"\/dashboard\/details-assets\/7ec61c8d-d162-4e46-8525-3ca3b8898656"},"geometry":{"type":"Point","coordinates":[-53.2458,-27.0741]}},{"type":"Feature","properties":{"municipio":"52ef3d25-1977-4df7-a9f4-7b4fc37a4f9e","title":"SC - CACADOR","name":"SC - CACADOR","tipo":"Munic\u00edpio","url":"\/dashboard\/details-assets\/52ef3d25-1977-4df7-a9f4-7b4fc37a4f9e"},"geometry":{"type":"Point","coordinates":[-51.012,-26.7757]}},{"type":"Feature","properties":{"municipio":"f828a839-5b89-4216-9701-9165109a4d94","title":"SC - BRUSQUE","name":"SC - BRUSQUE","tipo":"Munic\u00edpio","url":"\/dashboard\/details-assets\/f828a839-5b89-4216-9701-9165109a4d94"},"geometry":{"type":"Point","coordinates":[-48.9107,-27.0977]}},{"type":"Feature","properties":{"municipio":"bdfcce02-bd66-4de1-9f24-148cdf63080a","title":"SC - BRACO DO NORTE","name":"SC - BRACO DO NORTE","tipo":"Munic\u00edpio","url":"\/dashboard\/details-assets\/bdfcce02-bd66-4de1-9f24-148cdf63080a"},"geometry":{"type":"Point","coordinates":[-49.1701,-28.2681]}},{"type":"Feature","properties":{"municipio":"2344a398-7954-4609-a882-3aa4c9cc7f53","title":"SC - BOMBINHAS","name":"SC - BOMBINHAS","tipo":"Munic\u00edpio","url":"\/dashboard\/details-assets\/2344a398-7954-4609-a882-3aa4c9cc7f53"},"geometry":{"type":"Point","coordinates":[-48.5146,-27.1382]}},{"type":"Feature","properties":{"municipio":"8133db70-6be0-4129-8796-5236f1ce056f","title":"SC - BLUMENAU","name":"SC - BLUMENAU","tipo":"Munic\u00edpio","url":"\/dashboard\/details-assets\/8133db70-6be0-4129-8796-5236f1ce056f"},"geometry":{"type":"Point","coordinates":[-49.0709,-26.9155]}},{"type":"Feature","properties":{"municipio":"3ac3339e-737a-4a0a-aa5d-f976ad49949f","title":"SC - BIGUACU","name":"SC - BIGUACU","tipo":"Munic\u00edpio","url":"\/dashboard\/details-assets\/3ac3339e-737a-4a0a-aa5d-f976ad49949f"},"geometry":{"type":"Point","coordinates":[-48.6598,-27.496]}},{"type":"Feature","properties":{"municipio":"905d2b39-f9df-4b4b-aaff-4c1c9346d761","title":"SC - BARRA VELHA","name":"SC - BARRA VELHA","tipo":"Munic\u00edpio","url":"\/dashboard\/details-assets\/905d2b39-f9df-4b4b-aaff-4c1c9346d761"},"geometry":{"type":"Point","coordinates":[-48.6933,-26.637]}},{"type":"Feature","properties":{"municipio":"d9bcc0cf-cff6-4d89-a03c-aca33fcad8d2","title":"SC - BALNEARIO CAMBORIU","name":"SC - BALNEARIO CAMBORIU","tipo":"Munic\u00edpio","url":"\/dashboard\/details-assets\/d9bcc0cf-cff6-4d89-a03c-aca33fcad8d2"},"geometry":{"type":"Point","coordinates":[-48.6352,-26.9926]}},{"type":"Feature","properties":{"municipio":"05131448-ea84-44e5-a242-30a59165a46c","title":"SC - ARARANGUA","name":"SC - ARARANGUA","tipo":"Munic\u00edpio","url":"\/dashboard\/details-assets\/05131448-ea84-44e5-a242-30a59165a46c"},"geometry":{"type":"Point","coordinates":[-49.4918,-28.9356]}},{"type":"Feature","properties":{"municipio":"b4a7dbb8-47c8-4b53-8e73-5cddcfeb6973","title":"SC - ARMAZEM","name":"SC - ARMAZEM","tipo":"Munic\u00edpio","url":"\/dashboard\/details-assets\/b4a7dbb8-47c8-4b53-8e73-5cddcfeb6973"},"geometry":{"type":"Point","coordinates":[-49.0215,-28.2448]}},{"type":"Feature","properties":{"municipio":"31683b53-9d79-4564-a3ca-1f5db71c7a4c","title":"SC - ARAQUARI","name":"SC - ARAQUARI","tipo":"Munic\u00edpio","url":"\/dashboard\/details-assets\/31683b53-9d79-4564-a3ca-1f5db71c7a4c"},"geometry":{"type":"Point","coordinates":[-48.7188,-26.3754]}},{"type":"Feature","properties":{"municipio":"857c92fe-afb9-4062-8f87-f98e0536a829","title":"SC - AGROLANDIA","name":"SC - AGROLANDIA","tipo":"Munic\u00edpio","url":"\/dashboard\/details-assets\/857c92fe-afb9-4062-8f87-f98e0536a829"},"geometry":{"type":"Point","coordinates":[-49.822,-27.4087]}},{"type":"Feature","properties":{"municipio":"5d7be908-eef9-4266-89a0-9112fa7b3faa","title":"SC - ABELARDO LUZ","name":"SC - ABELARDO LUZ","tipo":"Munic\u00edpio","url":"\/dashboard\/details-assets\/5d7be908-eef9-4266-89a0-9112fa7b3faa"},"geometry":{"type":"Point","coordinates":[-52.3229,-26.5716]}},{"type":"Feature","properties":{"municipio":"aa9648bf-f26e-452f-a261-07835a4b88e1","title":"RS - VIAMAO","name":"RS - VIAMAO","tipo":"Munic\u00edpio","url":"\/dashboard\/details-assets\/aa9648bf-f26e-452f-a261-07835a4b88e1"},"geometry":{"type":"Point","coordinates":[-51.0194,-30.0819]}},{"type":"Feature","properties":{"municipio":"a7626334-d2e0-4a92-8711-787db7f8e0ce","title":"RS - VERANOPOLIS","name":"RS - VERANOPOLIS","tipo":"Munic\u00edpio","url":"\/dashboard\/details-assets\/a7626334-d2e0-4a92-8711-787db7f8e0ce"},"geometry":{"type":"Point","coordinates":[-51.5516,-28.9312]}},{"type":"Feature","properties":{"municipio":"4d3a4cff-220b-46df-83d8-34516ddeab4b","title":"RS - VENANCIO AIRES","name":"RS - VENANCIO AIRES","tipo":"Munic\u00edpio","url":"\/dashboard\/details-assets\/4d3a4cff-220b-46df-83d8-34516ddeab4b"},"geometry":{"type":"Point","coordinates":[-52.1932,-29.6143]}},{"type":"Feature","properties":{"municipio":"f6b2db97-8e68-46da-a8cb-be38321bb47c","title":"RS - URUGUAIANA","name":"RS - URUGUAIANA","tipo":"Munic\u00edpio","url":"\/dashboard\/details-assets\/f6b2db97-8e68-46da-a8cb-be38321bb47c"},"geometry":{"type":"Point","coordinates":[-57.0853,-29.7614]}},{"type":"Feature","properties":{"municipio":"c0609efb-597b-4e53-be46-9fed09226916","title":"RS - VACARIA","name":"RS - VACARIA","tipo":"Munic\u00edpio","url":"\/dashboard\/details-assets\/c0609efb-597b-4e53-be46-9fed09226916"},"geometry":{"type":"Point","coordinates":[-50.9418,-28.5079]}},{"type":"Feature","properties":{"municipio":"c9df0e9f-4aac-4e7a-b136-6cd99b3b0631","title":"RS - TRIUNFO","name":"RS - TRIUNFO","tipo":"Munic\u00edpio","url":"\/dashboard\/details-assets\/c9df0e9f-4aac-4e7a-b136-6cd99b3b0631"},"geometry":{"type":"Point","coordinates":[-51.7075,-29.9291]}},{"type":"Feature","properties":{"municipio":"1017ea8e-b191-4fcc-a0de-b075cbc52342","title":"RS - TRINDADE DO SUL","name":"RS - TRINDADE DO SUL","tipo":"Munic\u00edpio","url":"\/dashboard\/details-assets\/1017ea8e-b191-4fcc-a0de-b075cbc52342"},"geometry":{"type":"Point","coordinates":[-52.8956,-27.5239]}},{"type":"Feature","properties":{"municipio":"356f04ad-d6ea-4280-9f3a-1fbc54c143d9","title":"RS - TRES PASSOS","name":"RS - TRES PASSOS","tipo":"Munic\u00edpio","url":"\/dashboard\/details-assets\/356f04ad-d6ea-4280-9f3a-1fbc54c143d9"},"geometry":{"type":"Point","coordinates":[-53.9296,-27.4555]}},{"type":"Feature","properties":{"municipio":"58068b31-df6a-4bed-bcc0-50544bfe7688","title":"RS - TRES DE MAIO","name":"RS - TRES DE MAIO","tipo":"Munic\u00edpio","url":"\/dashboard\/details-assets\/58068b31-df6a-4bed-bcc0-50544bfe7688"},"geometry":{"type":"Point","coordinates":[-54.2357,-27.78]}},{"type":"Feature","properties":{"municipio":"87efb62e-91bc-4feb-a0c1-f6778c7a9c61","title":"RS - TRES COROAS","name":"RS - TRES COROAS","tipo":"Munic\u00edpio","url":"\/dashboard\/details-assets\/87efb62e-91bc-4feb-a0c1-f6778c7a9c61"},"geometry":{"type":"Point","coordinates":[-50.7739,-29.5137]}},{"type":"Feature","properties":{"municipio":"07cbab89-c320-4b6e-aac6-8ef344a0964b","title":"RS - TRAMANDAI","name":"RS - TRAMANDAI","tipo":"Munic\u00edpio","url":"\/dashboard\/details-assets\/07cbab89-c320-4b6e-aac6-8ef344a0964b"},"geometry":{"type":"Point","coordinates":[-50.1322,-29.9841]}},{"type":"Feature","properties":{"municipio":"2aa4d5bf-b140-41e4-82a0-a3834892f9ec","title":"RS - TORRES","name":"RS - TORRES","tipo":"Munic\u00edpio","url":"\/dashboard\/details-assets\/2aa4d5bf-b140-41e4-82a0-a3834892f9ec"},"geometry":{"type":"Point","coordinates":[-49.7333,-29.3334]}},{"type":"Feature","properties":{"municipio":"a9136d92-9819-4916-9e19-0d882285773b","title":"RS - TEUTONIA","name":"RS - TEUTONIA","tipo":"Munic\u00edpio","url":"\/dashboard\/details-assets\/a9136d92-9819-4916-9e19-0d882285773b"},"geometry":{"type":"Point","coordinates":[-51.8044,-29.4482]}},{"type":"Feature","properties":{"municipio":"56a32765-1983-48d6-b09d-d08af8db69bf","title":"RS - TAQUARI","name":"RS - TAQUARI","tipo":"Munic\u00edpio","url":"\/dashboard\/details-assets\/56a32765-1983-48d6-b09d-d08af8db69bf"},"geometry":{"type":"Point","coordinates":[-51.8653,-29.7943]}},{"type":"Feature","properties":{"municipio":"13ecb279-0352-4af0-a4dc-fd50caae3fe5","title":"RS - TENENTE PORTELA","name":"RS - TENENTE PORTELA","tipo":"Munic\u00edpio","url":"\/dashboard\/details-assets\/13ecb279-0352-4af0-a4dc-fd50caae3fe5"},"geometry":{"type":"Point","coordinates":[-53.7585,-27.3711]}},{"type":"Feature","properties":{"municipio":"cec95ad1-f00b-436f-8952-c938f5a2b37a","title":"RS - TAQUARA","name":"RS - TAQUARA","tipo":"Munic\u00edpio","url":"\/dashboard\/details-assets\/cec95ad1-f00b-436f-8952-c938f5a2b37a"},"geometry":{"type":"Point","coordinates":[-50.7753,-29.6505]}},{"type":"Feature","properties":{"municipio":"7d3c4bf2-f514-4415-94c0-04b112df2356","title":"RS - TAPES","name":"RS - TAPES","tipo":"Munic\u00edpio","url":"\/dashboard\/details-assets\/7d3c4bf2-f514-4415-94c0-04b112df2356"},"geometry":{"type":"Point","coordinates":[-51.3991,-30.6683]}},{"type":"Feature","properties":{"municipio":"490e3990-d31a-4f54-9524-a4862e79d7c3","title":"RS - TAPEJARA","name":"RS - TAPEJARA","tipo":"Munic\u00edpio","url":"\/dashboard\/details-assets\/490e3990-d31a-4f54-9524-a4862e79d7c3"},"geometry":{"type":"Point","coordinates":[-52.0097,-28.0652]}},{"type":"Feature","properties":{"municipio":"5b3da01e-a7d8-4924-a39c-c3689fbf2351","title":"RS - TAPERA","name":"RS - TAPERA","tipo":"Munic\u00edpio","url":"\/dashboard\/details-assets\/5b3da01e-a7d8-4924-a39c-c3689fbf2351"},"geometry":{"type":"Point","coordinates":[-52.8613,-28.6277]}},{"type":"Feature","properties":{"municipio":"2cd93951-9f60-40ca-b805-5e0f15722dac","title":"RS - SOLEDADE","name":"RS - SOLEDADE","tipo":"Munic\u00edpio","url":"\/dashboard\/details-assets\/2cd93951-9f60-40ca-b805-5e0f15722dac"},"geometry":{"type":"Point","coordinates":[-52.5131,-28.8306]}},{"type":"Feature","properties":{"municipio":"b2c1083d-8423-432e-80a3-b3460ca3b0df","title":"RS - SOBRADINHO","name":"RS - SOBRADINHO","tipo":"Munic\u00edpio","url":"\/dashboard\/details-assets\/b2c1083d-8423-432e-80a3-b3460ca3b0df"},"geometry":{"type":"Point","coordinates":[-53.0326,-29.4194]}},{"type":"Feature","properties":{"municipio":"039b7743-1d25-4a2f-b18a-91ef6332cace","title":"RS - SERAFINA CORREA","name":"RS - SERAFINA CORREA","tipo":"Munic\u00edpio","url":"\/dashboard\/details-assets\/039b7743-1d25-4a2f-b18a-91ef6332cace"},"geometry":{"type":"Point","coordinates":[-51.9352,-28.7126]}},{"type":"Feature","properties":{"municipio":"a538870f-5c36-45bc-ae97-a996d3b424c1","title":"RS - SERTAO SANTANA","name":"RS - SERTAO SANTANA","tipo":"Munic\u00edpio","url":"\/dashboard\/details-assets\/a538870f-5c36-45bc-ae97-a996d3b424c1"},"geometry":{"type":"Point","coordinates":[-51.6017,-30.4562]}},{"type":"Feature","properties":{"municipio":"330b741a-2a8f-493a-a890-8f29ba058004","title":"RS - SARANDI","name":"RS - SARANDI","tipo":"Munic\u00edpio","url":"\/dashboard\/details-assets\/330b741a-2a8f-493a-a890-8f29ba058004"},"geometry":{"type":"Point","coordinates":[-52.9231,-27.942]}},{"type":"Feature","properties":{"municipio":"b1d5950d-6b1e-452a-9343-ebf195789d7b","title":"RS - SAPUCAIA DO SUL","name":"RS - SAPUCAIA DO SUL","tipo":"Munic\u00edpio","url":"\/dashboard\/details-assets\/b1d5950d-6b1e-452a-9343-ebf195789d7b"},"geometry":{"type":"Point","coordinates":[-51.145,-29.8276]}},{"type":"Feature","properties":{"municipio":"17f011f4-dca9-48bd-9db6-60a9c0d8ef10","title":"RS - SAPIRANGA","name":"RS - SAPIRANGA","tipo":"Munic\u00edpio","url":"\/dashboard\/details-assets\/17f011f4-dca9-48bd-9db6-60a9c0d8ef10"},"geometry":{"type":"Point","coordinates":[-51.0064,-29.6349]}},{"type":"Feature","properties":{"municipio":"2b911bb2-8a6a-4489-ac3f-c887501bfc79","title":"RS - SAO VICENTE DO SUL","name":"RS - SAO VICENTE DO SUL","tipo":"Munic\u00edpio","url":"\/dashboard\/details-assets\/2b911bb2-8a6a-4489-ac3f-c887501bfc79"},"geometry":{"type":"Point","coordinates":[-54.6826,-29.6882]}},{"type":"Feature","properties":{"municipio":"39f665db-c1b7-43a0-8737-8ec1172c2d70","title":"RS - SAO SEBASTIAO DO CAI","name":"RS - SAO SEBASTIAO DO CAI","tipo":"Munic\u00edpio","url":"\/dashboard\/details-assets\/39f665db-c1b7-43a0-8737-8ec1172c2d70"},"geometry":{"type":"Point","coordinates":[-51.3749,-29.5885]}},{"type":"Feature","properties":{"municipio":"75d4f731-a876-4be7-8414-cb844bd56cc4","title":"RS - SAO PAULO DAS MISSOES","name":"RS - SAO PAULO DAS MISSOES","tipo":"Munic\u00edpio","url":"\/dashboard\/details-assets\/75d4f731-a876-4be7-8414-cb844bd56cc4"},"geometry":{"type":"Point","coordinates":[-54.9404,-28.0195]}},{"type":"Feature","properties":{"municipio":"78c51334-145c-4cef-bed4-24b4ca5bf011","title":"RS - SAO PEDRO DO SUL","name":"RS - SAO PEDRO DO SUL","tipo":"Munic\u00edpio","url":"\/dashboard\/details-assets\/78c51334-145c-4cef-bed4-24b4ca5bf011"},"geometry":{"type":"Point","coordinates":[-54.1855,-29.6202]}},{"type":"Feature","properties":{"municipio":"370efbd5-2b82-4488-b45c-437861ae1d0c","title":"RS - SAO MARCOS","name":"RS - SAO MARCOS","tipo":"Munic\u00edpio","url":"\/dashboard\/details-assets\/370efbd5-2b82-4488-b45c-437861ae1d0c"},"geometry":{"type":"Point","coordinates":[-51.0696,-28.9677]}},{"type":"Feature","properties":{"municipio":"e6dbc833-1658-4295-98b2-87e53309d08f","title":"RS - SAO LUIZ GONZAGA","name":"RS - SAO LUIZ GONZAGA","tipo":"Munic\u00edpio","url":"\/dashboard\/details-assets\/e6dbc833-1658-4295-98b2-87e53309d08f"},"geometry":{"type":"Point","coordinates":[-54.9559,-28.412]}},{"type":"Feature","properties":{"municipio":"2793e3cb-2af2-44aa-abb8-ce22ad688f6f","title":"RS - SAO LOURENCO DO SUL","name":"RS - SAO LOURENCO DO SUL","tipo":"Munic\u00edpio","url":"\/dashboard\/details-assets\/2793e3cb-2af2-44aa-abb8-ce22ad688f6f"},"geometry":{"type":"Point","coordinates":[-51.9715,-31.3564]}},{"type":"Feature","properties":{"municipio":"d2d0774d-71a6-4f25-b6a2-3c39c1e2240b","title":"RS - SAO LEOPOLDO","name":"RS - SAO LEOPOLDO","tipo":"Munic\u00edpio","url":"\/dashboard\/details-assets\/d2d0774d-71a6-4f25-b6a2-3c39c1e2240b"},"geometry":{"type":"Point","coordinates":[-51.1498,-29.7545]}},{"type":"Feature","properties":{"municipio":"4f7f138a-3e77-4c81-aaa3-328ff2cf5360","title":"RS - SAO JOSE DO NORTE","name":"RS - SAO JOSE DO NORTE","tipo":"Munic\u00edpio","url":"\/dashboard\/details-assets\/4f7f138a-3e77-4c81-aaa3-328ff2cf5360"},"geometry":{"type":"Point","coordinates":[-52.0331,-32.0151]}},{"type":"Feature","properties":{"municipio":"b87d7a8f-25a3-47ab-a335-71053c50eb39","title":"RS - SAO JERONIMO","name":"RS - SAO JERONIMO","tipo":"Munic\u00edpio","url":"\/dashboard\/details-assets\/b87d7a8f-25a3-47ab-a335-71053c50eb39"},"geometry":{"type":"Point","coordinates":[-51.7251,-29.9716]}},{"type":"Feature","properties":{"municipio":"4445813a-cc88-48a2-a3f9-3df6d3513fb5","title":"RS - SAO GABRIEL","name":"RS - SAO GABRIEL","tipo":"Munic\u00edpio","url":"\/dashboard\/details-assets\/4445813a-cc88-48a2-a3f9-3df6d3513fb5"},"geometry":{"type":"Point","coordinates":[-54.3217,-30.3337]}},{"type":"Feature","properties":{"municipio":"83096970-7026-4a06-9396-66faf5c89f8b","title":"RS - SAO FRANCISCO DE PAULA","name":"RS - SAO FRANCISCO DE PAULA","tipo":"Munic\u00edpio","url":"\/dashboard\/details-assets\/83096970-7026-4a06-9396-66faf5c89f8b"},"geometry":{"type":"Point","coordinates":[-50.5828,-29.4404]}},{"type":"Feature","properties":{"municipio":"6ceded54-4dc8-4625-942b-76ecc5f98498","title":"RS - SAO FRANCISCO DE ASSIS","name":"RS - SAO FRANCISCO DE ASSIS","tipo":"Munic\u00edpio","url":"\/dashboard\/details-assets\/6ceded54-4dc8-4625-942b-76ecc5f98498"},"geometry":{"type":"Point","coordinates":[-55.1253,-29.5547]}},{"type":"Feature","properties":{"municipio":"9ef27b8e-ff92-4c67-bc0d-71048c7db878","title":"RS - SAO BORJA","name":"RS - SAO BORJA","tipo":"Munic\u00edpio","url":"\/dashboard\/details-assets\/9ef27b8e-ff92-4c67-bc0d-71048c7db878"},"geometry":{"type":"Point","coordinates":[-56.0036,-28.6578]}},{"type":"Feature","properties":{"municipio":"364a8010-bcc5-43b6-9022-b75542f735a7","title":"RS - SANTO CRISTO","name":"RS - SANTO CRISTO","tipo":"Munic\u00edpio","url":"\/dashboard\/details-assets\/364a8010-bcc5-43b6-9022-b75542f735a7"},"geometry":{"type":"Point","coordinates":[-54.662,-27.8263]}},{"type":"Feature","properties":{"municipio":"75404e1d-2510-4631-89d9-5f23d9a2f6b1","title":"RS - SANTO AUGUSTO","name":"RS - SANTO AUGUSTO","tipo":"Munic\u00edpio","url":"\/dashboard\/details-assets\/75404e1d-2510-4631-89d9-5f23d9a2f6b1"},"geometry":{"type":"Point","coordinates":[-53.7776,-27.8526]}},{"type":"Feature","properties":{"municipio":"edf09f95-34d1-4d1f-ab04-4ad4115ea49f","title":"RS - SANTO ANTONIO DA PATRULHA","name":"RS - SANTO ANTONIO DA PATRULHA","tipo":"Munic\u00edpio","url":"\/dashboard\/details-assets\/edf09f95-34d1-4d1f-ab04-4ad4115ea49f"},"geometry":{"type":"Point","coordinates":[-50.5175,-29.8268]}},{"type":"Feature","properties":{"municipio":"23eaa271-df1e-4534-854a-6258e366ee33","title":"RS - SANTO ANGELO","name":"RS - SANTO ANGELO","tipo":"Munic\u00edpio","url":"\/dashboard\/details-assets\/23eaa271-df1e-4534-854a-6258e366ee33"},"geometry":{"type":"Point","coordinates":[-54.2668,-28.3001]}},{"type":"Feature","properties":{"municipio":"d134c0ec-b043-4242-82c9-7b1f11d9ec91","title":"RS - SANTIAGO","name":"RS - SANTIAGO","tipo":"Munic\u00edpio","url":"\/dashboard\/details-assets\/d134c0ec-b043-4242-82c9-7b1f11d9ec91"},"geometry":{"type":"Point","coordinates":[-54.8666,-29.1897]}},{"type":"Feature","properties":{"municipio":"30e1b961-c824-48af-9371-33c823a1e6e1","title":"RS - SANTA ROSA","name":"RS - SANTA ROSA","tipo":"Munic\u00edpio","url":"\/dashboard\/details-assets\/30e1b961-c824-48af-9371-33c823a1e6e1"},"geometry":{"type":"Point","coordinates":[-54.4796,-27.8702]}},{"type":"Feature","properties":{"municipio":"dceb6aa1-ed94-4811-8085-ce6af965b488","title":"RS - SANTA VITORIA DO PALMAR","name":"RS - SANTA VITORIA DO PALMAR","tipo":"Munic\u00edpio","url":"\/dashboard\/details-assets\/dceb6aa1-ed94-4811-8085-ce6af965b488"},"geometry":{"type":"Point","coordinates":[-53.3717,-33.525]}},{"type":"Feature","properties":{"municipio":"6b3bbf02-5453-4309-ab90-503fc34ce421","title":"RS - SANTANA DO LIVRAMENTO","name":"RS - SANTANA DO LIVRAMENTO","tipo":"Munic\u00edpio","url":"\/dashboard\/details-assets\/6b3bbf02-5453-4309-ab90-503fc34ce421"},"geometry":{"type":"Point","coordinates":[-55.5392,-30.8773]}},{"type":"Feature","properties":{"municipio":"96f6565d-f705-4d78-acd0-8a50dee747da","title":"RS - SANTA MARIA","name":"RS - SANTA MARIA","tipo":"Munic\u00edpio","url":"\/dashboard\/details-assets\/96f6565d-f705-4d78-acd0-8a50dee747da"},"geometry":{"type":"Point","coordinates":[-53.8149,-29.6868]}},{"type":"Feature","properties":{"municipio":"88908783-6eae-4812-bcb2-f5a1f94fd74f","title":"RS - SANTA CRUZ DO SUL","name":"RS - SANTA CRUZ DO SUL","tipo":"Munic\u00edpio","url":"\/dashboard\/details-assets\/88908783-6eae-4812-bcb2-f5a1f94fd74f"},"geometry":{"type":"Point","coordinates":[-52.4343,-29.722]}},{"type":"Feature","properties":{"municipio":"b1484ad6-0b70-4691-81a7-f4f10174ab9e","title":"RS - SALTO DO JACUI","name":"RS - SALTO DO JACUI","tipo":"Munic\u00edpio","url":"\/dashboard\/details-assets\/b1484ad6-0b70-4691-81a7-f4f10174ab9e"},"geometry":{"type":"Point","coordinates":[-53.2133,-29.0951]}},{"type":"Feature","properties":{"municipio":"92cba241-e79d-4548-b6e8-687d357e3385","title":"RS - SANANDUVA","name":"RS - SANANDUVA","tipo":"Munic\u00edpio","url":"\/dashboard\/details-assets\/92cba241-e79d-4548-b6e8-687d357e3385"},"geometry":{"type":"Point","coordinates":[-51.8079,-27.947]}},{"type":"Feature","properties":{"municipio":"8c0e63b7-afdd-4968-a57c-bac91512061a","title":"RS - ROSARIO DO SUL","name":"RS - ROSARIO DO SUL","tipo":"Munic\u00edpio","url":"\/dashboard\/details-assets\/8c0e63b7-afdd-4968-a57c-bac91512061a"},"geometry":{"type":"Point","coordinates":[-54.9221,-30.2515]}},{"type":"Feature","properties":{"municipio":"9242e1bc-513c-4610-8eec-e0f392a74ec9","title":"RS - ROLANTE","name":"RS - ROLANTE","tipo":"Munic\u00edpio","url":"\/dashboard\/details-assets\/9242e1bc-513c-4610-8eec-e0f392a74ec9"},"geometry":{"type":"Point","coordinates":[-50.5819,-29.6462]}},{"type":"Feature","properties":{"municipio":"06e4ccfa-184e-4bbf-b32f-f266a0b19ee9","title":"RS - RIO PARDO","name":"RS - RIO PARDO","tipo":"Munic\u00edpio","url":"\/dashboard\/details-assets\/06e4ccfa-184e-4bbf-b32f-f266a0b19ee9"},"geometry":{"type":"Point","coordinates":[-52.3711,-29.988]}},{"type":"Feature","properties":{"municipio":"65b28280-867d-4534-91cb-8f4deff33caf","title":"RS - RIO GRANDE","name":"RS - RIO GRANDE","tipo":"Munic\u00edpio","url":"\/dashboard\/details-assets\/65b28280-867d-4534-91cb-8f4deff33caf"},"geometry":{"type":"Point","coordinates":[-52.1071,-32.0349]}},{"type":"Feature","properties":{"municipio":"0221bf30-cc16-435a-9b3a-5b155b6bdc16","title":"RS - RESTINGA SECA","name":"RS - RESTINGA SECA","tipo":"Munic\u00edpio","url":"\/dashboard\/details-assets\/0221bf30-cc16-435a-9b3a-5b155b6bdc16"},"geometry":{"type":"Point","coordinates":[-53.3807,-29.8188]}},{"type":"Feature","properties":{"municipio":"14db9694-60e4-4430-9450-020072fa5767","title":"RS - REDENTORA","name":"RS - REDENTORA","tipo":"Munic\u00edpio","url":"\/dashboard\/details-assets\/14db9694-60e4-4430-9450-020072fa5767"},"geometry":{"type":"Point","coordinates":[-53.6407,-27.664]}},{"type":"Feature","properties":{"municipio":"5880bf7f-087b-409f-b100-3f0f3e582eb1","title":"RS - QUARAI","name":"RS - QUARAI","tipo":"Munic\u00edpio","url":"\/dashboard\/details-assets\/5880bf7f-087b-409f-b100-3f0f3e582eb1"},"geometry":{"type":"Point","coordinates":[-56.4483,-30.384]}},{"type":"Feature","properties":{"municipio":"9b9d139d-1301-4727-bb8d-1e1cb544379a","title":"RS - PORTO XAVIER","name":"RS - PORTO XAVIER","tipo":"Munic\u00edpio","url":"\/dashboard\/details-assets\/9b9d139d-1301-4727-bb8d-1e1cb544379a"},"geometry":{"type":"Point","coordinates":[-55.1379,-27.9082]}},{"type":"Feature","properties":{"municipio":"2be31173-7db4-4060-90d4-1bbc9065c4c9","title":"RS - PORTO ALEGRE","name":"RS - PORTO ALEGRE","tipo":"Munic\u00edpio","url":"\/dashboard\/details-assets\/2be31173-7db4-4060-90d4-1bbc9065c4c9"},"geometry":{"type":"Point","coordinates":[-51.2065,-30.0318]}},{"type":"Feature","properties":{"municipio":"c5f11660-41b5-4a63-9930-f630a8070093","title":"RS - PORTAO","name":"RS - PORTAO","tipo":"Munic\u00edpio","url":"\/dashboard\/details-assets\/c5f11660-41b5-4a63-9930-f630a8070093"},"geometry":{"type":"Point","coordinates":[-51.2429,-29.7015]}},{"type":"Feature","properties":{"municipio":"dee5dd51-a653-48c1-a10e-b0e8ff0cac82","title":"RS - PIRATINI","name":"RS - PIRATINI","tipo":"Munic\u00edpio","url":"\/dashboard\/details-assets\/dee5dd51-a653-48c1-a10e-b0e8ff0cac82"},"geometry":{"type":"Point","coordinates":[-53.0973,-31.4473]}},{"type":"Feature","properties":{"municipio":"7f697e11-43e3-402a-9549-cbf7db464a8f","title":"RS - PINHEIRO MACHADO","name":"RS - PINHEIRO MACHADO","tipo":"Munic\u00edpio","url":"\/dashboard\/details-assets\/7f697e11-43e3-402a-9549-cbf7db464a8f"},"geometry":{"type":"Point","coordinates":[-53.3798,-31.5794]}},{"type":"Feature","properties":{"municipio":"d5aecaec-4894-4ae1-b3ca-b7c39f0274f2","title":"RS - PELOTAS","name":"RS - PELOTAS","tipo":"Munic\u00edpio","url":"\/dashboard\/details-assets\/d5aecaec-4894-4ae1-b3ca-b7c39f0274f2"},"geometry":{"type":"Point","coordinates":[-52.3371,-31.7649]}},{"type":"Feature","properties":{"municipio":"6a2410c8-a19f-4d9a-9ca6-b21c3ca5a0ea","title":"RS - PASSO FUNDO","name":"RS - PASSO FUNDO","tipo":"Munic\u00edpio","url":"\/dashboard\/details-assets\/6a2410c8-a19f-4d9a-9ca6-b21c3ca5a0ea"},"geometry":{"type":"Point","coordinates":[-52.4091,-28.2576]}},{"type":"Feature","properties":{"municipio":"9a67a6c7-d0e1-42a8-91ea-1665dcdb21f8","title":"RS - PAROBE","name":"RS - PAROBE","tipo":"Munic\u00edpio","url":"\/dashboard\/details-assets\/9a67a6c7-d0e1-42a8-91ea-1665dcdb21f8"},"geometry":{"type":"Point","coordinates":[-50.8312,-29.6243]}},{"type":"Feature","properties":{"municipio":"88a48c8a-8dee-4dbb-836c-871fe4ba43d7","title":"RS - PANAMBI","name":"RS - PANAMBI","tipo":"Munic\u00edpio","url":"\/dashboard\/details-assets\/88a48c8a-8dee-4dbb-836c-871fe4ba43d7"},"geometry":{"type":"Point","coordinates":[-53.5023,-28.2833]}},{"type":"Feature","properties":{"municipio":"eb2a4a41-7382-4c0c-be0b-e3f51989545a","title":"RS - PALMITINHO","name":"RS - PALMITINHO","tipo":"Munic\u00edpio","url":"\/dashboard\/details-assets\/eb2a4a41-7382-4c0c-be0b-e3f51989545a"},"geometry":{"type":"Point","coordinates":[-53.558,-27.3596]}},{"type":"Feature","properties":{"municipio":"f78b5706-8300-46dc-905d-0c6c8d1de2f1","title":"RS - PALMARES DO SUL","name":"RS - PALMARES DO SUL","tipo":"Munic\u00edpio","url":"\/dashboard\/details-assets\/f78b5706-8300-46dc-905d-0c6c8d1de2f1"},"geometry":{"type":"Point","coordinates":[-50.5103,-30.2535]}},{"type":"Feature","properties":{"municipio":"3d146024-55e7-4def-b7ef-484dd6aa94bd","title":"RS - PALMEIRA DAS MISSOES","name":"RS - PALMEIRA DAS MISSOES","tipo":"Munic\u00edpio","url":"\/dashboard\/details-assets\/3d146024-55e7-4def-b7ef-484dd6aa94bd"},"geometry":{"type":"Point","coordinates":[-53.3134,-27.9007]}},{"type":"Feature","properties":{"municipio":"993de4ae-ea96-4202-88a5-b7db82e1fb9e","title":"RS - OSORIO","name":"RS - OSORIO","tipo":"Munic\u00edpio","url":"\/dashboard\/details-assets\/993de4ae-ea96-4202-88a5-b7db82e1fb9e"},"geometry":{"type":"Point","coordinates":[-50.2667,-29.8881]}},{"type":"Feature","properties":{"municipio":"024dbadc-2586-46e9-a2c5-a3ad279c93ce","title":"RS - NOVO HAMBURGO","name":"RS - NOVO HAMBURGO","tipo":"Munic\u00edpio","url":"\/dashboard\/details-assets\/024dbadc-2586-46e9-a2c5-a3ad279c93ce"},"geometry":{"type":"Point","coordinates":[-51.1328,-29.6875]}},{"type":"Feature","properties":{"municipio":"ddffac8c-ccb2-4757-88de-8fdd13ccfbbb","title":"RS - NOVA SANTA RITA","name":"RS - NOVA SANTA RITA","tipo":"Munic\u00edpio","url":"\/dashboard\/details-assets\/ddffac8c-ccb2-4757-88de-8fdd13ccfbbb"},"geometry":{"type":"Point","coordinates":[-51.2837,-29.8525]}},{"type":"Feature","properties":{"municipio":"2ceb8516-ce9d-4cfb-8f05-91cf3f4c4a0c","title":"RS - NOVA PRATA","name":"RS - NOVA PRATA","tipo":"Munic\u00edpio","url":"\/dashboard\/details-assets\/2ceb8516-ce9d-4cfb-8f05-91cf3f4c4a0c"},"geometry":{"type":"Point","coordinates":[-51.6113,-28.7799]}},{"type":"Feature","properties":{"municipio":"00d009be-60b6-4ad3-9ed4-63e32abd75a1","title":"RS - NOVA PETROPOLIS","name":"RS - NOVA PETROPOLIS","tipo":"Munic\u00edpio","url":"\/dashboard\/details-assets\/00d009be-60b6-4ad3-9ed4-63e32abd75a1"},"geometry":{"type":"Point","coordinates":[-51.1136,-29.3741]}},{"type":"Feature","properties":{"municipio":"6b3949ac-7798-4d8f-88d2-7cdfa2ea9556","title":"RS - NOVA HARTZ","name":"RS - NOVA HARTZ","tipo":"Munic\u00edpio","url":"\/dashboard\/details-assets\/6b3949ac-7798-4d8f-88d2-7cdfa2ea9556"},"geometry":{"type":"Point","coordinates":[-50.9051,-29.5808]}},{"type":"Feature","properties":{"municipio":"63d1f02a-9369-4890-b42f-56114d86dadd","title":"RS - NOVA ESPERANCA DO SUL","name":"RS - NOVA ESPERANCA DO SUL","tipo":"Munic\u00edpio","url":"\/dashboard\/details-assets\/63d1f02a-9369-4890-b42f-56114d86dadd"},"geometry":{"type":"Point","coordinates":[-54.8293,-29.4066]}},{"type":"Feature","properties":{"municipio":"3ebc589f-6c9d-475e-9ac3-80c3f47d85da","title":"RS - NONOAI","name":"RS - NONOAI","tipo":"Munic\u00edpio","url":"\/dashboard\/details-assets\/3ebc589f-6c9d-475e-9ac3-80c3f47d85da"},"geometry":{"type":"Point","coordinates":[-52.7756,-27.3689]}},{"type":"Feature","properties":{"municipio":"601347b8-af58-4e38-94f6-cb138241f444","title":"RS - NAO-ME-TOQUE","name":"RS - NAO-ME-TOQUE","tipo":"Munic\u00edpio","url":"\/dashboard\/details-assets\/601347b8-af58-4e38-94f6-cb138241f444"},"geometry":{"type":"Point","coordinates":[-52.8182,-28.4548]}},{"type":"Feature","properties":{"municipio":"0db30365-2270-47dd-814d-37bb2cb8f0df","title":"RS - MOSTARDAS","name":"RS - MOSTARDAS","tipo":"Munic\u00edpio","url":"\/dashboard\/details-assets\/0db30365-2270-47dd-814d-37bb2cb8f0df"},"geometry":{"type":"Point","coordinates":[-50.9167,-31.1054]}},{"type":"Feature","properties":{"municipio":"2fbfb1ce-2168-4a89-bcb4-568d7d63e89a","title":"RS - MONTENEGRO","name":"RS - MONTENEGRO","tipo":"Munic\u00edpio","url":"\/dashboard\/details-assets\/2fbfb1ce-2168-4a89-bcb4-568d7d63e89a"},"geometry":{"type":"Point","coordinates":[-51.4679,-29.6824]}},{"type":"Feature","properties":{"municipio":"003562cc-3f7f-43af-bde5-f1fe394f6484","title":"RS - MARAU","name":"RS - MARAU","tipo":"Munic\u00edpio","url":"\/dashboard\/details-assets\/003562cc-3f7f-43af-bde5-f1fe394f6484"},"geometry":{"type":"Point","coordinates":[-52.1986,-28.4498]}},{"type":"Feature","properties":{"municipio":"d3c80b4f-303c-4f58-8b16-ad8f02c7da22","title":"RS - MACHADINHO","name":"RS - MACHADINHO","tipo":"Munic\u00edpio","url":"\/dashboard\/details-assets\/d3c80b4f-303c-4f58-8b16-ad8f02c7da22"},"geometry":{"type":"Point","coordinates":[-51.6668,-27.5667]}},{"type":"Feature","properties":{"municipio":"1d0f45ac-b9c4-4041-81cd-41b28ade8b8a","title":"RS - LAJEADO","name":"RS - LAJEADO","tipo":"Munic\u00edpio","url":"\/dashboard\/details-assets\/1d0f45ac-b9c4-4041-81cd-41b28ade8b8a"},"geometry":{"type":"Point","coordinates":[-51.9644,-29.4591]}},{"type":"Feature","properties":{"municipio":"a78269c1-4bc3-4058-89ca-96049df245b5","title":"RS - LAGOA VERMELHA","name":"RS - LAGOA VERMELHA","tipo":"Munic\u00edpio","url":"\/dashboard\/details-assets\/a78269c1-4bc3-4058-89ca-96049df245b5"},"geometry":{"type":"Point","coordinates":[-51.5248,-28.2093]}},{"type":"Feature","properties":{"municipio":"8db264b6-54a4-401d-8893-2f840ac74e29","title":"RS - JULIO DE CASTILHOS","name":"RS - JULIO DE CASTILHOS","tipo":"Munic\u00edpio","url":"\/dashboard\/details-assets\/8db264b6-54a4-401d-8893-2f840ac74e29"},"geometry":{"type":"Point","coordinates":[-53.6772,-29.2299]}},{"type":"Feature","properties":{"municipio":"eeaa8e5a-0786-4c00-89ed-1a8f872881a6","title":"RS - JAGUARAO","name":"RS - JAGUARAO","tipo":"Munic\u00edpio","url":"\/dashboard\/details-assets\/eeaa8e5a-0786-4c00-89ed-1a8f872881a6"},"geometry":{"type":"Point","coordinates":[-53.377,-32.5604]}},{"type":"Feature","properties":{"municipio":"647e5436-4d38-4445-8369-cbcfad5ba38f","title":"RS - JAGUARI","name":"RS - JAGUARI","tipo":"Munic\u00edpio","url":"\/dashboard\/details-assets\/647e5436-4d38-4445-8369-cbcfad5ba38f"},"geometry":{"type":"Point","coordinates":[-54.703,-29.4936]}},{"type":"Feature","properties":{"municipio":"90e72bab-ef3c-4a23-9842-31c224fb81c9","title":"RS - IVOTI","name":"RS - IVOTI","tipo":"Munic\u00edpio","url":"\/dashboard\/details-assets\/90e72bab-ef3c-4a23-9842-31c224fb81c9"},"geometry":{"type":"Point","coordinates":[-51.1533,-29.5995]}},{"type":"Feature","properties":{"municipio":"13641ef4-b0bf-4215-b153-6e6d10b45752","title":"RS - ITAQUI","name":"RS - ITAQUI","tipo":"Munic\u00edpio","url":"\/dashboard\/details-assets\/13641ef4-b0bf-4215-b153-6e6d10b45752"},"geometry":{"type":"Point","coordinates":[-56.5515,-29.1311]}},{"type":"Feature","properties":{"municipio":"1d8a85fd-0d83-4b54-bb01-1d536555cee7","title":"RS - IJUI","name":"RS - IJUI","tipo":"Munic\u00edpio","url":"\/dashboard\/details-assets\/1d8a85fd-0d83-4b54-bb01-1d536555cee7"},"geometry":{"type":"Point","coordinates":[-53.92,-28.388]}},{"type":"Feature","properties":{"municipio":"eeadce61-652a-4794-86b2-7af9e1eaaa4b","title":"RS - IGREJINHA","name":"RS - IGREJINHA","tipo":"Munic\u00edpio","url":"\/dashboard\/details-assets\/eeadce61-652a-4794-86b2-7af9e1eaaa4b"},"geometry":{"type":"Point","coordinates":[-50.7919,-29.5693]}},{"type":"Feature","properties":{"municipio":"6e972f64-0fcd-4fc9-bd04-f5ea3d0db14c","title":"RS - IBIRUBA","name":"RS - IBIRUBA","tipo":"Munic\u00edpio","url":"\/dashboard\/details-assets\/6e972f64-0fcd-4fc9-bd04-f5ea3d0db14c"},"geometry":{"type":"Point","coordinates":[-53.0961,-28.6302]}},{"type":"Feature","properties":{"municipio":"f8a81946-f6f8-467d-a97c-17d996903c64","title":"RS - HORIZONTINA","name":"RS - HORIZONTINA","tipo":"Munic\u00edpio","url":"\/dashboard\/details-assets\/f8a81946-f6f8-467d-a97c-17d996903c64"},"geometry":{"type":"Point","coordinates":[-54.3053,-27.6282]}},{"type":"Feature","properties":{"municipio":"874cc6bb-e86d-4616-875d-07ee21781278","title":"RS - GUAPORE","name":"RS - GUAPORE","tipo":"Munic\u00edpio","url":"\/dashboard\/details-assets\/874cc6bb-e86d-4616-875d-07ee21781278"},"geometry":{"type":"Point","coordinates":[-51.8895,-28.8399]}},{"type":"Feature","properties":{"municipio":"9cdec087-22d0-4860-b39b-669ee30a4963","title":"RS - GUAIBA","name":"RS - GUAIBA","tipo":"Munic\u00edpio","url":"\/dashboard\/details-assets\/9cdec087-22d0-4860-b39b-669ee30a4963"},"geometry":{"type":"Point","coordinates":[-51.3233,-30.1086]}},{"type":"Feature","properties":{"municipio":"a74de726-0ed2-4a92-93b7-e97d120943f8","title":"RS - GRAVATAI","name":"RS - GRAVATAI","tipo":"Munic\u00edpio","url":"\/dashboard\/details-assets\/a74de726-0ed2-4a92-93b7-e97d120943f8"},"geometry":{"type":"Point","coordinates":[-50.9869,-29.9413]}},{"type":"Feature","properties":{"municipio":"51004548-1f51-4448-ba95-6e7b6c614297","title":"RS - GRAMADO","name":"RS - GRAMADO","tipo":"Munic\u00edpio","url":"\/dashboard\/details-assets\/51004548-1f51-4448-ba95-6e7b6c614297"},"geometry":{"type":"Point","coordinates":[-50.8762,-29.3734]}},{"type":"Feature","properties":{"municipio":"abb29816-924c-43b4-b31e-2a12f23c9a59","title":"RS - GETULIO VARGAS","name":"RS - GETULIO VARGAS","tipo":"Munic\u00edpio","url":"\/dashboard\/details-assets\/abb29816-924c-43b4-b31e-2a12f23c9a59"},"geometry":{"type":"Point","coordinates":[-52.2294,-27.8911]}},{"type":"Feature","properties":{"municipio":"0d66a3ac-9861-4964-a0dd-e270166b2b3d","title":"RS - GARIBALDI","name":"RS - GARIBALDI","tipo":"Munic\u00edpio","url":"\/dashboard\/details-assets\/0d66a3ac-9861-4964-a0dd-e270166b2b3d"},"geometry":{"type":"Point","coordinates":[-51.5352,-29.259]}},{"type":"Feature","properties":{"municipio":"2d0d061e-9619-48c8-8d39-d39b2e837025","title":"RS - FREDERICO WESTPHALEN","name":"RS - FREDERICO WESTPHALEN","tipo":"Munic\u00edpio","url":"\/dashboard\/details-assets\/2d0d061e-9619-48c8-8d39-d39b2e837025"},"geometry":{"type":"Point","coordinates":[-53.3958,-27.3586]}},{"type":"Feature","properties":{"municipio":"ee298c43-296e-4a77-b807-7e97ecc3b7b5","title":"RS - FONTOURA XAVIER","name":"RS - FONTOURA XAVIER","tipo":"Munic\u00edpio","url":"\/dashboard\/details-assets\/ee298c43-296e-4a77-b807-7e97ecc3b7b5"},"geometry":{"type":"Point","coordinates":[-52.3445,-28.9817]}},{"type":"Feature","properties":{"municipio":"8c1b3c3e-42b3-4b3d-8c99-fa22b5a4ded3","title":"RS - FLORES DA CUNHA","name":"RS - FLORES DA CUNHA","tipo":"Munic\u00edpio","url":"\/dashboard\/details-assets\/8c1b3c3e-42b3-4b3d-8c99-fa22b5a4ded3"},"geometry":{"type":"Point","coordinates":[-51.1875,-29.0261]}},{"type":"Feature","properties":{"municipio":"626e50e7-e503-420a-871d-6d692734bc52","title":"RS - FELIZ","name":"RS - FELIZ","tipo":"Munic\u00edpio","url":"\/dashboard\/details-assets\/626e50e7-e503-420a-871d-6d692734bc52"},"geometry":{"type":"Point","coordinates":[-51.3032,-29.4527]}},{"type":"Feature","properties":{"municipio":"b7650991-fa13-45ce-8d33-dd01a2c98b8b","title":"RS - FAXINAL DO SOTURNO","name":"RS - FAXINAL DO SOTURNO","tipo":"Munic\u00edpio","url":"\/dashboard\/details-assets\/b7650991-fa13-45ce-8d33-dd01a2c98b8b"},"geometry":{"type":"Point","coordinates":[-53.4484,-29.5788]}},{"type":"Feature","properties":{"municipio":"42ea4efa-a22d-4a6a-8dbe-6e6eec7518b4","title":"RS - FARROUPILHA","name":"RS - FARROUPILHA","tipo":"Munic\u00edpio","url":"\/dashboard\/details-assets\/42ea4efa-a22d-4a6a-8dbe-6e6eec7518b4"},"geometry":{"type":"Point","coordinates":[-51.3419,-29.2227]}},{"type":"Feature","properties":{"municipio":"dadc05e8-30cc-49bb-8e05-a46d2b8ba88b","title":"RS - ESTRELA","name":"RS - ESTRELA","tipo":"Munic\u00edpio","url":"\/dashboard\/details-assets\/dadc05e8-30cc-49bb-8e05-a46d2b8ba88b"},"geometry":{"type":"Point","coordinates":[-51.9495,-29.5002]}},{"type":"Feature","properties":{"municipio":"6c4b38ef-02fd-43ec-a8eb-ede0d687fc4a","title":"RS - ESTEIO","name":"RS - ESTEIO","tipo":"Munic\u00edpio","url":"\/dashboard\/details-assets\/6c4b38ef-02fd-43ec-a8eb-ede0d687fc4a"},"geometry":{"type":"Point","coordinates":[-51.1841,-29.852]}},{"type":"Feature","properties":{"municipio":"a1f90e1a-df87-48dc-8836-496151fb62b5","title":"RS - ESTANCIA VELHA","name":"RS - ESTANCIA VELHA","tipo":"Munic\u00edpio","url":"\/dashboard\/details-assets\/a1f90e1a-df87-48dc-8836-496151fb62b5"},"geometry":{"type":"Point","coordinates":[-51.1843,-29.6535]}},{"type":"Feature","properties":{"municipio":"1689db47-b61d-41c5-9d14-ddc8ccf88512","title":"RS - ESPUMOSO","name":"RS - ESPUMOSO","tipo":"Munic\u00edpio","url":"\/dashboard\/details-assets\/1689db47-b61d-41c5-9d14-ddc8ccf88512"},"geometry":{"type":"Point","coordinates":[-52.8461,-28.7286]}},{"type":"Feature","properties":{"municipio":"e1555e20-07b9-48f9-bc62-d3ecb7bac17f","title":"RS - ERVAL SECO","name":"RS - ERVAL SECO","tipo":"Munic\u00edpio","url":"\/dashboard\/details-assets\/e1555e20-07b9-48f9-bc62-d3ecb7bac17f"},"geometry":{"type":"Point","coordinates":[-53.5005,-27.5443]}},{"type":"Feature","properties":{"municipio":"1e13a3b9-7619-495a-94b9-e065e09a6d2a","title":"RS - ERVAL GRANDE","name":"RS - ERVAL GRANDE","tipo":"Munic\u00edpio","url":"\/dashboard\/details-assets\/1e13a3b9-7619-495a-94b9-e065e09a6d2a"},"geometry":{"type":"Point","coordinates":[-52.574,-27.3926]}},{"type":"Feature","properties":{"municipio":"af1680c0-1753-4acc-b6dc-29f973669d3f","title":"RS - ERECHIM","name":"RS - ERECHIM","tipo":"Munic\u00edpio","url":"\/dashboard\/details-assets\/af1680c0-1753-4acc-b6dc-29f973669d3f"},"geometry":{"type":"Point","coordinates":[-52.2697,-27.6364]}},{"type":"Feature","properties":{"municipio":"046ce55f-c44c-4b72-8f37-4fec2a8cf623","title":"RS - ENCRUZILHADA DO SUL","name":"RS - ENCRUZILHADA DO SUL","tipo":"Munic\u00edpio","url":"\/dashboard\/details-assets\/046ce55f-c44c-4b72-8f37-4fec2a8cf623"},"geometry":{"type":"Point","coordinates":[-52.5204,-30.543]}},{"type":"Feature","properties":{"municipio":"6da9df01-08a2-4b00-b262-86dde25c13a5","title":"RS - ELDORADO DO SUL","name":"RS - ELDORADO DO SUL","tipo":"Munic\u00edpio","url":"\/dashboard\/details-assets\/6da9df01-08a2-4b00-b262-86dde25c13a5"},"geometry":{"type":"Point","coordinates":[-51.6187,-30.0847]}},{"type":"Feature","properties":{"municipio":"6368db98-b76a-4459-976c-a8532308bc96","title":"RS - ENCANTADO","name":"RS - ENCANTADO","tipo":"Munic\u00edpio","url":"\/dashboard\/details-assets\/6368db98-b76a-4459-976c-a8532308bc96"},"geometry":{"type":"Point","coordinates":[-51.8703,-29.2351]}},{"type":"Feature","properties":{"municipio":"da7521f8-18ab-4a1b-b17f-68d0d9d27e92","title":"RS - DOM PEDRITO","name":"RS - DOM PEDRITO","tipo":"Munic\u00edpio","url":"\/dashboard\/details-assets\/da7521f8-18ab-4a1b-b17f-68d0d9d27e92"},"geometry":{"type":"Point","coordinates":[-54.6694,-30.9756]}},{"type":"Feature","properties":{"municipio":"f5423801-7bc6-4e55-82ac-1ed646002906","title":"RS - DOIS IRMAOS","name":"RS - DOIS IRMAOS","tipo":"Munic\u00edpio","url":"\/dashboard\/details-assets\/f5423801-7bc6-4e55-82ac-1ed646002906"},"geometry":{"type":"Point","coordinates":[-51.0898,-29.5836]}},{"type":"Feature","properties":{"municipio":"52d3541a-4c59-4e26-9e82-68f9eb342416","title":"RS - CRUZ ALTA","name":"RS - CRUZ ALTA","tipo":"Munic\u00edpio","url":"\/dashboard\/details-assets\/52d3541a-4c59-4e26-9e82-68f9eb342416"},"geometry":{"type":"Point","coordinates":[-53.6048,-28.645]}},{"type":"Feature","properties":{"municipio":"10b443d3-eceb-4145-9d4e-1b517397f494","title":"RS - CRISTAL","name":"RS - CRISTAL","tipo":"Munic\u00edpio","url":"\/dashboard\/details-assets\/10b443d3-eceb-4145-9d4e-1b517397f494"},"geometry":{"type":"Point","coordinates":[-52.0436,-31.0046]}},{"type":"Feature","properties":{"municipio":"490be5ea-b37c-4678-be02-670f1c9f20e4","title":"RS - CRISSIUMAL","name":"RS - CRISSIUMAL","tipo":"Munic\u00edpio","url":"\/dashboard\/details-assets\/490be5ea-b37c-4678-be02-670f1c9f20e4"},"geometry":{"type":"Point","coordinates":[-54.0994,-27.4999]}},{"type":"Feature","properties":{"municipio":"3a400509-dbb6-4a26-bc40-2324a868640c","title":"RS - CORONEL BICACO","name":"RS - CORONEL BICACO","tipo":"Munic\u00edpio","url":"\/dashboard\/details-assets\/3a400509-dbb6-4a26-bc40-2324a868640c"},"geometry":{"type":"Point","coordinates":[-53.7022,-27.7197]}},{"type":"Feature","properties":{"municipio":"c63100d0-999c-420f-8278-0786d6666c07","title":"RS - CIDREIRA","name":"RS - CIDREIRA","tipo":"Munic\u00edpio","url":"\/dashboard\/details-assets\/c63100d0-999c-420f-8278-0786d6666c07"},"geometry":{"type":"Point","coordinates":[-50.2337,-30.1604]}},{"type":"Feature","properties":{"municipio":"6e88cf1a-c68e-44ee-9e13-782d2619ceee","title":"RS - CHARQUEADAS","name":"RS - CHARQUEADAS","tipo":"Munic\u00edpio","url":"\/dashboard\/details-assets\/6e88cf1a-c68e-44ee-9e13-782d2619ceee"},"geometry":{"type":"Point","coordinates":[-51.6289,-29.9625]}},{"type":"Feature","properties":{"municipio":"4e7263d0-3b27-49c1-a5d5-f2943e603cfd","title":"RS - CERRO LARGO","name":"RS - CERRO LARGO","tipo":"Munic\u00edpio","url":"\/dashboard\/details-assets\/4e7263d0-3b27-49c1-a5d5-f2943e603cfd"},"geometry":{"type":"Point","coordinates":[-54.7428,-28.1463]}},{"type":"Feature","properties":{"municipio":"da286535-fcc6-4da8-97e0-8e7377a8220c","title":"RS - CERRO GRANDE DO SUL","name":"RS - CERRO GRANDE DO SUL","tipo":"Munic\u00edpio","url":"\/dashboard\/details-assets\/da286535-fcc6-4da8-97e0-8e7377a8220c"},"geometry":{"type":"Point","coordinates":[-51.7418,-30.5905]}},{"type":"Feature","properties":{"municipio":"1995abd6-5e95-42c6-a9a8-7f24f852ab40","title":"RS - CAXIAS DO SUL","name":"RS - CAXIAS DO SUL","tipo":"Munic\u00edpio","url":"\/dashboard\/details-assets\/1995abd6-5e95-42c6-a9a8-7f24f852ab40"},"geometry":{"type":"Point","coordinates":[-51.1792,-29.1629]}},{"type":"Feature","properties":{"municipio":"bec7f216-86ee-4024-a069-cef984d3059e","title":"RS - CASCA","name":"RS - CASCA","tipo":"Munic\u00edpio","url":"\/dashboard\/details-assets\/bec7f216-86ee-4024-a069-cef984d3059e"},"geometry":{"type":"Point","coordinates":[-51.9815,-28.5605]}},{"type":"Feature","properties":{"municipio":"0e6f5e5a-7ef8-4165-93e9-eb492e41c626","title":"RS - CARLOS BARBOSA","name":"RS - CARLOS BARBOSA","tipo":"Munic\u00edpio","url":"\/dashboard\/details-assets\/0e6f5e5a-7ef8-4165-93e9-eb492e41c626"},"geometry":{"type":"Point","coordinates":[-51.5028,-29.2969]}},{"type":"Feature","properties":{"municipio":"45bd4539-793d-474d-9b7e-6d2d35367bfd","title":"RS - CARAZINHO","name":"RS - CARAZINHO","tipo":"Munic\u00edpio","url":"\/dashboard\/details-assets\/45bd4539-793d-474d-9b7e-6d2d35367bfd"},"geometry":{"type":"Point","coordinates":[-52.7933,-28.2958]}},{"type":"Feature","properties":{"municipio":"f733919f-9798-44bc-a395-ea8d8dd84483","title":"RS - CAPAO DO LEAO","name":"RS - CAPAO DO LEAO","tipo":"Munic\u00edpio","url":"\/dashboard\/details-assets\/f733919f-9798-44bc-a395-ea8d8dd84483"},"geometry":{"type":"Point","coordinates":[-52.4889,-31.7565]}},{"type":"Feature","properties":{"municipio":"b2da2975-6773-4e84-988f-b821bf9314ad","title":"RS - CAPAO DA CANOA","name":"RS - CAPAO DA CANOA","tipo":"Munic\u00edpio","url":"\/dashboard\/details-assets\/b2da2975-6773-4e84-988f-b821bf9314ad"},"geometry":{"type":"Point","coordinates":[-50.0282,-29.7642]}},{"type":"Feature","properties":{"municipio":"56268f5e-6c81-4ec8-830e-e5388101b364","title":"RS - CANGUCU","name":"RS - CANGUCU","tipo":"Munic\u00edpio","url":"\/dashboard\/details-assets\/56268f5e-6c81-4ec8-830e-e5388101b364"},"geometry":{"type":"Point","coordinates":[-52.6783,-31.396]}},{"type":"Feature","properties":{"municipio":"d2a509d2-dd5c-4054-8e7d-5f045ddc5cb1","title":"RS - CANOAS","name":"RS - CANOAS","tipo":"Munic\u00edpio","url":"\/dashboard\/details-assets\/d2a509d2-dd5c-4054-8e7d-5f045ddc5cb1"},"geometry":{"type":"Point","coordinates":[-51.1857,-29.9128]}},{"type":"Feature","properties":{"municipio":"dd9b1728-c442-4114-8586-a154ea821f7d","title":"RS - CANELA","name":"RS - CANELA","tipo":"Munic\u00edpio","url":"\/dashboard\/details-assets\/dd9b1728-c442-4114-8586-a154ea821f7d"},"geometry":{"type":"Point","coordinates":[-50.8119,-29.356]}},{"type":"Feature","properties":{"municipio":"86ed86b1-1383-4d8d-9014-7712b55ca47d","title":"RS - CAMPO BOM","name":"RS - CAMPO BOM","tipo":"Munic\u00edpio","url":"\/dashboard\/details-assets\/86ed86b1-1383-4d8d-9014-7712b55ca47d"},"geometry":{"type":"Point","coordinates":[-51.0606,-29.6747]}},{"type":"Feature","properties":{"municipio":"490b3b87-85fe-489e-95dd-b46ba091c3d0","title":"RS - CAMAQUA","name":"RS - CAMAQUA","tipo":"Munic\u00edpio","url":"\/dashboard\/details-assets\/490b3b87-85fe-489e-95dd-b46ba091c3d0"},"geometry":{"type":"Point","coordinates":[-51.8043,-30.8489]}},{"type":"Feature","properties":{"municipio":"79900082-6439-4040-85cd-79dcaae34186","title":"RS - CACHOEIRINHA","name":"RS - CACHOEIRINHA","tipo":"Munic\u00edpio","url":"\/dashboard\/details-assets\/79900082-6439-4040-85cd-79dcaae34186"},"geometry":{"type":"Point","coordinates":[-51.1016,-29.9472]}},{"type":"Feature","properties":{"municipio":"2c65c5e5-135a-4091-b6d9-55954b8c9636","title":"RS - CACAPAVA DO SUL","name":"RS - CACAPAVA DO SUL","tipo":"Munic\u00edpio","url":"\/dashboard\/details-assets\/2c65c5e5-135a-4091-b6d9-55954b8c9636"},"geometry":{"type":"Point","coordinates":[-53.4827,-30.5144]}},{"type":"Feature","properties":{"municipio":"7caf1e0e-1900-4405-91b8-391b8d56e754","title":"RS - CACHOEIRA DO SUL","name":"RS - CACHOEIRA DO SUL","tipo":"Munic\u00edpio","url":"\/dashboard\/details-assets\/7caf1e0e-1900-4405-91b8-391b8d56e754"},"geometry":{"type":"Point","coordinates":[-52.8928,-30.033]}},{"type":"Feature","properties":{"municipio":"a5a1e2fc-dcfb-4229-8f3b-0d554bc165db","title":"RS - BOM RETIRO DO SUL","name":"RS - BOM RETIRO DO SUL","tipo":"Munic\u00edpio","url":"\/dashboard\/details-assets\/a5a1e2fc-dcfb-4229-8f3b-0d554bc165db"},"geometry":{"type":"Point","coordinates":[-51.9456,-29.6071]}},{"type":"Feature","properties":{"municipio":"8b3ac6a6-281a-4fcb-b670-2835a788c931","title":"RS - BOA VISTA DO BURICA","name":"RS - BOA VISTA DO BURICA","tipo":"Munic\u00edpio","url":"\/dashboard\/details-assets\/8b3ac6a6-281a-4fcb-b670-2835a788c931"},"geometry":{"type":"Point","coordinates":[-54.1082,-27.6693]}},{"type":"Feature","properties":{"municipio":"d1442419-0135-4bdb-80e5-59f560808920","title":"RS - BENTO GONCALVES","name":"RS - BENTO GONCALVES","tipo":"Munic\u00edpio","url":"\/dashboard\/details-assets\/d1442419-0135-4bdb-80e5-59f560808920"},"geometry":{"type":"Point","coordinates":[-51.5165,-29.1662]}},{"type":"Feature","properties":{"municipio":"61d2c2ef-d4ef-468d-8d97-8fc643f3cf5f","title":"RS - BARRA DO RIBEIRO","name":"RS - BARRA DO RIBEIRO","tipo":"Munic\u00edpio","url":"\/dashboard\/details-assets\/61d2c2ef-d4ef-468d-8d97-8fc643f3cf5f"},"geometry":{"type":"Point","coordinates":[-51.3014,-30.2939]}},{"type":"Feature","properties":{"municipio":"a1a1302d-1a81-4af6-a6f3-2b39d08a4787","title":"RS - BAGE","name":"RS - BAGE","tipo":"Munic\u00edpio","url":"\/dashboard\/details-assets\/a1a1302d-1a81-4af6-a6f3-2b39d08a4787"},"geometry":{"type":"Point","coordinates":[-54.0999,-31.3297]}},{"type":"Feature","properties":{"municipio":"2f24e6c6-b2db-4259-b6d5-6fd4f1991a54","title":"RS - ARVOREZINHA","name":"RS - ARVOREZINHA","tipo":"Munic\u00edpio","url":"\/dashboard\/details-assets\/2f24e6c6-b2db-4259-b6d5-6fd4f1991a54"},"geometry":{"type":"Point","coordinates":[-52.1781,-28.8737]}},{"type":"Feature","properties":{"municipio":"6514202a-2b5b-4128-b162-e3abd34348b4","title":"RS - ARROIO DO TIGRE","name":"RS - ARROIO DO TIGRE","tipo":"Munic\u00edpio","url":"\/dashboard\/details-assets\/6514202a-2b5b-4128-b162-e3abd34348b4"},"geometry":{"type":"Point","coordinates":[-53.0966,-29.3348]}},{"type":"Feature","properties":{"municipio":"4ea73a9d-11aa-4626-9bf0-0af9ebe64d2d","title":"RS - ARROIO GRANDE","name":"RS - ARROIO GRANDE","tipo":"Munic\u00edpio","url":"\/dashboard\/details-assets\/4ea73a9d-11aa-4626-9bf0-0af9ebe64d2d"},"geometry":{"type":"Point","coordinates":[-53.0862,-32.2327]}},{"type":"Feature","properties":{"municipio":"424d54d9-0276-4a5e-9d28-763b9b9381ff","title":"RS - ARROIO DOS RATOS","name":"RS - ARROIO DOS RATOS","tipo":"Munic\u00edpio","url":"\/dashboard\/details-assets\/424d54d9-0276-4a5e-9d28-763b9b9381ff"},"geometry":{"type":"Point","coordinates":[-51.7275,-30.0875]}},{"type":"Feature","properties":{"municipio":"c0539f49-ca45-4054-a242-290eec93650e","title":"RS - ARROIO DO MEIO","name":"RS - ARROIO DO MEIO","tipo":"Munic\u00edpio","url":"\/dashboard\/details-assets\/c0539f49-ca45-4054-a242-290eec93650e"},"geometry":{"type":"Point","coordinates":[-51.9557,-29.4014]}},{"type":"Feature","properties":{"municipio":"dd5d39fb-c28f-4809-be07-d8fa3e88aed4","title":"RS - AMETISTA DO SUL","name":"RS - AMETISTA DO SUL","tipo":"Munic\u00edpio","url":"\/dashboard\/details-assets\/dd5d39fb-c28f-4809-be07-d8fa3e88aed4"},"geometry":{"type":"Point","coordinates":[-53.183,-27.3607]}},{"type":"Feature","properties":{"municipio":"4c178ea9-aa5d-4035-96e6-8ce81ce5ec88","title":"RS - ALVORADA","name":"RS - ALVORADA","tipo":"Munic\u00edpio","url":"\/dashboard\/details-assets\/4c178ea9-aa5d-4035-96e6-8ce81ce5ec88"},"geometry":{"type":"Point","coordinates":[-51.0809,-29.9914]}},{"type":"Feature","properties":{"municipio":"4f0f4da9-aeed-4570-a287-f88088d5e832","title":"RS - ALEGRETE","name":"RS - ALEGRETE","tipo":"Munic\u00edpio","url":"\/dashboard\/details-assets\/4f0f4da9-aeed-4570-a287-f88088d5e832"},"geometry":{"type":"Point","coordinates":[-55.7949,-29.7902]}},{"type":"Feature","properties":{"municipio":"5a727fc9-1a1e-412d-9d00-b3090527adf4","title":"RS - AGUDO","name":"RS - AGUDO","tipo":"Munic\u00edpio","url":"\/dashboard\/details-assets\/5a727fc9-1a1e-412d-9d00-b3090527adf4"},"geometry":{"type":"Point","coordinates":[-53.2515,-29.6447]}},{"type":"Feature","properties":{"municipio":"fea69fa7-39ca-45fe-9136-fddbdbbee588","title":"RR - SAO JOAO DA BALIZA","name":"RR - SAO JOAO DA BALIZA","tipo":"Munic\u00edpio","url":"\/dashboard\/details-assets\/fea69fa7-39ca-45fe-9136-fddbdbbee588"},"geometry":{"type":"Point","coordinates":[-59.9133,0.951659]}},{"type":"Feature","properties":{"municipio":"63b70043-1494-4951-a7b4-a73a50fdac26","title":"RR - RORAINOPOLIS","name":"RR - RORAINOPOLIS","tipo":"Munic\u00edpio","url":"\/dashboard\/details-assets\/63b70043-1494-4951-a7b4-a73a50fdac26"},"geometry":{"type":"Point","coordinates":[-60.4389,0.939956]}},{"type":"Feature","properties":{"municipio":"d4bddfae-1027-455d-a2fd-6b71d3fd6bf5","title":"RR - BOA VISTA","name":"RR - BOA VISTA","tipo":"Munic\u00edpio","url":"\/dashboard\/details-assets\/d4bddfae-1027-455d-a2fd-6b71d3fd6bf5"},"geometry":{"type":"Point","coordinates":[-60.6753,2.82384]}},{"type":"Feature","properties":{"municipio":"c591ce93-dd09-4594-be46-48c0d7d01634","title":"RO - MONTE NEGRO","name":"RO - MONTE NEGRO","tipo":"Munic\u00edpio","url":"\/dashboard\/details-assets\/c591ce93-dd09-4594-be46-48c0d7d01634"},"geometry":{"type":"Point","coordinates":[-63.29,-10.2458]}},{"type":"Feature","properties":{"municipio":"3b7e526d-f0ec-49c3-8d31-943a0103441c","title":"RO - MIRANTE DA SERRA","name":"RO - MIRANTE DA SERRA","tipo":"Munic\u00edpio","url":"\/dashboard\/details-assets\/3b7e526d-f0ec-49c3-8d31-943a0103441c"},"geometry":{"type":"Point","coordinates":[-62.6696,-11.029]}},{"type":"Feature","properties":{"municipio":"0a994e0c-6b8e-4d75-9372-607e27b1eb5d","title":"RO - ITAPUA DO OESTE","name":"RO - ITAPUA DO OESTE","tipo":"Munic\u00edpio","url":"\/dashboard\/details-assets\/0a994e0c-6b8e-4d75-9372-607e27b1eb5d"},"geometry":{"type":"Point","coordinates":[-63.1809,-9.19687]}},{"type":"Feature","properties":{"municipio":"c7ef6b5a-b54b-429a-9dd9-4a00bbf0d230","title":"RO - CHUPINGUAIA","name":"RO - CHUPINGUAIA","tipo":"Munic\u00edpio","url":"\/dashboard\/details-assets\/c7ef6b5a-b54b-429a-9dd9-4a00bbf0d230"},"geometry":{"type":"Point","coordinates":[-60.8877,-12.5611]}},{"type":"Feature","properties":{"municipio":"f7edde5b-d19a-4a38-8267-e4519970a0c4","title":"RO - BURITIS","name":"RO - BURITIS","tipo":"Munic\u00edpio","url":"\/dashboard\/details-assets\/f7edde5b-d19a-4a38-8267-e4519970a0c4"},"geometry":{"type":"Point","coordinates":[-63.8324,-10.1943]}},{"type":"Feature","properties":{"municipio":"6f30c6df-0fca-4a80-94f8-fa056a86823b","title":"RO - CANDEIAS DO JAMARI","name":"RO - CANDEIAS DO JAMARI","tipo":"Munic\u00edpio","url":"\/dashboard\/details-assets\/6f30c6df-0fca-4a80-94f8-fa056a86823b"},"geometry":{"type":"Point","coordinates":[-63.7005,-8.7907]}},{"type":"Feature","properties":{"municipio":"b971627c-aff5-4725-8b40-e3058ef0e1cd","title":"RO - ALTO ALEGRE DOS PARECIS","name":"RO - ALTO ALEGRE DOS PARECIS","tipo":"Munic\u00edpio","url":"\/dashboard\/details-assets\/b971627c-aff5-4725-8b40-e3058ef0e1cd"},"geometry":{"type":"Point","coordinates":[-61.835,-12.132]}},{"type":"Feature","properties":{"municipio":"22b065fd-7f94-45d5-a277-33432b9f3d9f","title":"RO - NOVA MAMORE","name":"RO - NOVA MAMORE","tipo":"Munic\u00edpio","url":"\/dashboard\/details-assets\/22b065fd-7f94-45d5-a277-33432b9f3d9f"},"geometry":{"type":"Point","coordinates":[-65.3346,-10.4077]}},{"type":"Feature","properties":{"municipio":"ee0ae9c8-4864-484b-a973-ddb9c279db2f","title":"RO - SAO MIGUEL DO GUAPORE","name":"RO - SAO MIGUEL DO GUAPORE","tipo":"Munic\u00edpio","url":"\/dashboard\/details-assets\/ee0ae9c8-4864-484b-a973-ddb9c279db2f"},"geometry":{"type":"Point","coordinates":[-62.7192,-11.6953]}},{"type":"Feature","properties":{"municipio":"6d7dfe3d-67bb-4c60-9f06-7b5029509f3b","title":"RO - VILHENA","name":"RO - VILHENA","tipo":"Munic\u00edpio","url":"\/dashboard\/details-assets\/6d7dfe3d-67bb-4c60-9f06-7b5029509f3b"},"geometry":{"type":"Point","coordinates":[-60.1488,-12.7502]}},{"type":"Feature","properties":{"municipio":"ede1b4b2-7f41-478d-9769-4305caab2061","title":"RO - ROLIM DE MOURA","name":"RO - ROLIM DE MOURA","tipo":"Munic\u00edpio","url":"\/dashboard\/details-assets\/ede1b4b2-7f41-478d-9769-4305caab2061"},"geometry":{"type":"Point","coordinates":[-61.7714,-11.7271]}},{"type":"Feature","properties":{"municipio":"39bd5ceb-8490-4dc2-b102-3b58151c2494","title":"RO - PORTO VELHO","name":"RO - PORTO VELHO","tipo":"Munic\u00edpio","url":"\/dashboard\/details-assets\/39bd5ceb-8490-4dc2-b102-3b58151c2494"},"geometry":{"type":"Point","coordinates":[-63.8999,-8.76077]}},{"type":"Feature","properties":{"municipio":"9845549d-dc4e-4b4c-a266-4aee2cc8a121","title":"RO - OURO PRETO DO OESTE","name":"RO - OURO PRETO DO OESTE","tipo":"Munic\u00edpio","url":"\/dashboard\/details-assets\/9845549d-dc4e-4b4c-a266-4aee2cc8a121"},"geometry":{"type":"Point","coordinates":[-62.2565,-10.7167]}},{"type":"Feature","properties":{"municipio":"7394e35f-60e5-46d0-a2ad-e081c0f1b2d0","title":"RO - PIMENTA BUENO","name":"RO - PIMENTA BUENO","tipo":"Munic\u00edpio","url":"\/dashboard\/details-assets\/7394e35f-60e5-46d0-a2ad-e081c0f1b2d0"},"geometry":{"type":"Point","coordinates":[-61.198,-11.672]}},{"type":"Feature","properties":{"municipio":"ca796e43-11a1-4892-bd22-154a77dfe452","title":"RO - NOVA BRASILANDIA DOESTE","name":"RO - NOVA BRASILANDIA DOESTE","tipo":"Munic\u00edpio","url":"\/dashboard\/details-assets\/ca796e43-11a1-4892-bd22-154a77dfe452"},"geometry":{"type":"Point","coordinates":[-62.3127,-11.7247]}},{"type":"Feature","properties":{"municipio":"fca59e7e-5759-48f9-b97b-47adc016be8d","title":"RO - MACHADINHO DOESTE","name":"RO - MACHADINHO DOESTE","tipo":"Munic\u00edpio","url":"\/dashboard\/details-assets\/fca59e7e-5759-48f9-b97b-47adc016be8d"},"geometry":{"type":"Point","coordinates":[-61.9818,-9.44363]}},{"type":"Feature","properties":{"municipio":"5d42115f-3291-4451-9849-bd03cd82a86d","title":"RO - JI-PARANA","name":"RO - JI-PARANA","tipo":"Munic\u00edpio","url":"\/dashboard\/details-assets\/5d42115f-3291-4451-9849-bd03cd82a86d"},"geometry":{"type":"Point","coordinates":[-61.9322,-10.8777]}},{"type":"Feature","properties":{"municipio":"c482f5ab-0682-47eb-aa6e-8c927d60547f","title":"RO - JARU","name":"RO - JARU","tipo":"Munic\u00edpio","url":"\/dashboard\/details-assets\/c482f5ab-0682-47eb-aa6e-8c927d60547f"},"geometry":{"type":"Point","coordinates":[-62.4788,-10.4318]}},{"type":"Feature","properties":{"municipio":"8ec0b556-bb9f-4a88-a86e-c65deff62a7c","title":"RO - GUAJARA-MIRIM","name":"RO - GUAJARA-MIRIM","tipo":"Munic\u00edpio","url":"\/dashboard\/details-assets\/8ec0b556-bb9f-4a88-a86e-c65deff62a7c"},"geometry":{"type":"Point","coordinates":[-65.3296,-10.7889]}},{"type":"Feature","properties":{"municipio":"924eccaf-3683-435f-9f95-70421c875a6b","title":"RO - ESPIGAO DOESTE","name":"RO - ESPIGAO DOESTE","tipo":"Munic\u00edpio","url":"\/dashboard\/details-assets\/924eccaf-3683-435f-9f95-70421c875a6b"},"geometry":{"type":"Point","coordinates":[-61.0252,-11.5266]}},{"type":"Feature","properties":{"municipio":"5a3b9726-a648-49b4-a59c-f92cb803f8d4","title":"RO - COLORADO DO OESTE","name":"RO - COLORADO DO OESTE","tipo":"Munic\u00edpio","url":"\/dashboard\/details-assets\/5a3b9726-a648-49b4-a59c-f92cb803f8d4"},"geometry":{"type":"Point","coordinates":[-60.5454,-13.1174]}},{"type":"Feature","properties":{"municipio":"1c558323-dd15-4308-a252-e01df7d55497","title":"RO - CEREJEIRAS","name":"RO - CEREJEIRAS","tipo":"Munic\u00edpio","url":"\/dashboard\/details-assets\/1c558323-dd15-4308-a252-e01df7d55497"},"geometry":{"type":"Point","coordinates":[-60.8168,-13.187]}},{"type":"Feature","properties":{"municipio":"d9daf4e5-9073-4ab3-a9f4-ee48cee011e6","title":"RO - CACOAL","name":"RO - CACOAL","tipo":"Munic\u00edpio","url":"\/dashboard\/details-assets\/d9daf4e5-9073-4ab3-a9f4-ee48cee011e6"},"geometry":{"type":"Point","coordinates":[-61.4562,-11.4343]}},{"type":"Feature","properties":{"municipio":"4b90c05f-a83b-4089-826f-5cb2d227ad87","title":"RO - ARIQUEMES","name":"RO - ARIQUEMES","tipo":"Munic\u00edpio","url":"\/dashboard\/details-assets\/4b90c05f-a83b-4089-826f-5cb2d227ad87"},"geometry":{"type":"Point","coordinates":[-63.0325,-9.90571]}},{"type":"Feature","properties":{"municipio":"513e0010-e1d2-429d-9c26-e788347d3ade","title":"RO - ALTA FLORESTA DOESTE","name":"RO - ALTA FLORESTA DOESTE","tipo":"Munic\u00edpio","url":"\/dashboard\/details-assets\/513e0010-e1d2-429d-9c26-e788347d3ade"},"geometry":{"type":"Point","coordinates":[-61.9953,-11.9283]}},{"type":"Feature","properties":{"municipio":"445fc397-39af-4616-8555-3aaaf05dec26","title":"RN - SAO VICENTE","name":"RN - SAO VICENTE","tipo":"Munic\u00edpio","url":"\/dashboard\/details-assets\/445fc397-39af-4616-8555-3aaaf05dec26"},"geometry":{"type":"Point","coordinates":[-36.6827,-6.21893]}},{"type":"Feature","properties":{"municipio":"30379d80-bafa-4f97-a5b0-498155175c00","title":"RN - SAO PAULO DO POTENGI","name":"RN - SAO PAULO DO POTENGI","tipo":"Munic\u00edpio","url":"\/dashboard\/details-assets\/30379d80-bafa-4f97-a5b0-498155175c00"},"geometry":{"type":"Point","coordinates":[-35.7642,-5.8994]}},{"type":"Feature","properties":{"municipio":"65e79599-e4de-4c41-a735-6d20bbfb711e","title":"RN - SAO MIGUEL","name":"RN - SAO MIGUEL","tipo":"Munic\u00edpio","url":"\/dashboard\/details-assets\/65e79599-e4de-4c41-a735-6d20bbfb711e"},"geometry":{"type":"Point","coordinates":[-38.4947,-6.20283]}},{"type":"Feature","properties":{"municipio":"587be15d-5358-450d-9581-aa63c5b918fb","title":"RN - SAO JOSE DE MIPIBU","name":"RN - SAO JOSE DE MIPIBU","tipo":"Munic\u00edpio","url":"\/dashboard\/details-assets\/587be15d-5358-450d-9581-aa63c5b918fb"},"geometry":{"type":"Point","coordinates":[-35.2417,-6.0773]}},{"type":"Feature","properties":{"municipio":"8bddad29-f159-4e2f-9977-7f3a8011c6fa","title":"RN - SAO GONCALO DO AMARANTE","name":"RN - SAO GONCALO DO AMARANTE","tipo":"Munic\u00edpio","url":"\/dashboard\/details-assets\/8bddad29-f159-4e2f-9977-7f3a8011c6fa"},"geometry":{"type":"Point","coordinates":[-35.3257,-5.79068]}},{"type":"Feature","properties":{"municipio":"7ed35914-7596-4b66-96cc-909a5d9adc54","title":"RN - SANTA CRUZ","name":"RN - SANTA CRUZ","tipo":"Munic\u00edpio","url":"\/dashboard\/details-assets\/7ed35914-7596-4b66-96cc-909a5d9adc54"},"geometry":{"type":"Point","coordinates":[-36.0193,-6.22475]}},{"type":"Feature","properties":{"municipio":"47cbb3c4-a504-4384-97d4-783b9ca9f3f0","title":"RN - PAU DOS FERROS","name":"RN - PAU DOS FERROS","tipo":"Munic\u00edpio","url":"\/dashboard\/details-assets\/47cbb3c4-a504-4384-97d4-783b9ca9f3f0"},"geometry":{"type":"Point","coordinates":[-38.2077,-6.10498]}},{"type":"Feature","properties":{"municipio":"b109eaba-36f7-4385-a364-c2406275d915","title":"RN - SANTA MARIA","name":"RN - SANTA MARIA","tipo":"Munic\u00edpio","url":"\/dashboard\/details-assets\/b109eaba-36f7-4385-a364-c2406275d915"},"geometry":{"type":"Point","coordinates":[-35.6914,-5.83802]}},{"type":"Feature","properties":{"municipio":"dad50143-47ee-4fec-8d8d-43d146d1286b","title":"RN - PATU","name":"RN - PATU","tipo":"Munic\u00edpio","url":"\/dashboard\/details-assets\/dad50143-47ee-4fec-8d8d-43d146d1286b"},"geometry":{"type":"Point","coordinates":[-37.6356,-6.10656]}},{"type":"Feature","properties":{"municipio":"b2c81d9d-9632-49ad-9cba-225bad4349ca","title":"RN - PARELHAS","name":"RN - PARELHAS","tipo":"Munic\u00edpio","url":"\/dashboard\/details-assets\/b2c81d9d-9632-49ad-9cba-225bad4349ca"},"geometry":{"type":"Point","coordinates":[-36.6566,-6.68491]}},{"type":"Feature","properties":{"municipio":"8df5c7d9-df2a-4a18-8ff6-5faa60973447","title":"RN - NOVA CRUZ","name":"RN - NOVA CRUZ","tipo":"Munic\u00edpio","url":"\/dashboard\/details-assets\/8df5c7d9-df2a-4a18-8ff6-5faa60973447"},"geometry":{"type":"Point","coordinates":[-35.4286,-6.47511]}},{"type":"Feature","properties":{"municipio":"175dd80d-c25e-4536-a6ee-b040f03d046b","title":"RN - NATAL","name":"RN - NATAL","tipo":"Munic\u00edpio","url":"\/dashboard\/details-assets\/175dd80d-c25e-4536-a6ee-b040f03d046b"},"geometry":{"type":"Point","coordinates":[-35.1986,-5.79357]}},{"type":"Feature","properties":{"municipio":"1237152d-8b64-4bcf-a5f1-c63a8731ea2a","title":"RN - MACAU","name":"RN - MACAU","tipo":"Munic\u00edpio","url":"\/dashboard\/details-assets\/1237152d-8b64-4bcf-a5f1-c63a8731ea2a"},"geometry":{"type":"Point","coordinates":[-36.6318,-5.10795]}},{"type":"Feature","properties":{"municipio":"883ab2f0-73f3-44f1-a574-6ab1abe7af91","title":"RN - MOSSORO","name":"RN - MOSSORO","tipo":"Munic\u00edpio","url":"\/dashboard\/details-assets\/883ab2f0-73f3-44f1-a574-6ab1abe7af91"},"geometry":{"type":"Point","coordinates":[-37.3474,-5.18374]}},{"type":"Feature","properties":{"municipio":"179f74ed-b22e-437d-ba45-34a75a24e64c","title":"RN - MACAIBA","name":"RN - MACAIBA","tipo":"Munic\u00edpio","url":"\/dashboard\/details-assets\/179f74ed-b22e-437d-ba45-34a75a24e64c"},"geometry":{"type":"Point","coordinates":[-35.3552,-5.85229]}},{"type":"Feature","properties":{"municipio":"614776d1-083b-45e5-9e08-f94b4dae152a","title":"RN - JOAO CAMARA","name":"RN - JOAO CAMARA","tipo":"Munic\u00edpio","url":"\/dashboard\/details-assets\/614776d1-083b-45e5-9e08-f94b4dae152a"},"geometry":{"type":"Point","coordinates":[-35.8122,-5.54094]}},{"type":"Feature","properties":{"municipio":"b389573a-1ccd-4b7f-8dd2-c31c4b94d2bd","title":"RN - GOIANINHA","name":"RN - GOIANINHA","tipo":"Munic\u00edpio","url":"\/dashboard\/details-assets\/b389573a-1ccd-4b7f-8dd2-c31c4b94d2bd"},"geometry":{"type":"Point","coordinates":[-35.1943,-6.26486]}},{"type":"Feature","properties":{"municipio":"b8454e8e-13c5-41ac-9b81-264f939df612","title":"RN - EXTREMOZ","name":"RN - EXTREMOZ","tipo":"Munic\u00edpio","url":"\/dashboard\/details-assets\/b8454e8e-13c5-41ac-9b81-264f939df612"},"geometry":{"type":"Point","coordinates":[-35.3048,-5.70143]}},{"type":"Feature","properties":{"municipio":"87d6fcf0-a83d-407b-a6f8-75d1504c02ba","title":"RN - PARNAMIRIM","name":"RN - PARNAMIRIM","tipo":"Munic\u00edpio","url":"\/dashboard\/details-assets\/87d6fcf0-a83d-407b-a6f8-75d1504c02ba"},"geometry":{"type":"Point","coordinates":[-35.271,-5.91116]}},{"type":"Feature","properties":{"municipio":"3bcca105-342d-4f83-b816-d46d4bca6e95","title":"RN - CURRAIS NOVOS","name":"RN - CURRAIS NOVOS","tipo":"Munic\u00edpio","url":"\/dashboard\/details-assets\/3bcca105-342d-4f83-b816-d46d4bca6e95"},"geometry":{"type":"Point","coordinates":[-36.5146,-6.25484]}},{"type":"Feature","properties":{"municipio":"6edef86a-5de5-4bed-8825-10c8ea5b4983","title":"RN - CEARA-MIRIM","name":"RN - CEARA-MIRIM","tipo":"Munic\u00edpio","url":"\/dashboard\/details-assets\/6edef86a-5de5-4bed-8825-10c8ea5b4983"},"geometry":{"type":"Point","coordinates":[-35.4247,-5.64323]}},{"type":"Feature","properties":{"municipio":"41f5e224-ea16-401e-b3bd-00d2bc964ab8","title":"RN - CAICO","name":"RN - CAICO","tipo":"Munic\u00edpio","url":"\/dashboard\/details-assets\/41f5e224-ea16-401e-b3bd-00d2bc964ab8"},"geometry":{"type":"Point","coordinates":[-37.1067,-6.45441]}},{"type":"Feature","properties":{"municipio":"b2e6a906-021f-419f-ae1a-1c2877d1292a","title":"RN - AUGUSTO SEVERO (CAMPO GRANDE)","name":"RN - AUGUSTO SEVERO (CAMPO GRANDE)","tipo":"Munic\u00edpio","url":"\/dashboard\/details-assets\/b2e6a906-021f-419f-ae1a-1c2877d1292a"},"geometry":{"type":"Point","coordinates":[-37.3135,-5.86206]}},{"type":"Feature","properties":{"municipio":"d0bc7021-5007-4ebb-8ec9-8184ed18709a","title":"RN - APODI","name":"RN - APODI","tipo":"Munic\u00edpio","url":"\/dashboard\/details-assets\/d0bc7021-5007-4ebb-8ec9-8184ed18709a"},"geometry":{"type":"Point","coordinates":[-37.7946,-5.65349]}},{"type":"Feature","properties":{"municipio":"733b5649-69c8-48e8-a049-59c417b9e3c8","title":"RN - ACU","name":"RN - ACU","tipo":"Munic\u00edpio","url":"\/dashboard\/details-assets\/733b5649-69c8-48e8-a049-59c417b9e3c8"},"geometry":{"type":"Point","coordinates":[-36.914,-5.58362]}},{"type":"Feature","properties":{"municipio":"d2d6b816-5ae2-4c04-9439-de2752a3fb9b","title":"RJ - VOLTA REDONDA","name":"RJ - VOLTA REDONDA","tipo":"Munic\u00edpio","url":"\/dashboard\/details-assets\/d2d6b816-5ae2-4c04-9439-de2752a3fb9b"},"geometry":{"type":"Point","coordinates":[-44.0996,-22.5202]}},{"type":"Feature","properties":{"municipio":"2c95ec71-322f-4f00-a2cb-57cbf975a77d","title":"RJ - VASSOURAS","name":"RJ - VASSOURAS","tipo":"Munic\u00edpio","url":"\/dashboard\/details-assets\/2c95ec71-322f-4f00-a2cb-57cbf975a77d"},"geometry":{"type":"Point","coordinates":[-43.6686,-22.4059]}},{"type":"Feature","properties":{"municipio":"7ee07621-5793-45a3-89af-4a9e5cd7ed8a","title":"RJ - VALENCA","name":"RJ - VALENCA","tipo":"Munic\u00edpio","url":"\/dashboard\/details-assets\/7ee07621-5793-45a3-89af-4a9e5cd7ed8a"},"geometry":{"type":"Point","coordinates":[-43.7129,-22.2445]}},{"type":"Feature","properties":{"municipio":"964a411f-37cd-48c2-a16d-ecf0680eafae","title":"RJ - TRES RIOS","name":"RJ - TRES RIOS","tipo":"Munic\u00edpio","url":"\/dashboard\/details-assets\/964a411f-37cd-48c2-a16d-ecf0680eafae"},"geometry":{"type":"Point","coordinates":[-43.2185,-22.1165]}},{"type":"Feature","properties":{"municipio":"522881fc-5829-4d4e-8a6a-6d1976253a8a","title":"RJ - TERESOPOLIS","name":"RJ - TERESOPOLIS","tipo":"Munic\u00edpio","url":"\/dashboard\/details-assets\/522881fc-5829-4d4e-8a6a-6d1976253a8a"},"geometry":{"type":"Point","coordinates":[-42.9752,-22.4165]}},{"type":"Feature","properties":{"municipio":"21fe2ebd-7d2e-44e8-a846-2edb76452af6","title":"RJ - TANGUA","name":"RJ - TANGUA","tipo":"Munic\u00edpio","url":"\/dashboard\/details-assets\/21fe2ebd-7d2e-44e8-a846-2edb76452af6"},"geometry":{"type":"Point","coordinates":[-42.7202,-22.7423]}},{"type":"Feature","properties":{"municipio":"141a74ad-73d2-4bc7-815f-3a92ca03035d","title":"RJ - SEROPEDICA","name":"RJ - SEROPEDICA","tipo":"Munic\u00edpio","url":"\/dashboard\/details-assets\/141a74ad-73d2-4bc7-815f-3a92ca03035d"},"geometry":{"type":"Point","coordinates":[-43.7155,-22.7526]}},{"type":"Feature","properties":{"municipio":"214f4421-df92-4c91-ab4c-e39109954be2","title":"RJ - SAQUAREMA","name":"RJ - SAQUAREMA","tipo":"Munic\u00edpio","url":"\/dashboard\/details-assets\/214f4421-df92-4c91-ab4c-e39109954be2"},"geometry":{"type":"Point","coordinates":[-42.5099,-22.9292]}},{"type":"Feature","properties":{"municipio":"b49617b1-a5fe-4c48-a404-93d8f84b6cd0","title":"RJ - SAPUCAIA","name":"RJ - SAPUCAIA","tipo":"Munic\u00edpio","url":"\/dashboard\/details-assets\/b49617b1-a5fe-4c48-a404-93d8f84b6cd0"},"geometry":{"type":"Point","coordinates":[-42.9142,-21.9949]}},{"type":"Feature","properties":{"municipio":"78dde520-6b08-467b-b166-f224c672532e","title":"RJ - SAO PEDRO DA ALDEIA","name":"RJ - SAO PEDRO DA ALDEIA","tipo":"Munic\u00edpio","url":"\/dashboard\/details-assets\/78dde520-6b08-467b-b166-f224c672532e"},"geometry":{"type":"Point","coordinates":[-42.1026,-22.8429]}},{"type":"Feature","properties":{"municipio":"8df7a378-fcad-463b-9ca9-fcc345366a26","title":"RJ - SAO JOAO DE MERITI","name":"RJ - SAO JOAO DE MERITI","tipo":"Munic\u00edpio","url":"\/dashboard\/details-assets\/8df7a378-fcad-463b-9ca9-fcc345366a26"},"geometry":{"type":"Point","coordinates":[-43.3729,-22.8058]}},{"type":"Feature","properties":{"municipio":"ab6ff84b-b99b-4cb6-b4e9-9533f8a00016","title":"RJ - SAO JOAO DA BARRA","name":"RJ - SAO JOAO DA BARRA","tipo":"Munic\u00edpio","url":"\/dashboard\/details-assets\/ab6ff84b-b99b-4cb6-b4e9-9533f8a00016"},"geometry":{"type":"Point","coordinates":[-41.0446,-21.638]}},{"type":"Feature","properties":{"municipio":"66a55117-4ec7-4a4b-89e5-1a4c2765680d","title":"RJ - SAO GONCALO","name":"RJ - SAO GONCALO","tipo":"Munic\u00edpio","url":"\/dashboard\/details-assets\/66a55117-4ec7-4a4b-89e5-1a4c2765680d"},"geometry":{"type":"Point","coordinates":[-43.0634,-22.8268]}},{"type":"Feature","properties":{"municipio":"8e854e24-0517-4467-a7e6-55aabc3293e1","title":"RJ - SAO FIDELIS","name":"RJ - SAO FIDELIS","tipo":"Munic\u00edpio","url":"\/dashboard\/details-assets\/8e854e24-0517-4467-a7e6-55aabc3293e1"},"geometry":{"type":"Point","coordinates":[-41.756,-21.6551]}},{"type":"Feature","properties":{"municipio":"e3bb4b40-c0c0-4cc7-aa20-69b1c91e7a46","title":"RJ - SAO FRANCISCO DE ITABAPOANA","name":"RJ - SAO FRANCISCO DE ITABAPOANA","tipo":"Munic\u00edpio","url":"\/dashboard\/details-assets\/e3bb4b40-c0c0-4cc7-aa20-69b1c91e7a46"},"geometry":{"type":"Point","coordinates":[-41.1091,-21.4702]}},{"type":"Feature","properties":{"municipio":"07b11a20-195f-45c6-9d85-89751a3175ae","title":"RJ - SANTO ANTONIO DE PADUA","name":"RJ - SANTO ANTONIO DE PADUA","tipo":"Munic\u00edpio","url":"\/dashboard\/details-assets\/07b11a20-195f-45c6-9d85-89751a3175ae"},"geometry":{"type":"Point","coordinates":[-42.1832,-21.541]}},{"type":"Feature","properties":{"municipio":"bb72aaed-470e-4597-836f-d2050cf3f531","title":"RJ - RIO DE JANEIRO","name":"RJ - RIO DE JANEIRO","tipo":"Munic\u00edpio","url":"\/dashboard\/details-assets\/bb72aaed-470e-4597-836f-d2050cf3f531"},"geometry":{"type":"Point","coordinates":[-43.2003,-22.9129]}},{"type":"Feature","properties":{"municipio":"b678b031-e79c-498c-b9b1-dbb60c237f62","title":"RJ - RIO DAS OSTRAS","name":"RJ - RIO DAS OSTRAS","tipo":"Munic\u00edpio","url":"\/dashboard\/details-assets\/b678b031-e79c-498c-b9b1-dbb60c237f62"},"geometry":{"type":"Point","coordinates":[-41.9475,-22.5174]}},{"type":"Feature","properties":{"municipio":"e17773db-740e-46dc-8d0d-411bae947004","title":"RJ - RIO CLARO","name":"RJ - RIO CLARO","tipo":"Munic\u00edpio","url":"\/dashboard\/details-assets\/e17773db-740e-46dc-8d0d-411bae947004"},"geometry":{"type":"Point","coordinates":[-44.1419,-22.72]}},{"type":"Feature","properties":{"municipio":"339c98c0-9ad4-4663-b99f-abc8ebd159f5","title":"RJ - RIO BONITO","name":"RJ - RIO BONITO","tipo":"Munic\u00edpio","url":"\/dashboard\/details-assets\/339c98c0-9ad4-4663-b99f-abc8ebd159f5"},"geometry":{"type":"Point","coordinates":[-42.6276,-22.7181]}},{"type":"Feature","properties":{"municipio":"5e0503eb-aa5c-4970-8e06-8b6010a9db81","title":"RJ - RESENDE","name":"RJ - RESENDE","tipo":"Munic\u00edpio","url":"\/dashboard\/details-assets\/5e0503eb-aa5c-4970-8e06-8b6010a9db81"},"geometry":{"type":"Point","coordinates":[-44.4509,-22.4705]}},{"type":"Feature","properties":{"municipio":"e78fc5cb-e7b7-4777-82f6-dd269f18331b","title":"RJ - QUEIMADOS","name":"RJ - QUEIMADOS","tipo":"Munic\u00edpio","url":"\/dashboard\/details-assets\/e78fc5cb-e7b7-4777-82f6-dd269f18331b"},"geometry":{"type":"Point","coordinates":[-43.5518,-22.7102]}},{"type":"Feature","properties":{"municipio":"0a72ee03-0510-4ec7-b873-bd85f32f6d6f","title":"RJ - QUISSAMA","name":"RJ - QUISSAMA","tipo":"Munic\u00edpio","url":"\/dashboard\/details-assets\/0a72ee03-0510-4ec7-b873-bd85f32f6d6f"},"geometry":{"type":"Point","coordinates":[-41.4693,-22.1031]}},{"type":"Feature","properties":{"municipio":"01914220-e21d-4a0e-8640-900f7f0f475a","title":"RJ - PORTO REAL","name":"RJ - PORTO REAL","tipo":"Munic\u00edpio","url":"\/dashboard\/details-assets\/01914220-e21d-4a0e-8640-900f7f0f475a"},"geometry":{"type":"Point","coordinates":[-44.2952,-22.4175]}},{"type":"Feature","properties":{"municipio":"fb3a8340-ca54-4461-9850-fe69903473c9","title":"RJ - PORCIUNCULA","name":"RJ - PORCIUNCULA","tipo":"Munic\u00edpio","url":"\/dashboard\/details-assets\/fb3a8340-ca54-4461-9850-fe69903473c9"},"geometry":{"type":"Point","coordinates":[-42.0465,-20.9632]}},{"type":"Feature","properties":{"municipio":"ee144f5b-ef7b-490b-9de7-d1bb883a7901","title":"RJ - PIRAI","name":"RJ - PIRAI","tipo":"Munic\u00edpio","url":"\/dashboard\/details-assets\/ee144f5b-ef7b-490b-9de7-d1bb883a7901"},"geometry":{"type":"Point","coordinates":[-43.9081,-22.6215]}},{"type":"Feature","properties":{"municipio":"8fc907ca-24bb-4b6e-80e3-8cf9fd164d4c","title":"RJ - PINHEIRAL","name":"RJ - PINHEIRAL","tipo":"Munic\u00edpio","url":"\/dashboard\/details-assets\/8fc907ca-24bb-4b6e-80e3-8cf9fd164d4c"},"geometry":{"type":"Point","coordinates":[-44.0022,-22.5172]}},{"type":"Feature","properties":{"municipio":"607b08d2-933e-45e9-b729-1a5bb6bc526b","title":"RJ - PETROPOLIS","name":"RJ - PETROPOLIS","tipo":"Munic\u00edpio","url":"\/dashboard\/details-assets\/607b08d2-933e-45e9-b729-1a5bb6bc526b"},"geometry":{"type":"Point","coordinates":[-43.1926,-22.52]}},{"type":"Feature","properties":{"municipio":"0a70326d-f725-48e7-adc6-558abf0a677e","title":"RJ - PATY DO ALFERES","name":"RJ - PATY DO ALFERES","tipo":"Munic\u00edpio","url":"\/dashboard\/details-assets\/0a70326d-f725-48e7-adc6-558abf0a677e"},"geometry":{"type":"Point","coordinates":[-43.4285,-22.4309]}},{"type":"Feature","properties":{"municipio":"bd7a43ff-3e21-4b08-8c0a-388c0e70ff49","title":"RJ - PARATY","name":"RJ - PARATY","tipo":"Munic\u00edpio","url":"\/dashboard\/details-assets\/bd7a43ff-3e21-4b08-8c0a-388c0e70ff49"},"geometry":{"type":"Point","coordinates":[-44.7175,-23.2221]}},{"type":"Feature","properties":{"municipio":"bcfdc826-f611-4ece-8911-ca7943be4264","title":"RJ - PARACAMBI","name":"RJ - PARACAMBI","tipo":"Munic\u00edpio","url":"\/dashboard\/details-assets\/bcfdc826-f611-4ece-8911-ca7943be4264"},"geometry":{"type":"Point","coordinates":[-43.7108,-22.6078]}},{"type":"Feature","properties":{"municipio":"0859f9fe-85d2-4e12-80fa-b86650e87e5d","title":"RJ - PARAIBA DO SUL","name":"RJ - PARAIBA DO SUL","tipo":"Munic\u00edpio","url":"\/dashboard\/details-assets\/0859f9fe-85d2-4e12-80fa-b86650e87e5d"},"geometry":{"type":"Point","coordinates":[-43.304,-22.1585]}},{"type":"Feature","properties":{"municipio":"2fd56ed2-e737-4ac1-963a-a64a114d8d45","title":"RJ - NOVA IGUACU","name":"RJ - NOVA IGUACU","tipo":"Munic\u00edpio","url":"\/dashboard\/details-assets\/2fd56ed2-e737-4ac1-963a-a64a114d8d45"},"geometry":{"type":"Point","coordinates":[-43.4603,-22.7556]}},{"type":"Feature","properties":{"municipio":"22ce54fd-f711-4d37-9a4a-e026816813a6","title":"RJ - NOVA FRIBURGO","name":"RJ - NOVA FRIBURGO","tipo":"Munic\u00edpio","url":"\/dashboard\/details-assets\/22ce54fd-f711-4d37-9a4a-e026816813a6"},"geometry":{"type":"Point","coordinates":[-42.5377,-22.2932]}},{"type":"Feature","properties":{"municipio":"2895371f-5fc4-49a6-8b76-cc83ff8daeed","title":"RJ - NITEROI","name":"RJ - NITEROI","tipo":"Munic\u00edpio","url":"\/dashboard\/details-assets\/2895371f-5fc4-49a6-8b76-cc83ff8daeed"},"geometry":{"type":"Point","coordinates":[-43.1034,-22.8832]}},{"type":"Feature","properties":{"municipio":"7b92df57-e577-4dce-b027-a755511fc502","title":"RJ - NILOPOLIS","name":"RJ - NILOPOLIS","tipo":"Munic\u00edpio","url":"\/dashboard\/details-assets\/7b92df57-e577-4dce-b027-a755511fc502"},"geometry":{"type":"Point","coordinates":[-43.4233,-22.8057]}},{"type":"Feature","properties":{"municipio":"25cf34ca-c969-4f78-9e62-d4f9e475b6eb","title":"RJ - NATIVIDADE","name":"RJ - NATIVIDADE","tipo":"Munic\u00edpio","url":"\/dashboard\/details-assets\/25cf34ca-c969-4f78-9e62-d4f9e475b6eb"},"geometry":{"type":"Point","coordinates":[-41.9697,-21.039]}},{"type":"Feature","properties":{"municipio":"a0dc91b2-97d2-49ec-bf32-dcca96db2e83","title":"RJ - MIRACEMA","name":"RJ - MIRACEMA","tipo":"Munic\u00edpio","url":"\/dashboard\/details-assets\/a0dc91b2-97d2-49ec-bf32-dcca96db2e83"},"geometry":{"type":"Point","coordinates":[-42.1938,-21.4148]}},{"type":"Feature","properties":{"municipio":"759db923-a8ae-424a-a042-94901640e6b4","title":"RJ - MIGUEL PEREIRA","name":"RJ - MIGUEL PEREIRA","tipo":"Munic\u00edpio","url":"\/dashboard\/details-assets\/759db923-a8ae-424a-a042-94901640e6b4"},"geometry":{"type":"Point","coordinates":[-43.4803,-22.4572]}},{"type":"Feature","properties":{"municipio":"22e20062-b39f-4c99-b191-bc7b1f3f5c3b","title":"RJ - MESQUITA","name":"RJ - MESQUITA","tipo":"Munic\u00edpio","url":"\/dashboard\/details-assets\/22e20062-b39f-4c99-b191-bc7b1f3f5c3b"},"geometry":{"type":"Point","coordinates":[-43.4601,-22.8028]}},{"type":"Feature","properties":{"municipio":"924c6db7-6b57-403b-b4fb-3a5bfba9cbbe","title":"RJ - MENDES","name":"RJ - MENDES","tipo":"Munic\u00edpio","url":"\/dashboard\/details-assets\/924c6db7-6b57-403b-b4fb-3a5bfba9cbbe"},"geometry":{"type":"Point","coordinates":[-43.7312,-22.5245]}},{"type":"Feature","properties":{"municipio":"9033649b-b98f-4f1f-9121-46ee34f988a6","title":"RJ - MARICA","name":"RJ - MARICA","tipo":"Munic\u00edpio","url":"\/dashboard\/details-assets\/9033649b-b98f-4f1f-9121-46ee34f988a6"},"geometry":{"type":"Point","coordinates":[-42.8246,-22.9354]}},{"type":"Feature","properties":{"municipio":"ec1ab1aa-9305-43c6-be41-9f755a41e6a8","title":"RJ - MANGARATIBA","name":"RJ - MANGARATIBA","tipo":"Munic\u00edpio","url":"\/dashboard\/details-assets\/ec1ab1aa-9305-43c6-be41-9f755a41e6a8"},"geometry":{"type":"Point","coordinates":[-44.0409,-22.9594]}},{"type":"Feature","properties":{"municipio":"9b8886ea-8503-420e-a0e6-c49056a79a65","title":"RJ - MAGE","name":"RJ - MAGE","tipo":"Munic\u00edpio","url":"\/dashboard\/details-assets\/9b8886ea-8503-420e-a0e6-c49056a79a65"},"geometry":{"type":"Point","coordinates":[-43.0315,-22.6632]}},{"type":"Feature","properties":{"municipio":"a6a91789-14f0-48f9-a248-cb1e20c4fb4d","title":"RJ - MACAE","name":"RJ - MACAE","tipo":"Munic\u00edpio","url":"\/dashboard\/details-assets\/a6a91789-14f0-48f9-a248-cb1e20c4fb4d"},"geometry":{"type":"Point","coordinates":[-41.7848,-22.3768]}},{"type":"Feature","properties":{"municipio":"f2fa5a7e-7dff-4bf4-97e2-e7ba33c57efe","title":"RJ - JAPERI","name":"RJ - JAPERI","tipo":"Munic\u00edpio","url":"\/dashboard\/details-assets\/f2fa5a7e-7dff-4bf4-97e2-e7ba33c57efe"},"geometry":{"type":"Point","coordinates":[-43.6602,-22.6435]}},{"type":"Feature","properties":{"municipio":"ed1c13cf-fc1e-48e7-9045-e1da66769ff2","title":"RJ - ITATIAIA","name":"RJ - ITATIAIA","tipo":"Munic\u00edpio","url":"\/dashboard\/details-assets\/ed1c13cf-fc1e-48e7-9045-e1da66769ff2"},"geometry":{"type":"Point","coordinates":[-44.5675,-22.4897]}},{"type":"Feature","properties":{"municipio":"70f3fce5-b249-444a-817f-8d5d2d013d28","title":"RJ - ITAPERUNA","name":"RJ - ITAPERUNA","tipo":"Munic\u00edpio","url":"\/dashboard\/details-assets\/70f3fce5-b249-444a-817f-8d5d2d013d28"},"geometry":{"type":"Point","coordinates":[-41.8799,-21.1997]}},{"type":"Feature","properties":{"municipio":"a17e4342-758b-465f-9f18-037fcf38f59b","title":"RJ - ITAOCARA","name":"RJ - ITAOCARA","tipo":"Munic\u00edpio","url":"\/dashboard\/details-assets\/a17e4342-758b-465f-9f18-037fcf38f59b"},"geometry":{"type":"Point","coordinates":[-42.0758,-21.6748]}},{"type":"Feature","properties":{"municipio":"2daade90-e8a9-4a74-b897-9d8eb6f77b13","title":"RJ - ITAGUAI","name":"RJ - ITAGUAI","tipo":"Munic\u00edpio","url":"\/dashboard\/details-assets\/2daade90-e8a9-4a74-b897-9d8eb6f77b13"},"geometry":{"type":"Point","coordinates":[-43.7798,-22.8636]}},{"type":"Feature","properties":{"municipio":"5d35aa89-feb4-4b6c-b351-89fc26c41111","title":"RJ - ITALVA","name":"RJ - ITALVA","tipo":"Munic\u00edpio","url":"\/dashboard\/details-assets\/5d35aa89-feb4-4b6c-b351-89fc26c41111"},"geometry":{"type":"Point","coordinates":[-41.7014,-21.4296]}},{"type":"Feature","properties":{"municipio":"f89a8c10-bec3-46d0-9d0e-0fe8c85de9a4","title":"RJ - ITABORAI","name":"RJ - ITABORAI","tipo":"Munic\u00edpio","url":"\/dashboard\/details-assets\/f89a8c10-bec3-46d0-9d0e-0fe8c85de9a4"},"geometry":{"type":"Point","coordinates":[-42.8639,-22.7565]}},{"type":"Feature","properties":{"municipio":"99606eb2-46ab-46bc-b7e0-a732f22d22e7","title":"RJ - IGUABA GRANDE","name":"RJ - IGUABA GRANDE","tipo":"Munic\u00edpio","url":"\/dashboard\/details-assets\/99606eb2-46ab-46bc-b7e0-a732f22d22e7"},"geometry":{"type":"Point","coordinates":[-42.2299,-22.8495]}},{"type":"Feature","properties":{"municipio":"095fa1b2-9fae-4baf-af11-2c42abd3773c","title":"RJ - GUAPIMIRIM","name":"RJ - GUAPIMIRIM","tipo":"Munic\u00edpio","url":"\/dashboard\/details-assets\/095fa1b2-9fae-4baf-af11-2c42abd3773c"},"geometry":{"type":"Point","coordinates":[-42.9895,-22.5347]}},{"type":"Feature","properties":{"municipio":"6ba3d924-7397-48b3-b873-0a1f1de81ab6","title":"RJ - ENGENHEIRO PAULO DE FRONTIN","name":"RJ - ENGENHEIRO PAULO DE FRONTIN","tipo":"Munic\u00edpio","url":"\/dashboard\/details-assets\/6ba3d924-7397-48b3-b873-0a1f1de81ab6"},"geometry":{"type":"Point","coordinates":[-43.6827,-22.5498]}},{"type":"Feature","properties":{"municipio":"504ee400-39d4-4ced-920d-210928708072","title":"RJ - DUQUE DE CAXIAS","name":"RJ - DUQUE DE CAXIAS","tipo":"Munic\u00edpio","url":"\/dashboard\/details-assets\/504ee400-39d4-4ced-920d-210928708072"},"geometry":{"type":"Point","coordinates":[-43.3049,-22.7858]}},{"type":"Feature","properties":{"municipio":"4ed95ac3-8983-40b0-80f8-0100b08d5b06","title":"RJ - CORDEIRO","name":"RJ - CORDEIRO","tipo":"Munic\u00edpio","url":"\/dashboard\/details-assets\/4ed95ac3-8983-40b0-80f8-0100b08d5b06"},"geometry":{"type":"Point","coordinates":[-42.3648,-22.0267]}},{"type":"Feature","properties":{"municipio":"073e96b1-b413-4e4e-89b4-dea61bca353e","title":"RJ - CONCEICAO DE MACABU","name":"RJ - CONCEICAO DE MACABU","tipo":"Munic\u00edpio","url":"\/dashboard\/details-assets\/073e96b1-b413-4e4e-89b4-dea61bca353e"},"geometry":{"type":"Point","coordinates":[-41.8719,-22.0834]}},{"type":"Feature","properties":{"municipio":"04255b0c-1fa9-44c9-b998-942c241219cf","title":"RJ - CASIMIRO DE ABREU","name":"RJ - CASIMIRO DE ABREU","tipo":"Munic\u00edpio","url":"\/dashboard\/details-assets\/04255b0c-1fa9-44c9-b998-942c241219cf"},"geometry":{"type":"Point","coordinates":[-42.2066,-22.4812]}},{"type":"Feature","properties":{"municipio":"9c2dcd94-2d36-45ef-a7b0-8a708a3fae25","title":"RJ - CARMO","name":"RJ - CARMO","tipo":"Munic\u00edpio","url":"\/dashboard\/details-assets\/9c2dcd94-2d36-45ef-a7b0-8a708a3fae25"},"geometry":{"type":"Point","coordinates":[-42.6046,-21.931]}},{"type":"Feature","properties":{"municipio":"b92c35c5-5ddd-45ff-9ddb-59b246b16261","title":"RJ - CANTAGALO","name":"RJ - CANTAGALO","tipo":"Munic\u00edpio","url":"\/dashboard\/details-assets\/b92c35c5-5ddd-45ff-9ddb-59b246b16261"},"geometry":{"type":"Point","coordinates":[-42.3664,-21.9797]}},{"type":"Feature","properties":{"municipio":"acd88c73-5a58-4b35-8a4e-27afa71b9e84","title":"RJ - CAMPOS DOS GOYTACAZES","name":"RJ - CAMPOS DOS GOYTACAZES","tipo":"Munic\u00edpio","url":"\/dashboard\/details-assets\/acd88c73-5a58-4b35-8a4e-27afa71b9e84"},"geometry":{"type":"Point","coordinates":[-41.3181,-21.7622]}},{"type":"Feature","properties":{"municipio":"51b7b21d-f63c-46d0-bcbc-9aba0ea47f48","title":"RJ - COMENDADOR LEVY GASPARIAN","name":"RJ - COMENDADOR LEVY GASPARIAN","tipo":"Munic\u00edpio","url":"\/dashboard\/details-assets\/51b7b21d-f63c-46d0-bcbc-9aba0ea47f48"},"geometry":{"type":"Point","coordinates":[-43.214,-22.0404]}},{"type":"Feature","properties":{"municipio":"aea57636-a55a-44e4-8b48-b23da8c130ba","title":"RJ - CABO FRIO","name":"RJ - CABO FRIO","tipo":"Munic\u00edpio","url":"\/dashboard\/details-assets\/aea57636-a55a-44e4-8b48-b23da8c130ba"},"geometry":{"type":"Point","coordinates":[-42.0286,-22.8894]}},{"type":"Feature","properties":{"municipio":"df32db90-a69a-4cd2-8430-5ad2b90f5d9c","title":"RJ - CACHOEIRAS DE MACACU","name":"RJ - CACHOEIRAS DE MACACU","tipo":"Munic\u00edpio","url":"\/dashboard\/details-assets\/df32db90-a69a-4cd2-8430-5ad2b90f5d9c"},"geometry":{"type":"Point","coordinates":[-42.6523,-22.4658]}},{"type":"Feature","properties":{"municipio":"93dc14da-7d63-465d-8311-c32d258fb3a3","title":"RJ - BOM JESUS DO ITABAPOANA","name":"RJ - BOM JESUS DO ITABAPOANA","tipo":"Munic\u00edpio","url":"\/dashboard\/details-assets\/93dc14da-7d63-465d-8311-c32d258fb3a3"},"geometry":{"type":"Point","coordinates":[-41.6822,-21.1449]}},{"type":"Feature","properties":{"municipio":"0edb1c4b-9741-4aaa-af42-2c37a448c179","title":"RJ - BOM JARDIM","name":"RJ - BOM JARDIM","tipo":"Munic\u00edpio","url":"\/dashboard\/details-assets\/0edb1c4b-9741-4aaa-af42-2c37a448c179"},"geometry":{"type":"Point","coordinates":[-42.4251,-22.1545]}},{"type":"Feature","properties":{"municipio":"3939d11f-b405-4704-b539-0b72355e8090","title":"RJ - BELFORD ROXO","name":"RJ - BELFORD ROXO","tipo":"Munic\u00edpio","url":"\/dashboard\/details-assets\/3939d11f-b405-4704-b539-0b72355e8090"},"geometry":{"type":"Point","coordinates":[-43.3992,-22.764]}},{"type":"Feature","properties":{"municipio":"09f7d0da-cad1-4483-82dc-9c21ad2354a2","title":"RJ - BARRA MANSA","name":"RJ - BARRA MANSA","tipo":"Munic\u00edpio","url":"\/dashboard\/details-assets\/09f7d0da-cad1-4483-82dc-9c21ad2354a2"},"geometry":{"type":"Point","coordinates":[-44.1752,-22.5481]}},{"type":"Feature","properties":{"municipio":"cc019dcd-5a03-481e-bd1a-5fc314d1b3c9","title":"RJ - BARRA DO PIRAI","name":"RJ - BARRA DO PIRAI","tipo":"Munic\u00edpio","url":"\/dashboard\/details-assets\/cc019dcd-5a03-481e-bd1a-5fc314d1b3c9"},"geometry":{"type":"Point","coordinates":[-43.8269,-22.4715]}},{"type":"Feature","properties":{"municipio":"683288a8-8199-4fdf-8e1d-b49676d7e64e","title":"RJ - ARRAIAL DO CABO","name":"RJ - ARRAIAL DO CABO","tipo":"Munic\u00edpio","url":"\/dashboard\/details-assets\/683288a8-8199-4fdf-8e1d-b49676d7e64e"},"geometry":{"type":"Point","coordinates":[-42.0267,-22.9774]}},{"type":"Feature","properties":{"municipio":"46e52fab-6cfc-475c-a3cb-3bbfb1555dcf","title":"RJ - ARMACAO DOS BUZIOS","name":"RJ - ARMACAO DOS BUZIOS","tipo":"Munic\u00edpio","url":"\/dashboard\/details-assets\/46e52fab-6cfc-475c-a3cb-3bbfb1555dcf"},"geometry":{"type":"Point","coordinates":[-41.8846,-22.7528]}},{"type":"Feature","properties":{"municipio":"d4d05481-7521-4bf6-9b01-0d62088b175b","title":"RJ - ARARUAMA","name":"RJ - ARARUAMA","tipo":"Munic\u00edpio","url":"\/dashboard\/details-assets\/d4d05481-7521-4bf6-9b01-0d62088b175b"},"geometry":{"type":"Point","coordinates":[-42.3326,-22.8697]}},{"type":"Feature","properties":{"municipio":"6ebba4cb-20b7-4124-aa3d-062e52675ae6","title":"RJ - ANGRA DOS REIS","name":"RJ - ANGRA DOS REIS","tipo":"Munic\u00edpio","url":"\/dashboard\/details-assets\/6ebba4cb-20b7-4124-aa3d-062e52675ae6"},"geometry":{"type":"Point","coordinates":[-44.3196,-23.0011]}},{"type":"Feature","properties":{"municipio":"f4afc492-59f3-4bbb-930a-d3b1d425d77b","title":"PR - WENCESLAU BRAZ","name":"PR - WENCESLAU BRAZ","tipo":"Munic\u00edpio","url":"\/dashboard\/details-assets\/f4afc492-59f3-4bbb-930a-d3b1d425d77b"},"geometry":{"type":"Point","coordinates":[-49.8032,-23.8742]}},{"type":"Feature","properties":{"municipio":"428c4c61-d6b1-435c-82f1-cd79c3d32daa","title":"PR - URAI","name":"PR - URAI","tipo":"Munic\u00edpio","url":"\/dashboard\/details-assets\/428c4c61-d6b1-435c-82f1-cd79c3d32daa"},"geometry":{"type":"Point","coordinates":[-50.7939,-23.2]}},{"type":"Feature","properties":{"municipio":"b2e1f259-6451-4741-91b6-440fd3e28bdc","title":"PR - UNIAO DA VITORIA","name":"PR - UNIAO DA VITORIA","tipo":"Munic\u00edpio","url":"\/dashboard\/details-assets\/b2e1f259-6451-4741-91b6-440fd3e28bdc"},"geometry":{"type":"Point","coordinates":[-51.0873,-26.2273]}},{"type":"Feature","properties":{"municipio":"e695e3c5-5d4d-4f08-8e66-5f3906de4f63","title":"PR - UMUARAMA","name":"PR - UMUARAMA","tipo":"Munic\u00edpio","url":"\/dashboard\/details-assets\/e695e3c5-5d4d-4f08-8e66-5f3906de4f63"},"geometry":{"type":"Point","coordinates":[-53.3201,-23.7656]}},{"type":"Feature","properties":{"municipio":"80a0a3f4-16f1-434c-a205-b3942da985f1","title":"PR - UBIRATA","name":"PR - UBIRATA","tipo":"Munic\u00edpio","url":"\/dashboard\/details-assets\/80a0a3f4-16f1-434c-a205-b3942da985f1"},"geometry":{"type":"Point","coordinates":[-52.9865,-24.5393]}},{"type":"Feature","properties":{"municipio":"de333899-6e56-41a2-a6d7-d1674b27840c","title":"PR - TURVO","name":"PR - TURVO","tipo":"Munic\u00edpio","url":"\/dashboard\/details-assets\/de333899-6e56-41a2-a6d7-d1674b27840c"},"geometry":{"type":"Point","coordinates":[-51.5282,-25.0437]}},{"type":"Feature","properties":{"municipio":"ef0dae92-91d2-44ef-aca0-f35ff0e4b78b","title":"PR - TOLEDO","name":"PR - TOLEDO","tipo":"Munic\u00edpio","url":"\/dashboard\/details-assets\/ef0dae92-91d2-44ef-aca0-f35ff0e4b78b"},"geometry":{"type":"Point","coordinates":[-53.7412,-24.7246]}},{"type":"Feature","properties":{"municipio":"d73b0bbb-fff9-4269-a308-7b73004eaa60","title":"PR - TIJUCAS DO SUL","name":"PR - TIJUCAS DO SUL","tipo":"Munic\u00edpio","url":"\/dashboard\/details-assets\/d73b0bbb-fff9-4269-a308-7b73004eaa60"},"geometry":{"type":"Point","coordinates":[-49.195,-25.9311]}},{"type":"Feature","properties":{"municipio":"2f43b4ec-8995-45d2-9c28-5554a7e79e7c","title":"PR - TIBAGI","name":"PR - TIBAGI","tipo":"Munic\u00edpio","url":"\/dashboard\/details-assets\/2f43b4ec-8995-45d2-9c28-5554a7e79e7c"},"geometry":{"type":"Point","coordinates":[-50.4176,-24.5153]}},{"type":"Feature","properties":{"municipio":"e04d232c-efed-45dc-81c5-40f36950f307","title":"PR - TERRA ROXA","name":"PR - TERRA ROXA","tipo":"Munic\u00edpio","url":"\/dashboard\/details-assets\/e04d232c-efed-45dc-81c5-40f36950f307"},"geometry":{"type":"Point","coordinates":[-54.0988,-24.1575]}},{"type":"Feature","properties":{"municipio":"28fd4d5f-2ae5-4562-9533-1f83fe7bdbe7","title":"PR - TERRA RICA","name":"PR - TERRA RICA","tipo":"Munic\u00edpio","url":"\/dashboard\/details-assets\/28fd4d5f-2ae5-4562-9533-1f83fe7bdbe7"},"geometry":{"type":"Point","coordinates":[-52.6188,-22.7111]}},{"type":"Feature","properties":{"municipio":"f6f9ee9c-67a3-4522-a539-8449a30d9073","title":"PR - TERRA BOA","name":"PR - TERRA BOA","tipo":"Munic\u00edpio","url":"\/dashboard\/details-assets\/f6f9ee9c-67a3-4522-a539-8449a30d9073"},"geometry":{"type":"Point","coordinates":[-52.447,-23.7683]}},{"type":"Feature","properties":{"municipio":"e8036262-beed-4192-8fc9-5b9d0603197a","title":"PR - TELEMACO BORBA","name":"PR - TELEMACO BORBA","tipo":"Munic\u00edpio","url":"\/dashboard\/details-assets\/e8036262-beed-4192-8fc9-5b9d0603197a"},"geometry":{"type":"Point","coordinates":[-50.6176,-24.3245]}},{"type":"Feature","properties":{"municipio":"370fd285-2ae7-4bb8-a839-6f762c3b84d5","title":"PR - SIQUEIRA CAMPOS","name":"PR - SIQUEIRA CAMPOS","tipo":"Munic\u00edpio","url":"\/dashboard\/details-assets\/370fd285-2ae7-4bb8-a839-6f762c3b84d5"},"geometry":{"type":"Point","coordinates":[-49.8304,-23.6875]}},{"type":"Feature","properties":{"municipio":"9a0cfa72-bc50-43c3-b7bc-c7c4201343da","title":"PR - SERTANOPOLIS","name":"PR - SERTANOPOLIS","tipo":"Munic\u00edpio","url":"\/dashboard\/details-assets\/9a0cfa72-bc50-43c3-b7bc-c7c4201343da"},"geometry":{"type":"Point","coordinates":[-51.0399,-23.0571]}},{"type":"Feature","properties":{"municipio":"49af15da-5f94-4482-b212-7f954c72f25c","title":"PR - SENGES","name":"PR - SENGES","tipo":"Munic\u00edpio","url":"\/dashboard\/details-assets\/49af15da-5f94-4482-b212-7f954c72f25c"},"geometry":{"type":"Point","coordinates":[-49.4616,-24.1129]}},{"type":"Feature","properties":{"municipio":"67ffd7b7-ec45-4e37-8232-72984a7586dd","title":"PR - SARANDI","name":"PR - SARANDI","tipo":"Munic\u00edpio","url":"\/dashboard\/details-assets\/67ffd7b7-ec45-4e37-8232-72984a7586dd"},"geometry":{"type":"Point","coordinates":[-51.876,-23.4441]}},{"type":"Feature","properties":{"municipio":"ee988c10-3b72-40e5-a5d6-542f5f46f58a","title":"PR - SAO PEDRO DO IVAI","name":"PR - SAO PEDRO DO IVAI","tipo":"Munic\u00edpio","url":"\/dashboard\/details-assets\/ee988c10-3b72-40e5-a5d6-542f5f46f58a"},"geometry":{"type":"Point","coordinates":[-51.8568,-23.8634]}},{"type":"Feature","properties":{"municipio":"823e7177-315d-4c1d-b20c-eb36ffbee10e","title":"PR - SAO MIGUEL DO IGUACU","name":"PR - SAO MIGUEL DO IGUACU","tipo":"Munic\u00edpio","url":"\/dashboard\/details-assets\/823e7177-315d-4c1d-b20c-eb36ffbee10e"},"geometry":{"type":"Point","coordinates":[-54.2405,-25.3492]}},{"type":"Feature","properties":{"municipio":"72033aca-bb78-4abd-83c7-3c236b5f1dd7","title":"PR - SAO MATEUS DO SUL","name":"PR - SAO MATEUS DO SUL","tipo":"Munic\u00edpio","url":"\/dashboard\/details-assets\/72033aca-bb78-4abd-83c7-3c236b5f1dd7"},"geometry":{"type":"Point","coordinates":[-50.384,-25.8677]}},{"type":"Feature","properties":{"municipio":"07e9b4f6-169c-46ca-bdaa-49d2e0d64353","title":"PR - SAO JOSE DOS PINHAIS","name":"PR - SAO JOSE DOS PINHAIS","tipo":"Munic\u00edpio","url":"\/dashboard\/details-assets\/07e9b4f6-169c-46ca-bdaa-49d2e0d64353"},"geometry":{"type":"Point","coordinates":[-49.2031,-25.5313]}},{"type":"Feature","properties":{"municipio":"ad145870-cf29-447b-b921-d66647b31d4c","title":"PR - SAO JORGE DOESTE","name":"PR - SAO JORGE DOESTE","tipo":"Munic\u00edpio","url":"\/dashboard\/details-assets\/ad145870-cf29-447b-b921-d66647b31d4c"},"geometry":{"type":"Point","coordinates":[-52.9204,-25.7085]}},{"type":"Feature","properties":{"municipio":"5731206e-5dde-480f-b334-7c6e57b6b7e9","title":"PR - SAO JOAO DO TRIUNFO","name":"PR - SAO JOAO DO TRIUNFO","tipo":"Munic\u00edpio","url":"\/dashboard\/details-assets\/5731206e-5dde-480f-b334-7c6e57b6b7e9"},"geometry":{"type":"Point","coordinates":[-50.2949,-25.683]}},{"type":"Feature","properties":{"municipio":"887b4376-e458-4c51-be23-ce836a275cf2","title":"PR - SAO JOAO","name":"PR - SAO JOAO","tipo":"Munic\u00edpio","url":"\/dashboard\/details-assets\/887b4376-e458-4c51-be23-ce836a275cf2"},"geometry":{"type":"Point","coordinates":[-52.7252,-25.8214]}},{"type":"Feature","properties":{"municipio":"4dd5a6ab-0d94-4d1c-9731-91ae67d93e27","title":"PR - SANTO INACIO","name":"PR - SANTO INACIO","tipo":"Munic\u00edpio","url":"\/dashboard\/details-assets\/4dd5a6ab-0d94-4d1c-9731-91ae67d93e27"},"geometry":{"type":"Point","coordinates":[-51.7969,-22.6957]}},{"type":"Feature","properties":{"municipio":"c4d47513-b18f-47b9-94d4-01e03a56eb8a","title":"PR - SANTO ANTONIO DO SUDOESTE","name":"PR - SANTO ANTONIO DO SUDOESTE","tipo":"Munic\u00edpio","url":"\/dashboard\/details-assets\/c4d47513-b18f-47b9-94d4-01e03a56eb8a"},"geometry":{"type":"Point","coordinates":[-53.7251,-26.0737]}},{"type":"Feature","properties":{"municipio":"732aafb6-9a91-443e-9104-bf2a52abdb39","title":"PR - SANTO ANTONIO DA PLATINA","name":"PR - SANTO ANTONIO DA PLATINA","tipo":"Munic\u00edpio","url":"\/dashboard\/details-assets\/732aafb6-9a91-443e-9104-bf2a52abdb39"},"geometry":{"type":"Point","coordinates":[-50.0815,-23.2959]}},{"type":"Feature","properties":{"municipio":"90c2a220-3727-4361-9e24-be161b72321d","title":"PR - SANTA TEREZINHA DE ITAIPU","name":"PR - SANTA TEREZINHA DE ITAIPU","tipo":"Munic\u00edpio","url":"\/dashboard\/details-assets\/90c2a220-3727-4361-9e24-be161b72321d"},"geometry":{"type":"Point","coordinates":[-54.402,-25.4391]}},{"type":"Feature","properties":{"municipio":"19e06924-5b54-4e99-be85-72bf39083abc","title":"PR - SANTA TEREZA DO OESTE","name":"PR - SANTA TEREZA DO OESTE","tipo":"Munic\u00edpio","url":"\/dashboard\/details-assets\/19e06924-5b54-4e99-be85-72bf39083abc"},"geometry":{"type":"Point","coordinates":[-53.6274,-25.0543]}},{"type":"Feature","properties":{"municipio":"c7112d2b-c1aa-49ae-aa30-bffc4d581b91","title":"PR - SANTA IZABEL DO OESTE","name":"PR - SANTA IZABEL DO OESTE","tipo":"Munic\u00edpio","url":"\/dashboard\/details-assets\/c7112d2b-c1aa-49ae-aa30-bffc4d581b91"},"geometry":{"type":"Point","coordinates":[-53.4801,-25.8217]}},{"type":"Feature","properties":{"municipio":"0d340a73-4717-435d-a185-d13bb3878604","title":"PR - SANTA HELENA","name":"PR - SANTA HELENA","tipo":"Munic\u00edpio","url":"\/dashboard\/details-assets\/0d340a73-4717-435d-a185-d13bb3878604"},"geometry":{"type":"Point","coordinates":[-54.336,-24.8585]}},{"type":"Feature","properties":{"municipio":"dfa5e9f3-f7d8-4fa7-9572-a2f882930117","title":"PR - ROSARIO DO IVAI","name":"PR - ROSARIO DO IVAI","tipo":"Munic\u00edpio","url":"\/dashboard\/details-assets\/dfa5e9f3-f7d8-4fa7-9572-a2f882930117"},"geometry":{"type":"Point","coordinates":[-51.272,-24.2682]}},{"type":"Feature","properties":{"municipio":"a8902d8f-a876-4aa2-adbd-b64e9438d6f3","title":"PR - SANTA FE","name":"PR - SANTA FE","tipo":"Munic\u00edpio","url":"\/dashboard\/details-assets\/a8902d8f-a876-4aa2-adbd-b64e9438d6f3"},"geometry":{"type":"Point","coordinates":[-51.808,-23.04]}},{"type":"Feature","properties":{"municipio":"ec78e38f-0195-4641-a3a5-c324feeaddc8","title":"PR - RONCADOR","name":"PR - RONCADOR","tipo":"Munic\u00edpio","url":"\/dashboard\/details-assets\/ec78e38f-0195-4641-a3a5-c324feeaddc8"},"geometry":{"type":"Point","coordinates":[-52.2716,-24.5958]}},{"type":"Feature","properties":{"municipio":"2a74fd40-6783-4c46-9471-730702f7caa8","title":"PR - ROLANDIA","name":"PR - ROLANDIA","tipo":"Munic\u00edpio","url":"\/dashboard\/details-assets\/2a74fd40-6783-4c46-9471-730702f7caa8"},"geometry":{"type":"Point","coordinates":[-51.3659,-23.3101]}},{"type":"Feature","properties":{"municipio":"98db72cb-d54e-4c69-83af-800072882761","title":"PR - RIO NEGRO","name":"PR - RIO NEGRO","tipo":"Munic\u00edpio","url":"\/dashboard\/details-assets\/98db72cb-d54e-4c69-83af-800072882761"},"geometry":{"type":"Point","coordinates":[-49.7982,-26.095]}},{"type":"Feature","properties":{"municipio":"efe77fd1-8b8f-468f-9476-75c8575508c2","title":"PR - RIO BRANCO DO SUL","name":"PR - RIO BRANCO DO SUL","tipo":"Munic\u00edpio","url":"\/dashboard\/details-assets\/efe77fd1-8b8f-468f-9476-75c8575508c2"},"geometry":{"type":"Point","coordinates":[-49.3115,-25.1892]}},{"type":"Feature","properties":{"municipio":"4bcc0084-fc2e-4b9c-ad76-d2fdf8af4c9b","title":"PR - RIO BRANCO DO IVAI","name":"PR - RIO BRANCO DO IVAI","tipo":"Munic\u00edpio","url":"\/dashboard\/details-assets\/4bcc0084-fc2e-4b9c-ad76-d2fdf8af4c9b"},"geometry":{"type":"Point","coordinates":[-51.3187,-24.3244]}},{"type":"Feature","properties":{"municipio":"3f717196-f811-49b4-8784-85c1979bbc35","title":"PR - RIO BOM","name":"PR - RIO BOM","tipo":"Munic\u00edpio","url":"\/dashboard\/details-assets\/3f717196-f811-49b4-8784-85c1979bbc35"},"geometry":{"type":"Point","coordinates":[-51.4122,-23.7606]}},{"type":"Feature","properties":{"municipio":"f1c16401-3189-4fc2-b98c-3a9dae61fbdd","title":"PR - RIBEIRAO CLARO","name":"PR - RIBEIRAO CLARO","tipo":"Munic\u00edpio","url":"\/dashboard\/details-assets\/f1c16401-3189-4fc2-b98c-3a9dae61fbdd"},"geometry":{"type":"Point","coordinates":[-49.7597,-23.1941]}},{"type":"Feature","properties":{"municipio":"6cee2f9b-eac2-4701-a02b-7abdf3b4bb42","title":"PR - RESERVA","name":"PR - RESERVA","tipo":"Munic\u00edpio","url":"\/dashboard\/details-assets\/6cee2f9b-eac2-4701-a02b-7abdf3b4bb42"},"geometry":{"type":"Point","coordinates":[-50.8466,-24.6492]}},{"type":"Feature","properties":{"municipio":"6a412acc-1f4c-4af7-92e3-0673838278c6","title":"PR - REALEZA","name":"PR - REALEZA","tipo":"Munic\u00edpio","url":"\/dashboard\/details-assets\/6a412acc-1f4c-4af7-92e3-0673838278c6"},"geometry":{"type":"Point","coordinates":[-53.526,-25.7711]}},{"type":"Feature","properties":{"municipio":"4a53991c-a20b-4364-a841-2a4f56d70e0e","title":"PR - QUITANDINHA","name":"PR - QUITANDINHA","tipo":"Munic\u00edpio","url":"\/dashboard\/details-assets\/4a53991c-a20b-4364-a841-2a4f56d70e0e"},"geometry":{"type":"Point","coordinates":[-49.4973,-25.8734]}},{"type":"Feature","properties":{"municipio":"0c9af203-4490-4046-80c5-2a11fb7a9da1","title":"PR - QUERENCIA DO NORTE","name":"PR - QUERENCIA DO NORTE","tipo":"Munic\u00edpio","url":"\/dashboard\/details-assets\/0c9af203-4490-4046-80c5-2a11fb7a9da1"},"geometry":{"type":"Point","coordinates":[-53.483,-23.0838]}},{"type":"Feature","properties":{"municipio":"866b935e-66b2-493a-a64f-db46108bf312","title":"PR - QUEDAS DO IGUACU","name":"PR - QUEDAS DO IGUACU","tipo":"Munic\u00edpio","url":"\/dashboard\/details-assets\/866b935e-66b2-493a-a64f-db46108bf312"},"geometry":{"type":"Point","coordinates":[-52.9102,-25.4492]}},{"type":"Feature","properties":{"municipio":"da139620-f187-42af-8cd8-0c27e059a253","title":"PR - QUATRO BARRAS","name":"PR - QUATRO BARRAS","tipo":"Munic\u00edpio","url":"\/dashboard\/details-assets\/da139620-f187-42af-8cd8-0c27e059a253"},"geometry":{"type":"Point","coordinates":[-49.0763,-25.3673]}},{"type":"Feature","properties":{"municipio":"5d864c28-a219-41f3-9d56-4fd2f2f4fb4f","title":"PR - PRUDENTOPOLIS","name":"PR - PRUDENTOPOLIS","tipo":"Munic\u00edpio","url":"\/dashboard\/details-assets\/5d864c28-a219-41f3-9d56-4fd2f2f4fb4f"},"geometry":{"type":"Point","coordinates":[-50.9754,-25.2111]}},{"type":"Feature","properties":{"municipio":"ce8d658f-4f7c-43ec-b159-49066d464c85","title":"PR - PORECATU","name":"PR - PORECATU","tipo":"Munic\u00edpio","url":"\/dashboard\/details-assets\/ce8d658f-4f7c-43ec-b159-49066d464c85"},"geometry":{"type":"Point","coordinates":[-51.3795,-22.7537]}},{"type":"Feature","properties":{"municipio":"15e250ea-f740-4c72-bf28-9906a2fbdf93","title":"PR - PONTAL DO PARANA","name":"PR - PONTAL DO PARANA","tipo":"Munic\u00edpio","url":"\/dashboard\/details-assets\/15e250ea-f740-4c72-bf28-9906a2fbdf93"},"geometry":{"type":"Point","coordinates":[-48.5111,-25.6735]}},{"type":"Feature","properties":{"municipio":"a3971f1f-a116-4c84-8441-7e4a7bcd29d1","title":"PR - PONTA GROSSA","name":"PR - PONTA GROSSA","tipo":"Munic\u00edpio","url":"\/dashboard\/details-assets\/a3971f1f-a116-4c84-8441-7e4a7bcd29d1"},"geometry":{"type":"Point","coordinates":[-50.1668,-25.0916]}},{"type":"Feature","properties":{"municipio":"e240a35e-a343-424e-b20a-a8fdac14732d","title":"PR - PITANGUEIRAS","name":"PR - PITANGUEIRAS","tipo":"Munic\u00edpio","url":"\/dashboard\/details-assets\/e240a35e-a343-424e-b20a-a8fdac14732d"},"geometry":{"type":"Point","coordinates":[-51.5873,-23.2281]}},{"type":"Feature","properties":{"municipio":"4c71c631-6920-4dc4-ab71-cfb992882bd5","title":"PR - PITANGA","name":"PR - PITANGA","tipo":"Munic\u00edpio","url":"\/dashboard\/details-assets\/4c71c631-6920-4dc4-ab71-cfb992882bd5"},"geometry":{"type":"Point","coordinates":[-51.7596,-24.7588]}},{"type":"Feature","properties":{"municipio":"06e6e9f2-411c-4c9f-ac66-879699ca257f","title":"PR - PIRAQUARA","name":"PR - PIRAQUARA","tipo":"Munic\u00edpio","url":"\/dashboard\/details-assets\/06e6e9f2-411c-4c9f-ac66-879699ca257f"},"geometry":{"type":"Point","coordinates":[-49.0624,-25.4422]}},{"type":"Feature","properties":{"municipio":"46fb854b-af78-4ca4-8b5f-80104004ee36","title":"PR - PIRAI DO SUL","name":"PR - PIRAI DO SUL","tipo":"Munic\u00edpio","url":"\/dashboard\/details-assets\/46fb854b-af78-4ca4-8b5f-80104004ee36"},"geometry":{"type":"Point","coordinates":[-49.9433,-24.5306]}},{"type":"Feature","properties":{"municipio":"bb2b8e63-575a-469f-911a-2c02951e580d","title":"PR - PINHAO","name":"PR - PINHAO","tipo":"Munic\u00edpio","url":"\/dashboard\/details-assets\/bb2b8e63-575a-469f-911a-2c02951e580d"},"geometry":{"type":"Point","coordinates":[-51.6536,-25.6944]}},{"type":"Feature","properties":{"municipio":"52db857a-8c64-49cc-8db6-942c4b143024","title":"PR - PINHALAO","name":"PR - PINHALAO","tipo":"Munic\u00edpio","url":"\/dashboard\/details-assets\/52db857a-8c64-49cc-8db6-942c4b143024"},"geometry":{"type":"Point","coordinates":[-50.0536,-23.7982]}},{"type":"Feature","properties":{"municipio":"8630ed66-3a27-4a03-84b0-4260b5f8d432","title":"PR - PINHAIS","name":"PR - PINHAIS","tipo":"Munic\u00edpio","url":"\/dashboard\/details-assets\/8630ed66-3a27-4a03-84b0-4260b5f8d432"},"geometry":{"type":"Point","coordinates":[-49.1927,-25.4429]}},{"type":"Feature","properties":{"municipio":"336be7ec-61b1-4527-8676-2198050d2edf","title":"PR - PIEN","name":"PR - PIEN","tipo":"Munic\u00edpio","url":"\/dashboard\/details-assets\/336be7ec-61b1-4527-8676-2198050d2edf"},"geometry":{"type":"Point","coordinates":[-49.4336,-26.0965]}},{"type":"Feature","properties":{"municipio":"42d1049d-4379-4ad2-a8e5-1f99a410a5bc","title":"PR - PATO BRANCO","name":"PR - PATO BRANCO","tipo":"Munic\u00edpio","url":"\/dashboard\/details-assets\/42d1049d-4379-4ad2-a8e5-1f99a410a5bc"},"geometry":{"type":"Point","coordinates":[-52.6706,-26.2292]}},{"type":"Feature","properties":{"municipio":"89e553c1-719f-42e3-ab7c-3f89c27f8bcb","title":"PR - PEROLA","name":"PR - PEROLA","tipo":"Munic\u00edpio","url":"\/dashboard\/details-assets\/89e553c1-719f-42e3-ab7c-3f89c27f8bcb"},"geometry":{"type":"Point","coordinates":[-53.6834,-23.8039]}},{"type":"Feature","properties":{"municipio":"5f8ade05-2734-45c8-b66b-2e5d983215a8","title":"PR - PARANAVAI","name":"PR - PARANAVAI","tipo":"Munic\u00edpio","url":"\/dashboard\/details-assets\/5f8ade05-2734-45c8-b66b-2e5d983215a8"},"geometry":{"type":"Point","coordinates":[-52.4617,-23.0816]}},{"type":"Feature","properties":{"municipio":"281c6067-0835-43aa-afa7-259a4f9df114","title":"PR - PARANAGUA","name":"PR - PARANAGUA","tipo":"Munic\u00edpio","url":"\/dashboard\/details-assets\/281c6067-0835-43aa-afa7-259a4f9df114"},"geometry":{"type":"Point","coordinates":[-48.5225,-25.5161]}},{"type":"Feature","properties":{"municipio":"10cf2cb4-aae2-4cd2-830c-12237d422ba7","title":"PR - PARANACITY","name":"PR - PARANACITY","tipo":"Munic\u00edpio","url":"\/dashboard\/details-assets\/10cf2cb4-aae2-4cd2-830c-12237d422ba7"},"geometry":{"type":"Point","coordinates":[-52.1549,-22.9297]}},{"type":"Feature","properties":{"municipio":"52fedfc9-9457-4b45-83e0-a31f3438cd6e","title":"PR - PALOTINA","name":"PR - PALOTINA","tipo":"Munic\u00edpio","url":"\/dashboard\/details-assets\/52fedfc9-9457-4b45-83e0-a31f3438cd6e"},"geometry":{"type":"Point","coordinates":[-53.8404,-24.2868]}},{"type":"Feature","properties":{"municipio":"f02d8bb5-e6eb-4401-8bca-b401357a8513","title":"PR - PARAISO DO NORTE","name":"PR - PARAISO DO NORTE","tipo":"Munic\u00edpio","url":"\/dashboard\/details-assets\/f02d8bb5-e6eb-4401-8bca-b401357a8513"},"geometry":{"type":"Point","coordinates":[-52.6054,-23.2824]}},{"type":"Feature","properties":{"municipio":"7a9ad4c5-2964-495a-8cf1-0d2b026a977f","title":"PR - PALMITAL","name":"PR - PALMITAL","tipo":"Munic\u00edpio","url":"\/dashboard\/details-assets\/7a9ad4c5-2964-495a-8cf1-0d2b026a977f"},"geometry":{"type":"Point","coordinates":[-52.2029,-24.8853]}},{"type":"Feature","properties":{"municipio":"c332288b-f33d-43bb-9b13-ea9e907043e3","title":"PR - PALMEIRA","name":"PR - PALMEIRA","tipo":"Munic\u00edpio","url":"\/dashboard\/details-assets\/c332288b-f33d-43bb-9b13-ea9e907043e3"},"geometry":{"type":"Point","coordinates":[-50.007,-25.4257]}},{"type":"Feature","properties":{"municipio":"d431f0b6-463a-405d-b358-5732efca019e","title":"PR - PALMAS","name":"PR - PALMAS","tipo":"Munic\u00edpio","url":"\/dashboard\/details-assets\/d431f0b6-463a-405d-b358-5732efca019e"},"geometry":{"type":"Point","coordinates":[-51.9888,-26.4839]}},{"type":"Feature","properties":{"municipio":"f68dd74e-3e4d-425e-8a4d-ea3daf334949","title":"PR - PAICANDU","name":"PR - PAICANDU","tipo":"Munic\u00edpio","url":"\/dashboard\/details-assets\/f68dd74e-3e4d-425e-8a4d-ea3daf334949"},"geometry":{"type":"Point","coordinates":[-52.046,-23.4555]}},{"type":"Feature","properties":{"municipio":"eae2176d-6391-4a55-96bb-7efb28fec77f","title":"PR - ORTIGUEIRA","name":"PR - ORTIGUEIRA","tipo":"Munic\u00edpio","url":"\/dashboard\/details-assets\/eae2176d-6391-4a55-96bb-7efb28fec77f"},"geometry":{"type":"Point","coordinates":[-50.9185,-24.2058]}},{"type":"Feature","properties":{"municipio":"44fcf916-448b-4b8b-8368-d5b9c3c38cf9","title":"PR - NOVA SANTA ROSA","name":"PR - NOVA SANTA ROSA","tipo":"Munic\u00edpio","url":"\/dashboard\/details-assets\/44fcf916-448b-4b8b-8368-d5b9c3c38cf9"},"geometry":{"type":"Point","coordinates":[-53.9552,-24.4693]}},{"type":"Feature","properties":{"municipio":"54a1dc8d-4c05-482a-893e-63d8b45ae1a0","title":"PR - NOVA LONDRINA","name":"PR - NOVA LONDRINA","tipo":"Munic\u00edpio","url":"\/dashboard\/details-assets\/54a1dc8d-4c05-482a-893e-63d8b45ae1a0"},"geometry":{"type":"Point","coordinates":[-52.9868,-22.7639]}},{"type":"Feature","properties":{"municipio":"2312607b-44ed-4220-ba58-e2807e353c9c","title":"PR - NOVA ESPERANCA","name":"PR - NOVA ESPERANCA","tipo":"Munic\u00edpio","url":"\/dashboard\/details-assets\/2312607b-44ed-4220-ba58-e2807e353c9c"},"geometry":{"type":"Point","coordinates":[-52.2031,-23.182]}},{"type":"Feature","properties":{"municipio":"0818d8ff-d77a-446a-8c0d-9ae3bd57d536","title":"PR - MORRETES","name":"PR - MORRETES","tipo":"Munic\u00edpio","url":"\/dashboard\/details-assets\/0818d8ff-d77a-446a-8c0d-9ae3bd57d536"},"geometry":{"type":"Point","coordinates":[-48.8345,-25.4744]}},{"type":"Feature","properties":{"municipio":"da189040-3bdf-441d-9e29-ec5c57f1c5f5","title":"PR - NOVA AURORA","name":"PR - NOVA AURORA","tipo":"Munic\u00edpio","url":"\/dashboard\/details-assets\/da189040-3bdf-441d-9e29-ec5c57f1c5f5"},"geometry":{"type":"Point","coordinates":[-53.2575,-24.5289]}},{"type":"Feature","properties":{"municipio":"74a1f93a-9dff-4aa3-b7a5-497629f34de1","title":"PR - MISSAL","name":"PR - MISSAL","tipo":"Munic\u00edpio","url":"\/dashboard\/details-assets\/74a1f93a-9dff-4aa3-b7a5-497629f34de1"},"geometry":{"type":"Point","coordinates":[-54.2477,-25.0919]}},{"type":"Feature","properties":{"municipio":"182cd339-367a-4fc3-90c4-acab999a94f4","title":"PR - MEDIANEIRA","name":"PR - MEDIANEIRA","tipo":"Munic\u00edpio","url":"\/dashboard\/details-assets\/182cd339-367a-4fc3-90c4-acab999a94f4"},"geometry":{"type":"Point","coordinates":[-54.0943,-25.2977]}},{"type":"Feature","properties":{"municipio":"cc3fa0d1-6838-4712-aef0-d3d9b5534ddc","title":"PR - MATINHOS","name":"PR - MATINHOS","tipo":"Munic\u00edpio","url":"\/dashboard\/details-assets\/cc3fa0d1-6838-4712-aef0-d3d9b5534ddc"},"geometry":{"type":"Point","coordinates":[-48.549,-25.8237]}},{"type":"Feature","properties":{"municipio":"43669f30-d279-47a7-a25d-90ac3e511ebc","title":"PR - MARINGA","name":"PR - MARINGA","tipo":"Munic\u00edpio","url":"\/dashboard\/details-assets\/43669f30-d279-47a7-a25d-90ac3e511ebc"},"geometry":{"type":"Point","coordinates":[-51.9333,-23.4205]}},{"type":"Feature","properties":{"municipio":"71805e31-ff27-428c-ad44-a07e9a4ed7a2","title":"PR - MATELANDIA","name":"PR - MATELANDIA","tipo":"Munic\u00edpio","url":"\/dashboard\/details-assets\/71805e31-ff27-428c-ad44-a07e9a4ed7a2"},"geometry":{"type":"Point","coordinates":[-53.9935,-25.2496]}},{"type":"Feature","properties":{"municipio":"ffa1a332-6b5b-4579-b253-1719784aeefc","title":"PR - MARILUZ","name":"PR - MARILUZ","tipo":"Munic\u00edpio","url":"\/dashboard\/details-assets\/ffa1a332-6b5b-4579-b253-1719784aeefc"},"geometry":{"type":"Point","coordinates":[-53.1432,-24.0089]}},{"type":"Feature","properties":{"municipio":"e89ba7ab-60f5-4059-b2f0-724c60e0798c","title":"PR - MARILANDIA DO SUL","name":"PR - MARILANDIA DO SUL","tipo":"Munic\u00edpio","url":"\/dashboard\/details-assets\/e89ba7ab-60f5-4059-b2f0-724c60e0798c"},"geometry":{"type":"Point","coordinates":[-51.3137,-23.7425]}},{"type":"Feature","properties":{"municipio":"90be86b1-6a65-4cd3-8893-a9ac656963b6","title":"PR - MARIALVA","name":"PR - MARIALVA","tipo":"Munic\u00edpio","url":"\/dashboard\/details-assets\/90be86b1-6a65-4cd3-8893-a9ac656963b6"},"geometry":{"type":"Point","coordinates":[-51.7928,-23.4843]}},{"type":"Feature","properties":{"municipio":"ab130ad3-67e2-4630-8341-249f11ded9e7","title":"PR - MARECHAL CANDIDO RONDON","name":"PR - MARECHAL CANDIDO RONDON","tipo":"Munic\u00edpio","url":"\/dashboard\/details-assets\/ab130ad3-67e2-4630-8341-249f11ded9e7"},"geometry":{"type":"Point","coordinates":[-54.0571,-24.557]}},{"type":"Feature","properties":{"municipio":"f04da1de-72b4-4a4b-80a5-0f3799da7f2c","title":"PR - MANOEL RIBAS","name":"PR - MANOEL RIBAS","tipo":"Munic\u00edpio","url":"\/dashboard\/details-assets\/f04da1de-72b4-4a4b-80a5-0f3799da7f2c"},"geometry":{"type":"Point","coordinates":[-51.6658,-24.5144]}},{"type":"Feature","properties":{"municipio":"f6192a2a-9c29-4450-a3b6-c13ac432a8d4","title":"PR - MANGUEIRINHA","name":"PR - MANGUEIRINHA","tipo":"Munic\u00edpio","url":"\/dashboard\/details-assets\/f6192a2a-9c29-4450-a3b6-c13ac432a8d4"},"geometry":{"type":"Point","coordinates":[-52.1743,-25.9421]}},{"type":"Feature","properties":{"municipio":"5b30cd08-9301-47f2-959d-999f4c3646a8","title":"PR - MANDIRITUBA","name":"PR - MANDIRITUBA","tipo":"Munic\u00edpio","url":"\/dashboard\/details-assets\/5b30cd08-9301-47f2-959d-999f4c3646a8"},"geometry":{"type":"Point","coordinates":[-49.3282,-25.777]}},{"type":"Feature","properties":{"municipio":"60484346-505a-4384-94e5-7e10047d5a91","title":"PR - MANDAGUARI","name":"PR - MANDAGUARI","tipo":"Munic\u00edpio","url":"\/dashboard\/details-assets\/60484346-505a-4384-94e5-7e10047d5a91"},"geometry":{"type":"Point","coordinates":[-51.671,-23.5446]}},{"type":"Feature","properties":{"municipio":"0d1c3542-2190-4465-b077-d107836901a9","title":"PR - MANDAGUACU","name":"PR - MANDAGUACU","tipo":"Munic\u00edpio","url":"\/dashboard\/details-assets\/0d1c3542-2190-4465-b077-d107836901a9"},"geometry":{"type":"Point","coordinates":[-52.0944,-23.3458]}},{"type":"Feature","properties":{"municipio":"7f28e533-5d63-41bf-85f4-06c67c73ec1d","title":"PR - MAMBORE","name":"PR - MAMBORE","tipo":"Munic\u00edpio","url":"\/dashboard\/details-assets\/7f28e533-5d63-41bf-85f4-06c67c73ec1d"},"geometry":{"type":"Point","coordinates":[-52.5271,-24.317]}},{"type":"Feature","properties":{"municipio":"87f3df43-73e0-4baf-bc87-7033f1ffe583","title":"PR - MALLET","name":"PR - MALLET","tipo":"Munic\u00edpio","url":"\/dashboard\/details-assets\/87f3df43-73e0-4baf-bc87-7033f1ffe583"},"geometry":{"type":"Point","coordinates":[-50.8173,-25.8806]}},{"type":"Feature","properties":{"municipio":"20ae3cb8-be39-4160-bd7d-50487505e608","title":"PR - LOANDA","name":"PR - LOANDA","tipo":"Munic\u00edpio","url":"\/dashboard\/details-assets\/20ae3cb8-be39-4160-bd7d-50487505e608"},"geometry":{"type":"Point","coordinates":[-53.1362,-22.9232]}},{"type":"Feature","properties":{"municipio":"ff0ca9a4-a39b-4256-8f6b-8a218fbf8104","title":"PR - LONDRINA","name":"PR - LONDRINA","tipo":"Munic\u00edpio","url":"\/dashboard\/details-assets\/ff0ca9a4-a39b-4256-8f6b-8a218fbf8104"},"geometry":{"type":"Point","coordinates":[-51.1691,-23.304]}},{"type":"Feature","properties":{"municipio":"d9b77ded-827f-461b-a09e-a4556f424cde","title":"PR - LARANJEIRAS DO SUL","name":"PR - LARANJEIRAS DO SUL","tipo":"Munic\u00edpio","url":"\/dashboard\/details-assets\/d9b77ded-827f-461b-a09e-a4556f424cde"},"geometry":{"type":"Point","coordinates":[-52.4109,-25.4077]}},{"type":"Feature","properties":{"municipio":"15b28811-4e28-4c1b-bc2e-32bb00af824e","title":"PR - LAPA","name":"PR - LAPA","tipo":"Munic\u00edpio","url":"\/dashboard\/details-assets\/15b28811-4e28-4c1b-bc2e-32bb00af824e"},"geometry":{"type":"Point","coordinates":[-49.7168,-25.7671]}},{"type":"Feature","properties":{"municipio":"d0c31ff3-41df-48e3-8e36-4901f493e56e","title":"PR - JARDIM ALEGRE","name":"PR - JARDIM ALEGRE","tipo":"Munic\u00edpio","url":"\/dashboard\/details-assets\/d0c31ff3-41df-48e3-8e36-4901f493e56e"},"geometry":{"type":"Point","coordinates":[-51.6902,-24.1809]}},{"type":"Feature","properties":{"municipio":"ea5b9142-4cc9-430f-bbb8-be02774447db","title":"PR - JAPURA","name":"PR - JAPURA","tipo":"Munic\u00edpio","url":"\/dashboard\/details-assets\/ea5b9142-4cc9-430f-bbb8-be02774447db"},"geometry":{"type":"Point","coordinates":[-52.5557,-23.4693]}},{"type":"Feature","properties":{"municipio":"5d22646b-6fee-41fc-a2dd-6d2541a83751","title":"PR - JANDAIA DO SUL","name":"PR - JANDAIA DO SUL","tipo":"Munic\u00edpio","url":"\/dashboard\/details-assets\/5d22646b-6fee-41fc-a2dd-6d2541a83751"},"geometry":{"type":"Point","coordinates":[-51.6448,-23.6011]}},{"type":"Feature","properties":{"municipio":"aaa072d8-05c3-489f-b1f9-adf540e96e3a","title":"PR - JAGUARIAIVA","name":"PR - JAGUARIAIVA","tipo":"Munic\u00edpio","url":"\/dashboard\/details-assets\/aaa072d8-05c3-489f-b1f9-adf540e96e3a"},"geometry":{"type":"Point","coordinates":[-49.7066,-24.2439]}},{"type":"Feature","properties":{"municipio":"b7932471-1db4-40ef-b416-a16d72839789","title":"PR - JACAREZINHO","name":"PR - JACAREZINHO","tipo":"Munic\u00edpio","url":"\/dashboard\/details-assets\/b7932471-1db4-40ef-b416-a16d72839789"},"geometry":{"type":"Point","coordinates":[-49.9739,-23.1591]}},{"type":"Feature","properties":{"municipio":"7283598f-7be2-4fda-8cf7-439879036e5c","title":"PR - JAGUAPITA","name":"PR - JAGUAPITA","tipo":"Munic\u00edpio","url":"\/dashboard\/details-assets\/7283598f-7be2-4fda-8cf7-439879036e5c"},"geometry":{"type":"Point","coordinates":[-51.5342,-23.1104]}},{"type":"Feature","properties":{"municipio":"2fea059b-dd90-49b4-9d4e-2e14aed1bd60","title":"PR - IVATUBA","name":"PR - IVATUBA","tipo":"Munic\u00edpio","url":"\/dashboard\/details-assets\/2fea059b-dd90-49b4-9d4e-2e14aed1bd60"},"geometry":{"type":"Point","coordinates":[-52.2203,-23.6187]}},{"type":"Feature","properties":{"municipio":"ab0275fd-fee7-4c03-b165-96a465cdaa57","title":"PR - IVATE","name":"PR - IVATE","tipo":"Munic\u00edpio","url":"\/dashboard\/details-assets\/ab0275fd-fee7-4c03-b165-96a465cdaa57"},"geometry":{"type":"Point","coordinates":[-53.3687,-23.4072]}},{"type":"Feature","properties":{"municipio":"a8dbbbb9-0ff2-472f-97e5-cacbc1ff01e2","title":"PR - ITAPERUCU","name":"PR - ITAPERUCU","tipo":"Munic\u00edpio","url":"\/dashboard\/details-assets\/a8dbbbb9-0ff2-472f-97e5-cacbc1ff01e2"},"geometry":{"type":"Point","coordinates":[-49.3454,-25.2193]}},{"type":"Feature","properties":{"municipio":"93786de4-f8d6-4ac9-8d93-79a4cdedcf69","title":"PR - IVAIPORA","name":"PR - IVAIPORA","tipo":"Munic\u00edpio","url":"\/dashboard\/details-assets\/93786de4-f8d6-4ac9-8d93-79a4cdedcf69"},"geometry":{"type":"Point","coordinates":[-51.6754,-24.2485]}},{"type":"Feature","properties":{"municipio":"05f4796a-8c05-4e73-a661-6b501f3e21bc","title":"PR - ITAIPULANDIA","name":"PR - ITAIPULANDIA","tipo":"Munic\u00edpio","url":"\/dashboard\/details-assets\/05f4796a-8c05-4e73-a661-6b501f3e21bc"},"geometry":{"type":"Point","coordinates":[-54.3001,-25.1366]}},{"type":"Feature","properties":{"municipio":"7131242b-124e-48c4-9c0b-6604c49bad59","title":"PR - IRATI","name":"PR - IRATI","tipo":"Munic\u00edpio","url":"\/dashboard\/details-assets\/7131242b-124e-48c4-9c0b-6604c49bad59"},"geometry":{"type":"Point","coordinates":[-50.6493,-25.4697]}},{"type":"Feature","properties":{"municipio":"6d8d184b-3826-4967-9bc8-4097e12f6b5d","title":"PR - IPORA","name":"PR - IPORA","tipo":"Munic\u00edpio","url":"\/dashboard\/details-assets\/6d8d184b-3826-4967-9bc8-4097e12f6b5d"},"geometry":{"type":"Point","coordinates":[-53.706,-24.0083]}},{"type":"Feature","properties":{"municipio":"92bd0d6c-4a85-4848-9b84-b8bb1b833c6e","title":"PR - IPIRANGA","name":"PR - IPIRANGA","tipo":"Munic\u00edpio","url":"\/dashboard\/details-assets\/92bd0d6c-4a85-4848-9b84-b8bb1b833c6e"},"geometry":{"type":"Point","coordinates":[-50.5794,-25.0238]}},{"type":"Feature","properties":{"municipio":"3118452c-161f-49f5-8011-01ebfff748ca","title":"PR - INAJA","name":"PR - INAJA","tipo":"Munic\u00edpio","url":"\/dashboard\/details-assets\/3118452c-161f-49f5-8011-01ebfff748ca"},"geometry":{"type":"Point","coordinates":[-52.1995,-22.7509]}},{"type":"Feature","properties":{"municipio":"9f186b51-101c-42c5-97b9-e2b4d2d301d0","title":"PR - INACIO MARTINS","name":"PR - INACIO MARTINS","tipo":"Munic\u00edpio","url":"\/dashboard\/details-assets\/9f186b51-101c-42c5-97b9-e2b4d2d301d0"},"geometry":{"type":"Point","coordinates":[-51.0769,-25.5704]}},{"type":"Feature","properties":{"municipio":"681eebba-a13e-4859-a798-b6785664723c","title":"PR - IMBAU","name":"PR - IMBAU","tipo":"Munic\u00edpio","url":"\/dashboard\/details-assets\/681eebba-a13e-4859-a798-b6785664723c"},"geometry":{"type":"Point","coordinates":[-50.7533,-24.448]}},{"type":"Feature","properties":{"municipio":"8012d988-aaeb-4710-a43b-9cc82142a385","title":"PR - IMBITUVA","name":"PR - IMBITUVA","tipo":"Munic\u00edpio","url":"\/dashboard\/details-assets\/8012d988-aaeb-4710-a43b-9cc82142a385"},"geometry":{"type":"Point","coordinates":[-50.5989,-25.2285]}},{"type":"Feature","properties":{"municipio":"e52b4196-adf0-481f-ae64-5c4be6c60e51","title":"PR - ICARAIMA","name":"PR - ICARAIMA","tipo":"Munic\u00edpio","url":"\/dashboard\/details-assets\/e52b4196-adf0-481f-ae64-5c4be6c60e51"},"geometry":{"type":"Point","coordinates":[-53.615,-23.3944]}},{"type":"Feature","properties":{"municipio":"ab8a0a57-5a9e-401b-aa41-08beefd754cb","title":"PR - IBIPORA","name":"PR - IBIPORA","tipo":"Munic\u00edpio","url":"\/dashboard\/details-assets\/ab8a0a57-5a9e-401b-aa41-08beefd754cb"},"geometry":{"type":"Point","coordinates":[-51.0522,-23.2659]}},{"type":"Feature","properties":{"municipio":"1b57d68c-626e-459a-b376-c00ad93604bf","title":"PR - IBAITI","name":"PR - IBAITI","tipo":"Munic\u00edpio","url":"\/dashboard\/details-assets\/1b57d68c-626e-459a-b376-c00ad93604bf"},"geometry":{"type":"Point","coordinates":[-50.1932,-23.8478]}},{"type":"Feature","properties":{"municipio":"badf3f61-33ad-4259-8103-0c0df0925387","title":"PR - GUARATUBA","name":"PR - GUARATUBA","tipo":"Munic\u00edpio","url":"\/dashboard\/details-assets\/badf3f61-33ad-4259-8103-0c0df0925387"},"geometry":{"type":"Point","coordinates":[-48.5752,-25.8817]}},{"type":"Feature","properties":{"municipio":"556d8017-c8e3-41db-948c-c6408797ba33","title":"PR - GUARAQUECABA","name":"PR - GUARAQUECABA","tipo":"Munic\u00edpio","url":"\/dashboard\/details-assets\/556d8017-c8e3-41db-948c-c6408797ba33"},"geometry":{"type":"Point","coordinates":[-48.3204,-25.3071]}},{"type":"Feature","properties":{"municipio":"861badb0-bb7f-4c38-adb1-0461e44d6869","title":"PR - GUARAPUAVA","name":"PR - GUARAPUAVA","tipo":"Munic\u00edpio","url":"\/dashboard\/details-assets\/861badb0-bb7f-4c38-adb1-0461e44d6869"},"geometry":{"type":"Point","coordinates":[-51.4623,-25.3902]}},{"type":"Feature","properties":{"municipio":"984e9db5-d10a-4b81-9c18-1937638db583","title":"PR - GUAIRA","name":"PR - GUAIRA","tipo":"Munic\u00edpio","url":"\/dashboard\/details-assets\/984e9db5-d10a-4b81-9c18-1937638db583"},"geometry":{"type":"Point","coordinates":[-54.2573,-24.085]}},{"type":"Feature","properties":{"municipio":"721b76f9-8c2b-44da-a644-61b75a0d78ad","title":"PR - GUARANIACU","name":"PR - GUARANIACU","tipo":"Munic\u00edpio","url":"\/dashboard\/details-assets\/721b76f9-8c2b-44da-a644-61b75a0d78ad"},"geometry":{"type":"Point","coordinates":[-52.8755,-25.0968]}},{"type":"Feature","properties":{"municipio":"892114a9-5bee-4ffd-b07e-07bd5f702d8d","title":"PR - GOIOERE","name":"PR - GOIOERE","tipo":"Munic\u00edpio","url":"\/dashboard\/details-assets\/892114a9-5bee-4ffd-b07e-07bd5f702d8d"},"geometry":{"type":"Point","coordinates":[-53.0248,-24.1835]}},{"type":"Feature","properties":{"municipio":"2947d187-4459-4b4b-93fa-52130bb02413","title":"PR - FRANCISCO BELTRAO","name":"PR - FRANCISCO BELTRAO","tipo":"Munic\u00edpio","url":"\/dashboard\/details-assets\/2947d187-4459-4b4b-93fa-52130bb02413"},"geometry":{"type":"Point","coordinates":[-53.0535,-26.0817]}},{"type":"Feature","properties":{"municipio":"f0521394-6306-4bbd-af72-ae57ac3fd27c","title":"PR - FORMOSA DO OESTE","name":"PR - FORMOSA DO OESTE","tipo":"Munic\u00edpio","url":"\/dashboard\/details-assets\/f0521394-6306-4bbd-af72-ae57ac3fd27c"},"geometry":{"type":"Point","coordinates":[-53.3114,-24.2951]}},{"type":"Feature","properties":{"municipio":"edcca78a-c066-47b0-be14-2d55ce04c479","title":"PR - FOZ DO IGUACU","name":"PR - FOZ DO IGUACU","tipo":"Munic\u00edpio","url":"\/dashboard\/details-assets\/edcca78a-c066-47b0-be14-2d55ce04c479"},"geometry":{"type":"Point","coordinates":[-54.5827,-25.5427]}},{"type":"Feature","properties":{"municipio":"8783875b-db9d-476c-98a3-e760178a9e45","title":"PR - FLORESTA","name":"PR - FLORESTA","tipo":"Munic\u00edpio","url":"\/dashboard\/details-assets\/8783875b-db9d-476c-98a3-e760178a9e45"},"geometry":{"type":"Point","coordinates":[-52.0807,-23.6031]}},{"type":"Feature","properties":{"municipio":"79a39a55-b816-4a53-bfc6-d679d0a953d0","title":"PR - FENIX","name":"PR - FENIX","tipo":"Munic\u00edpio","url":"\/dashboard\/details-assets\/79a39a55-b816-4a53-bfc6-d679d0a953d0"},"geometry":{"type":"Point","coordinates":[-51.9805,-23.9135]}},{"type":"Feature","properties":{"municipio":"58fb7592-1882-4ef2-8c68-8bc510d750f6","title":"PR - FAZENDA RIO GRANDE","name":"PR - FAZENDA RIO GRANDE","tipo":"Munic\u00edpio","url":"\/dashboard\/details-assets\/58fb7592-1882-4ef2-8c68-8bc510d750f6"},"geometry":{"type":"Point","coordinates":[-49.3073,-25.6624]}},{"type":"Feature","properties":{"municipio":"51d62e4a-9ea6-444f-824a-da3979f62f94","title":"PR - FAXINAL","name":"PR - FAXINAL","tipo":"Munic\u00edpio","url":"\/dashboard\/details-assets\/51d62e4a-9ea6-444f-824a-da3979f62f94"},"geometry":{"type":"Point","coordinates":[-51.3227,-24.0077]}},{"type":"Feature","properties":{"municipio":"1fba4bc3-f3b5-471f-adb7-8179ac40ae2f","title":"PR - ENGENHEIRO BELTRAO","name":"PR - ENGENHEIRO BELTRAO","tipo":"Munic\u00edpio","url":"\/dashboard\/details-assets\/1fba4bc3-f3b5-471f-adb7-8179ac40ae2f"},"geometry":{"type":"Point","coordinates":[-52.2659,-23.797]}},{"type":"Feature","properties":{"municipio":"d90199b8-10a5-42bf-ad6c-c2d1b2bf9a51","title":"PR - DOURADINA","name":"PR - DOURADINA","tipo":"Munic\u00edpio","url":"\/dashboard\/details-assets\/d90199b8-10a5-42bf-ad6c-c2d1b2bf9a51"},"geometry":{"type":"Point","coordinates":[-53.2918,-23.3807]}},{"type":"Feature","properties":{"municipio":"c4e49681-fb3f-47de-a535-f830b71870a0","title":"PR - DOIS VIZINHOS","name":"PR - DOIS VIZINHOS","tipo":"Munic\u00edpio","url":"\/dashboard\/details-assets\/c4e49681-fb3f-47de-a535-f830b71870a0"},"geometry":{"type":"Point","coordinates":[-53.057,-25.7407]}},{"type":"Feature","properties":{"municipio":"0675a2d4-d659-43e0-b19c-aa64d133d7c3","title":"PR - CURITIBA","name":"PR - CURITIBA","tipo":"Munic\u00edpio","url":"\/dashboard\/details-assets\/0675a2d4-d659-43e0-b19c-aa64d133d7c3"},"geometry":{"type":"Point","coordinates":[-49.2646,-25.4195]}},{"type":"Feature","properties":{"municipio":"3f41dee5-78a3-4e0b-8ba6-6cdd01c87606","title":"PR - CRUZEIRO DO SUL","name":"PR - CRUZEIRO DO SUL","tipo":"Munic\u00edpio","url":"\/dashboard\/details-assets\/3f41dee5-78a3-4e0b-8ba6-6cdd01c87606"},"geometry":{"type":"Point","coordinates":[-52.1622,-22.9624]}},{"type":"Feature","properties":{"municipio":"6de2e941-94e0-419c-af14-881a8dba73be","title":"PR - CRUZEIRO DO OESTE","name":"PR - CRUZEIRO DO OESTE","tipo":"Munic\u00edpio","url":"\/dashboard\/details-assets\/6de2e941-94e0-419c-af14-881a8dba73be"},"geometry":{"type":"Point","coordinates":[-53.0774,-23.7799]}},{"type":"Feature","properties":{"municipio":"b2500182-ce0f-4a83-a3f4-51c62ef40378","title":"PR - CORUMBATAI DO SUL","name":"PR - CORUMBATAI DO SUL","tipo":"Munic\u00edpio","url":"\/dashboard\/details-assets\/b2500182-ce0f-4a83-a3f4-51c62ef40378"},"geometry":{"type":"Point","coordinates":[-52.1177,-24.101]}},{"type":"Feature","properties":{"municipio":"b7979478-41c2-450e-8a24-4984f7bedc65","title":"PR - CORONEL VIVIDA","name":"PR - CORONEL VIVIDA","tipo":"Munic\u00edpio","url":"\/dashboard\/details-assets\/b7979478-41c2-450e-8a24-4984f7bedc65"},"geometry":{"type":"Point","coordinates":[-52.5641,-25.9767]}},{"type":"Feature","properties":{"municipio":"55cfdf4a-b1aa-43e1-a6cb-a0bb1f7350ca","title":"PR - CORONEL DOMINGOS SOARES","name":"PR - CORONEL DOMINGOS SOARES","tipo":"Munic\u00edpio","url":"\/dashboard\/details-assets\/55cfdf4a-b1aa-43e1-a6cb-a0bb1f7350ca"},"geometry":{"type":"Point","coordinates":[-52.0356,-26.2277]}},{"type":"Feature","properties":{"municipio":"c135e6d4-81b1-444e-8678-656c7f2b7c85","title":"PR - CORNELIO PROCOPIO","name":"PR - CORNELIO PROCOPIO","tipo":"Munic\u00edpio","url":"\/dashboard\/details-assets\/c135e6d4-81b1-444e-8678-656c7f2b7c85"},"geometry":{"type":"Point","coordinates":[-50.6498,-23.1829]}},{"type":"Feature","properties":{"municipio":"8ac3ee6d-1e53-4c94-987e-1f531ab38775","title":"PR - CORBELIA","name":"PR - CORBELIA","tipo":"Munic\u00edpio","url":"\/dashboard\/details-assets\/8ac3ee6d-1e53-4c94-987e-1f531ab38775"},"geometry":{"type":"Point","coordinates":[-53.3006,-24.7971]}},{"type":"Feature","properties":{"municipio":"2d9a8901-ad3a-4261-8a7a-b2113171616b","title":"PR - COLORADO","name":"PR - COLORADO","tipo":"Munic\u00edpio","url":"\/dashboard\/details-assets\/2d9a8901-ad3a-4261-8a7a-b2113171616b"},"geometry":{"type":"Point","coordinates":[-51.9743,-22.8374]}},{"type":"Feature","properties":{"municipio":"d86c0321-31c9-40fe-b505-018b867702d5","title":"PR - CONGONHINHAS","name":"PR - CONGONHINHAS","tipo":"Munic\u00edpio","url":"\/dashboard\/details-assets\/d86c0321-31c9-40fe-b505-018b867702d5"},"geometry":{"type":"Point","coordinates":[-50.5569,-23.5493]}},{"type":"Feature","properties":{"municipio":"69190f70-d891-4e0b-b060-83290d15d86b","title":"PR - COLOMBO","name":"PR - COLOMBO","tipo":"Munic\u00edpio","url":"\/dashboard\/details-assets\/69190f70-d891-4e0b-b060-83290d15d86b"},"geometry":{"type":"Point","coordinates":[-49.2262,-25.2925]}},{"type":"Feature","properties":{"municipio":"eea62958-2480-4e2b-9a1b-d67cb449f4ac","title":"PR - CLEVELANDIA","name":"PR - CLEVELANDIA","tipo":"Munic\u00edpio","url":"\/dashboard\/details-assets\/eea62958-2480-4e2b-9a1b-d67cb449f4ac"},"geometry":{"type":"Point","coordinates":[-52.3508,-26.4043]}},{"type":"Feature","properties":{"municipio":"64fb4164-5a6e-4c69-a28b-ccc198fe6f16","title":"PR - CIDADE GAUCHA","name":"PR - CIDADE GAUCHA","tipo":"Munic\u00edpio","url":"\/dashboard\/details-assets\/64fb4164-5a6e-4c69-a28b-ccc198fe6f16"},"geometry":{"type":"Point","coordinates":[-52.9436,-23.3772]}},{"type":"Feature","properties":{"municipio":"9eccf693-4e3f-4e7f-ad94-a8f0c9a4a570","title":"PR - CIANORTE","name":"PR - CIANORTE","tipo":"Munic\u00edpio","url":"\/dashboard\/details-assets\/9eccf693-4e3f-4e7f-ad94-a8f0c9a4a570"},"geometry":{"type":"Point","coordinates":[-52.6054,-23.6599]}},{"type":"Feature","properties":{"municipio":"fbf8db85-3dd1-4cc0-9ed0-cfce72b86ddb","title":"PR - CHOPINZINHO","name":"PR - CHOPINZINHO","tipo":"Munic\u00edpio","url":"\/dashboard\/details-assets\/fbf8db85-3dd1-4cc0-9ed0-cfce72b86ddb"},"geometry":{"type":"Point","coordinates":[-52.5173,-25.8515]}},{"type":"Feature","properties":{"municipio":"96ede2eb-fe13-427b-8e63-10be26dbf44f","title":"PR - CATANDUVAS","name":"PR - CATANDUVAS","tipo":"Munic\u00edpio","url":"\/dashboard\/details-assets\/96ede2eb-fe13-427b-8e63-10be26dbf44f"},"geometry":{"type":"Point","coordinates":[-53.1548,-25.2044]}},{"type":"Feature","properties":{"municipio":"eefba38d-3088-4848-832e-c82ce4a7adf1","title":"PR - CASCAVEL","name":"PR - CASCAVEL","tipo":"Munic\u00edpio","url":"\/dashboard\/details-assets\/eefba38d-3088-4848-832e-c82ce4a7adf1"},"geometry":{"type":"Point","coordinates":[-53.459,-24.9573]}},{"type":"Feature","properties":{"municipio":"f63e43a6-e92c-4b1a-9f19-13cde50c6ffa","title":"PR - CASTRO","name":"PR - CASTRO","tipo":"Munic\u00edpio","url":"\/dashboard\/details-assets\/f63e43a6-e92c-4b1a-9f19-13cde50c6ffa"},"geometry":{"type":"Point","coordinates":[-50.0108,-24.7891]}},{"type":"Feature","properties":{"municipio":"6904f211-656c-4c1f-9c6b-70e5cb2727aa","title":"PR - CARLOPOLIS","name":"PR - CARLOPOLIS","tipo":"Munic\u00edpio","url":"\/dashboard\/details-assets\/6904f211-656c-4c1f-9c6b-70e5cb2727aa"},"geometry":{"type":"Point","coordinates":[-49.7235,-23.4269]}},{"type":"Feature","properties":{"municipio":"6b512bbe-d474-49b6-aab7-cad8a1697ff4","title":"PR - CARAMBEI","name":"PR - CARAMBEI","tipo":"Munic\u00edpio","url":"\/dashboard\/details-assets\/6b512bbe-d474-49b6-aab7-cad8a1697ff4"},"geometry":{"type":"Point","coordinates":[-50.0986,-24.9152]}},{"type":"Feature","properties":{"municipio":"5f49a44a-1157-4029-9f53-dfc6bf977475","title":"PR - CAPANEMA","name":"PR - CAPANEMA","tipo":"Munic\u00edpio","url":"\/dashboard\/details-assets\/5f49a44a-1157-4029-9f53-dfc6bf977475"},"geometry":{"type":"Point","coordinates":[-53.8055,-25.6691]}},{"type":"Feature","properties":{"municipio":"562037cd-760f-4d10-831a-84849ba41a14","title":"PR - CAPITAO LEONIDAS MARQUES","name":"PR - CAPITAO LEONIDAS MARQUES","tipo":"Munic\u00edpio","url":"\/dashboard\/details-assets\/562037cd-760f-4d10-831a-84849ba41a14"},"geometry":{"type":"Point","coordinates":[-53.6112,-25.4816]}},{"type":"Feature","properties":{"municipio":"f9f21b53-3d85-4707-a408-bb050fe840be","title":"PR - CANDOI","name":"PR - CANDOI","tipo":"Munic\u00edpio","url":"\/dashboard\/details-assets\/f9f21b53-3d85-4707-a408-bb050fe840be"},"geometry":{"type":"Point","coordinates":[-52.0409,-25.5758]}},{"type":"Feature","properties":{"municipio":"1480591e-0945-4396-a99d-b4cc002a55fc","title":"PR - CAMPO MOURAO","name":"PR - CAMPO MOURAO","tipo":"Munic\u00edpio","url":"\/dashboard\/details-assets\/1480591e-0945-4396-a99d-b4cc002a55fc"},"geometry":{"type":"Point","coordinates":[-52.378,-24.0463]}},{"type":"Feature","properties":{"municipio":"71c17625-8ea9-4900-8ed8-1e4305f247e1","title":"PR - CAMPO MAGRO","name":"PR - CAMPO MAGRO","tipo":"Munic\u00edpio","url":"\/dashboard\/details-assets\/71c17625-8ea9-4900-8ed8-1e4305f247e1"},"geometry":{"type":"Point","coordinates":[-49.4501,-25.3687]}},{"type":"Feature","properties":{"municipio":"48cc21ad-28e5-4113-b24f-1c83dc76d2d2","title":"PR - CAMPO LARGO","name":"PR - CAMPO LARGO","tipo":"Munic\u00edpio","url":"\/dashboard\/details-assets\/48cc21ad-28e5-4113-b24f-1c83dc76d2d2"},"geometry":{"type":"Point","coordinates":[-49.529,-25.4525]}},{"type":"Feature","properties":{"municipio":"fb181357-1c72-4b40-837b-a55e86f3ecd5","title":"PR - CAMPINA GRANDE DO SUL","name":"PR - CAMPINA GRANDE DO SUL","tipo":"Munic\u00edpio","url":"\/dashboard\/details-assets\/fb181357-1c72-4b40-837b-a55e86f3ecd5"},"geometry":{"type":"Point","coordinates":[-49.0551,-25.3044]}},{"type":"Feature","properties":{"municipio":"1c068c1e-1ab2-485a-8737-05622452d598","title":"PR - CAMPINA DA LAGOA","name":"PR - CAMPINA DA LAGOA","tipo":"Munic\u00edpio","url":"\/dashboard\/details-assets\/1c068c1e-1ab2-485a-8737-05622452d598"},"geometry":{"type":"Point","coordinates":[-52.7976,-24.5893]}},{"type":"Feature","properties":{"municipio":"9993da66-cdf5-4f00-8608-338c03857e66","title":"PR - CAMBE","name":"PR - CAMBE","tipo":"Munic\u00edpio","url":"\/dashboard\/details-assets\/9993da66-cdf5-4f00-8608-338c03857e66"},"geometry":{"type":"Point","coordinates":[-51.2798,-23.2766]}},{"type":"Feature","properties":{"municipio":"80d6d395-f524-4099-83ff-07dfb66c2c2f","title":"PR - CAMBARA","name":"PR - CAMBARA","tipo":"Munic\u00edpio","url":"\/dashboard\/details-assets\/80d6d395-f524-4099-83ff-07dfb66c2c2f"},"geometry":{"type":"Point","coordinates":[-50.0753,-23.0423]}},{"type":"Feature","properties":{"municipio":"fc25d59f-ea04-4991-8720-2e57b15cfefa","title":"PR - CAFELANDIA","name":"PR - CAFELANDIA","tipo":"Munic\u00edpio","url":"\/dashboard\/details-assets\/fc25d59f-ea04-4991-8720-2e57b15cfefa"},"geometry":{"type":"Point","coordinates":[-53.3207,-24.6189]}},{"type":"Feature","properties":{"municipio":"a13ad244-5a3c-45a9-b4b8-148fe45ff101","title":"PR - BORRAZOPOLIS","name":"PR - BORRAZOPOLIS","tipo":"Munic\u00edpio","url":"\/dashboard\/details-assets\/a13ad244-5a3c-45a9-b4b8-148fe45ff101"},"geometry":{"type":"Point","coordinates":[-51.5875,-23.9366]}},{"type":"Feature","properties":{"municipio":"b45d423d-3bb0-48ad-8bf6-e3101df0b459","title":"PR - BOM SUCESSO","name":"PR - BOM SUCESSO","tipo":"Munic\u00edpio","url":"\/dashboard\/details-assets\/b45d423d-3bb0-48ad-8bf6-e3101df0b459"},"geometry":{"type":"Point","coordinates":[-51.7671,-23.7063]}},{"type":"Feature","properties":{"municipio":"fc58aab4-c597-42cf-a9d8-a69ef15cc10d","title":"PR - BOCAIUVA DO SUL","name":"PR - BOCAIUVA DO SUL","tipo":"Munic\u00edpio","url":"\/dashboard\/details-assets\/fc58aab4-c597-42cf-a9d8-a69ef15cc10d"},"geometry":{"type":"Point","coordinates":[-49.1141,-25.2066]}},{"type":"Feature","properties":{"municipio":"5d91d392-9a00-458b-93c1-230af3a755c5","title":"PR - BITURUNA","name":"PR - BITURUNA","tipo":"Munic\u00edpio","url":"\/dashboard\/details-assets\/5d91d392-9a00-458b-93c1-230af3a755c5"},"geometry":{"type":"Point","coordinates":[-51.5518,-26.1607]}},{"type":"Feature","properties":{"municipio":"ce443ee9-a64a-46a5-a45d-cc4ea524d2cf","title":"PR - BELA VISTA DO PARAISO","name":"PR - BELA VISTA DO PARAISO","tipo":"Munic\u00edpio","url":"\/dashboard\/details-assets\/ce443ee9-a64a-46a5-a45d-cc4ea524d2cf"},"geometry":{"type":"Point","coordinates":[-51.1927,-22.9937]}},{"type":"Feature","properties":{"municipio":"ae87d484-4954-4a28-b5dd-0f92fa76a26e","title":"PR - BARRACAO","name":"PR - BARRACAO","tipo":"Munic\u00edpio","url":"\/dashboard\/details-assets\/ae87d484-4954-4a28-b5dd-0f92fa76a26e"},"geometry":{"type":"Point","coordinates":[-53.6324,-26.2502]}},{"type":"Feature","properties":{"municipio":"2eb57668-5755-48d6-8098-64db98e67499","title":"PR - BARBOSA FERRAZ","name":"PR - BARBOSA FERRAZ","tipo":"Munic\u00edpio","url":"\/dashboard\/details-assets\/2eb57668-5755-48d6-8098-64db98e67499"},"geometry":{"type":"Point","coordinates":[-52.004,-24.0334]}},{"type":"Feature","properties":{"municipio":"1d4e3831-6932-4f2f-a93a-feb230bb2cb4","title":"PR - ASTORGA","name":"PR - ASTORGA","tipo":"Munic\u00edpio","url":"\/dashboard\/details-assets\/1d4e3831-6932-4f2f-a93a-feb230bb2cb4"},"geometry":{"type":"Point","coordinates":[-51.6668,-23.2318]}},{"type":"Feature","properties":{"municipio":"1749665a-b6c8-4996-aa1b-7dfd3ce569bc","title":"PR - BANDEIRANTES","name":"PR - BANDEIRANTES","tipo":"Munic\u00edpio","url":"\/dashboard\/details-assets\/1749665a-b6c8-4996-aa1b-7dfd3ce569bc"},"geometry":{"type":"Point","coordinates":[-50.3704,-23.1078]}},{"type":"Feature","properties":{"municipio":"bc601e19-f78d-421f-a852-a071bbd82796","title":"PR - ASSIS CHATEAUBRIAND","name":"PR - ASSIS CHATEAUBRIAND","tipo":"Munic\u00edpio","url":"\/dashboard\/details-assets\/bc601e19-f78d-421f-a852-a071bbd82796"},"geometry":{"type":"Point","coordinates":[-53.5213,-24.4168]}},{"type":"Feature","properties":{"municipio":"080521f4-ea82-490e-873d-a28c1c97fab8","title":"PR - ASSAI","name":"PR - ASSAI","tipo":"Munic\u00edpio","url":"\/dashboard\/details-assets\/080521f4-ea82-490e-873d-a28c1c97fab8"},"geometry":{"type":"Point","coordinates":[-50.8459,-23.3697]}},{"type":"Feature","properties":{"municipio":"f7d80387-1bb2-4fd9-9c03-ca73ccc64acb","title":"PR - ARAUCARIA","name":"PR - ARAUCARIA","tipo":"Munic\u00edpio","url":"\/dashboard\/details-assets\/f7d80387-1bb2-4fd9-9c03-ca73ccc64acb"},"geometry":{"type":"Point","coordinates":[-49.4047,-25.5859]}},{"type":"Feature","properties":{"municipio":"33f1c45c-5b76-421c-9672-dfdcef21ea7a","title":"PR - ARARUNA","name":"PR - ARARUNA","tipo":"Munic\u00edpio","url":"\/dashboard\/details-assets\/33f1c45c-5b76-421c-9672-dfdcef21ea7a"},"geometry":{"type":"Point","coordinates":[-52.5021,-23.9315]}},{"type":"Feature","properties":{"municipio":"63dca592-03a3-4c8c-a3d1-867daad6faf8","title":"PR - ARAPOTI","name":"PR - ARAPOTI","tipo":"Munic\u00edpio","url":"\/dashboard\/details-assets\/63dca592-03a3-4c8c-a3d1-867daad6faf8"},"geometry":{"type":"Point","coordinates":[-49.8285,-24.1548]}},{"type":"Feature","properties":{"municipio":"16925370-d0f2-4218-befa-222928442bcb","title":"PR - ARAPONGAS","name":"PR - ARAPONGAS","tipo":"Munic\u00edpio","url":"\/dashboard\/details-assets\/16925370-d0f2-4218-befa-222928442bcb"},"geometry":{"type":"Point","coordinates":[-51.4259,-23.4153]}},{"type":"Feature","properties":{"municipio":"da65c1a7-df73-4502-9f27-6ea42a811a5c","title":"PR - APUCARANA","name":"PR - APUCARANA","tipo":"Munic\u00edpio","url":"\/dashboard\/details-assets\/da65c1a7-df73-4502-9f27-6ea42a811a5c"},"geometry":{"type":"Point","coordinates":[-51.4635,-23.55]}},{"type":"Feature","properties":{"municipio":"de57d342-15a5-4850-86ed-3e142a5a8e5a","title":"PR - ANTONINA","name":"PR - ANTONINA","tipo":"Munic\u00edpio","url":"\/dashboard\/details-assets\/de57d342-15a5-4850-86ed-3e142a5a8e5a"},"geometry":{"type":"Point","coordinates":[-48.7191,-25.4386]}},{"type":"Feature","properties":{"municipio":"b8502bdf-b10d-45e3-9898-0b52b3e51bcf","title":"PR - ANDIRA","name":"PR - ANDIRA","tipo":"Munic\u00edpio","url":"\/dashboard\/details-assets\/b8502bdf-b10d-45e3-9898-0b52b3e51bcf"},"geometry":{"type":"Point","coordinates":[-50.2304,-23.0533]}},{"type":"Feature","properties":{"municipio":"38531850-4ec0-405a-9106-0625af52ab47","title":"PR - ANAHY","name":"PR - ANAHY","tipo":"Munic\u00edpio","url":"\/dashboard\/details-assets\/38531850-4ec0-405a-9106-0625af52ab47"},"geometry":{"type":"Point","coordinates":[-53.1332,-24.6449]}},{"type":"Feature","properties":{"municipio":"f8111653-c176-4060-8b55-228e12196ec4","title":"PR - AMPERE","name":"PR - AMPERE","tipo":"Munic\u00edpio","url":"\/dashboard\/details-assets\/f8111653-c176-4060-8b55-228e12196ec4"},"geometry":{"type":"Point","coordinates":[-53.4686,-25.9168]}},{"type":"Feature","properties":{"municipio":"69422444-6b16-407f-868c-011ceb6639ba","title":"PR - ALTONIA","name":"PR - ALTONIA","tipo":"Munic\u00edpio","url":"\/dashboard\/details-assets\/69422444-6b16-407f-868c-011ceb6639ba"},"geometry":{"type":"Point","coordinates":[-53.8958,-23.8759]}},{"type":"Feature","properties":{"municipio":"5347fd8a-7752-4164-87fe-743fcd471f68","title":"PR - ALTO PARANA","name":"PR - ALTO PARANA","tipo":"Munic\u00edpio","url":"\/dashboard\/details-assets\/5347fd8a-7752-4164-87fe-743fcd471f68"},"geometry":{"type":"Point","coordinates":[-52.3189,-23.1312]}},{"type":"Feature","properties":{"municipio":"f57f70f5-bb10-42d5-a4a8-a9fac858f9c0","title":"PR - ALMIRANTE TAMANDARE","name":"PR - ALMIRANTE TAMANDARE","tipo":"Munic\u00edpio","url":"\/dashboard\/details-assets\/f57f70f5-bb10-42d5-a4a8-a9fac858f9c0"},"geometry":{"type":"Point","coordinates":[-49.3037,-25.3188]}},{"type":"Feature","properties":{"municipio":"d0c3d591-094a-419c-933f-d9bb5b9521df","title":"PI - VARZEA GRANDE","name":"PI - VARZEA GRANDE","tipo":"Munic\u00edpio","url":"\/dashboard\/details-assets\/d0c3d591-094a-419c-933f-d9bb5b9521df"},"geometry":{"type":"Point","coordinates":[-42.248,-6.54899]}},{"type":"Feature","properties":{"municipio":"eacb3315-ad76-4569-bcf0-00527d6d29bc","title":"PI - URUCUI","name":"PI - URUCUI","tipo":"Munic\u00edpio","url":"\/dashboard\/details-assets\/eacb3315-ad76-4569-bcf0-00527d6d29bc"},"geometry":{"type":"Point","coordinates":[-44.5577,-7.23944]}},{"type":"Feature","properties":{"municipio":"984744ff-96db-42ca-b388-6b7068d08ca4","title":"PI - UNIAO","name":"PI - UNIAO","tipo":"Munic\u00edpio","url":"\/dashboard\/details-assets\/984744ff-96db-42ca-b388-6b7068d08ca4"},"geometry":{"type":"Point","coordinates":[-42.8583,-4.58571]}},{"type":"Feature","properties":{"municipio":"664e1f5d-4bff-41f0-9d1d-0af741c0e639","title":"PI - TERESINA","name":"PI - TERESINA","tipo":"Munic\u00edpio","url":"\/dashboard\/details-assets\/664e1f5d-4bff-41f0-9d1d-0af741c0e639"},"geometry":{"type":"Point","coordinates":[-42.8034,-5.09194]}},{"type":"Feature","properties":{"municipio":"d876cf91-db1e-41cd-854e-ed2de9abcf06","title":"PI - SAO RAIMUNDO NONATO","name":"PI - SAO RAIMUNDO NONATO","tipo":"Munic\u00edpio","url":"\/dashboard\/details-assets\/d876cf91-db1e-41cd-854e-ed2de9abcf06"},"geometry":{"type":"Point","coordinates":[-42.6987,-9.01241]}},{"type":"Feature","properties":{"municipio":"e579aa1f-a32a-46b4-ae22-44230fe1b005","title":"PI - SAO JOAO DO PIAUI","name":"PI - SAO JOAO DO PIAUI","tipo":"Munic\u00edpio","url":"\/dashboard\/details-assets\/e579aa1f-a32a-46b4-ae22-44230fe1b005"},"geometry":{"type":"Point","coordinates":[-42.2559,-8.35466]}},{"type":"Feature","properties":{"municipio":"73f9beff-ef17-4220-9d7a-4139b4d7f746","title":"PI - PIRIPIRI","name":"PI - PIRIPIRI","tipo":"Munic\u00edpio","url":"\/dashboard\/details-assets\/73f9beff-ef17-4220-9d7a-4139b4d7f746"},"geometry":{"type":"Point","coordinates":[-41.7716,-4.27157]}},{"type":"Feature","properties":{"municipio":"d4af2a79-6b9f-4cc3-8d81-ee0f7d4b9666","title":"PI - PIRACURUCA","name":"PI - PIRACURUCA","tipo":"Munic\u00edpio","url":"\/dashboard\/details-assets\/d4af2a79-6b9f-4cc3-8d81-ee0f7d4b9666"},"geometry":{"type":"Point","coordinates":[-41.7088,-3.93335]}},{"type":"Feature","properties":{"municipio":"81ce5d8b-c8e4-4bf9-a69c-d21f510f9019","title":"PI - PICOS","name":"PI - PICOS","tipo":"Munic\u00edpio","url":"\/dashboard\/details-assets\/81ce5d8b-c8e4-4bf9-a69c-d21f510f9019"},"geometry":{"type":"Point","coordinates":[-41.467,-7.07721]}},{"type":"Feature","properties":{"municipio":"6ea158aa-2f6d-4e61-9ae0-f47a639265ad","title":"PI - PEDRO II","name":"PI - PEDRO II","tipo":"Munic\u00edpio","url":"\/dashboard\/details-assets\/6ea158aa-2f6d-4e61-9ae0-f47a639265ad"},"geometry":{"type":"Point","coordinates":[-41.4482,-4.42585]}},{"type":"Feature","properties":{"municipio":"5337fba5-6325-4476-904a-293f6b7dbc62","title":"PI - PAULISTANA","name":"PI - PAULISTANA","tipo":"Munic\u00edpio","url":"\/dashboard\/details-assets\/5337fba5-6325-4476-904a-293f6b7dbc62"},"geometry":{"type":"Point","coordinates":[-41.1431,-8.13436]}},{"type":"Feature","properties":{"municipio":"c4351a41-f7ba-4b30-b599-bff2d37bd0d9","title":"PI - PARNAIBA","name":"PI - PARNAIBA","tipo":"Munic\u00edpio","url":"\/dashboard\/details-assets\/c4351a41-f7ba-4b30-b599-bff2d37bd0d9"},"geometry":{"type":"Point","coordinates":[-41.7754,-2.90585]}},{"type":"Feature","properties":{"municipio":"044c7f5c-0f5d-4340-8729-5a17ddbf813d","title":"PI - OEIRAS","name":"PI - OEIRAS","tipo":"Munic\u00edpio","url":"\/dashboard\/details-assets\/044c7f5c-0f5d-4340-8729-5a17ddbf813d"},"geometry":{"type":"Point","coordinates":[-42.1283,-7.01915]}},{"type":"Feature","properties":{"municipio":"d7161c26-0f09-4f7b-8f5f-d2c583088ac5","title":"PI - JOSE DE FREITAS","name":"PI - JOSE DE FREITAS","tipo":"Munic\u00edpio","url":"\/dashboard\/details-assets\/d7161c26-0f09-4f7b-8f5f-d2c583088ac5"},"geometry":{"type":"Point","coordinates":[-42.5746,-4.75146]}},{"type":"Feature","properties":{"municipio":"b35d9366-0629-44d8-ba9a-3348647dc97c","title":"PI - ITAINOPOLIS","name":"PI - ITAINOPOLIS","tipo":"Munic\u00edpio","url":"\/dashboard\/details-assets\/b35d9366-0629-44d8-ba9a-3348647dc97c"},"geometry":{"type":"Point","coordinates":[-41.4687,-7.44336]}},{"type":"Feature","properties":{"municipio":"5aa6f741-b88d-46c5-b43e-418633dcc1e5","title":"PI - FLORIANO","name":"PI - FLORIANO","tipo":"Munic\u00edpio","url":"\/dashboard\/details-assets\/5aa6f741-b88d-46c5-b43e-418633dcc1e5"},"geometry":{"type":"Point","coordinates":[-43.0241,-6.77182]}},{"type":"Feature","properties":{"municipio":"6d1591e9-ce3f-4588-bac4-7e24087ac4a0","title":"PI - ESPERANTINA","name":"PI - ESPERANTINA","tipo":"Munic\u00edpio","url":"\/dashboard\/details-assets\/6d1591e9-ce3f-4588-bac4-7e24087ac4a0"},"geometry":{"type":"Point","coordinates":[-42.2324,-3.88863]}},{"type":"Feature","properties":{"municipio":"f06ed672-415f-4051-9027-56029865a631","title":"PI - CORRENTE","name":"PI - CORRENTE","tipo":"Munic\u00edpio","url":"\/dashboard\/details-assets\/f06ed672-415f-4051-9027-56029865a631"},"geometry":{"type":"Point","coordinates":[-45.1633,-10.4333]}},{"type":"Feature","properties":{"municipio":"d0c01974-d4a4-4cb0-8e83-7583de82bee8","title":"PI - CASTELO DO PIAUI","name":"PI - CASTELO DO PIAUI","tipo":"Munic\u00edpio","url":"\/dashboard\/details-assets\/d0c01974-d4a4-4cb0-8e83-7583de82bee8"},"geometry":{"type":"Point","coordinates":[-41.5499,-5.31869]}},{"type":"Feature","properties":{"municipio":"81962bb9-729b-40e6-bf14-55632573a14a","title":"PI - CANTO DO BURITI","name":"PI - CANTO DO BURITI","tipo":"Munic\u00edpio","url":"\/dashboard\/details-assets\/81962bb9-729b-40e6-bf14-55632573a14a"},"geometry":{"type":"Point","coordinates":[-42.9517,-8.1111]}},{"type":"Feature","properties":{"municipio":"80f9dbf5-a867-4e80-ba06-44108677aeea","title":"PI - BOM JESUS","name":"PI - BOM JESUS","tipo":"Munic\u00edpio","url":"\/dashboard\/details-assets\/80f9dbf5-a867-4e80-ba06-44108677aeea"},"geometry":{"type":"Point","coordinates":[-44.359,-9.07124]}},{"type":"Feature","properties":{"municipio":"15b3f126-470a-4294-85e0-4361925536e6","title":"PI - CAMPO MAIOR","name":"PI - CAMPO MAIOR","tipo":"Munic\u00edpio","url":"\/dashboard\/details-assets\/15b3f126-470a-4294-85e0-4361925536e6"},"geometry":{"type":"Point","coordinates":[-42.1641,-4.8217]}},{"type":"Feature","properties":{"municipio":"6bcc8123-ad66-43a7-9ebd-cab15946f54a","title":"PI - BARRAS","name":"PI - BARRAS","tipo":"Munic\u00edpio","url":"\/dashboard\/details-assets\/6bcc8123-ad66-43a7-9ebd-cab15946f54a"},"geometry":{"type":"Point","coordinates":[-42.2922,-4.24468]}},{"type":"Feature","properties":{"municipio":"726d4a50-df81-435f-a432-fb437d598d99","title":"PI - ANGICAL DO PIAUI","name":"PI - ANGICAL DO PIAUI","tipo":"Munic\u00edpio","url":"\/dashboard\/details-assets\/726d4a50-df81-435f-a432-fb437d598d99"},"geometry":{"type":"Point","coordinates":[-42.74,-6.08786]}},{"type":"Feature","properties":{"municipio":"f159fa68-d1ff-412d-9292-db955fd22b57","title":"PI - ALTOS","name":"PI - ALTOS","tipo":"Munic\u00edpio","url":"\/dashboard\/details-assets\/f159fa68-d1ff-412d-9292-db955fd22b57"},"geometry":{"type":"Point","coordinates":[-42.4612,-5.03888]}},{"type":"Feature","properties":{"municipio":"b446274e-7487-4d23-8426-ff8f0993bf96","title":"PE - VITORIA DE SANTO ANTAO","name":"PE - VITORIA DE SANTO ANTAO","tipo":"Munic\u00edpio","url":"\/dashboard\/details-assets\/b446274e-7487-4d23-8426-ff8f0993bf96"},"geometry":{"type":"Point","coordinates":[-35.2976,-8.12819]}},{"type":"Feature","properties":{"municipio":"f4a31872-12ab-42f5-a52a-80e65bf24833","title":"PI - AGUA BRANCA","name":"PI - AGUA BRANCA","tipo":"Munic\u00edpio","url":"\/dashboard\/details-assets\/f4a31872-12ab-42f5-a52a-80e65bf24833"},"geometry":{"type":"Point","coordinates":[-42.637,-5.88856]}},{"type":"Feature","properties":{"municipio":"54826c40-495f-469a-b88f-b113699941f5","title":"PE - TRINDADE","name":"PE - TRINDADE","tipo":"Munic\u00edpio","url":"\/dashboard\/details-assets\/54826c40-495f-469a-b88f-b113699941f5"},"geometry":{"type":"Point","coordinates":[-40.2647,-7.759]}},{"type":"Feature","properties":{"municipio":"5ade72ba-7cfb-4012-9ab5-0e1c208be180","title":"PE - TIMBAUBA","name":"PE - TIMBAUBA","tipo":"Munic\u00edpio","url":"\/dashboard\/details-assets\/5ade72ba-7cfb-4012-9ab5-0e1c208be180"},"geometry":{"type":"Point","coordinates":[-35.3119,-7.50484]}},{"type":"Feature","properties":{"municipio":"fc4f9475-7956-4800-8b33-bfdcd18040b1","title":"PE - SURUBIM","name":"PE - SURUBIM","tipo":"Munic\u00edpio","url":"\/dashboard\/details-assets\/fc4f9475-7956-4800-8b33-bfdcd18040b1"},"geometry":{"type":"Point","coordinates":[-35.7481,-7.84746]}},{"type":"Feature","properties":{"municipio":"3001e8e7-8a21-4bbe-9cbb-a8dabf5ca71f","title":"PE - SERRA TALHADA","name":"PE - SERRA TALHADA","tipo":"Munic\u00edpio","url":"\/dashboard\/details-assets\/3001e8e7-8a21-4bbe-9cbb-a8dabf5ca71f"},"geometry":{"type":"Point","coordinates":[-38.289,-7.98178]}},{"type":"Feature","properties":{"municipio":"b0584a91-bb43-44be-b692-62c04a8f1bc7","title":"PE - SAO LOURENCO DA MATA","name":"PE - SAO LOURENCO DA MATA","tipo":"Munic\u00edpio","url":"\/dashboard\/details-assets\/b0584a91-bb43-44be-b692-62c04a8f1bc7"},"geometry":{"type":"Point","coordinates":[-35.0124,-8.00684]}},{"type":"Feature","properties":{"municipio":"e1a8236b-997c-4e49-b88e-e81a36d1956e","title":"PE - SAO JOSE DO EGITO","name":"PE - SAO JOSE DO EGITO","tipo":"Munic\u00edpio","url":"\/dashboard\/details-assets\/e1a8236b-997c-4e49-b88e-e81a36d1956e"},"geometry":{"type":"Point","coordinates":[-37.274,-7.46945]}},{"type":"Feature","properties":{"municipio":"b3098255-0813-4fe4-9845-a78bc53d7797","title":"PE - SAO JOSE DO BELMONTE","name":"PE - SAO JOSE DO BELMONTE","tipo":"Munic\u00edpio","url":"\/dashboard\/details-assets\/b3098255-0813-4fe4-9845-a78bc53d7797"},"geometry":{"type":"Point","coordinates":[-38.7577,-7.85723]}},{"type":"Feature","properties":{"municipio":"8fc75eaa-39bc-476a-9936-86d99834689a","title":"PE - SAO BENTO DO UNA","name":"PE - SAO BENTO DO UNA","tipo":"Munic\u00edpio","url":"\/dashboard\/details-assets\/8fc75eaa-39bc-476a-9936-86d99834689a"},"geometry":{"type":"Point","coordinates":[-36.4465,-8.52637]}},{"type":"Feature","properties":{"municipio":"12c59b1e-30bc-43c7-801d-c4663a6cb2b4","title":"PE - SAO JOSE DA COROA GRANDE","name":"PE - SAO JOSE DA COROA GRANDE","tipo":"Munic\u00edpio","url":"\/dashboard\/details-assets\/12c59b1e-30bc-43c7-801d-c4663a6cb2b4"},"geometry":{"type":"Point","coordinates":[-35.1515,-8.88937]}},{"type":"Feature","properties":{"municipio":"c959e054-c19d-4238-bd77-d79530d4f9bc","title":"PE - SANTA CRUZ DO CAPIBARIBE","name":"PE - SANTA CRUZ DO CAPIBARIBE","tipo":"Munic\u00edpio","url":"\/dashboard\/details-assets\/c959e054-c19d-4238-bd77-d79530d4f9bc"},"geometry":{"type":"Point","coordinates":[-36.2061,-7.94802]}},{"type":"Feature","properties":{"municipio":"b2605dbb-f333-4b50-8702-baef1597b8f5","title":"PE - SALGUEIRO","name":"PE - SALGUEIRO","tipo":"Munic\u00edpio","url":"\/dashboard\/details-assets\/b2605dbb-f333-4b50-8702-baef1597b8f5"},"geometry":{"type":"Point","coordinates":[-39.1247,-8.07373]}},{"type":"Feature","properties":{"municipio":"350b2e04-4c3c-4a03-bf50-f04f161efc77","title":"PE - RECIFE","name":"PE - RECIFE","tipo":"Munic\u00edpio","url":"\/dashboard\/details-assets\/350b2e04-4c3c-4a03-bf50-f04f161efc77"},"geometry":{"type":"Point","coordinates":[-34.8771,-8.04666]}},{"type":"Feature","properties":{"municipio":"81635d5b-873c-43e6-9939-2797c946b812","title":"PE - PETROLINA","name":"PE - PETROLINA","tipo":"Munic\u00edpio","url":"\/dashboard\/details-assets\/81635d5b-873c-43e6-9939-2797c946b812"},"geometry":{"type":"Point","coordinates":[-40.5027,-9.38866]}},{"type":"Feature","properties":{"municipio":"f7bdf825-2d31-464c-908a-1bf240fec622","title":"PE - PETROLANDIA","name":"PE - PETROLANDIA","tipo":"Munic\u00edpio","url":"\/dashboard\/details-assets\/f7bdf825-2d31-464c-908a-1bf240fec622"},"geometry":{"type":"Point","coordinates":[-38.3027,-9.06863]}},{"type":"Feature","properties":{"municipio":"7f1d3c33-49ef-4083-aa02-c7604d3d7369","title":"PE - PESQUEIRA","name":"PE - PESQUEIRA","tipo":"Munic\u00edpio","url":"\/dashboard\/details-assets\/7f1d3c33-49ef-4083-aa02-c7604d3d7369"},"geometry":{"type":"Point","coordinates":[-36.6978,-8.35797]}},{"type":"Feature","properties":{"municipio":"85b77fba-9a04-4840-a2fd-6dd86d587ee2","title":"PE - PAULISTA","name":"PE - PAULISTA","tipo":"Munic\u00edpio","url":"\/dashboard\/details-assets\/85b77fba-9a04-4840-a2fd-6dd86d587ee2"},"geometry":{"type":"Point","coordinates":[-34.8684,-7.93401]}},{"type":"Feature","properties":{"municipio":"af2d5997-231d-4469-ad27-fffd3787bd01","title":"PE - PALMARES","name":"PE - PALMARES","tipo":"Munic\u00edpio","url":"\/dashboard\/details-assets\/af2d5997-231d-4469-ad27-fffd3787bd01"},"geometry":{"type":"Point","coordinates":[-35.589,-8.68423]}},{"type":"Feature","properties":{"municipio":"d2bf72fd-2ce4-42ea-9df0-8a585e4fa2d0","title":"PE - OURICURI","name":"PE - OURICURI","tipo":"Munic\u00edpio","url":"\/dashboard\/details-assets\/d2bf72fd-2ce4-42ea-9df0-8a585e4fa2d0"},"geometry":{"type":"Point","coordinates":[-40.08,-7.87918]}},{"type":"Feature","properties":{"municipio":"2811d94d-b1a0-46bf-a4d3-c4dfc2bf80af","title":"PE - NAZARE DA MATA","name":"PE - NAZARE DA MATA","tipo":"Munic\u00edpio","url":"\/dashboard\/details-assets\/2811d94d-b1a0-46bf-a4d3-c4dfc2bf80af"},"geometry":{"type":"Point","coordinates":[-35.2193,-7.74149]}},{"type":"Feature","properties":{"municipio":"87c004d1-a094-42da-a4d2-71148e8748f6","title":"PE - OLINDA","name":"PE - OLINDA","tipo":"Munic\u00edpio","url":"\/dashboard\/details-assets\/87c004d1-a094-42da-a4d2-71148e8748f6"},"geometry":{"type":"Point","coordinates":[-34.8545,-8.01017]}},{"type":"Feature","properties":{"municipio":"bed1ca03-5d80-4d21-ac2c-2d4f1014906b","title":"PE - LIMOEIRO","name":"PE - LIMOEIRO","tipo":"Munic\u00edpio","url":"\/dashboard\/details-assets\/bed1ca03-5d80-4d21-ac2c-2d4f1014906b"},"geometry":{"type":"Point","coordinates":[-35.4402,-7.8726]}},{"type":"Feature","properties":{"municipio":"2f4fa0de-773e-468a-9bfd-5c674ffa6491","title":"PE - LAJEDO","name":"PE - LAJEDO","tipo":"Munic\u00edpio","url":"\/dashboard\/details-assets\/2f4fa0de-773e-468a-9bfd-5c674ffa6491"},"geometry":{"type":"Point","coordinates":[-36.3293,-8.65791]}},{"type":"Feature","properties":{"municipio":"953401b2-461d-4773-b721-42cf5357df86","title":"PE - JABOATAO DOS GUARARAPES","name":"PE - JABOATAO DOS GUARARAPES","tipo":"Munic\u00edpio","url":"\/dashboard\/details-assets\/953401b2-461d-4773-b721-42cf5357df86"},"geometry":{"type":"Point","coordinates":[-35.015,-8.11298]}},{"type":"Feature","properties":{"municipio":"ebc1942a-328d-4f9f-a5a4-36546450dacd","title":"PE - ILHA DE ITAMARACA","name":"PE - ILHA DE ITAMARACA","tipo":"Munic\u00edpio","url":"\/dashboard\/details-assets\/ebc1942a-328d-4f9f-a5a4-36546450dacd"},"geometry":{"type":"Point","coordinates":[-34.8303,-7.74766]}},{"type":"Feature","properties":{"municipio":"53fd54fd-fae2-4a18-8af6-f12ba2b56f5b","title":"PE - IPOJUCA","name":"PE - IPOJUCA","tipo":"Munic\u00edpio","url":"\/dashboard\/details-assets\/53fd54fd-fae2-4a18-8af6-f12ba2b56f5b"},"geometry":{"type":"Point","coordinates":[-35.0609,-8.39303]}},{"type":"Feature","properties":{"municipio":"663e4b28-3a26-418c-acdf-6ca9962bab99","title":"PE - INAJA","name":"PE - INAJA","tipo":"Munic\u00edpio","url":"\/dashboard\/details-assets\/663e4b28-3a26-418c-acdf-6ca9962bab99"},"geometry":{"type":"Point","coordinates":[-37.8351,-8.90206]}},{"type":"Feature","properties":{"municipio":"6951c520-87e0-4b22-b402-a886af939bac","title":"PE - IGARASSU","name":"PE - IGARASSU","tipo":"Munic\u00edpio","url":"\/dashboard\/details-assets\/6951c520-87e0-4b22-b402-a886af939bac"},"geometry":{"type":"Point","coordinates":[-34.9013,-7.82881]}},{"type":"Feature","properties":{"municipio":"66c1dd42-4f9d-4c32-b723-0b8d6ca32103","title":"PE - GRAVATA","name":"PE - GRAVATA","tipo":"Munic\u00edpio","url":"\/dashboard\/details-assets\/66c1dd42-4f9d-4c32-b723-0b8d6ca32103"},"geometry":{"type":"Point","coordinates":[-35.5675,-8.21118]}},{"type":"Feature","properties":{"municipio":"5a705e12-6df1-4e46-93ae-ffa5f0d87541","title":"PE - GOIANA","name":"PE - GOIANA","tipo":"Munic\u00edpio","url":"\/dashboard\/details-assets\/5a705e12-6df1-4e46-93ae-ffa5f0d87541"},"geometry":{"type":"Point","coordinates":[-34.9959,-7.5606]}},{"type":"Feature","properties":{"municipio":"651704d1-8f4e-4872-9d35-1a1ee2902ef5","title":"PE - GARANHUNS","name":"PE - GARANHUNS","tipo":"Munic\u00edpio","url":"\/dashboard\/details-assets\/651704d1-8f4e-4872-9d35-1a1ee2902ef5"},"geometry":{"type":"Point","coordinates":[-36.4966,-8.88243]}},{"type":"Feature","properties":{"municipio":"fa3c2200-f407-4fa3-a1f3-a2bac68c97bb","title":"PE - EXU","name":"PE - EXU","tipo":"Munic\u00edpio","url":"\/dashboard\/details-assets\/fa3c2200-f407-4fa3-a1f3-a2bac68c97bb"},"geometry":{"type":"Point","coordinates":[-39.7238,-7.50364]}},{"type":"Feature","properties":{"municipio":"a3771b8a-1c37-42ac-be66-5bc750b38597","title":"PE - ESCADA","name":"PE - ESCADA","tipo":"Munic\u00edpio","url":"\/dashboard\/details-assets\/a3771b8a-1c37-42ac-be66-5bc750b38597"},"geometry":{"type":"Point","coordinates":[-35.2241,-8.35672]}},{"type":"Feature","properties":{"municipio":"a441490b-00b2-49d0-aa61-20cafcfdf0b2","title":"PE - CUSTODIA","name":"PE - CUSTODIA","tipo":"Munic\u00edpio","url":"\/dashboard\/details-assets\/a441490b-00b2-49d0-aa61-20cafcfdf0b2"},"geometry":{"type":"Point","coordinates":[-37.6443,-8.08546]}},{"type":"Feature","properties":{"municipio":"d440e8a5-c9e3-46d3-b2e9-59a217877f9c","title":"PE - DORMENTES","name":"PE - DORMENTES","tipo":"Munic\u00edpio","url":"\/dashboard\/details-assets\/d440e8a5-c9e3-46d3-b2e9-59a217877f9c"},"geometry":{"type":"Point","coordinates":[-40.7662,-8.44116]}},{"type":"Feature","properties":{"municipio":"8162f511-0e09-456b-8c1f-8e0787c45da5","title":"PE - CARUARU","name":"PE - CARUARU","tipo":"Munic\u00edpio","url":"\/dashboard\/details-assets\/8162f511-0e09-456b-8c1f-8e0787c45da5"},"geometry":{"type":"Point","coordinates":[-35.9699,-8.28455]}},{"type":"Feature","properties":{"municipio":"543ae19b-401f-4696-bb1a-37b666f3fe30","title":"PE - CARPINA","name":"PE - CARPINA","tipo":"Munic\u00edpio","url":"\/dashboard\/details-assets\/543ae19b-401f-4696-bb1a-37b666f3fe30"},"geometry":{"type":"Point","coordinates":[-35.2514,-7.84566]}},{"type":"Feature","properties":{"municipio":"2a75628b-22f3-4c34-9783-0ce5d10dfe5f","title":"PE - CAMARAGIBE","name":"PE - CAMARAGIBE","tipo":"Munic\u00edpio","url":"\/dashboard\/details-assets\/2a75628b-22f3-4c34-9783-0ce5d10dfe5f"},"geometry":{"type":"Point","coordinates":[-34.9782,-8.02351]}},{"type":"Feature","properties":{"municipio":"8d0d4326-fa6f-4c95-963c-1e87772d71bc","title":"PE - CABO DE SANTO AGOSTINHO","name":"PE - CABO DE SANTO AGOSTINHO","tipo":"Munic\u00edpio","url":"\/dashboard\/details-assets\/8d0d4326-fa6f-4c95-963c-1e87772d71bc"},"geometry":{"type":"Point","coordinates":[-35.0253,-8.28218]}},{"type":"Feature","properties":{"municipio":"803c3821-ce5d-4731-b185-c455cdcbd4c9","title":"PE - BONITO","name":"PE - BONITO","tipo":"Munic\u00edpio","url":"\/dashboard\/details-assets\/803c3821-ce5d-4731-b185-c455cdcbd4c9"},"geometry":{"type":"Point","coordinates":[-35.7292,-8.47163]}},{"type":"Feature","properties":{"municipio":"cd431b4a-d273-443f-9bd7-ef804213f130","title":"PE - BELO JARDIM","name":"PE - BELO JARDIM","tipo":"Munic\u00edpio","url":"\/dashboard\/details-assets\/cd431b4a-d273-443f-9bd7-ef804213f130"},"geometry":{"type":"Point","coordinates":[-36.4258,-8.3313]}},{"type":"Feature","properties":{"municipio":"2e14f5ee-09d8-432a-be39-6a4abd2fe755","title":"PE - BEZERROS","name":"PE - BEZERROS","tipo":"Munic\u00edpio","url":"\/dashboard\/details-assets\/2e14f5ee-09d8-432a-be39-6a4abd2fe755"},"geometry":{"type":"Point","coordinates":[-35.796,-8.2328]}},{"type":"Feature","properties":{"municipio":"beaf380b-990e-48d6-ac65-9677dd57e804","title":"PE - BELEM DO SAO FRANCISCO","name":"PE - BELEM DO SAO FRANCISCO","tipo":"Munic\u00edpio","url":"\/dashboard\/details-assets\/beaf380b-990e-48d6-ac65-9677dd57e804"},"geometry":{"type":"Point","coordinates":[-38.9623,-8.75046]}},{"type":"Feature","properties":{"municipio":"e7a7fa19-7c08-4c39-b166-da600bb751b6","title":"PE - BARREIROS","name":"PE - BARREIROS","tipo":"Munic\u00edpio","url":"\/dashboard\/details-assets\/e7a7fa19-7c08-4c39-b166-da600bb751b6"},"geometry":{"type":"Point","coordinates":[-35.1832,-8.81605]}},{"type":"Feature","properties":{"municipio":"cf53a359-e540-468a-9254-4f8aba2f7aa1","title":"PE - ARCOVERDE","name":"PE - ARCOVERDE","tipo":"Munic\u00edpio","url":"\/dashboard\/details-assets\/cf53a359-e540-468a-9254-4f8aba2f7aa1"},"geometry":{"type":"Point","coordinates":[-37.0577,-8.41519]}},{"type":"Feature","properties":{"municipio":"4e91bf38-cf2b-40ce-9239-c467ca188c50","title":"PE - ARARIPINA","name":"PE - ARARIPINA","tipo":"Munic\u00edpio","url":"\/dashboard\/details-assets\/4e91bf38-cf2b-40ce-9239-c467ca188c50"},"geometry":{"type":"Point","coordinates":[-40.494,-7.57073]}},{"type":"Feature","properties":{"municipio":"e3cbf608-9fc0-4697-8229-663e47c9878a","title":"PE - AMARAJI","name":"PE - AMARAJI","tipo":"Munic\u00edpio","url":"\/dashboard\/details-assets\/e3cbf608-9fc0-4697-8229-663e47c9878a"},"geometry":{"type":"Point","coordinates":[-35.4501,-8.37691]}},{"type":"Feature","properties":{"municipio":"04ad47aa-55ab-4bb6-a059-e269bb018c9b","title":"PE - AGUAS BELAS","name":"PE - AGUAS BELAS","tipo":"Munic\u00edpio","url":"\/dashboard\/details-assets\/04ad47aa-55ab-4bb6-a059-e269bb018c9b"},"geometry":{"type":"Point","coordinates":[-37.1226,-9.11125]}},{"type":"Feature","properties":{"municipio":"e2619304-23eb-4d27-a251-db59ecee4911","title":"PE - AFRANIO","name":"PE - AFRANIO","tipo":"Munic\u00edpio","url":"\/dashboard\/details-assets\/e2619304-23eb-4d27-a251-db59ecee4911"},"geometry":{"type":"Point","coordinates":[-41.0095,-8.51136]}},{"type":"Feature","properties":{"municipio":"ebfc3fca-aa27-41a0-ba0d-b8a57c313e66","title":"PE - AFOGADOS DA INGAZEIRA","name":"PE - AFOGADOS DA INGAZEIRA","tipo":"Munic\u00edpio","url":"\/dashboard\/details-assets\/ebfc3fca-aa27-41a0-ba0d-b8a57c313e66"},"geometry":{"type":"Point","coordinates":[-37.631,-7.74312]}},{"type":"Feature","properties":{"municipio":"087d4c0e-02df-4556-bb0a-a8605f246446","title":"PE - ABREU E LIMA","name":"PE - ABREU E LIMA","tipo":"Munic\u00edpio","url":"\/dashboard\/details-assets\/087d4c0e-02df-4556-bb0a-a8605f246446"},"geometry":{"type":"Point","coordinates":[-34.8984,-7.90072]}},{"type":"Feature","properties":{"municipio":"42a90f0c-19db-4ed2-8b48-bf6e46f74435","title":"PB - SUME","name":"PB - SUME","tipo":"Munic\u00edpio","url":"\/dashboard\/details-assets\/42a90f0c-19db-4ed2-8b48-bf6e46f74435"},"geometry":{"type":"Point","coordinates":[-36.884,-7.66206]}},{"type":"Feature","properties":{"municipio":"2677c85d-5876-44fb-951f-4797ab1de5f8","title":"PB - SOLANEA","name":"PB - SOLANEA","tipo":"Munic\u00edpio","url":"\/dashboard\/details-assets\/2677c85d-5876-44fb-951f-4797ab1de5f8"},"geometry":{"type":"Point","coordinates":[-35.6636,-6.75161]}},{"type":"Feature","properties":{"municipio":"f85dfc7f-5ce9-4310-9cfa-1cace85052d6","title":"PB - SOUSA","name":"PB - SOUSA","tipo":"Munic\u00edpio","url":"\/dashboard\/details-assets\/f85dfc7f-5ce9-4310-9cfa-1cace85052d6"},"geometry":{"type":"Point","coordinates":[-38.2311,-6.75148]}},{"type":"Feature","properties":{"municipio":"7f4bffa3-4353-4aff-af03-59f3cc4d885d","title":"PB - SERTAOZINHO","name":"PB - SERTAOZINHO","tipo":"Munic\u00edpio","url":"\/dashboard\/details-assets\/7f4bffa3-4353-4aff-af03-59f3cc4d885d"},"geometry":{"type":"Point","coordinates":[-35.4372,-6.75127]}},{"type":"Feature","properties":{"municipio":"fcc57709-20df-4fc6-900a-6879be4052d8","title":"PB - SAPE","name":"PB - SAPE","tipo":"Munic\u00edpio","url":"\/dashboard\/details-assets\/fcc57709-20df-4fc6-900a-6879be4052d8"},"geometry":{"type":"Point","coordinates":[-35.228,-7.09359]}},{"type":"Feature","properties":{"municipio":"83aab8ae-88e9-4091-853e-a5ff4f45cbdb","title":"PB - SAO JOSE DE PIRANHAS","name":"PB - SAO JOSE DE PIRANHAS","tipo":"Munic\u00edpio","url":"\/dashboard\/details-assets\/83aab8ae-88e9-4091-853e-a5ff4f45cbdb"},"geometry":{"type":"Point","coordinates":[-38.502,-7.1187]}},{"type":"Feature","properties":{"municipio":"89494a3e-e6b1-4173-8a5e-1372b925d0f8","title":"PB - SAO BENTO","name":"PB - SAO BENTO","tipo":"Munic\u00edpio","url":"\/dashboard\/details-assets\/89494a3e-e6b1-4173-8a5e-1372b925d0f8"},"geometry":{"type":"Point","coordinates":[-37.4488,-6.48529]}},{"type":"Feature","properties":{"municipio":"0e31795a-5c5a-4cf6-b84a-d51701eb896e","title":"PB - SANTO ANDRE","name":"PB - SANTO ANDRE","tipo":"Munic\u00edpio","url":"\/dashboard\/details-assets\/0e31795a-5c5a-4cf6-b84a-d51701eb896e"},"geometry":{"type":"Point","coordinates":[-36.6213,-7.22016]}},{"type":"Feature","properties":{"municipio":"ac56ff54-23f6-4d81-97b9-486721c30349","title":"PB - SANTA LUZIA","name":"PB - SANTA LUZIA","tipo":"Munic\u00edpio","url":"\/dashboard\/details-assets\/ac56ff54-23f6-4d81-97b9-486721c30349"},"geometry":{"type":"Point","coordinates":[-36.9178,-6.86092]}},{"type":"Feature","properties":{"municipio":"7313e422-a5bd-42f2-b6ac-8d2f00e03079","title":"PB - SANTA RITA","name":"PB - SANTA RITA","tipo":"Munic\u00edpio","url":"\/dashboard\/details-assets\/7313e422-a5bd-42f2-b6ac-8d2f00e03079"},"geometry":{"type":"Point","coordinates":[-34.9753,-7.11724]}},{"type":"Feature","properties":{"municipio":"f1bba36a-e0df-4db5-ba16-fd28573e59b0","title":"PB - RIO TINTO","name":"PB - RIO TINTO","tipo":"Munic\u00edpio","url":"\/dashboard\/details-assets\/f1bba36a-e0df-4db5-ba16-fd28573e59b0"},"geometry":{"type":"Point","coordinates":[-35.0776,-6.80383]}},{"type":"Feature","properties":{"municipio":"2a198913-5d16-4e9b-94fc-c6db95f13488","title":"PB - POMBAL","name":"PB - POMBAL","tipo":"Munic\u00edpio","url":"\/dashboard\/details-assets\/2a198913-5d16-4e9b-94fc-c6db95f13488"},"geometry":{"type":"Point","coordinates":[-37.8003,-6.76606]}},{"type":"Feature","properties":{"municipio":"2f0864a5-e150-447b-9121-d5350dcacc48","title":"PB - PICUI","name":"PB - PICUI","tipo":"Munic\u00edpio","url":"\/dashboard\/details-assets\/2f0864a5-e150-447b-9121-d5350dcacc48"},"geometry":{"type":"Point","coordinates":[-36.3497,-6.50845]}},{"type":"Feature","properties":{"municipio":"c35cd29a-c06a-4908-8833-fe4be5467ca6","title":"PB - PAULISTA","name":"PB - PAULISTA","tipo":"Munic\u00edpio","url":"\/dashboard\/details-assets\/c35cd29a-c06a-4908-8833-fe4be5467ca6"},"geometry":{"type":"Point","coordinates":[-37.6185,-6.59138]}},{"type":"Feature","properties":{"municipio":"0c0ebec8-de99-4d56-a052-d0939e602f4e","title":"PB - PATOS","name":"PB - PATOS","tipo":"Munic\u00edpio","url":"\/dashboard\/details-assets\/0c0ebec8-de99-4d56-a052-d0939e602f4e"},"geometry":{"type":"Point","coordinates":[-37.2747,-7.01743]}},{"type":"Feature","properties":{"municipio":"96bdf62a-987a-4117-ae3a-34ef6bd429b1","title":"PB - MONTEIRO","name":"PB - MONTEIRO","tipo":"Munic\u00edpio","url":"\/dashboard\/details-assets\/96bdf62a-987a-4117-ae3a-34ef6bd429b1"},"geometry":{"type":"Point","coordinates":[-37.1184,-7.88363]}},{"type":"Feature","properties":{"municipio":"2bf367ba-992f-45c2-a94b-07cedee80b06","title":"PB - MAMANGUAPE","name":"PB - MAMANGUAPE","tipo":"Munic\u00edpio","url":"\/dashboard\/details-assets\/2bf367ba-992f-45c2-a94b-07cedee80b06"},"geometry":{"type":"Point","coordinates":[-35.1213,-6.8337]}},{"type":"Feature","properties":{"municipio":"d4c2ab0b-05b7-4d75-b8be-1679f8897e52","title":"PB - JOAO PESSOA","name":"PB - JOAO PESSOA","tipo":"Munic\u00edpio","url":"\/dashboard\/details-assets\/d4c2ab0b-05b7-4d75-b8be-1679f8897e52"},"geometry":{"type":"Point","coordinates":[-34.8641,-7.11509]}},{"type":"Feature","properties":{"municipio":"3bdb7551-6d41-4ffb-ba89-b8cea8708873","title":"PB - ITAPORANGA","name":"PB - ITAPORANGA","tipo":"Munic\u00edpio","url":"\/dashboard\/details-assets\/3bdb7551-6d41-4ffb-ba89-b8cea8708873"},"geometry":{"type":"Point","coordinates":[-38.1504,-7.30202]}},{"type":"Feature","properties":{"municipio":"93aad121-5e50-4c4e-b86d-11ab9868545f","title":"PB - ITABAIANA","name":"PB - ITABAIANA","tipo":"Munic\u00edpio","url":"\/dashboard\/details-assets\/93aad121-5e50-4c4e-b86d-11ab9868545f"},"geometry":{"type":"Point","coordinates":[-35.3317,-7.33167]}},{"type":"Feature","properties":{"municipio":"eb9cd1d7-7b6f-4bf5-88ab-b6f51652c821","title":"PB - GUARABIRA","name":"PB - GUARABIRA","tipo":"Munic\u00edpio","url":"\/dashboard\/details-assets\/eb9cd1d7-7b6f-4bf5-88ab-b6f51652c821"},"geometry":{"type":"Point","coordinates":[-35.485,-6.85064]}},{"type":"Feature","properties":{"municipio":"5486caea-3743-41ea-b5a3-9251ef1db825","title":"PB - ESPERANCA","name":"PB - ESPERANCA","tipo":"Munic\u00edpio","url":"\/dashboard\/details-assets\/5486caea-3743-41ea-b5a3-9251ef1db825"},"geometry":{"type":"Point","coordinates":[-35.8597,-7.02278]}},{"type":"Feature","properties":{"municipio":"92312c16-6516-4f62-8bf2-1b64e087774f","title":"PB - CUITE","name":"PB - CUITE","tipo":"Munic\u00edpio","url":"\/dashboard\/details-assets\/92312c16-6516-4f62-8bf2-1b64e087774f"},"geometry":{"type":"Point","coordinates":[-36.1515,-6.47647]}},{"type":"Feature","properties":{"municipio":"a70a111b-7170-4c59-a393-9a67c54c6806","title":"PB - CATOLE DO ROCHA","name":"PB - CATOLE DO ROCHA","tipo":"Munic\u00edpio","url":"\/dashboard\/details-assets\/a70a111b-7170-4c59-a393-9a67c54c6806"},"geometry":{"type":"Point","coordinates":[-37.747,-6.34062]}},{"type":"Feature","properties":{"municipio":"94e1c88a-68db-49fa-8540-27a39937433b","title":"PB - CAMPINA GRANDE","name":"PB - CAMPINA GRANDE","tipo":"Munic\u00edpio","url":"\/dashboard\/details-assets\/94e1c88a-68db-49fa-8540-27a39937433b"},"geometry":{"type":"Point","coordinates":[-35.8731,-7.22196]}},{"type":"Feature","properties":{"municipio":"9a4aac76-6f4a-44ce-9126-cfd0dae907ec","title":"PB - CAJAZEIRAS","name":"PB - CAJAZEIRAS","tipo":"Munic\u00edpio","url":"\/dashboard\/details-assets\/9a4aac76-6f4a-44ce-9126-cfd0dae907ec"},"geometry":{"type":"Point","coordinates":[-38.5577,-6.88004]}},{"type":"Feature","properties":{"municipio":"b5a3619c-c1ce-477f-931d-427e3dae7aea","title":"PB - CABEDELO","name":"PB - CABEDELO","tipo":"Munic\u00edpio","url":"\/dashboard\/details-assets\/b5a3619c-c1ce-477f-931d-427e3dae7aea"},"geometry":{"type":"Point","coordinates":[-34.8284,-6.98731]}},{"type":"Feature","properties":{"municipio":"df8cba69-0490-4d5a-85a8-f8975bf5c7fb","title":"PB - BELEM","name":"PB - BELEM","tipo":"Munic\u00edpio","url":"\/dashboard\/details-assets\/df8cba69-0490-4d5a-85a8-f8975bf5c7fb"},"geometry":{"type":"Point","coordinates":[-35.5166,-6.74261]}},{"type":"Feature","properties":{"municipio":"a070c557-2a88-4bb5-a284-f11f6f826791","title":"PB - BANANEIRAS","name":"PB - BANANEIRAS","tipo":"Munic\u00edpio","url":"\/dashboard\/details-assets\/a070c557-2a88-4bb5-a284-f11f6f826791"},"geometry":{"type":"Point","coordinates":[-35.6246,-6.74775]}},{"type":"Feature","properties":{"municipio":"279edf1a-3d36-4e85-9ce8-c1409cbab391","title":"PB - BAYEUX","name":"PB - BAYEUX","tipo":"Munic\u00edpio","url":"\/dashboard\/details-assets\/279edf1a-3d36-4e85-9ce8-c1409cbab391"},"geometry":{"type":"Point","coordinates":[-34.9293,-7.1238]}},{"type":"Feature","properties":{"municipio":"7e12c11f-b72b-47e7-b216-d489332ff0ec","title":"PA - XINGUARA","name":"PA - XINGUARA","tipo":"Munic\u00edpio","url":"\/dashboard\/details-assets\/7e12c11f-b72b-47e7-b216-d489332ff0ec"},"geometry":{"type":"Point","coordinates":[-49.9437,-7.0983]}},{"type":"Feature","properties":{"municipio":"64b48f56-1b1f-49d6-ba9c-94d7d2a5bddc","title":"PA - VISEU","name":"PA - VISEU","tipo":"Munic\u00edpio","url":"\/dashboard\/details-assets\/64b48f56-1b1f-49d6-ba9c-94d7d2a5bddc"},"geometry":{"type":"Point","coordinates":[-46.1399,-1.19124]}},{"type":"Feature","properties":{"municipio":"411943a5-a4d5-4481-9116-428f8db22bc3","title":"PA - VIGIA","name":"PA - VIGIA","tipo":"Munic\u00edpio","url":"\/dashboard\/details-assets\/411943a5-a4d5-4481-9116-428f8db22bc3"},"geometry":{"type":"Point","coordinates":[-48.1386,-0.861194]}},{"type":"Feature","properties":{"municipio":"160478d9-ac75-4b95-8dc3-155afeb59184","title":"PA - URUARA","name":"PA - URUARA","tipo":"Munic\u00edpio","url":"\/dashboard\/details-assets\/160478d9-ac75-4b95-8dc3-155afeb59184"},"geometry":{"type":"Point","coordinates":[-53.7396,-3.71519]}},{"type":"Feature","properties":{"municipio":"75353096-fd9e-4524-952f-3f87ba476451","title":"PA - TUCURUI","name":"PA - TUCURUI","tipo":"Munic\u00edpio","url":"\/dashboard\/details-assets\/75353096-fd9e-4524-952f-3f87ba476451"},"geometry":{"type":"Point","coordinates":[-49.6773,-3.7657]}},{"type":"Feature","properties":{"municipio":"a3483a8e-4435-499e-b8dd-1686c28ad3de","title":"PA - ULIANOPOLIS","name":"PA - ULIANOPOLIS","tipo":"Munic\u00edpio","url":"\/dashboard\/details-assets\/a3483a8e-4435-499e-b8dd-1686c28ad3de"},"geometry":{"type":"Point","coordinates":[-47.4892,-3.75007]}},{"type":"Feature","properties":{"municipio":"14b7e560-4955-48a9-9331-e45e4902ddac","title":"PA - TUCUMA","name":"PA - TUCUMA","tipo":"Munic\u00edpio","url":"\/dashboard\/details-assets\/14b7e560-4955-48a9-9331-e45e4902ddac"},"geometry":{"type":"Point","coordinates":[-51.1626,-6.74687]}},{"type":"Feature","properties":{"municipio":"cdc169be-eaa6-4b3a-8dd8-73de292e0910","title":"PA - TOME-ACU","name":"PA - TOME-ACU","tipo":"Munic\u00edpio","url":"\/dashboard\/details-assets\/cdc169be-eaa6-4b3a-8dd8-73de292e0910"},"geometry":{"type":"Point","coordinates":[-48.1415,-2.41302]}},{"type":"Feature","properties":{"municipio":"b4053a44-9860-43e2-ac72-0caff3b484e9","title":"PA - TERRA SANTA","name":"PA - TERRA SANTA","tipo":"Munic\u00edpio","url":"\/dashboard\/details-assets\/b4053a44-9860-43e2-ac72-0caff3b484e9"},"geometry":{"type":"Point","coordinates":[-56.4877,-2.10443]}},{"type":"Feature","properties":{"municipio":"2350a49f-63ae-4973-a593-e63c4001d1b9","title":"PA - SAO SEBASTIAO DA BOA VISTA","name":"PA - SAO SEBASTIAO DA BOA VISTA","tipo":"Munic\u00edpio","url":"\/dashboard\/details-assets\/2350a49f-63ae-4973-a593-e63c4001d1b9"},"geometry":{"type":"Point","coordinates":[-49.5249,-1.71597]}},{"type":"Feature","properties":{"municipio":"e006d6a8-4f8d-4b22-b5f6-bf9b06bb74de","title":"PA - TAILANDIA","name":"PA - TAILANDIA","tipo":"Munic\u00edpio","url":"\/dashboard\/details-assets\/e006d6a8-4f8d-4b22-b5f6-bf9b06bb74de"},"geometry":{"type":"Point","coordinates":[-48.9489,-2.94584]}},{"type":"Feature","properties":{"municipio":"b7d10162-5750-4be1-9b65-21017bc001e1","title":"PA - SAO MIGUEL DO GUAMA","name":"PA - SAO MIGUEL DO GUAMA","tipo":"Munic\u00edpio","url":"\/dashboard\/details-assets\/b7d10162-5750-4be1-9b65-21017bc001e1"},"geometry":{"type":"Point","coordinates":[-47.4784,-1.61307]}},{"type":"Feature","properties":{"municipio":"60e79ba5-d1a0-42e1-9368-e9cc23260198","title":"PA - SAO GERALDO DO ARAGUAIA","name":"PA - SAO GERALDO DO ARAGUAIA","tipo":"Munic\u00edpio","url":"\/dashboard\/details-assets\/60e79ba5-d1a0-42e1-9368-e9cc23260198"},"geometry":{"type":"Point","coordinates":[-48.5592,-6.39471]}},{"type":"Feature","properties":{"municipio":"20ef67cd-8006-4062-b388-20ede2f81205","title":"PA - SAO FELIX DO XINGU","name":"PA - SAO FELIX DO XINGU","tipo":"Munic\u00edpio","url":"\/dashboard\/details-assets\/20ef67cd-8006-4062-b388-20ede2f81205"},"geometry":{"type":"Point","coordinates":[-51.9904,-6.64254]}},{"type":"Feature","properties":{"municipio":"a88b0f89-f4ce-4567-a932-3487f10d019a","title":"PA - SANTO ANTONIO DO TAUA","name":"PA - SANTO ANTONIO DO TAUA","tipo":"Munic\u00edpio","url":"\/dashboard\/details-assets\/a88b0f89-f4ce-4567-a932-3487f10d019a"},"geometry":{"type":"Point","coordinates":[-48.1314,-1.1522]}},{"type":"Feature","properties":{"municipio":"21d6539a-770f-4ecc-9b33-bf7181fdea4e","title":"PA - SANTAREM","name":"PA - SANTAREM","tipo":"Munic\u00edpio","url":"\/dashboard\/details-assets\/21d6539a-770f-4ecc-9b33-bf7181fdea4e"},"geometry":{"type":"Point","coordinates":[-54.6996,-2.43849]}},{"type":"Feature","properties":{"municipio":"a0a4c366-db04-47ad-919f-83d13f637924","title":"PA - SANTANA DO ARAGUAIA","name":"PA - SANTANA DO ARAGUAIA","tipo":"Munic\u00edpio","url":"\/dashboard\/details-assets\/a0a4c366-db04-47ad-919f-83d13f637924"},"geometry":{"type":"Point","coordinates":[-50.35,-9.3281]}},{"type":"Feature","properties":{"municipio":"71983c59-1605-4244-bc9d-d3752d0e9a36","title":"PA - SANTA IZABEL DO PARA","name":"PA - SANTA IZABEL DO PARA","tipo":"Munic\u00edpio","url":"\/dashboard\/details-assets\/71983c59-1605-4244-bc9d-d3752d0e9a36"},"geometry":{"type":"Point","coordinates":[-48.1606,-1.29686]}},{"type":"Feature","properties":{"municipio":"2e6894bc-1544-455e-a050-339affc1a6dc","title":"PA - SALVATERRA","name":"PA - SALVATERRA","tipo":"Munic\u00edpio","url":"\/dashboard\/details-assets\/2e6894bc-1544-455e-a050-339affc1a6dc"},"geometry":{"type":"Point","coordinates":[-48.5139,-0.758444]}},{"type":"Feature","properties":{"municipio":"bd3292f5-c3ab-447f-8772-a66269518095","title":"PA - SALINOPOLIS","name":"PA - SALINOPOLIS","tipo":"Munic\u00edpio","url":"\/dashboard\/details-assets\/bd3292f5-c3ab-447f-8772-a66269518095"},"geometry":{"type":"Point","coordinates":[-47.3465,-0.630815]}},{"type":"Feature","properties":{"municipio":"383da571-c5b9-4437-a5b8-52fd6d18b81a","title":"PA - RUROPOLIS","name":"PA - RUROPOLIS","tipo":"Munic\u00edpio","url":"\/dashboard\/details-assets\/383da571-c5b9-4437-a5b8-52fd6d18b81a"},"geometry":{"type":"Point","coordinates":[-54.9092,-4.10028]}},{"type":"Feature","properties":{"municipio":"54ced3a0-96c8-4dd9-9d67-0f1f0de99249","title":"PA - RONDON DO PARA","name":"PA - RONDON DO PARA","tipo":"Munic\u00edpio","url":"\/dashboard\/details-assets\/54ced3a0-96c8-4dd9-9d67-0f1f0de99249"},"geometry":{"type":"Point","coordinates":[-48.067,-4.77793]}},{"type":"Feature","properties":{"municipio":"38fc8461-a21b-41c0-9baa-83c9b88a57a9","title":"PA - REDENCAO","name":"PA - REDENCAO","tipo":"Munic\u00edpio","url":"\/dashboard\/details-assets\/38fc8461-a21b-41c0-9baa-83c9b88a57a9"},"geometry":{"type":"Point","coordinates":[-50.0317,-8.02529]}},{"type":"Feature","properties":{"municipio":"97795211-8263-4a89-8876-5bdd766a660a","title":"PA - PRAINHA","name":"PA - PRAINHA","tipo":"Munic\u00edpio","url":"\/dashboard\/details-assets\/97795211-8263-4a89-8876-5bdd766a660a"},"geometry":{"type":"Point","coordinates":[-53.4779,-1.798]}},{"type":"Feature","properties":{"municipio":"7c9c8011-f6bc-4b6c-9c34-732a0695a23d","title":"PA - PORTO DE MOZ","name":"PA - PORTO DE MOZ","tipo":"Munic\u00edpio","url":"\/dashboard\/details-assets\/7c9c8011-f6bc-4b6c-9c34-732a0695a23d"},"geometry":{"type":"Point","coordinates":[-52.2361,-1.74691]}},{"type":"Feature","properties":{"municipio":"30aa85cc-ad62-4306-818b-e8c25e6c8c84","title":"PA - PONTA DE PEDRAS","name":"PA - PONTA DE PEDRAS","tipo":"Munic\u00edpio","url":"\/dashboard\/details-assets\/30aa85cc-ad62-4306-818b-e8c25e6c8c84"},"geometry":{"type":"Point","coordinates":[-48.8661,-1.39587]}},{"type":"Feature","properties":{"municipio":"07bc24d5-1194-43a2-82aa-62cc256291c9","title":"PA - PORTEL","name":"PA - PORTEL","tipo":"Munic\u00edpio","url":"\/dashboard\/details-assets\/07bc24d5-1194-43a2-82aa-62cc256291c9"},"geometry":{"type":"Point","coordinates":[-50.8194,-1.93639]}},{"type":"Feature","properties":{"municipio":"611bac55-d167-49e3-9bfe-736929be4250","title":"PA - PLACAS","name":"PA - PLACAS","tipo":"Munic\u00edpio","url":"\/dashboard\/details-assets\/611bac55-d167-49e3-9bfe-736929be4250"},"geometry":{"type":"Point","coordinates":[-54.2124,-3.86813]}},{"type":"Feature","properties":{"municipio":"1a30a0e8-2fe8-43e5-aa0f-ffefc3945633","title":"PA - PARAUAPEBAS","name":"PA - PARAUAPEBAS","tipo":"Munic\u00edpio","url":"\/dashboard\/details-assets\/1a30a0e8-2fe8-43e5-aa0f-ffefc3945633"},"geometry":{"type":"Point","coordinates":[-49.9037,-6.06781]}},{"type":"Feature","properties":{"municipio":"27451746-2274-44c0-9f67-764ee93f5f99","title":"PA - PACAJA","name":"PA - PACAJA","tipo":"Munic\u00edpio","url":"\/dashboard\/details-assets\/27451746-2274-44c0-9f67-764ee93f5f99"},"geometry":{"type":"Point","coordinates":[-50.6399,-3.83542]}},{"type":"Feature","properties":{"municipio":"e0dced09-4945-40e8-b64d-11cfa3513853","title":"PA - PARAGOMINAS","name":"PA - PARAGOMINAS","tipo":"Munic\u00edpio","url":"\/dashboard\/details-assets\/e0dced09-4945-40e8-b64d-11cfa3513853"},"geometry":{"type":"Point","coordinates":[-47.3527,-3.00212]}},{"type":"Feature","properties":{"municipio":"c1a323c4-422f-471f-913e-4061f118535a","title":"PA - OURILANDIA DO NORTE","name":"PA - OURILANDIA DO NORTE","tipo":"Munic\u00edpio","url":"\/dashboard\/details-assets\/c1a323c4-422f-471f-913e-4061f118535a"},"geometry":{"type":"Point","coordinates":[-51.0858,-6.7529]}},{"type":"Feature","properties":{"municipio":"76482854-520d-45c1-ab5b-5bd3a7f9eb8a","title":"PA - ORIXIMINA","name":"PA - ORIXIMINA","tipo":"Munic\u00edpio","url":"\/dashboard\/details-assets\/76482854-520d-45c1-ab5b-5bd3a7f9eb8a"},"geometry":{"type":"Point","coordinates":[-55.8579,-1.75989]}},{"type":"Feature","properties":{"municipio":"c317e63e-0187-4937-b7e8-9d2f0c963c44","title":"PA - OEIRAS DO PARA","name":"PA - OEIRAS DO PARA","tipo":"Munic\u00edpio","url":"\/dashboard\/details-assets\/c317e63e-0187-4937-b7e8-9d2f0c963c44"},"geometry":{"type":"Point","coordinates":[-49.8628,-2.00358]}},{"type":"Feature","properties":{"municipio":"b0e0d1db-12db-46ef-be63-22c2cc859e0b","title":"PA - NOVO REPARTIMENTO","name":"PA - NOVO REPARTIMENTO","tipo":"Munic\u00edpio","url":"\/dashboard\/details-assets\/b0e0d1db-12db-46ef-be63-22c2cc859e0b"},"geometry":{"type":"Point","coordinates":[-49.9499,-4.24749]}},{"type":"Feature","properties":{"municipio":"7d633d09-5243-4236-a7fb-3ecd8798c21b","title":"PA - OBIDOS","name":"PA - OBIDOS","tipo":"Munic\u00edpio","url":"\/dashboard\/details-assets\/7d633d09-5243-4236-a7fb-3ecd8798c21b"},"geometry":{"type":"Point","coordinates":[-55.5208,-1.90107]}},{"type":"Feature","properties":{"municipio":"47072fd0-a688-4a2b-9be9-4728d0847cdd","title":"PA - NOVO PROGRESSO","name":"PA - NOVO PROGRESSO","tipo":"Munic\u00edpio","url":"\/dashboard\/details-assets\/47072fd0-a688-4a2b-9be9-4728d0847cdd"},"geometry":{"type":"Point","coordinates":[-55.3786,-7.14347]}},{"type":"Feature","properties":{"municipio":"37c2e065-eec5-45b8-b765-d3d60554307f","title":"PA - MUANA","name":"PA - MUANA","tipo":"Munic\u00edpio","url":"\/dashboard\/details-assets\/37c2e065-eec5-45b8-b765-d3d60554307f"},"geometry":{"type":"Point","coordinates":[-49.2224,-1.53936]}},{"type":"Feature","properties":{"municipio":"a62764cc-ee27-4e70-9401-7050d7062ee7","title":"PA - MONTE ALEGRE","name":"PA - MONTE ALEGRE","tipo":"Munic\u00edpio","url":"\/dashboard\/details-assets\/a62764cc-ee27-4e70-9401-7050d7062ee7"},"geometry":{"type":"Point","coordinates":[-54.0724,-1.99768]}},{"type":"Feature","properties":{"municipio":"61a924e2-4f1f-4d3a-b20f-ef4a065231d5","title":"PA - MOJU","name":"PA - MOJU","tipo":"Munic\u00edpio","url":"\/dashboard\/details-assets\/61a924e2-4f1f-4d3a-b20f-ef4a065231d5"},"geometry":{"type":"Point","coordinates":[-48.7668,-1.88993]}},{"type":"Feature","properties":{"municipio":"beae3127-0a57-46d1-b6bf-f42385c177d0","title":"PA - MOCAJUBA","name":"PA - MOCAJUBA","tipo":"Munic\u00edpio","url":"\/dashboard\/details-assets\/beae3127-0a57-46d1-b6bf-f42385c177d0"},"geometry":{"type":"Point","coordinates":[-49.5042,-2.5831]}},{"type":"Feature","properties":{"municipio":"6cd41868-5824-4207-bb1a-96bf061a7d5d","title":"PA - MARITUBA","name":"PA - MARITUBA","tipo":"Munic\u00edpio","url":"\/dashboard\/details-assets\/6cd41868-5824-4207-bb1a-96bf061a7d5d"},"geometry":{"type":"Point","coordinates":[-48.3421,-1.36002]}},{"type":"Feature","properties":{"municipio":"25b0c4e1-0fcd-45e5-b69e-243bb16096ad","title":"PA - MARABA","name":"PA - MARABA","tipo":"Munic\u00edpio","url":"\/dashboard\/details-assets\/25b0c4e1-0fcd-45e5-b69e-243bb16096ad"},"geometry":{"type":"Point","coordinates":[-49.1327,-5.38075]}},{"type":"Feature","properties":{"municipio":"d9c349e8-fdbf-413b-a762-bf97dc0dfcac","title":"PA - MAE DO RIO","name":"PA - MAE DO RIO","tipo":"Munic\u00edpio","url":"\/dashboard\/details-assets\/d9c349e8-fdbf-413b-a762-bf97dc0dfcac"},"geometry":{"type":"Point","coordinates":[-47.5601,-2.05683]}},{"type":"Feature","properties":{"municipio":"cb55f6ba-7caa-4edf-be89-76052f5983d8","title":"PA - JURUTI","name":"PA - JURUTI","tipo":"Munic\u00edpio","url":"\/dashboard\/details-assets\/cb55f6ba-7caa-4edf-be89-76052f5983d8"},"geometry":{"type":"Point","coordinates":[-56.0889,-2.16347]}},{"type":"Feature","properties":{"municipio":"dd7ccf16-b5c7-40c4-9aed-fe5958e662cb","title":"PA - JACUNDA","name":"PA - JACUNDA","tipo":"Munic\u00edpio","url":"\/dashboard\/details-assets\/dd7ccf16-b5c7-40c4-9aed-fe5958e662cb"},"geometry":{"type":"Point","coordinates":[-49.1153,-4.44617]}},{"type":"Feature","properties":{"municipio":"affc69e1-2347-40ad-baa9-5d55bf5052a5","title":"PA - ITUPIRANGA","name":"PA - ITUPIRANGA","tipo":"Munic\u00edpio","url":"\/dashboard\/details-assets\/affc69e1-2347-40ad-baa9-5d55bf5052a5"},"geometry":{"type":"Point","coordinates":[-49.3358,-5.13272]}},{"type":"Feature","properties":{"municipio":"1b8a232f-95bd-4741-bfe6-d3b853a4407c","title":"PA - ITAITUBA","name":"PA - ITAITUBA","tipo":"Munic\u00edpio","url":"\/dashboard\/details-assets\/1b8a232f-95bd-4741-bfe6-d3b853a4407c"},"geometry":{"type":"Point","coordinates":[-55.9926,-4.2667]}},{"type":"Feature","properties":{"municipio":"35597f77-ef36-402f-b453-56bed12d57aa","title":"PA - IGARAPE-MIRI","name":"PA - IGARAPE-MIRI","tipo":"Munic\u00edpio","url":"\/dashboard\/details-assets\/35597f77-ef36-402f-b453-56bed12d57aa"},"geometry":{"type":"Point","coordinates":[-48.9575,-1.97533]}},{"type":"Feature","properties":{"municipio":"a99d3d8e-45f6-423a-b84a-949f2056ac42","title":"PA - IGARAPE-ACU","name":"PA - IGARAPE-ACU","tipo":"Munic\u00edpio","url":"\/dashboard\/details-assets\/a99d3d8e-45f6-423a-b84a-949f2056ac42"},"geometry":{"type":"Point","coordinates":[-47.626,-1.12539]}},{"type":"Feature","properties":{"municipio":"976249a0-e803-4aca-bbb8-4faf4d2c9897","title":"PA - GURUPA","name":"PA - GURUPA","tipo":"Munic\u00edpio","url":"\/dashboard\/details-assets\/976249a0-e803-4aca-bbb8-4faf4d2c9897"},"geometry":{"type":"Point","coordinates":[-51.6338,-1.41412]}},{"type":"Feature","properties":{"municipio":"4325712d-b97c-4535-8c22-649a4fcc2326","title":"PA - GOIANESIA DO PARA","name":"PA - GOIANESIA DO PARA","tipo":"Munic\u00edpio","url":"\/dashboard\/details-assets\/4325712d-b97c-4535-8c22-649a4fcc2326"},"geometry":{"type":"Point","coordinates":[-49.0974,-3.84338]}},{"type":"Feature","properties":{"municipio":"89dbc3f0-6c29-409e-9238-c130d2e26a7d","title":"PA - ELDORADO DO CARAJAS","name":"PA - ELDORADO DO CARAJAS","tipo":"Munic\u00edpio","url":"\/dashboard\/details-assets\/89dbc3f0-6c29-409e-9238-c130d2e26a7d"},"geometry":{"type":"Point","coordinates":[-49.3553,-6.10389]}},{"type":"Feature","properties":{"municipio":"d7ab3b00-4cff-4bf6-b89c-9ddbd3c2020c","title":"PA - DOM ELISEU","name":"PA - DOM ELISEU","tipo":"Munic\u00edpio","url":"\/dashboard\/details-assets\/d7ab3b00-4cff-4bf6-b89c-9ddbd3c2020c"},"geometry":{"type":"Point","coordinates":[-47.8245,-4.19944]}},{"type":"Feature","properties":{"municipio":"9b245c5e-c1d8-4b4e-84ff-4df632a8f828","title":"PA - CURRALINHO","name":"PA - CURRALINHO","tipo":"Munic\u00edpio","url":"\/dashboard\/details-assets\/9b245c5e-c1d8-4b4e-84ff-4df632a8f828"},"geometry":{"type":"Point","coordinates":[-49.7952,-1.81179]}},{"type":"Feature","properties":{"municipio":"220d7d21-9f07-4068-95d0-c0dad3fcfaa7","title":"PA - CONCORDIA DO PARA","name":"PA - CONCORDIA DO PARA","tipo":"Munic\u00edpio","url":"\/dashboard\/details-assets\/220d7d21-9f07-4068-95d0-c0dad3fcfaa7"},"geometry":{"type":"Point","coordinates":[-47.9422,-1.99238]}},{"type":"Feature","properties":{"municipio":"c0c8082a-74bb-45d6-8901-129ad013554e","title":"PA - CASTANHAL","name":"PA - CASTANHAL","tipo":"Munic\u00edpio","url":"\/dashboard\/details-assets\/c0c8082a-74bb-45d6-8901-129ad013554e"},"geometry":{"type":"Point","coordinates":[-47.9167,-1.29797]}},{"type":"Feature","properties":{"municipio":"9c56c630-ff51-48dd-889a-05cd961b630b","title":"PA - CONCEICAO DO ARAGUAIA","name":"PA - CONCEICAO DO ARAGUAIA","tipo":"Munic\u00edpio","url":"\/dashboard\/details-assets\/9c56c630-ff51-48dd-889a-05cd961b630b"},"geometry":{"type":"Point","coordinates":[-49.2689,-8.26136]}},{"type":"Feature","properties":{"municipio":"61402748-faa9-4c34-bb8c-73b9d513eeaa","title":"PA - CAPITAO POCO","name":"PA - CAPITAO POCO","tipo":"Munic\u00edpio","url":"\/dashboard\/details-assets\/61402748-faa9-4c34-bb8c-73b9d513eeaa"},"geometry":{"type":"Point","coordinates":[-47.0629,-1.74785]}},{"type":"Feature","properties":{"municipio":"d82d1f7d-166b-4935-bcc0-0d75794bb27c","title":"PA - CAPANEMA","name":"PA - CAPANEMA","tipo":"Munic\u00edpio","url":"\/dashboard\/details-assets\/d82d1f7d-166b-4935-bcc0-0d75794bb27c"},"geometry":{"type":"Point","coordinates":[-47.1778,-1.20529]}},{"type":"Feature","properties":{"municipio":"25c0317b-959d-49c2-970e-67cab2c03a1e","title":"PA - CANAA DOS CARAJAS","name":"PA - CANAA DOS CARAJAS","tipo":"Munic\u00edpio","url":"\/dashboard\/details-assets\/25c0317b-959d-49c2-970e-67cab2c03a1e"},"geometry":{"type":"Point","coordinates":[-49.8776,-6.49659]}},{"type":"Feature","properties":{"municipio":"22916890-9625-41ff-9134-9d40cf0ece53","title":"PA - CAMETA","name":"PA - CAMETA","tipo":"Munic\u00edpio","url":"\/dashboard\/details-assets\/22916890-9625-41ff-9134-9d40cf0ece53"},"geometry":{"type":"Point","coordinates":[-49.4979,-2.24295]}},{"type":"Feature","properties":{"municipio":"6e31a301-7d1f-494d-9480-c9c1690d33ee","title":"PA - BREVES","name":"PA - BREVES","tipo":"Munic\u00edpio","url":"\/dashboard\/details-assets\/6e31a301-7d1f-494d-9480-c9c1690d33ee"},"geometry":{"type":"Point","coordinates":[-50.4791,-1.68036]}},{"type":"Feature","properties":{"municipio":"c349b194-faf5-4c6a-9868-e2d69f26eb25","title":"PA - BREU BRANCO","name":"PA - BREU BRANCO","tipo":"Munic\u00edpio","url":"\/dashboard\/details-assets\/c349b194-faf5-4c6a-9868-e2d69f26eb25"},"geometry":{"type":"Point","coordinates":[-49.5735,-3.77191]}},{"type":"Feature","properties":{"municipio":"7014f7e3-8fe0-4dd6-831e-3f5102d128c9","title":"PA - BENEVIDES","name":"PA - BENEVIDES","tipo":"Munic\u00edpio","url":"\/dashboard\/details-assets\/7014f7e3-8fe0-4dd6-831e-3f5102d128c9"},"geometry":{"type":"Point","coordinates":[-48.2434,-1.36183]}},{"type":"Feature","properties":{"municipio":"108cbb48-2d5b-49c0-867b-48ccbf93b656","title":"PA - BRAGANCA","name":"PA - BRAGANCA","tipo":"Munic\u00edpio","url":"\/dashboard\/details-assets\/108cbb48-2d5b-49c0-867b-48ccbf93b656"},"geometry":{"type":"Point","coordinates":[-46.7826,-1.06126]}},{"type":"Feature","properties":{"municipio":"4981c803-1ec3-4066-94be-e9795a05dae4","title":"PA - BELTERRA","name":"PA - BELTERRA","tipo":"Munic\u00edpio","url":"\/dashboard\/details-assets\/4981c803-1ec3-4066-94be-e9795a05dae4"},"geometry":{"type":"Point","coordinates":[-54.9374,-2.63609]}},{"type":"Feature","properties":{"municipio":"5c5bb8b0-aa77-41b0-86b3-d4a5e097259a","title":"PA - BELEM","name":"PA - BELEM","tipo":"Munic\u00edpio","url":"\/dashboard\/details-assets\/5c5bb8b0-aa77-41b0-86b3-d4a5e097259a"},"geometry":{"type":"Point","coordinates":[-48.4898,-1.4554]}},{"type":"Feature","properties":{"municipio":"987d2875-98e6-4a94-8a0d-c94da27a4be9","title":"PA - BARCARENA","name":"PA - BARCARENA","tipo":"Munic\u00edpio","url":"\/dashboard\/details-assets\/987d2875-98e6-4a94-8a0d-c94da27a4be9"},"geometry":{"type":"Point","coordinates":[-48.6195,-1.51187]}},{"type":"Feature","properties":{"municipio":"02ee14fa-457b-45d4-93b2-e85121cac786","title":"PA - ANAPU","name":"PA - ANAPU","tipo":"Munic\u00edpio","url":"\/dashboard\/details-assets\/02ee14fa-457b-45d4-93b2-e85121cac786"},"geometry":{"type":"Point","coordinates":[-51.2003,-3.46985]}},{"type":"Feature","properties":{"municipio":"1ea8a3f0-88ff-44b6-b5bc-6225e33e2250","title":"PA - BAIAO","name":"PA - BAIAO","tipo":"Munic\u00edpio","url":"\/dashboard\/details-assets\/1ea8a3f0-88ff-44b6-b5bc-6225e33e2250"},"geometry":{"type":"Point","coordinates":[-49.6694,-2.79021]}},{"type":"Feature","properties":{"municipio":"d88f9932-980d-439c-b346-c9043cd4add7","title":"PA - ANANINDEUA","name":"PA - ANANINDEUA","tipo":"Munic\u00edpio","url":"\/dashboard\/details-assets\/d88f9932-980d-439c-b346-c9043cd4add7"},"geometry":{"type":"Point","coordinates":[-48.3743,-1.36391]}},{"type":"Feature","properties":{"municipio":"ca6fe912-9440-46fc-ae6a-a209178fe3ba","title":"PA - ANAJAS","name":"PA - ANAJAS","tipo":"Munic\u00edpio","url":"\/dashboard\/details-assets\/ca6fe912-9440-46fc-ae6a-a209178fe3ba"},"geometry":{"type":"Point","coordinates":[-49.9354,-0.996811]}},{"type":"Feature","properties":{"municipio":"80f61568-3a75-4c58-a1e5-55ce60ef4b6a","title":"PA - ALTAMIRA","name":"PA - ALTAMIRA","tipo":"Munic\u00edpio","url":"\/dashboard\/details-assets\/80f61568-3a75-4c58-a1e5-55ce60ef4b6a"},"geometry":{"type":"Point","coordinates":[-52.21,-3.20407]}},{"type":"Feature","properties":{"municipio":"b4a7105b-be85-49bf-8dc9-39d687076b05","title":"PA - ALENQUER","name":"PA - ALENQUER","tipo":"Munic\u00edpio","url":"\/dashboard\/details-assets\/b4a7105b-be85-49bf-8dc9-39d687076b05"},"geometry":{"type":"Point","coordinates":[-54.7384,-1.94623]}},{"type":"Feature","properties":{"municipio":"2448cd57-560c-44c3-9848-8132ea731799","title":"PA - ALMEIRIM","name":"PA - ALMEIRIM","tipo":"Munic\u00edpio","url":"\/dashboard\/details-assets\/2448cd57-560c-44c3-9848-8132ea731799"},"geometry":{"type":"Point","coordinates":[-52.5788,-1.52904]}},{"type":"Feature","properties":{"municipio":"ee39cb68-6ba9-48dc-b4ba-1c778b6a1321","title":"PA - AFUA","name":"PA - AFUA","tipo":"Munic\u00edpio","url":"\/dashboard\/details-assets\/ee39cb68-6ba9-48dc-b4ba-1c778b6a1321"},"geometry":{"type":"Point","coordinates":[-50.3861,-0.154874]}},{"type":"Feature","properties":{"municipio":"9d26af85-a662-4cfb-bd16-16cb3dd399c3","title":"PA - ACARA","name":"PA - ACARA","tipo":"Munic\u00edpio","url":"\/dashboard\/details-assets\/9d26af85-a662-4cfb-bd16-16cb3dd399c3"},"geometry":{"type":"Point","coordinates":[-48.1985,-1.95383]}},{"type":"Feature","properties":{"municipio":"8068dbbf-da9e-42e5-8eca-7f1735650ae9","title":"MT - NOVA MONTE VERDE","name":"MT - NOVA MONTE VERDE","tipo":"Munic\u00edpio","url":"\/dashboard\/details-assets\/8068dbbf-da9e-42e5-8eca-7f1735650ae9"},"geometry":{"type":"Point","coordinates":[-57.5261,-9.99998]}},{"type":"Feature","properties":{"municipio":"1479c0f4-01af-4406-b66b-58af26f5d499","title":"PA - ABAETETUBA","name":"PA - ABAETETUBA","tipo":"Munic\u00edpio","url":"\/dashboard\/details-assets\/1479c0f4-01af-4406-b66b-58af26f5d499"},"geometry":{"type":"Point","coordinates":[-48.8788,-1.72183]}},{"type":"Feature","properties":{"municipio":"3e82671b-ddd3-4dbd-98da-5b003aed76dd","title":"MT - VILA RICA","name":"MT - VILA RICA","tipo":"Munic\u00edpio","url":"\/dashboard\/details-assets\/3e82671b-ddd3-4dbd-98da-5b003aed76dd"},"geometry":{"type":"Point","coordinates":[-51.1186,-10.0137]}},{"type":"Feature","properties":{"municipio":"94869aa4-8bb6-4529-bdd8-b2fc15d59271","title":"MT - VERA","name":"MT - VERA","tipo":"Munic\u00edpio","url":"\/dashboard\/details-assets\/94869aa4-8bb6-4529-bdd8-b2fc15d59271"},"geometry":{"type":"Point","coordinates":[-55.3045,-12.3017]}},{"type":"Feature","properties":{"municipio":"8f1c7f02-086d-4f23-8b4f-f1d821193b21","title":"MT - VARZEA GRANDE","name":"MT - VARZEA GRANDE","tipo":"Munic\u00edpio","url":"\/dashboard\/details-assets\/8f1c7f02-086d-4f23-8b4f-f1d821193b21"},"geometry":{"type":"Point","coordinates":[-56.1322,-15.6458]}},{"type":"Feature","properties":{"municipio":"5d100943-6a19-4116-85f0-475044456712","title":"MT - TERRA NOVA DO NORTE","name":"MT - TERRA NOVA DO NORTE","tipo":"Munic\u00edpio","url":"\/dashboard\/details-assets\/5d100943-6a19-4116-85f0-475044456712"},"geometry":{"type":"Point","coordinates":[-55.231,-10.517]}},{"type":"Feature","properties":{"municipio":"84a5e701-e4cd-4a5d-9a69-132afaacf25e","title":"MT - TAPURAH","name":"MT - TAPURAH","tipo":"Munic\u00edpio","url":"\/dashboard\/details-assets\/84a5e701-e4cd-4a5d-9a69-132afaacf25e"},"geometry":{"type":"Point","coordinates":[-56.5178,-12.695]}},{"type":"Feature","properties":{"municipio":"54580429-68a3-4c66-9ced-25c7fca94d62","title":"MT - TANGARA DA SERRA","name":"MT - TANGARA DA SERRA","tipo":"Munic\u00edpio","url":"\/dashboard\/details-assets\/54580429-68a3-4c66-9ced-25c7fca94d62"},"geometry":{"type":"Point","coordinates":[-57.4933,-14.6229]}},{"type":"Feature","properties":{"municipio":"1e84498a-e862-426c-aaa5-fbe423917a00","title":"MT - SORRISO","name":"MT - SORRISO","tipo":"Munic\u00edpio","url":"\/dashboard\/details-assets\/1e84498a-e862-426c-aaa5-fbe423917a00"},"geometry":{"type":"Point","coordinates":[-55.7211,-12.5425]}},{"type":"Feature","properties":{"municipio":"4acfb805-b94d-4eee-b903-e43f05adde8f","title":"MT - SINOP","name":"MT - SINOP","tipo":"Munic\u00edpio","url":"\/dashboard\/details-assets\/4acfb805-b94d-4eee-b903-e43f05adde8f"},"geometry":{"type":"Point","coordinates":[-55.5091,-11.8604]}},{"type":"Feature","properties":{"municipio":"74712258-9b24-4222-91df-643ef7e042e8","title":"MT - SAPEZAL","name":"MT - SAPEZAL","tipo":"Munic\u00edpio","url":"\/dashboard\/details-assets\/74712258-9b24-4222-91df-643ef7e042e8"},"geometry":{"type":"Point","coordinates":[-58.7645,-12.9892]}},{"type":"Feature","properties":{"municipio":"1b23db8c-a641-4f27-8023-2bcc3af588d0","title":"MT - SAO FELIX DO ARAGUAIA","name":"MT - SAO FELIX DO ARAGUAIA","tipo":"Munic\u00edpio","url":"\/dashboard\/details-assets\/1b23db8c-a641-4f27-8023-2bcc3af588d0"},"geometry":{"type":"Point","coordinates":[-50.6706,-11.615]}},{"type":"Feature","properties":{"municipio":"d188ae7c-10f1-44c7-bf58-2e6f54f9c59c","title":"MT - RONDONOPOLIS","name":"MT - RONDONOPOLIS","tipo":"Munic\u00edpio","url":"\/dashboard\/details-assets\/d188ae7c-10f1-44c7-bf58-2e6f54f9c59c"},"geometry":{"type":"Point","coordinates":[-54.6372,-16.4673]}},{"type":"Feature","properties":{"municipio":"21617f6d-4ba1-4e37-bd0b-28ff728f93f4","title":"MT - SAO JOSE DO RIO CLARO","name":"MT - SAO JOSE DO RIO CLARO","tipo":"Munic\u00edpio","url":"\/dashboard\/details-assets\/21617f6d-4ba1-4e37-bd0b-28ff728f93f4"},"geometry":{"type":"Point","coordinates":[-56.7218,-13.4398]}},{"type":"Feature","properties":{"municipio":"42a3fdf3-0c8d-4a00-80f4-4f8f835964b7","title":"MT - RIBEIRAO CASCALHEIRA","name":"MT - RIBEIRAO CASCALHEIRA","tipo":"Munic\u00edpio","url":"\/dashboard\/details-assets\/42a3fdf3-0c8d-4a00-80f4-4f8f835964b7"},"geometry":{"type":"Point","coordinates":[-51.8244,-12.9367]}},{"type":"Feature","properties":{"municipio":"cff98d36-1d4e-48ea-861d-dde303ede479","title":"MT - RIO BRANCO","name":"MT - RIO BRANCO","tipo":"Munic\u00edpio","url":"\/dashboard\/details-assets\/cff98d36-1d4e-48ea-861d-dde303ede479"},"geometry":{"type":"Point","coordinates":[-58.1259,-15.2483]}},{"type":"Feature","properties":{"municipio":"2944b891-f540-4f0e-b58b-e80ecd5c674d","title":"MT - SAO JOSE DOS QUATRO MARCOS","name":"MT - SAO JOSE DOS QUATRO MARCOS","tipo":"Munic\u00edpio","url":"\/dashboard\/details-assets\/2944b891-f540-4f0e-b58b-e80ecd5c674d"},"geometry":{"type":"Point","coordinates":[-58.1772,-15.6276]}},{"type":"Feature","properties":{"municipio":"03ef297c-b830-4ca7-9746-8a4d75255e90","title":"MT - QUERENCIA","name":"MT - QUERENCIA","tipo":"Munic\u00edpio","url":"\/dashboard\/details-assets\/03ef297c-b830-4ca7-9746-8a4d75255e90"},"geometry":{"type":"Point","coordinates":[-52.1821,-12.6093]}},{"type":"Feature","properties":{"municipio":"6a9d4cb3-131e-45e1-b389-0273ae6b9f8b","title":"MT - PORTO ALEGRE DO NORTE","name":"MT - PORTO ALEGRE DO NORTE","tipo":"Munic\u00edpio","url":"\/dashboard\/details-assets\/6a9d4cb3-131e-45e1-b389-0273ae6b9f8b"},"geometry":{"type":"Point","coordinates":[-51.6357,-10.8761]}},{"type":"Feature","properties":{"municipio":"591bb3f1-09d5-43b6-a733-6f7c3ec0ea19","title":"MT - PRIMAVERA DO LESTE","name":"MT - PRIMAVERA DO LESTE","tipo":"Munic\u00edpio","url":"\/dashboard\/details-assets\/591bb3f1-09d5-43b6-a733-6f7c3ec0ea19"},"geometry":{"type":"Point","coordinates":[-54.2811,-15.544]}},{"type":"Feature","properties":{"municipio":"5799e26c-b700-4ea1-883c-ce9eee9bee11","title":"MT - PONTES E LACERDA","name":"MT - PONTES E LACERDA","tipo":"Munic\u00edpio","url":"\/dashboard\/details-assets\/5799e26c-b700-4ea1-883c-ce9eee9bee11"},"geometry":{"type":"Point","coordinates":[-59.3435,-15.2219]}},{"type":"Feature","properties":{"municipio":"250bc2d1-1474-46a7-8598-0cd321ec92c9","title":"MT - POCONE","name":"MT - POCONE","tipo":"Munic\u00edpio","url":"\/dashboard\/details-assets\/250bc2d1-1474-46a7-8598-0cd321ec92c9"},"geometry":{"type":"Point","coordinates":[-56.6261,-16.266]}},{"type":"Feature","properties":{"municipio":"5965ee2a-c19c-4297-b844-4f2be2fd7c83","title":"MT - PEIXOTO DE AZEVEDO","name":"MT - PEIXOTO DE AZEVEDO","tipo":"Munic\u00edpio","url":"\/dashboard\/details-assets\/5965ee2a-c19c-4297-b844-4f2be2fd7c83"},"geometry":{"type":"Point","coordinates":[-54.9794,-10.2262]}},{"type":"Feature","properties":{"municipio":"4432b99b-dc4f-4ae1-b62f-25ac71481c3b","title":"MT - PARANATINGA","name":"MT - PARANATINGA","tipo":"Munic\u00edpio","url":"\/dashboard\/details-assets\/4432b99b-dc4f-4ae1-b62f-25ac71481c3b"},"geometry":{"type":"Point","coordinates":[-54.0524,-14.4265]}},{"type":"Feature","properties":{"municipio":"56ae6fa6-7714-4626-8ea0-31962a6b97a2","title":"MT - NOVA XAVANTINA","name":"MT - NOVA XAVANTINA","tipo":"Munic\u00edpio","url":"\/dashboard\/details-assets\/56ae6fa6-7714-4626-8ea0-31962a6b97a2"},"geometry":{"type":"Point","coordinates":[-52.3502,-14.6771]}},{"type":"Feature","properties":{"municipio":"c1530a25-5572-4faf-ac0f-5744e45850a1","title":"MT - NOVA UBIRATA","name":"MT - NOVA UBIRATA","tipo":"Munic\u00edpio","url":"\/dashboard\/details-assets\/c1530a25-5572-4faf-ac0f-5744e45850a1"},"geometry":{"type":"Point","coordinates":[-55.2556,-12.9834]}},{"type":"Feature","properties":{"municipio":"a7972d49-b0f4-456b-9b51-dbdf3b44a5d8","title":"MT - NOVA OLIMPIA","name":"MT - NOVA OLIMPIA","tipo":"Munic\u00edpio","url":"\/dashboard\/details-assets\/a7972d49-b0f4-456b-9b51-dbdf3b44a5d8"},"geometry":{"type":"Point","coordinates":[-57.2886,-14.7889]}},{"type":"Feature","properties":{"municipio":"4c0d817d-9c91-4659-b020-ca33ae74dea9","title":"MT - NOVA CANAA DO NORTE","name":"MT - NOVA CANAA DO NORTE","tipo":"Munic\u00edpio","url":"\/dashboard\/details-assets\/4c0d817d-9c91-4659-b020-ca33ae74dea9"},"geometry":{"type":"Point","coordinates":[-55.953,-10.558]}},{"type":"Feature","properties":{"municipio":"a7cece38-2690-4b6f-8fb1-1bb4cad233a4","title":"MT - NOVA MUTUM","name":"MT - NOVA MUTUM","tipo":"Munic\u00edpio","url":"\/dashboard\/details-assets\/a7cece38-2690-4b6f-8fb1-1bb4cad233a4"},"geometry":{"type":"Point","coordinates":[-56.0743,-13.8374]}},{"type":"Feature","properties":{"municipio":"0ed368cf-ef4f-4a69-a4ab-181f52bc8842","title":"MT - MIRASSOL DOESTE","name":"MT - MIRASSOL DOESTE","tipo":"Munic\u00edpio","url":"\/dashboard\/details-assets\/0ed368cf-ef4f-4a69-a4ab-181f52bc8842"},"geometry":{"type":"Point","coordinates":[-58.0951,-15.6759]}},{"type":"Feature","properties":{"municipio":"df2789a0-6503-4bfe-9a7b-7caade2876e5","title":"MT - MATUPA","name":"MT - MATUPA","tipo":"Munic\u00edpio","url":"\/dashboard\/details-assets\/df2789a0-6503-4bfe-9a7b-7caade2876e5"},"geometry":{"type":"Point","coordinates":[-54.9467,-10.1821]}},{"type":"Feature","properties":{"municipio":"db6b9687-47e4-4e55-98ee-70c76e4c0958","title":"MT - MARCELANDIA","name":"MT - MARCELANDIA","tipo":"Munic\u00edpio","url":"\/dashboard\/details-assets\/db6b9687-47e4-4e55-98ee-70c76e4c0958"},"geometry":{"type":"Point","coordinates":[-54.4377,-11.0463]}},{"type":"Feature","properties":{"municipio":"138af19e-c270-4b4a-9d4d-9d65a3b7706c","title":"MT - LUCAS DO RIO VERDE","name":"MT - LUCAS DO RIO VERDE","tipo":"Munic\u00edpio","url":"\/dashboard\/details-assets\/138af19e-c270-4b4a-9d4d-9d65a3b7706c"},"geometry":{"type":"Point","coordinates":[-55.9042,-13.0588]}},{"type":"Feature","properties":{"municipio":"60bb7db3-eb81-412a-8869-ee21d803dd08","title":"MT - JURUENA","name":"MT - JURUENA","tipo":"Munic\u00edpio","url":"\/dashboard\/details-assets\/60bb7db3-eb81-412a-8869-ee21d803dd08"},"geometry":{"type":"Point","coordinates":[-58.3592,-10.3178]}},{"type":"Feature","properties":{"municipio":"5b70c6ff-0b20-4a70-9ba2-614fecd992e9","title":"MT - JUINA","name":"MT - JUINA","tipo":"Munic\u00edpio","url":"\/dashboard\/details-assets\/5b70c6ff-0b20-4a70-9ba2-614fecd992e9"},"geometry":{"type":"Point","coordinates":[-58.7483,-11.3728]}},{"type":"Feature","properties":{"municipio":"fea42308-fdd3-441f-ba1e-9aabfc480325","title":"MT - JUARA","name":"MT - JUARA","tipo":"Munic\u00edpio","url":"\/dashboard\/details-assets\/fea42308-fdd3-441f-ba1e-9aabfc480325"},"geometry":{"type":"Point","coordinates":[-57.5244,-11.2639]}},{"type":"Feature","properties":{"municipio":"dfaccfba-bf48-4ace-9fcc-f20146759665","title":"MT - ITANHANGA","name":"MT - ITANHANGA","tipo":"Munic\u00edpio","url":"\/dashboard\/details-assets\/dfaccfba-bf48-4ace-9fcc-f20146759665"},"geometry":{"type":"Point","coordinates":[-56.6463,-12.2259]}},{"type":"Feature","properties":{"municipio":"4b042cfc-81fa-4b20-ac27-f7dd8149a5ea","title":"MT - JACIARA","name":"MT - JACIARA","tipo":"Munic\u00edpio","url":"\/dashboard\/details-assets\/4b042cfc-81fa-4b20-ac27-f7dd8149a5ea"},"geometry":{"type":"Point","coordinates":[-54.9733,-15.9548]}},{"type":"Feature","properties":{"municipio":"880ff129-8388-42dd-8ad0-d31858675c85","title":"MT - GUIRATINGA","name":"MT - GUIRATINGA","tipo":"Munic\u00edpio","url":"\/dashboard\/details-assets\/880ff129-8388-42dd-8ad0-d31858675c85"},"geometry":{"type":"Point","coordinates":[-53.7575,-16.346]}},{"type":"Feature","properties":{"municipio":"01f1df17-42c2-4498-a7d9-b44ee248c459","title":"MT - GUARANTA DO NORTE","name":"MT - GUARANTA DO NORTE","tipo":"Munic\u00edpio","url":"\/dashboard\/details-assets\/01f1df17-42c2-4498-a7d9-b44ee248c459"},"geometry":{"type":"Point","coordinates":[-54.9121,-9.96218]}},{"type":"Feature","properties":{"municipio":"d2e6b10f-be4d-4920-bcd7-4a6a88cc215b","title":"MT - GAUCHA DO NORTE","name":"MT - GAUCHA DO NORTE","tipo":"Munic\u00edpio","url":"\/dashboard\/details-assets\/d2e6b10f-be4d-4920-bcd7-4a6a88cc215b"},"geometry":{"type":"Point","coordinates":[-53.0809,-13.2443]}},{"type":"Feature","properties":{"municipio":"a5712ac8-e067-4e40-9365-8b6acd00d10d","title":"MT - DIAMANTINO","name":"MT - DIAMANTINO","tipo":"Munic\u00edpio","url":"\/dashboard\/details-assets\/a5712ac8-e067-4e40-9365-8b6acd00d10d"},"geometry":{"type":"Point","coordinates":[-56.4366,-14.4037]}},{"type":"Feature","properties":{"municipio":"e580aa9b-c60a-4e95-a5de-f2971fe84177","title":"MT - CUIABA","name":"MT - CUIABA","tipo":"Munic\u00edpio","url":"\/dashboard\/details-assets\/e580aa9b-c60a-4e95-a5de-f2971fe84177"},"geometry":{"type":"Point","coordinates":[-56.0974,-15.601]}},{"type":"Feature","properties":{"municipio":"1e07d15f-6bcc-442c-9fe3-8d97701095c7","title":"MT - CONFRESA","name":"MT - CONFRESA","tipo":"Munic\u00edpio","url":"\/dashboard\/details-assets\/1e07d15f-6bcc-442c-9fe3-8d97701095c7"},"geometry":{"type":"Point","coordinates":[-51.5699,-10.6437]}},{"type":"Feature","properties":{"municipio":"be6dc103-0633-410d-9acd-213330b1253a","title":"MT - COLNIZA","name":"MT - COLNIZA","tipo":"Munic\u00edpio","url":"\/dashboard\/details-assets\/be6dc103-0633-410d-9acd-213330b1253a"},"geometry":{"type":"Point","coordinates":[-59.2252,-9.46121]}},{"type":"Feature","properties":{"municipio":"5646b2b9-3c7e-449e-ad1e-29e04237349a","title":"MT - COMODORO","name":"MT - COMODORO","tipo":"Munic\u00edpio","url":"\/dashboard\/details-assets\/5646b2b9-3c7e-449e-ad1e-29e04237349a"},"geometry":{"type":"Point","coordinates":[-59.7848,-13.6614]}},{"type":"Feature","properties":{"municipio":"bdf5b4d6-7188-46be-ba13-d5c88753a081","title":"MT - COLIDER","name":"MT - COLIDER","tipo":"Munic\u00edpio","url":"\/dashboard\/details-assets\/bdf5b4d6-7188-46be-ba13-d5c88753a081"},"geometry":{"type":"Point","coordinates":[-55.461,-10.8135]}},{"type":"Feature","properties":{"municipio":"3c176735-77f2-4e5b-b35a-ba63a5e4359e","title":"MT - CHAPADA DOS GUIMARAES","name":"MT - CHAPADA DOS GUIMARAES","tipo":"Munic\u00edpio","url":"\/dashboard\/details-assets\/3c176735-77f2-4e5b-b35a-ba63a5e4359e"},"geometry":{"type":"Point","coordinates":[-55.7499,-15.4643]}},{"type":"Feature","properties":{"municipio":"99ee4e7f-3f65-4076-ba23-58c1f2dd68a1","title":"MT - CANARANA","name":"MT - CANARANA","tipo":"Munic\u00edpio","url":"\/dashboard\/details-assets\/99ee4e7f-3f65-4076-ba23-58c1f2dd68a1"},"geometry":{"type":"Point","coordinates":[-52.2705,-13.5515]}},{"type":"Feature","properties":{"municipio":"1cad2a67-ffb0-4b67-8d9d-ea149b1cb7a2","title":"MT - CAMPO VERDE","name":"MT - CAMPO VERDE","tipo":"Munic\u00edpio","url":"\/dashboard\/details-assets\/1cad2a67-ffb0-4b67-8d9d-ea149b1cb7a2"},"geometry":{"type":"Point","coordinates":[-55.1626,-15.545]}},{"type":"Feature","properties":{"municipio":"7709694e-9ef3-4abc-8cac-118bc47db99d","title":"MT - CAMPO NOVO DO PARECIS","name":"MT - CAMPO NOVO DO PARECIS","tipo":"Munic\u00edpio","url":"\/dashboard\/details-assets\/7709694e-9ef3-4abc-8cac-118bc47db99d"},"geometry":{"type":"Point","coordinates":[-57.8907,-13.6587]}},{"type":"Feature","properties":{"municipio":"790666fb-31ad-4dc6-bb54-ad35ad9bda21","title":"MT - BRASNORTE","name":"MT - BRASNORTE","tipo":"Munic\u00edpio","url":"\/dashboard\/details-assets\/790666fb-31ad-4dc6-bb54-ad35ad9bda21"},"geometry":{"type":"Point","coordinates":[-57.9833,-12.1474]}},{"type":"Feature","properties":{"municipio":"6d820658-23eb-486b-a53a-9bb22dd73240","title":"MT - CACERES","name":"MT - CACERES","tipo":"Munic\u00edpio","url":"\/dashboard\/details-assets\/6d820658-23eb-486b-a53a-9bb22dd73240"},"geometry":{"type":"Point","coordinates":[-57.6818,-16.0764]}},{"type":"Feature","properties":{"municipio":"92fa8048-ae63-4d02-9db8-be817d2fefc1","title":"MT - BARRA DO GARCAS","name":"MT - BARRA DO GARCAS","tipo":"Munic\u00edpio","url":"\/dashboard\/details-assets\/92fa8048-ae63-4d02-9db8-be817d2fefc1"},"geometry":{"type":"Point","coordinates":[-52.264,-15.8804]}},{"type":"Feature","properties":{"municipio":"d9434f27-d1e8-410c-8bfe-e598da71d409","title":"MT - BARRA DO BUGRES","name":"MT - BARRA DO BUGRES","tipo":"Munic\u00edpio","url":"\/dashboard\/details-assets\/d9434f27-d1e8-410c-8bfe-e598da71d409"},"geometry":{"type":"Point","coordinates":[-57.1878,-15.0702]}},{"type":"Feature","properties":{"municipio":"3a35a098-dfdb-4c51-bb83-dd03541a3acf","title":"MT - ARIPUANA","name":"MT - ARIPUANA","tipo":"Munic\u00edpio","url":"\/dashboard\/details-assets\/3a35a098-dfdb-4c51-bb83-dd03541a3acf"},"geometry":{"type":"Point","coordinates":[-59.4568,-10.1723]}},{"type":"Feature","properties":{"municipio":"8a37b02d-1360-4071-828d-263613a3163f","title":"MT - ARAPUTANGA","name":"MT - ARAPUTANGA","tipo":"Munic\u00edpio","url":"\/dashboard\/details-assets\/8a37b02d-1360-4071-828d-263613a3163f"},"geometry":{"type":"Point","coordinates":[-58.3425,-15.4641]}},{"type":"Feature","properties":{"municipio":"59347957-f101-46af-9832-b58d3474d8ff","title":"MT - ALTO TAQUARI","name":"MT - ALTO TAQUARI","tipo":"Munic\u00edpio","url":"\/dashboard\/details-assets\/59347957-f101-46af-9832-b58d3474d8ff"},"geometry":{"type":"Point","coordinates":[-53.2792,-17.8241]}},{"type":"Feature","properties":{"municipio":"d42d9cd5-015d-4b91-9072-775f9eb0bbe8","title":"MT - ALTO GARCAS","name":"MT - ALTO GARCAS","tipo":"Munic\u00edpio","url":"\/dashboard\/details-assets\/d42d9cd5-015d-4b91-9072-775f9eb0bbe8"},"geometry":{"type":"Point","coordinates":[-53.5272,-16.9462]}},{"type":"Feature","properties":{"municipio":"f7fba2e9-9ddf-46ce-9ad4-5504db25ae5a","title":"MT - ALTA FLORESTA","name":"MT - ALTA FLORESTA","tipo":"Munic\u00edpio","url":"\/dashboard\/details-assets\/f7fba2e9-9ddf-46ce-9ad4-5504db25ae5a"},"geometry":{"type":"Point","coordinates":[-56.0867,-9.86674]}},{"type":"Feature","properties":{"municipio":"76dd732c-3d72-4034-910d-ce3db4a9c8f5","title":"MT - ALTO ARAGUAIA","name":"MT - ALTO ARAGUAIA","tipo":"Munic\u00edpio","url":"\/dashboard\/details-assets\/76dd732c-3d72-4034-910d-ce3db4a9c8f5"},"geometry":{"type":"Point","coordinates":[-53.2181,-17.3153]}},{"type":"Feature","properties":{"municipio":"16f6878e-906c-4abe-8feb-441c6c9ea611","title":"MT - AGUA BOA","name":"MT - AGUA BOA","tipo":"Munic\u00edpio","url":"\/dashboard\/details-assets\/16f6878e-906c-4abe-8feb-441c6c9ea611"},"geometry":{"type":"Point","coordinates":[-52.1601,-14.051]}},{"type":"Feature","properties":{"municipio":"7a55f9e7-e953-4354-ab27-c3124427e5c6","title":"MS - TRES LAGOAS","name":"MS - TRES LAGOAS","tipo":"Munic\u00edpio","url":"\/dashboard\/details-assets\/7a55f9e7-e953-4354-ab27-c3124427e5c6"},"geometry":{"type":"Point","coordinates":[-51.7007,-20.7849]}},{"type":"Feature","properties":{"municipio":"cdffce89-8a5a-4820-acb1-fa2fe0a3234d","title":"MS - TERENOS","name":"MS - TERENOS","tipo":"Munic\u00edpio","url":"\/dashboard\/details-assets\/cdffce89-8a5a-4820-acb1-fa2fe0a3234d"},"geometry":{"type":"Point","coordinates":[-54.8647,-20.4378]}},{"type":"Feature","properties":{"municipio":"e16785a4-c11b-4cbe-be87-1ddc16cc9a63","title":"MS - SIDROLANDIA","name":"MS - SIDROLANDIA","tipo":"Munic\u00edpio","url":"\/dashboard\/details-assets\/e16785a4-c11b-4cbe-be87-1ddc16cc9a63"},"geometry":{"type":"Point","coordinates":[-54.9692,-20.9302]}},{"type":"Feature","properties":{"municipio":"6c17bd47-d352-4087-9f1a-6f32c713eeb8","title":"MS - SETE QUEDAS","name":"MS - SETE QUEDAS","tipo":"Munic\u00edpio","url":"\/dashboard\/details-assets\/6c17bd47-d352-4087-9f1a-6f32c713eeb8"},"geometry":{"type":"Point","coordinates":[-55.0398,-23.9705]}},{"type":"Feature","properties":{"municipio":"de051182-4cf7-4f99-93d4-564e9ea797b7","title":"MS - SAO GABRIEL DO OESTE","name":"MS - SAO GABRIEL DO OESTE","tipo":"Munic\u00edpio","url":"\/dashboard\/details-assets\/de051182-4cf7-4f99-93d4-564e9ea797b7"},"geometry":{"type":"Point","coordinates":[-54.5507,-19.3889]}},{"type":"Feature","properties":{"municipio":"04e87805-9301-4f18-aa86-461e8ce930b0","title":"MS - RIO VERDE DE MATO GROSSO","name":"MS - RIO VERDE DE MATO GROSSO","tipo":"Munic\u00edpio","url":"\/dashboard\/details-assets\/04e87805-9301-4f18-aa86-461e8ce930b0"},"geometry":{"type":"Point","coordinates":[-54.8434,-18.9249]}},{"type":"Feature","properties":{"municipio":"9aebe91a-0879-4802-9951-6c389d2697f2","title":"MS - RIO BRILHANTE","name":"MS - RIO BRILHANTE","tipo":"Munic\u00edpio","url":"\/dashboard\/details-assets\/9aebe91a-0879-4802-9951-6c389d2697f2"},"geometry":{"type":"Point","coordinates":[-54.5427,-21.8033]}},{"type":"Feature","properties":{"municipio":"2dcde2b7-0007-46f8-976e-810b41037050","title":"MS - RIBAS DO RIO PARDO","name":"MS - RIBAS DO RIO PARDO","tipo":"Munic\u00edpio","url":"\/dashboard\/details-assets\/2dcde2b7-0007-46f8-976e-810b41037050"},"geometry":{"type":"Point","coordinates":[-53.7588,-20.4445]}},{"type":"Feature","properties":{"municipio":"8de8ea62-2d12-472e-8fe1-5d50e98e0780","title":"MS - PONTA PORA","name":"MS - PONTA PORA","tipo":"Munic\u00edpio","url":"\/dashboard\/details-assets\/8de8ea62-2d12-472e-8fe1-5d50e98e0780"},"geometry":{"type":"Point","coordinates":[-55.7203,-22.5296]}},{"type":"Feature","properties":{"municipio":"c0205972-bc16-47a6-b156-8bc69380a074","title":"MS - PARANAIBA","name":"MS - PARANAIBA","tipo":"Munic\u00edpio","url":"\/dashboard\/details-assets\/c0205972-bc16-47a6-b156-8bc69380a074"},"geometry":{"type":"Point","coordinates":[-51.1909,-19.6746]}},{"type":"Feature","properties":{"municipio":"c81b8891-3673-4ebe-b870-7713114c9131","title":"MS - NOVA ALVORADA DO SUL","name":"MS - NOVA ALVORADA DO SUL","tipo":"Munic\u00edpio","url":"\/dashboard\/details-assets\/c81b8891-3673-4ebe-b870-7713114c9131"},"geometry":{"type":"Point","coordinates":[-54.3825,-21.4657]}},{"type":"Feature","properties":{"municipio":"57111865-7300-46ad-be32-101199608159","title":"MS - NOVA ANDRADINA","name":"MS - NOVA ANDRADINA","tipo":"Munic\u00edpio","url":"\/dashboard\/details-assets\/57111865-7300-46ad-be32-101199608159"},"geometry":{"type":"Point","coordinates":[-53.3437,-22.238]}},{"type":"Feature","properties":{"municipio":"e523f068-eeed-4113-b4c2-8605bb1eb168","title":"MS - NIOAQUE","name":"MS - NIOAQUE","tipo":"Munic\u00edpio","url":"\/dashboard\/details-assets\/e523f068-eeed-4113-b4c2-8605bb1eb168"},"geometry":{"type":"Point","coordinates":[-55.8296,-21.1419]}},{"type":"Feature","properties":{"municipio":"1971f51a-0e76-4976-9fa5-ef8a3b05cb90","title":"MS - NAVIRAI","name":"MS - NAVIRAI","tipo":"Munic\u00edpio","url":"\/dashboard\/details-assets\/1971f51a-0e76-4976-9fa5-ef8a3b05cb90"},"geometry":{"type":"Point","coordinates":[-54.1995,-23.0618]}},{"type":"Feature","properties":{"municipio":"c731b77d-f524-477c-9ad0-e1d7242cbfa4","title":"MS - MUNDO NOVO","name":"MS - MUNDO NOVO","tipo":"Munic\u00edpio","url":"\/dashboard\/details-assets\/c731b77d-f524-477c-9ad0-e1d7242cbfa4"},"geometry":{"type":"Point","coordinates":[-54.281,-23.9355]}},{"type":"Feature","properties":{"municipio":"d4edbe74-5543-4c61-889a-cd5eeb195bb0","title":"MS - MIRANDA","name":"MS - MIRANDA","tipo":"Munic\u00edpio","url":"\/dashboard\/details-assets\/d4edbe74-5543-4c61-889a-cd5eeb195bb0"},"geometry":{"type":"Point","coordinates":[-56.3746,-20.2355]}},{"type":"Feature","properties":{"municipio":"6a960da9-4058-4992-93b6-f445b63cffd6","title":"MS - MARACAJU","name":"MS - MARACAJU","tipo":"Munic\u00edpio","url":"\/dashboard\/details-assets\/6a960da9-4058-4992-93b6-f445b63cffd6"},"geometry":{"type":"Point","coordinates":[-55.1678,-21.6105]}},{"type":"Feature","properties":{"municipio":"9878a58a-a8ed-431a-b33f-45ffa9819b9f","title":"MS - JARDIM","name":"MS - JARDIM","tipo":"Munic\u00edpio","url":"\/dashboard\/details-assets\/9878a58a-a8ed-431a-b33f-45ffa9819b9f"},"geometry":{"type":"Point","coordinates":[-56.1489,-21.4799]}},{"type":"Feature","properties":{"municipio":"252022b7-a43f-4eb5-ac15-a8018514edbe","title":"MS - IVINHEMA","name":"MS - IVINHEMA","tipo":"Munic\u00edpio","url":"\/dashboard\/details-assets\/252022b7-a43f-4eb5-ac15-a8018514edbe"},"geometry":{"type":"Point","coordinates":[-53.8184,-22.3046]}},{"type":"Feature","properties":{"municipio":"6b3416bc-6e6b-4d55-9391-ab59afe58a25","title":"MS - ITAQUIRAI","name":"MS - ITAQUIRAI","tipo":"Munic\u00edpio","url":"\/dashboard\/details-assets\/6b3416bc-6e6b-4d55-9391-ab59afe58a25"},"geometry":{"type":"Point","coordinates":[-54.187,-23.4779]}},{"type":"Feature","properties":{"municipio":"9a1ca6e4-d202-45d8-ba24-9b18645df74c","title":"MS - INOCENCIA","name":"MS - INOCENCIA","tipo":"Munic\u00edpio","url":"\/dashboard\/details-assets\/9a1ca6e4-d202-45d8-ba24-9b18645df74c"},"geometry":{"type":"Point","coordinates":[-51.9281,-19.7277]}},{"type":"Feature","properties":{"municipio":"dcd9462b-9462-4fe1-a88b-136f850bfaca","title":"MS - ITAPORA","name":"MS - ITAPORA","tipo":"Munic\u00edpio","url":"\/dashboard\/details-assets\/dcd9462b-9462-4fe1-a88b-136f850bfaca"},"geometry":{"type":"Point","coordinates":[-54.7934,-22.08]}},{"type":"Feature","properties":{"municipio":"0e9a28c6-122e-4fd4-9142-80d78c30b328","title":"MS - IGUATEMI","name":"MS - IGUATEMI","tipo":"Munic\u00edpio","url":"\/dashboard\/details-assets\/0e9a28c6-122e-4fd4-9142-80d78c30b328"},"geometry":{"type":"Point","coordinates":[-54.5637,-23.6736]}},{"type":"Feature","properties":{"municipio":"031e8776-af33-4d19-b5df-40f13c6317e6","title":"MS - GLORIA DE DOURADOS","name":"MS - GLORIA DE DOURADOS","tipo":"Munic\u00edpio","url":"\/dashboard\/details-assets\/031e8776-af33-4d19-b5df-40f13c6317e6"},"geometry":{"type":"Point","coordinates":[-54.2335,-22.4136]}},{"type":"Feature","properties":{"municipio":"00959489-58cb-487b-96be-dd61e9e8c01b","title":"MS - FATIMA DO SUL","name":"MS - FATIMA DO SUL","tipo":"Munic\u00edpio","url":"\/dashboard\/details-assets\/00959489-58cb-487b-96be-dd61e9e8c01b"},"geometry":{"type":"Point","coordinates":[-54.5131,-22.3789]}},{"type":"Feature","properties":{"municipio":"3a240737-b181-40a2-ae0c-3930babe5097","title":"MS - ELDORADO","name":"MS - ELDORADO","tipo":"Munic\u00edpio","url":"\/dashboard\/details-assets\/3a240737-b181-40a2-ae0c-3930babe5097"},"geometry":{"type":"Point","coordinates":[-54.2838,-23.7868]}},{"type":"Feature","properties":{"municipio":"3c4c29a2-0de9-4998-a914-e5e54cba3d13","title":"MS - DOURADOS","name":"MS - DOURADOS","tipo":"Munic\u00edpio","url":"\/dashboard\/details-assets\/3c4c29a2-0de9-4998-a914-e5e54cba3d13"},"geometry":{"type":"Point","coordinates":[-54.812,-22.2231]}},{"type":"Feature","properties":{"municipio":"b068762d-38d2-4e9c-84ea-339c896208e1","title":"MS - COXIM","name":"MS - COXIM","tipo":"Munic\u00edpio","url":"\/dashboard\/details-assets\/b068762d-38d2-4e9c-84ea-339c896208e1"},"geometry":{"type":"Point","coordinates":[-54.751,-18.5013]}},{"type":"Feature","properties":{"municipio":"22fcb5f3-3663-4d39-bbdc-e1ad2da7aeeb","title":"MS - DEODAPOLIS","name":"MS - DEODAPOLIS","tipo":"Munic\u00edpio","url":"\/dashboard\/details-assets\/22fcb5f3-3663-4d39-bbdc-e1ad2da7aeeb"},"geometry":{"type":"Point","coordinates":[-54.1682,-22.2763]}},{"type":"Feature","properties":{"municipio":"c5f52c2f-9e03-4e2c-9767-d021a0aab4e1","title":"MS - COSTA RICA","name":"MS - COSTA RICA","tipo":"Munic\u00edpio","url":"\/dashboard\/details-assets\/c5f52c2f-9e03-4e2c-9767-d021a0aab4e1"},"geometry":{"type":"Point","coordinates":[-53.1287,-18.5432]}},{"type":"Feature","properties":{"municipio":"eeaada9f-ee04-4883-8873-1d8d18351a03","title":"MS - CORUMBA","name":"MS - CORUMBA","tipo":"Munic\u00edpio","url":"\/dashboard\/details-assets\/eeaada9f-ee04-4883-8873-1d8d18351a03"},"geometry":{"type":"Point","coordinates":[-57.651,-19.0077]}},{"type":"Feature","properties":{"municipio":"7492978c-ff95-44c5-9060-f7e976777d1a","title":"MS - CORONEL SAPUCAIA","name":"MS - CORONEL SAPUCAIA","tipo":"Munic\u00edpio","url":"\/dashboard\/details-assets\/7492978c-ff95-44c5-9060-f7e976777d1a"},"geometry":{"type":"Point","coordinates":[-55.5278,-23.2724]}},{"type":"Feature","properties":{"municipio":"c0e7ce25-fe8a-4311-b03b-44ac48ecdbff","title":"MS - CORGUINHO","name":"MS - CORGUINHO","tipo":"Munic\u00edpio","url":"\/dashboard\/details-assets\/c0e7ce25-fe8a-4311-b03b-44ac48ecdbff"},"geometry":{"type":"Point","coordinates":[-54.8281,-19.8243]}},{"type":"Feature","properties":{"municipio":"57da87f9-5da5-49bb-9811-fa81bf44cd51","title":"MS - CHAPADAO DO SUL","name":"MS - CHAPADAO DO SUL","tipo":"Munic\u00edpio","url":"\/dashboard\/details-assets\/57da87f9-5da5-49bb-9811-fa81bf44cd51"},"geometry":{"type":"Point","coordinates":[-52.6263,-18.788]}},{"type":"Feature","properties":{"municipio":"aa836827-2a26-4266-8077-8ed62f6127a5","title":"MS - CASSILANDIA","name":"MS - CASSILANDIA","tipo":"Munic\u00edpio","url":"\/dashboard\/details-assets\/aa836827-2a26-4266-8077-8ed62f6127a5"},"geometry":{"type":"Point","coordinates":[-51.7313,-19.1179]}},{"type":"Feature","properties":{"municipio":"90bdd913-b0e9-4190-8700-62d9083a0a8a","title":"MS - CARACOL","name":"MS - CARACOL","tipo":"Munic\u00edpio","url":"\/dashboard\/details-assets\/90bdd913-b0e9-4190-8700-62d9083a0a8a"},"geometry":{"type":"Point","coordinates":[-57.0277,-22.011]}},{"type":"Feature","properties":{"municipio":"482de0f7-fb52-4d08-8e4b-66b55f680586","title":"MS - CAMAPUA","name":"MS - CAMAPUA","tipo":"Munic\u00edpio","url":"\/dashboard\/details-assets\/482de0f7-fb52-4d08-8e4b-66b55f680586"},"geometry":{"type":"Point","coordinates":[-54.0431,-19.5347]}},{"type":"Feature","properties":{"municipio":"e82122ee-a614-4664-b43f-d2b164eec60e","title":"MS - CAMPO GRANDE","name":"MS - CAMPO GRANDE","tipo":"Munic\u00edpio","url":"\/dashboard\/details-assets\/e82122ee-a614-4664-b43f-d2b164eec60e"},"geometry":{"type":"Point","coordinates":[-54.6295,-20.4486]}},{"type":"Feature","properties":{"municipio":"b602d589-7c9e-41c3-9bdb-c1c94b4dbcd8","title":"MS - CAARAPO","name":"MS - CAARAPO","tipo":"Munic\u00edpio","url":"\/dashboard\/details-assets\/b602d589-7c9e-41c3-9bdb-c1c94b4dbcd8"},"geometry":{"type":"Point","coordinates":[-54.8209,-22.6368]}},{"type":"Feature","properties":{"municipio":"68b55fd6-c961-47c3-be6d-1413997148d5","title":"MS - BONITO","name":"MS - BONITO","tipo":"Munic\u00edpio","url":"\/dashboard\/details-assets\/68b55fd6-c961-47c3-be6d-1413997148d5"},"geometry":{"type":"Point","coordinates":[-56.4836,-21.1261]}},{"type":"Feature","properties":{"municipio":"5ef0a631-ce26-4c27-a699-dfb266cc404d","title":"MS - BELA VISTA","name":"MS - BELA VISTA","tipo":"Munic\u00edpio","url":"\/dashboard\/details-assets\/5ef0a631-ce26-4c27-a699-dfb266cc404d"},"geometry":{"type":"Point","coordinates":[-56.5263,-22.1073]}},{"type":"Feature","properties":{"municipio":"53512afa-75d6-4bec-8706-b9c0944e0f94","title":"MS - BATAGUASSU","name":"MS - BATAGUASSU","tipo":"Munic\u00edpio","url":"\/dashboard\/details-assets\/53512afa-75d6-4bec-8706-b9c0944e0f94"},"geometry":{"type":"Point","coordinates":[-52.4221,-21.7159]}},{"type":"Feature","properties":{"municipio":"f90ab490-09b5-4316-bb42-b52db1147c95","title":"MS - AQUIDAUANA","name":"MS - AQUIDAUANA","tipo":"Munic\u00edpio","url":"\/dashboard\/details-assets\/f90ab490-09b5-4316-bb42-b52db1147c95"},"geometry":{"type":"Point","coordinates":[-55.7868,-20.4666]}},{"type":"Feature","properties":{"municipio":"1d99d12c-bf3f-4393-9892-7d26cf4daa03","title":"MS - ARAL MOREIRA","name":"MS - ARAL MOREIRA","tipo":"Munic\u00edpio","url":"\/dashboard\/details-assets\/1d99d12c-bf3f-4393-9892-7d26cf4daa03"},"geometry":{"type":"Point","coordinates":[-55.6334,-22.9385]}},{"type":"Feature","properties":{"municipio":"c5f63d82-9716-49fc-9a5d-8c7f8d8fc959","title":"MS - APARECIDA DO TABOADO","name":"MS - APARECIDA DO TABOADO","tipo":"Munic\u00edpio","url":"\/dashboard\/details-assets\/c5f63d82-9716-49fc-9a5d-8c7f8d8fc959"},"geometry":{"type":"Point","coordinates":[-51.0961,-20.0873]}},{"type":"Feature","properties":{"municipio":"3ee52fd6-7a39-4db1-8efb-98b79b8cacbb","title":"MS - ANTONIO JOAO","name":"MS - ANTONIO JOAO","tipo":"Munic\u00edpio","url":"\/dashboard\/details-assets\/3ee52fd6-7a39-4db1-8efb-98b79b8cacbb"},"geometry":{"type":"Point","coordinates":[-55.9517,-22.1927]}},{"type":"Feature","properties":{"municipio":"10c96238-1877-4b6c-a01f-914c106c5940","title":"MS - AMAMBAI","name":"MS - AMAMBAI","tipo":"Munic\u00edpio","url":"\/dashboard\/details-assets\/10c96238-1877-4b6c-a01f-914c106c5940"},"geometry":{"type":"Point","coordinates":[-55.2253,-23.1058]}},{"type":"Feature","properties":{"municipio":"0f4d81e8-8b7d-4822-9697-3f2f02c4adb7","title":"MG - VISCONDE DO RIO BRANCO","name":"MG - VISCONDE DO RIO BRANCO","tipo":"Munic\u00edpio","url":"\/dashboard\/details-assets\/0f4d81e8-8b7d-4822-9697-3f2f02c4adb7"},"geometry":{"type":"Point","coordinates":[-42.8361,-21.0127]}},{"type":"Feature","properties":{"municipio":"5213a215-1b8f-455e-bdad-97dc3086a14f","title":"MG - VIRGINOPOLIS","name":"MG - VIRGINOPOLIS","tipo":"Munic\u00edpio","url":"\/dashboard\/details-assets\/5213a215-1b8f-455e-bdad-97dc3086a14f"},"geometry":{"type":"Point","coordinates":[-42.7015,-18.8154]}},{"type":"Feature","properties":{"municipio":"e1e67cd2-fdfd-435e-9e43-87e9d54b99ee","title":"MG - VIRGEM DA LAPA","name":"MG - VIRGEM DA LAPA","tipo":"Munic\u00edpio","url":"\/dashboard\/details-assets\/e1e67cd2-fdfd-435e-9e43-87e9d54b99ee"},"geometry":{"type":"Point","coordinates":[-42.3431,-16.807]}},{"type":"Feature","properties":{"municipio":"b59bd01d-de5b-4d2d-8292-e1837a161855","title":"MG - MATHIAS LOBATO","name":"MG - MATHIAS LOBATO","tipo":"Munic\u00edpio","url":"\/dashboard\/details-assets\/b59bd01d-de5b-4d2d-8292-e1837a161855"},"geometry":{"type":"Point","coordinates":[-41.9166,-18.59]}},{"type":"Feature","properties":{"municipio":"7838e2b9-dfae-4507-9612-dc02972cd06e","title":"MG - VICOSA","name":"MG - VICOSA","tipo":"Munic\u00edpio","url":"\/dashboard\/details-assets\/7838e2b9-dfae-4507-9612-dc02972cd06e"},"geometry":{"type":"Point","coordinates":[-42.8742,-20.7559]}},{"type":"Feature","properties":{"municipio":"aba57fcd-0e6e-4446-b169-b083208625db","title":"MG - VESPASIANO","name":"MG - VESPASIANO","tipo":"Munic\u00edpio","url":"\/dashboard\/details-assets\/aba57fcd-0e6e-4446-b169-b083208625db"},"geometry":{"type":"Point","coordinates":[-43.9239,-19.6883]}},{"type":"Feature","properties":{"municipio":"be5e210c-05c0-4d8e-8737-d4012760d26f","title":"MG - VAZANTE","name":"MG - VAZANTE","tipo":"Munic\u00edpio","url":"\/dashboard\/details-assets\/be5e210c-05c0-4d8e-8737-d4012760d26f"},"geometry":{"type":"Point","coordinates":[-46.9088,-17.9827]}},{"type":"Feature","properties":{"municipio":"9181d0b5-be82-4aed-b582-ac83891ea5b2","title":"MG - VARZEA DA PALMA","name":"MG - VARZEA DA PALMA","tipo":"Munic\u00edpio","url":"\/dashboard\/details-assets\/9181d0b5-be82-4aed-b582-ac83891ea5b2"},"geometry":{"type":"Point","coordinates":[-44.7226,-17.5944]}},{"type":"Feature","properties":{"municipio":"37d1be06-fee1-4250-9070-4931addb9021","title":"MG - VARGINHA","name":"MG - VARGINHA","tipo":"Munic\u00edpio","url":"\/dashboard\/details-assets\/37d1be06-fee1-4250-9070-4931addb9021"},"geometry":{"type":"Point","coordinates":[-45.4364,-21.5556]}},{"type":"Feature","properties":{"municipio":"1c2cf176-c5b7-4324-b124-dd071f6d8aa4","title":"MG - VARGEM ALEGRE","name":"MG - VARGEM ALEGRE","tipo":"Munic\u00edpio","url":"\/dashboard\/details-assets\/1c2cf176-c5b7-4324-b124-dd071f6d8aa4"},"geometry":{"type":"Point","coordinates":[-42.2949,-19.5988]}},{"type":"Feature","properties":{"municipio":"3fa7973d-a427-4131-96fc-782e15df9199","title":"MG - UNAI","name":"MG - UNAI","tipo":"Munic\u00edpio","url":"\/dashboard\/details-assets\/3fa7973d-a427-4131-96fc-782e15df9199"},"geometry":{"type":"Point","coordinates":[-46.9022,-16.3592]}},{"type":"Feature","properties":{"municipio":"98e76587-8216-41aa-9818-59220650eb2f","title":"MG - UBERLANDIA","name":"MG - UBERLANDIA","tipo":"Munic\u00edpio","url":"\/dashboard\/details-assets\/98e76587-8216-41aa-9818-59220650eb2f"},"geometry":{"type":"Point","coordinates":[-48.2749,-18.9141]}},{"type":"Feature","properties":{"municipio":"b923673f-05cc-4f1b-94aa-d23cd16e6984","title":"MG - UBERABA","name":"MG - UBERABA","tipo":"Munic\u00edpio","url":"\/dashboard\/details-assets\/b923673f-05cc-4f1b-94aa-d23cd16e6984"},"geometry":{"type":"Point","coordinates":[-47.9381,-19.7472]}},{"type":"Feature","properties":{"municipio":"7120daac-d9e0-4e1c-91fe-2673ddf4727a","title":"MG - UBA","name":"MG - UBA","tipo":"Munic\u00edpio","url":"\/dashboard\/details-assets\/7120daac-d9e0-4e1c-91fe-2673ddf4727a"},"geometry":{"type":"Point","coordinates":[-42.9359,-21.1204]}},{"type":"Feature","properties":{"municipio":"6f868b2a-0dbf-4a7c-8d1c-44cf55b343a5","title":"MG - TURMALINA","name":"MG - TURMALINA","tipo":"Munic\u00edpio","url":"\/dashboard\/details-assets\/6f868b2a-0dbf-4a7c-8d1c-44cf55b343a5"},"geometry":{"type":"Point","coordinates":[-42.7285,-17.2828]}},{"type":"Feature","properties":{"municipio":"e8140d6a-89de-4f6b-9425-ec1827422829","title":"MG - TRES PONTAS","name":"MG - TRES PONTAS","tipo":"Munic\u00edpio","url":"\/dashboard\/details-assets\/e8140d6a-89de-4f6b-9425-ec1827422829"},"geometry":{"type":"Point","coordinates":[-45.5109,-21.3694]}},{"type":"Feature","properties":{"municipio":"3f63255f-8048-493b-a813-ae4ea30582d8","title":"MG - TRES MARIAS","name":"MG - TRES MARIAS","tipo":"Munic\u00edpio","url":"\/dashboard\/details-assets\/3f63255f-8048-493b-a813-ae4ea30582d8"},"geometry":{"type":"Point","coordinates":[-45.2473,-18.2048]}},{"type":"Feature","properties":{"municipio":"12ea6406-6803-48d1-98b4-c02e8e4fdf6a","title":"MG - TRES CORACOES","name":"MG - TRES CORACOES","tipo":"Munic\u00edpio","url":"\/dashboard\/details-assets\/12ea6406-6803-48d1-98b4-c02e8e4fdf6a"},"geometry":{"type":"Point","coordinates":[-45.2511,-21.6921]}},{"type":"Feature","properties":{"municipio":"808bb38a-9069-4d9a-a564-16e78f75f836","title":"MG - TOLEDO","name":"MG - TOLEDO","tipo":"Munic\u00edpio","url":"\/dashboard\/details-assets\/808bb38a-9069-4d9a-a564-16e78f75f836"},"geometry":{"type":"Point","coordinates":[-46.3728,-22.7421]}},{"type":"Feature","properties":{"municipio":"c81c1e4e-ab45-4f0b-b696-833915b0236f","title":"MG - TIMOTEO","name":"MG - TIMOTEO","tipo":"Munic\u00edpio","url":"\/dashboard\/details-assets\/c81c1e4e-ab45-4f0b-b696-833915b0236f"},"geometry":{"type":"Point","coordinates":[-42.6471,-19.5811]}},{"type":"Feature","properties":{"municipio":"3872b965-f398-41a2-b505-a5c0ae29cd14","title":"MG - TEOFILO OTONI","name":"MG - TEOFILO OTONI","tipo":"Munic\u00edpio","url":"\/dashboard\/details-assets\/3872b965-f398-41a2-b505-a5c0ae29cd14"},"geometry":{"type":"Point","coordinates":[-41.5087,-17.8595]}},{"type":"Feature","properties":{"municipio":"33f4c974-4b6c-4896-b4e2-f0cde51d2e75","title":"MG - TAIOBEIRAS","name":"MG - TAIOBEIRAS","tipo":"Munic\u00edpio","url":"\/dashboard\/details-assets\/33f4c974-4b6c-4896-b4e2-f0cde51d2e75"},"geometry":{"type":"Point","coordinates":[-42.2259,-15.8106]}},{"type":"Feature","properties":{"municipio":"c8269cf2-8c2c-41ef-ba17-4a96aa919e06","title":"MG - SETE LAGOAS","name":"MG - SETE LAGOAS","tipo":"Munic\u00edpio","url":"\/dashboard\/details-assets\/c8269cf2-8c2c-41ef-ba17-4a96aa919e06"},"geometry":{"type":"Point","coordinates":[-44.2413,-19.4569]}},{"type":"Feature","properties":{"municipio":"74e5eca9-9cb8-4d55-b2c9-3b671ea879c8","title":"MG - SERRO","name":"MG - SERRO","tipo":"Munic\u00edpio","url":"\/dashboard\/details-assets\/74e5eca9-9cb8-4d55-b2c9-3b671ea879c8"},"geometry":{"type":"Point","coordinates":[-43.3744,-18.5991]}},{"type":"Feature","properties":{"municipio":"1a2435fd-cf22-411d-8dc0-3f97e1713757","title":"MG - SERRA DO SALITRE","name":"MG - SERRA DO SALITRE","tipo":"Munic\u00edpio","url":"\/dashboard\/details-assets\/1a2435fd-cf22-411d-8dc0-3f97e1713757"},"geometry":{"type":"Point","coordinates":[-46.6961,-19.1083]}},{"type":"Feature","properties":{"municipio":"f96fb7f2-fc89-4326-8e3f-1fa37af222b7","title":"MG - SARZEDO","name":"MG - SARZEDO","tipo":"Munic\u00edpio","url":"\/dashboard\/details-assets\/f96fb7f2-fc89-4326-8e3f-1fa37af222b7"},"geometry":{"type":"Point","coordinates":[-44.1446,-20.0367]}},{"type":"Feature","properties":{"municipio":"0eecb42d-359d-43ec-a8ef-b958c266e7fd","title":"MG - SETUBINHA","name":"MG - SETUBINHA","tipo":"Munic\u00edpio","url":"\/dashboard\/details-assets\/0eecb42d-359d-43ec-a8ef-b958c266e7fd"},"geometry":{"type":"Point","coordinates":[-42.1587,-17.6002]}},{"type":"Feature","properties":{"municipio":"c970d72b-2b3a-4002-aad3-6f42e8d6655c","title":"MG - SARDOA","name":"MG - SARDOA","tipo":"Munic\u00edpio","url":"\/dashboard\/details-assets\/c970d72b-2b3a-4002-aad3-6f42e8d6655c"},"geometry":{"type":"Point","coordinates":[-42.3629,-18.7828]}},{"type":"Feature","properties":{"municipio":"fda8ceff-d3b0-45f6-9085-94b60a3572e3","title":"MG - SAO SEBASTIAO DO PARAISO","name":"MG - SAO SEBASTIAO DO PARAISO","tipo":"Munic\u00edpio","url":"\/dashboard\/details-assets\/fda8ceff-d3b0-45f6-9085-94b60a3572e3"},"geometry":{"type":"Point","coordinates":[-46.9837,-20.9167]}},{"type":"Feature","properties":{"municipio":"9a74def5-4843-4839-851a-3a34a4a4f01c","title":"MG - SAO ROQUE DE MINAS","name":"MG - SAO ROQUE DE MINAS","tipo":"Munic\u00edpio","url":"\/dashboard\/details-assets\/9a74def5-4843-4839-851a-3a34a4a4f01c"},"geometry":{"type":"Point","coordinates":[-46.3639,-20.249]}},{"type":"Feature","properties":{"municipio":"1b69d7d5-4037-4b61-84e6-9ff55650071a","title":"MG - SAO LOURENCO","name":"MG - SAO LOURENCO","tipo":"Munic\u00edpio","url":"\/dashboard\/details-assets\/1b69d7d5-4037-4b61-84e6-9ff55650071a"},"geometry":{"type":"Point","coordinates":[-45.0506,-22.1166]}},{"type":"Feature","properties":{"municipio":"3d8f3f8c-6ec6-41b2-8305-70bf3d26e4c9","title":"MG - SAO JOAQUIM DE BICAS","name":"MG - SAO JOAQUIM DE BICAS","tipo":"Munic\u00edpio","url":"\/dashboard\/details-assets\/3d8f3f8c-6ec6-41b2-8305-70bf3d26e4c9"},"geometry":{"type":"Point","coordinates":[-44.2749,-20.048]}},{"type":"Feature","properties":{"municipio":"3666c713-8645-490e-9af0-aa0c4e0affda","title":"MG - SAO JOAO NEPOMUCENO","name":"MG - SAO JOAO NEPOMUCENO","tipo":"Munic\u00edpio","url":"\/dashboard\/details-assets\/3666c713-8645-490e-9af0-aa0c4e0affda"},"geometry":{"type":"Point","coordinates":[-43.0069,-21.5381]}},{"type":"Feature","properties":{"municipio":"cc39ea7d-88c7-4b57-b205-b9568d7b21ed","title":"MG - SAO JOAO EVANGELISTA","name":"MG - SAO JOAO EVANGELISTA","tipo":"Munic\u00edpio","url":"\/dashboard\/details-assets\/cc39ea7d-88c7-4b57-b205-b9568d7b21ed"},"geometry":{"type":"Point","coordinates":[-42.7655,-18.548]}},{"type":"Feature","properties":{"municipio":"c38edb05-7224-421e-ae8a-b5b38b563460","title":"MG - SAO JOAO DO PARAISO","name":"MG - SAO JOAO DO PARAISO","tipo":"Munic\u00edpio","url":"\/dashboard\/details-assets\/c38edb05-7224-421e-ae8a-b5b38b563460"},"geometry":{"type":"Point","coordinates":[-42.0213,-15.3168]}},{"type":"Feature","properties":{"municipio":"b082b8f4-3c25-40d4-9491-b9d1eac44dd0","title":"MG - SAO JOAO DEL REI","name":"MG - SAO JOAO DEL REI","tipo":"Munic\u00edpio","url":"\/dashboard\/details-assets\/b082b8f4-3c25-40d4-9491-b9d1eac44dd0"},"geometry":{"type":"Point","coordinates":[-44.2526,-21.1311]}},{"type":"Feature","properties":{"municipio":"c44d268a-ff81-4c3e-9b99-3b00f8a09872","title":"MG - SAO GOTARDO","name":"MG - SAO GOTARDO","tipo":"Munic\u00edpio","url":"\/dashboard\/details-assets\/c44d268a-ff81-4c3e-9b99-3b00f8a09872"},"geometry":{"type":"Point","coordinates":[-46.0465,-19.3087]}},{"type":"Feature","properties":{"municipio":"f06eebf3-27db-4a90-b0e8-5d7a8adf4487","title":"MG - SAO GONCALO DO SAPUCAI","name":"MG - SAO GONCALO DO SAPUCAI","tipo":"Munic\u00edpio","url":"\/dashboard\/details-assets\/f06eebf3-27db-4a90-b0e8-5d7a8adf4487"},"geometry":{"type":"Point","coordinates":[-45.5893,-21.8932]}},{"type":"Feature","properties":{"municipio":"06ac62fc-367a-4461-ac28-6794c5b84862","title":"MG - SAO FRANCISCO","name":"MG - SAO FRANCISCO","tipo":"Munic\u00edpio","url":"\/dashboard\/details-assets\/06ac62fc-367a-4461-ac28-6794c5b84862"},"geometry":{"type":"Point","coordinates":[-44.8593,-15.9514]}},{"type":"Feature","properties":{"municipio":"26f0d5ce-fe56-4d60-98f0-e23825bcc156","title":"MG - SAO DOMINGOS DO PRATA","name":"MG - SAO DOMINGOS DO PRATA","tipo":"Munic\u00edpio","url":"\/dashboard\/details-assets\/26f0d5ce-fe56-4d60-98f0-e23825bcc156"},"geometry":{"type":"Point","coordinates":[-42.971,-19.8678]}},{"type":"Feature","properties":{"municipio":"db28e75e-1960-4d82-9cb6-a84464aea6b6","title":"MG - SANTOS DUMONT","name":"MG - SANTOS DUMONT","tipo":"Munic\u00edpio","url":"\/dashboard\/details-assets\/db28e75e-1960-4d82-9cb6-a84464aea6b6"},"geometry":{"type":"Point","coordinates":[-43.5499,-21.4634]}},{"type":"Feature","properties":{"municipio":"7fbf583a-c5fa-4c09-96e6-868794273e2e","title":"MG - SANTO ANTONIO DO MONTE","name":"MG - SANTO ANTONIO DO MONTE","tipo":"Munic\u00edpio","url":"\/dashboard\/details-assets\/7fbf583a-c5fa-4c09-96e6-868794273e2e"},"geometry":{"type":"Point","coordinates":[-45.2947,-20.085]}},{"type":"Feature","properties":{"municipio":"a9491a31-0214-46bc-a062-60f17b8b5800","title":"MG - SANTA RITA DO SAPUCAI","name":"MG - SANTA RITA DO SAPUCAI","tipo":"Munic\u00edpio","url":"\/dashboard\/details-assets\/a9491a31-0214-46bc-a062-60f17b8b5800"},"geometry":{"type":"Point","coordinates":[-45.7034,-22.2461]}},{"type":"Feature","properties":{"municipio":"df6d0fbd-599e-4262-a35b-1c2c06230a91","title":"MG - SANTA RITA DE MINAS","name":"MG - SANTA RITA DE MINAS","tipo":"Munic\u00edpio","url":"\/dashboard\/details-assets\/df6d0fbd-599e-4262-a35b-1c2c06230a91"},"geometry":{"type":"Point","coordinates":[-42.1363,-19.876]}},{"type":"Feature","properties":{"municipio":"3c462616-4b75-41c5-9eed-7e76a7c8c69d","title":"MG - SANTANA DO PARAISO","name":"MG - SANTANA DO PARAISO","tipo":"Munic\u00edpio","url":"\/dashboard\/details-assets\/3c462616-4b75-41c5-9eed-7e76a7c8c69d"},"geometry":{"type":"Point","coordinates":[-42.5446,-19.3661]}},{"type":"Feature","properties":{"municipio":"7f495574-b86f-43cc-bd12-03bc4c7ecfaa","title":"MG - SANTA MARGARIDA","name":"MG - SANTA MARGARIDA","tipo":"Munic\u00edpio","url":"\/dashboard\/details-assets\/7f495574-b86f-43cc-bd12-03bc4c7ecfaa"},"geometry":{"type":"Point","coordinates":[-42.2519,-20.3839]}},{"type":"Feature","properties":{"municipio":"65c9c103-5151-4af4-942f-a318b0a1ce07","title":"MG - SANTA LUZIA","name":"MG - SANTA LUZIA","tipo":"Munic\u00edpio","url":"\/dashboard\/details-assets\/65c9c103-5151-4af4-942f-a318b0a1ce07"},"geometry":{"type":"Point","coordinates":[-43.8497,-19.7548]}},{"type":"Feature","properties":{"municipio":"f84dd38d-199d-4d5c-ac63-7a1d99c90830","title":"MG - SANTA JULIANA","name":"MG - SANTA JULIANA","tipo":"Munic\u00edpio","url":"\/dashboard\/details-assets\/f84dd38d-199d-4d5c-ac63-7a1d99c90830"},"geometry":{"type":"Point","coordinates":[-47.5322,-19.3108]}},{"type":"Feature","properties":{"municipio":"9016ffad-75e2-47b3-b010-b3f0576f6602","title":"MG - SANTA BARBARA","name":"MG - SANTA BARBARA","tipo":"Munic\u00edpio","url":"\/dashboard\/details-assets\/9016ffad-75e2-47b3-b010-b3f0576f6602"},"geometry":{"type":"Point","coordinates":[-43.4101,-19.9604]}},{"type":"Feature","properties":{"municipio":"b20d5647-e68a-4f81-a14d-49cca96a3aa4","title":"MG - SALINAS","name":"MG - SALINAS","tipo":"Munic\u00edpio","url":"\/dashboard\/details-assets\/b20d5647-e68a-4f81-a14d-49cca96a3aa4"},"geometry":{"type":"Point","coordinates":[-42.2964,-16.1753]}},{"type":"Feature","properties":{"municipio":"217fc87b-2bcf-4ac5-8c34-9f571d1d99b1","title":"MG - SABARA","name":"MG - SABARA","tipo":"Munic\u00edpio","url":"\/dashboard\/details-assets\/217fc87b-2bcf-4ac5-8c34-9f571d1d99b1"},"geometry":{"type":"Point","coordinates":[-43.8263,-19.884]}},{"type":"Feature","properties":{"municipio":"faca4850-f3b5-4dd2-a3f6-b0929060ece0","title":"MG - SACRAMENTO","name":"MG - SACRAMENTO","tipo":"Munic\u00edpio","url":"\/dashboard\/details-assets\/faca4850-f3b5-4dd2-a3f6-b0929060ece0"},"geometry":{"type":"Point","coordinates":[-47.4508,-19.8622]}},{"type":"Feature","properties":{"municipio":"e6bc810f-53f4-439c-884f-a5aa81e197ce","title":"MG - ROSARIO DA LIMEIRA","name":"MG - ROSARIO DA LIMEIRA","tipo":"Munic\u00edpio","url":"\/dashboard\/details-assets\/e6bc810f-53f4-439c-884f-a5aa81e197ce"},"geometry":{"type":"Point","coordinates":[-42.5112,-20.9812]}},{"type":"Feature","properties":{"municipio":"cf3e7e50-feaa-4a7a-a2a1-f7f90c2606ff","title":"MG - RIO POMBA","name":"MG - RIO POMBA","tipo":"Munic\u00edpio","url":"\/dashboard\/details-assets\/cf3e7e50-feaa-4a7a-a2a1-f7f90c2606ff"},"geometry":{"type":"Point","coordinates":[-43.1696,-21.2712]}},{"type":"Feature","properties":{"municipio":"8fef2310-6719-4f81-96f8-e259842dbd6e","title":"MG - RIO PIRACICABA","name":"MG - RIO PIRACICABA","tipo":"Munic\u00edpio","url":"\/dashboard\/details-assets\/8fef2310-6719-4f81-96f8-e259842dbd6e"},"geometry":{"type":"Point","coordinates":[-43.1829,-19.9284]}},{"type":"Feature","properties":{"municipio":"a16949d0-09ce-428a-b4c0-5dd35e93fc52","title":"MG - RIO PARANAIBA","name":"MG - RIO PARANAIBA","tipo":"Munic\u00edpio","url":"\/dashboard\/details-assets\/a16949d0-09ce-428a-b4c0-5dd35e93fc52"},"geometry":{"type":"Point","coordinates":[-46.2455,-19.1861]}},{"type":"Feature","properties":{"municipio":"4f9d1d94-179e-466b-9a27-9dd50621b0c2","title":"MG - RIO CASCA","name":"MG - RIO CASCA","tipo":"Munic\u00edpio","url":"\/dashboard\/details-assets\/4f9d1d94-179e-466b-9a27-9dd50621b0c2"},"geometry":{"type":"Point","coordinates":[-42.6462,-20.2285]}},{"type":"Feature","properties":{"municipio":"3f8d138f-6948-40ab-9f12-75c6a60236c5","title":"MG - RIBEIRAO DAS NEVES","name":"MG - RIBEIRAO DAS NEVES","tipo":"Munic\u00edpio","url":"\/dashboard\/details-assets\/3f8d138f-6948-40ab-9f12-75c6a60236c5"},"geometry":{"type":"Point","coordinates":[-44.0844,-19.7621]}},{"type":"Feature","properties":{"municipio":"6f101795-47c5-4504-a993-9ca68aa36956","title":"MG - RESPLENDOR","name":"MG - RESPLENDOR","tipo":"Munic\u00edpio","url":"\/dashboard\/details-assets\/6f101795-47c5-4504-a993-9ca68aa36956"},"geometry":{"type":"Point","coordinates":[-41.2462,-19.3194]}},{"type":"Feature","properties":{"municipio":"8e3e0389-4f3e-48aa-859f-38b217c8cccb","title":"MG - RAUL SOARES","name":"MG - RAUL SOARES","tipo":"Munic\u00edpio","url":"\/dashboard\/details-assets\/8e3e0389-4f3e-48aa-859f-38b217c8cccb"},"geometry":{"type":"Point","coordinates":[-42.4502,-20.1061]}},{"type":"Feature","properties":{"municipio":"a0a31ddc-3e61-4d9d-96bb-764005be2a89","title":"MG - REDUTO","name":"MG - REDUTO","tipo":"Munic\u00edpio","url":"\/dashboard\/details-assets\/a0a31ddc-3e61-4d9d-96bb-764005be2a89"},"geometry":{"type":"Point","coordinates":[-41.9848,-20.2401]}},{"type":"Feature","properties":{"municipio":"6e2dbd56-dba5-4397-86e5-288a7fbd9852","title":"MG - PRATA","name":"MG - PRATA","tipo":"Munic\u00edpio","url":"\/dashboard\/details-assets\/6e2dbd56-dba5-4397-86e5-288a7fbd9852"},"geometry":{"type":"Point","coordinates":[-48.9276,-19.3086]}},{"type":"Feature","properties":{"municipio":"9cfa3cc9-498f-47ba-8eca-2956bb66f2fe","title":"MG - POUSO ALEGRE","name":"MG - POUSO ALEGRE","tipo":"Munic\u00edpio","url":"\/dashboard\/details-assets\/9cfa3cc9-498f-47ba-8eca-2956bb66f2fe"},"geometry":{"type":"Point","coordinates":[-45.9389,-22.2266]}},{"type":"Feature","properties":{"municipio":"3e6cea31-7a66-4391-9073-7a5c87b6892f","title":"MG - PORTEIRINHA","name":"MG - PORTEIRINHA","tipo":"Munic\u00edpio","url":"\/dashboard\/details-assets\/3e6cea31-7a66-4391-9073-7a5c87b6892f"},"geometry":{"type":"Point","coordinates":[-43.0281,-15.7404]}},{"type":"Feature","properties":{"municipio":"64893d04-1cf3-4016-97c0-06a5bb509602","title":"MG - PONTE NOVA","name":"MG - PONTE NOVA","tipo":"Munic\u00edpio","url":"\/dashboard\/details-assets\/64893d04-1cf3-4016-97c0-06a5bb509602"},"geometry":{"type":"Point","coordinates":[-42.8978,-20.4111]}},{"type":"Feature","properties":{"municipio":"5f33fbc7-0913-4c4a-bff7-b0ff1f882041","title":"MG - POMPEU","name":"MG - POMPEU","tipo":"Munic\u00edpio","url":"\/dashboard\/details-assets\/5f33fbc7-0913-4c4a-bff7-b0ff1f882041"},"geometry":{"type":"Point","coordinates":[-45.0141,-19.2257]}},{"type":"Feature","properties":{"municipio":"c9558b37-4043-4768-85f9-8a800e0b0326","title":"MG - POCOS DE CALDAS","name":"MG - POCOS DE CALDAS","tipo":"Munic\u00edpio","url":"\/dashboard\/details-assets\/c9558b37-4043-4768-85f9-8a800e0b0326"},"geometry":{"type":"Point","coordinates":[-46.5692,-21.78]}},{"type":"Feature","properties":{"municipio":"9f18cf4e-d3f3-4ddc-b4e5-dc7132fa2762","title":"MG - PIUMHI","name":"MG - PIUMHI","tipo":"Munic\u00edpio","url":"\/dashboard\/details-assets\/9f18cf4e-d3f3-4ddc-b4e5-dc7132fa2762"},"geometry":{"type":"Point","coordinates":[-45.9589,-20.4762]}},{"type":"Feature","properties":{"municipio":"3af61c42-7ce7-4795-9c7a-81282ea1bca4","title":"MG - PITANGUI","name":"MG - PITANGUI","tipo":"Munic\u00edpio","url":"\/dashboard\/details-assets\/3af61c42-7ce7-4795-9c7a-81282ea1bca4"},"geometry":{"type":"Point","coordinates":[-44.8964,-19.6741]}},{"type":"Feature","properties":{"municipio":"8388100c-99a5-46af-b13c-8bd661676f7b","title":"MG - PIRAPORA","name":"MG - PIRAPORA","tipo":"Munic\u00edpio","url":"\/dashboard\/details-assets\/8388100c-99a5-46af-b13c-8bd661676f7b"},"geometry":{"type":"Point","coordinates":[-44.934,-17.3392]}},{"type":"Feature","properties":{"municipio":"2d562964-521d-4b2e-83a4-3ea48c29b797","title":"MG - PIRAPETINGA","name":"MG - PIRAPETINGA","tipo":"Munic\u00edpio","url":"\/dashboard\/details-assets\/2d562964-521d-4b2e-83a4-3ea48c29b797"},"geometry":{"type":"Point","coordinates":[-42.3434,-21.6554]}},{"type":"Feature","properties":{"municipio":"7b4dcb65-1444-4874-be6f-0d35779e4de0","title":"MG - PIRANGA","name":"MG - PIRANGA","tipo":"Munic\u00edpio","url":"\/dashboard\/details-assets\/7b4dcb65-1444-4874-be6f-0d35779e4de0"},"geometry":{"type":"Point","coordinates":[-43.2967,-20.6834]}},{"type":"Feature","properties":{"municipio":"4f4a001e-0381-45ff-80c2-06bdf133b7d5","title":"MG - PERIQUITO","name":"MG - PERIQUITO","tipo":"Munic\u00edpio","url":"\/dashboard\/details-assets\/4f4a001e-0381-45ff-80c2-06bdf133b7d5"},"geometry":{"type":"Point","coordinates":[-42.2333,-19.1573]}},{"type":"Feature","properties":{"municipio":"c1288919-bc5f-4e8c-be57-f7fac0954101","title":"MG - PERDOES","name":"MG - PERDOES","tipo":"Munic\u00edpio","url":"\/dashboard\/details-assets\/c1288919-bc5f-4e8c-be57-f7fac0954101"},"geometry":{"type":"Point","coordinates":[-45.0896,-21.0932]}},{"type":"Feature","properties":{"municipio":"e4a3008c-05db-4c94-923d-b4692aea354e","title":"MG - PERDIZES","name":"MG - PERDIZES","tipo":"Munic\u00edpio","url":"\/dashboard\/details-assets\/e4a3008c-05db-4c94-923d-b4692aea354e"},"geometry":{"type":"Point","coordinates":[-47.2963,-19.3434]}},{"type":"Feature","properties":{"municipio":"7699cf7f-8211-4469-a23c-d19037d8f69d","title":"MG - PEDRO LEOPOLDO","name":"MG - PEDRO LEOPOLDO","tipo":"Munic\u00edpio","url":"\/dashboard\/details-assets\/7699cf7f-8211-4469-a23c-d19037d8f69d"},"geometry":{"type":"Point","coordinates":[-44.0383,-19.6308]}},{"type":"Feature","properties":{"municipio":"ecf8464b-2489-4a10-b765-c98eeb22394a","title":"MG - PATROCINIO","name":"MG - PATROCINIO","tipo":"Munic\u00edpio","url":"\/dashboard\/details-assets\/ecf8464b-2489-4a10-b765-c98eeb22394a"},"geometry":{"type":"Point","coordinates":[-46.9934,-18.9379]}},{"type":"Feature","properties":{"municipio":"8b795e24-c81e-4c85-b605-ba6c82f44a35","title":"MG - PATOS DE MINAS","name":"MG - PATOS DE MINAS","tipo":"Munic\u00edpio","url":"\/dashboard\/details-assets\/8b795e24-c81e-4c85-b605-ba6c82f44a35"},"geometry":{"type":"Point","coordinates":[-46.5013,-18.5699]}},{"type":"Feature","properties":{"municipio":"1eb333c7-9eef-4c35-a3a1-eb26a9c4c175","title":"MG - PASSOS","name":"MG - PASSOS","tipo":"Munic\u00edpio","url":"\/dashboard\/details-assets\/1eb333c7-9eef-4c35-a3a1-eb26a9c4c175"},"geometry":{"type":"Point","coordinates":[-46.609,-20.7193]}},{"type":"Feature","properties":{"municipio":"d364395b-d03e-4f35-b15b-015e7b56a0c0","title":"MG - PASSA QUATRO","name":"MG - PASSA QUATRO","tipo":"Munic\u00edpio","url":"\/dashboard\/details-assets\/d364395b-d03e-4f35-b15b-015e7b56a0c0"},"geometry":{"type":"Point","coordinates":[-44.9709,-22.3871]}},{"type":"Feature","properties":{"municipio":"2dc27ecf-a20a-46aa-a702-e5510d7aa913","title":"MG - PARAOPEBA","name":"MG - PARAOPEBA","tipo":"Munic\u00edpio","url":"\/dashboard\/details-assets\/2dc27ecf-a20a-46aa-a702-e5510d7aa913"},"geometry":{"type":"Point","coordinates":[-44.4044,-19.2732]}},{"type":"Feature","properties":{"municipio":"09246ec5-5da9-49bd-b14a-374235574d8d","title":"MG - PARAISOPOLIS","name":"MG - PARAISOPOLIS","tipo":"Munic\u00edpio","url":"\/dashboard\/details-assets\/09246ec5-5da9-49bd-b14a-374235574d8d"},"geometry":{"type":"Point","coordinates":[-45.7803,-22.5539]}},{"type":"Feature","properties":{"municipio":"429c05cf-ffe7-49b5-91bb-b8e328b72e6c","title":"MG - PARAGUACU","name":"MG - PARAGUACU","tipo":"Munic\u00edpio","url":"\/dashboard\/details-assets\/429c05cf-ffe7-49b5-91bb-b8e328b72e6c"},"geometry":{"type":"Point","coordinates":[-45.7374,-21.5465]}},{"type":"Feature","properties":{"municipio":"ef7e5011-ffc5-4d05-95bf-0a6b1eb54a6a","title":"MG - PARA DE MINAS","name":"MG - PARA DE MINAS","tipo":"Munic\u00edpio","url":"\/dashboard\/details-assets\/ef7e5011-ffc5-4d05-95bf-0a6b1eb54a6a"},"geometry":{"type":"Point","coordinates":[-44.6114,-19.8534]}},{"type":"Feature","properties":{"municipio":"92e9c5e8-fb14-45b3-b46f-9f6a35cb2c98","title":"MG - PARACATU","name":"MG - PARACATU","tipo":"Munic\u00edpio","url":"\/dashboard\/details-assets\/92e9c5e8-fb14-45b3-b46f-9f6a35cb2c98"},"geometry":{"type":"Point","coordinates":[-46.8711,-17.2252]}},{"type":"Feature","properties":{"municipio":"c682c878-46ff-4eed-b1b9-bd196c2d0f47","title":"MG - OURO PRETO","name":"MG - OURO PRETO","tipo":"Munic\u00edpio","url":"\/dashboard\/details-assets\/c682c878-46ff-4eed-b1b9-bd196c2d0f47"},"geometry":{"type":"Point","coordinates":[-43.512,-20.3796]}},{"type":"Feature","properties":{"municipio":"109604f1-c0ff-449a-a285-ebaaf5558361","title":"MG - PADRE PARAISO","name":"MG - PADRE PARAISO","tipo":"Munic\u00edpio","url":"\/dashboard\/details-assets\/109604f1-c0ff-449a-a285-ebaaf5558361"},"geometry":{"type":"Point","coordinates":[-41.4821,-17.0758]}},{"type":"Feature","properties":{"municipio":"9efa50bb-edc9-4e10-afef-76a7008483b4","title":"MG - OURO FINO","name":"MG - OURO FINO","tipo":"Munic\u00edpio","url":"\/dashboard\/details-assets\/9efa50bb-edc9-4e10-afef-76a7008483b4"},"geometry":{"type":"Point","coordinates":[-46.3716,-22.2779]}},{"type":"Feature","properties":{"municipio":"eebf5a58-1f10-48ad-b1ae-ed907d676b83","title":"MG - OURO BRANCO","name":"MG - OURO BRANCO","tipo":"Munic\u00edpio","url":"\/dashboard\/details-assets\/eebf5a58-1f10-48ad-b1ae-ed907d676b83"},"geometry":{"type":"Point","coordinates":[-43.6962,-20.5263]}},{"type":"Feature","properties":{"municipio":"54f9d477-9f18-4b17-b05a-3ad1a60cc333","title":"MG - OLIVEIRA","name":"MG - OLIVEIRA","tipo":"Munic\u00edpio","url":"\/dashboard\/details-assets\/54f9d477-9f18-4b17-b05a-3ad1a60cc333"},"geometry":{"type":"Point","coordinates":[-44.829,-20.6982]}},{"type":"Feature","properties":{"municipio":"817331b6-5e82-40a6-af66-1ddbfbe8cd9b","title":"MG - NOVO CRUZEIRO","name":"MG - NOVO CRUZEIRO","tipo":"Munic\u00edpio","url":"\/dashboard\/details-assets\/817331b6-5e82-40a6-af66-1ddbfbe8cd9b"},"geometry":{"type":"Point","coordinates":[-41.8826,-17.4654]}},{"type":"Feature","properties":{"municipio":"e09d8ac4-8e21-4c1e-bdcf-ed570990362e","title":"MG - NOVO ORIENTE DE MINAS","name":"MG - NOVO ORIENTE DE MINAS","tipo":"Munic\u00edpio","url":"\/dashboard\/details-assets\/e09d8ac4-8e21-4c1e-bdcf-ed570990362e"},"geometry":{"type":"Point","coordinates":[-41.2194,-17.4089]}},{"type":"Feature","properties":{"municipio":"a2897bfd-e63a-4af9-8a51-e5eb8501ba10","title":"MG - NOVA SERRANA","name":"MG - NOVA SERRANA","tipo":"Munic\u00edpio","url":"\/dashboard\/details-assets\/a2897bfd-e63a-4af9-8a51-e5eb8501ba10"},"geometry":{"type":"Point","coordinates":[-44.9847,-19.8713]}},{"type":"Feature","properties":{"municipio":"90a9b2a5-4874-45de-b409-6af10a6f9e76","title":"MG - NOVA PORTEIRINHA","name":"MG - NOVA PORTEIRINHA","tipo":"Munic\u00edpio","url":"\/dashboard\/details-assets\/90a9b2a5-4874-45de-b409-6af10a6f9e76"},"geometry":{"type":"Point","coordinates":[-43.2941,-15.7993]}},{"type":"Feature","properties":{"municipio":"0eb7724b-f5ab-45d2-b481-84e4966ca449","title":"MG - NOVA LIMA","name":"MG - NOVA LIMA","tipo":"Munic\u00edpio","url":"\/dashboard\/details-assets\/0eb7724b-f5ab-45d2-b481-84e4966ca449"},"geometry":{"type":"Point","coordinates":[-43.8509,-19.9758]}},{"type":"Feature","properties":{"municipio":"42b15e13-e0bc-44a5-b496-2fdd9d67afef","title":"MG - NOVA ERA","name":"MG - NOVA ERA","tipo":"Munic\u00edpio","url":"\/dashboard\/details-assets\/42b15e13-e0bc-44a5-b496-2fdd9d67afef"},"geometry":{"type":"Point","coordinates":[-43.0333,-19.7577]}},{"type":"Feature","properties":{"municipio":"f30c6614-9e42-4425-88a7-52ff23e6828c","title":"MG - NEPOMUCENO","name":"MG - NEPOMUCENO","tipo":"Munic\u00edpio","url":"\/dashboard\/details-assets\/f30c6614-9e42-4425-88a7-52ff23e6828c"},"geometry":{"type":"Point","coordinates":[-45.235,-21.2324]}},{"type":"Feature","properties":{"municipio":"01172391-973d-47f8-b0f9-6f4a4b88d3a9","title":"MG - NAQUE","name":"MG - NAQUE","tipo":"Munic\u00edpio","url":"\/dashboard\/details-assets\/01172391-973d-47f8-b0f9-6f4a4b88d3a9"},"geometry":{"type":"Point","coordinates":[-42.3312,-19.2291]}},{"type":"Feature","properties":{"municipio":"966b57e3-62a6-4303-88bc-25cbb1cf007a","title":"MG - NANUQUE","name":"MG - NANUQUE","tipo":"Munic\u00edpio","url":"\/dashboard\/details-assets\/966b57e3-62a6-4303-88bc-25cbb1cf007a"},"geometry":{"type":"Point","coordinates":[-40.3533,-17.8481]}},{"type":"Feature","properties":{"municipio":"6b32266c-09fa-40d2-a467-cd49378a1ce1","title":"MG - MUZAMBINHO","name":"MG - MUZAMBINHO","tipo":"Munic\u00edpio","url":"\/dashboard\/details-assets\/6b32266c-09fa-40d2-a467-cd49378a1ce1"},"geometry":{"type":"Point","coordinates":[-46.5213,-21.3692]}},{"type":"Feature","properties":{"municipio":"33164fe3-e7f7-47e0-90d9-54d352868227","title":"MG - MUTUM","name":"MG - MUTUM","tipo":"Munic\u00edpio","url":"\/dashboard\/details-assets\/33164fe3-e7f7-47e0-90d9-54d352868227"},"geometry":{"type":"Point","coordinates":[-41.4407,-19.8121]}},{"type":"Feature","properties":{"municipio":"6fd9fcd5-f08f-40fe-9945-837cdcd70a1b","title":"MG - MURIAE","name":"MG - MURIAE","tipo":"Munic\u00edpio","url":"\/dashboard\/details-assets\/6fd9fcd5-f08f-40fe-9945-837cdcd70a1b"},"geometry":{"type":"Point","coordinates":[-42.3693,-21.13]}},{"type":"Feature","properties":{"municipio":"b5043a82-0901-4675-aada-6cff96623306","title":"MG - MONTE CARMELO","name":"MG - MONTE CARMELO","tipo":"Munic\u00edpio","url":"\/dashboard\/details-assets\/b5043a82-0901-4675-aada-6cff96623306"},"geometry":{"type":"Point","coordinates":[-47.4912,-18.7302]}},{"type":"Feature","properties":{"municipio":"6065df6b-21f1-46d3-b16a-1ea11f18aa96","title":"MG - MONTES CLAROS","name":"MG - MONTES CLAROS","tipo":"Munic\u00edpio","url":"\/dashboard\/details-assets\/6065df6b-21f1-46d3-b16a-1ea11f18aa96"},"geometry":{"type":"Point","coordinates":[-43.8578,-16.7282]}},{"type":"Feature","properties":{"municipio":"fffdaab0-0b6f-41bc-a7f9-b2f66b20dd62","title":"MG - MONTE ALEGRE DE MINAS","name":"MG - MONTE ALEGRE DE MINAS","tipo":"Munic\u00edpio","url":"\/dashboard\/details-assets\/fffdaab0-0b6f-41bc-a7f9-b2f66b20dd62"},"geometry":{"type":"Point","coordinates":[-48.881,-18.869]}},{"type":"Feature","properties":{"municipio":"b281e5f1-7137-4f13-8358-1f8f284c57bc","title":"MG - MONSENHOR PAULO","name":"MG - MONSENHOR PAULO","tipo":"Munic\u00edpio","url":"\/dashboard\/details-assets\/b281e5f1-7137-4f13-8358-1f8f284c57bc"},"geometry":{"type":"Point","coordinates":[-45.5391,-21.7579]}},{"type":"Feature","properties":{"municipio":"27f43150-1f8e-4fa6-965a-6eb3fc26202a","title":"MG - MIRAI","name":"MG - MIRAI","tipo":"Munic\u00edpio","url":"\/dashboard\/details-assets\/27f43150-1f8e-4fa6-965a-6eb3fc26202a"},"geometry":{"type":"Point","coordinates":[-42.6122,-21.2021]}},{"type":"Feature","properties":{"municipio":"395e20a8-184a-4e21-a56d-144f8a15af51","title":"MG - MIRADOURO","name":"MG - MIRADOURO","tipo":"Munic\u00edpio","url":"\/dashboard\/details-assets\/395e20a8-184a-4e21-a56d-144f8a15af51"},"geometry":{"type":"Point","coordinates":[-42.3458,-20.8899]}},{"type":"Feature","properties":{"municipio":"85a25281-e65b-42ac-870e-89ef01dc6cf7","title":"MG - MIRABELA","name":"MG - MIRABELA","tipo":"Munic\u00edpio","url":"\/dashboard\/details-assets\/85a25281-e65b-42ac-870e-89ef01dc6cf7"},"geometry":{"type":"Point","coordinates":[-44.1602,-16.256]}},{"type":"Feature","properties":{"municipio":"35de3c9f-6f3c-4521-a826-63b1473769ad","title":"MG - MINAS NOVAS","name":"MG - MINAS NOVAS","tipo":"Munic\u00edpio","url":"\/dashboard\/details-assets\/35de3c9f-6f3c-4521-a826-63b1473769ad"},"geometry":{"type":"Point","coordinates":[-42.5884,-17.2156]}},{"type":"Feature","properties":{"municipio":"d7c6038d-2ccc-4490-b92f-09e019c72c0e","title":"MG - MERCES","name":"MG - MERCES","tipo":"Munic\u00edpio","url":"\/dashboard\/details-assets\/d7c6038d-2ccc-4490-b92f-09e019c72c0e"},"geometry":{"type":"Point","coordinates":[-43.3337,-21.1976]}},{"type":"Feature","properties":{"municipio":"4b3913c3-e557-437d-b1ad-f20180e299ea","title":"MG - MEDINA","name":"MG - MEDINA","tipo":"Munic\u00edpio","url":"\/dashboard\/details-assets\/4b3913c3-e557-437d-b1ad-f20180e299ea"},"geometry":{"type":"Point","coordinates":[-41.4728,-16.2245]}},{"type":"Feature","properties":{"municipio":"28254b06-b3b8-41f0-b089-d8cdf49d6988","title":"MG - MATOZINHOS","name":"MG - MATOZINHOS","tipo":"Munic\u00edpio","url":"\/dashboard\/details-assets\/28254b06-b3b8-41f0-b089-d8cdf49d6988"},"geometry":{"type":"Point","coordinates":[-44.0868,-19.5543]}},{"type":"Feature","properties":{"municipio":"52973883-57fd-4b8e-a6c5-ad0952cca0df","title":"MG - MATO VERDE","name":"MG - MATO VERDE","tipo":"Munic\u00edpio","url":"\/dashboard\/details-assets\/52973883-57fd-4b8e-a6c5-ad0952cca0df"},"geometry":{"type":"Point","coordinates":[-42.86,-15.3944]}},{"type":"Feature","properties":{"municipio":"b45b977f-bd3f-486e-8aa5-ef979bd97e27","title":"MG - MATIPO","name":"MG - MATIPO","tipo":"Munic\u00edpio","url":"\/dashboard\/details-assets\/b45b977f-bd3f-486e-8aa5-ef979bd97e27"},"geometry":{"type":"Point","coordinates":[-42.3401,-20.2873]}},{"type":"Feature","properties":{"municipio":"d6b9990a-3f71-4d2a-8415-8f65cd74bc85","title":"MG - MATEUS LEME","name":"MG - MATEUS LEME","tipo":"Munic\u00edpio","url":"\/dashboard\/details-assets\/d6b9990a-3f71-4d2a-8415-8f65cd74bc85"},"geometry":{"type":"Point","coordinates":[-44.4318,-19.9794]}},{"type":"Feature","properties":{"municipio":"a14a6be0-75e1-4d23-8f84-ecabe0293c35","title":"MG - MARIANA","name":"MG - MARIANA","tipo":"Munic\u00edpio","url":"\/dashboard\/details-assets\/a14a6be0-75e1-4d23-8f84-ecabe0293c35"},"geometry":{"type":"Point","coordinates":[-43.414,-20.3765]}},{"type":"Feature","properties":{"municipio":"72f3e80c-a977-4faa-9aeb-357a8aaa7b5f","title":"MG - MANTENA","name":"MG - MANTENA","tipo":"Munic\u00edpio","url":"\/dashboard\/details-assets\/72f3e80c-a977-4faa-9aeb-357a8aaa7b5f"},"geometry":{"type":"Point","coordinates":[-40.9874,-18.7761]}},{"type":"Feature","properties":{"municipio":"4bbf4bc0-6915-46f9-985b-911e6ee8d338","title":"MG - MANHUACU","name":"MG - MANHUACU","tipo":"Munic\u00edpio","url":"\/dashboard\/details-assets\/4bbf4bc0-6915-46f9-985b-911e6ee8d338"},"geometry":{"type":"Point","coordinates":[-42.028,-20.2572]}},{"type":"Feature","properties":{"municipio":"300d41f3-8f8f-440a-9f28-69fcf9a0684d","title":"MG - MANGA","name":"MG - MANGA","tipo":"Munic\u00edpio","url":"\/dashboard\/details-assets\/300d41f3-8f8f-440a-9f28-69fcf9a0684d"},"geometry":{"type":"Point","coordinates":[-43.9391,-14.7529]}},{"type":"Feature","properties":{"municipio":"8901c9b8-f6d1-4c98-917d-0467d08f6ae1","title":"MG - MACHADO","name":"MG - MACHADO","tipo":"Munic\u00edpio","url":"\/dashboard\/details-assets\/8901c9b8-f6d1-4c98-917d-0467d08f6ae1"},"geometry":{"type":"Point","coordinates":[-45.9219,-21.6778]}},{"type":"Feature","properties":{"municipio":"2f420f46-7f72-4a6a-aedc-d2ea79bb7391","title":"MG - MACHACALIS","name":"MG - MACHACALIS","tipo":"Munic\u00edpio","url":"\/dashboard\/details-assets\/2f420f46-7f72-4a6a-aedc-d2ea79bb7391"},"geometry":{"type":"Point","coordinates":[-40.7245,-17.0723]}},{"type":"Feature","properties":{"municipio":"91ee533a-34d5-4ff3-8f22-749c5f3bdca0","title":"MG - LUZ","name":"MG - LUZ","tipo":"Munic\u00edpio","url":"\/dashboard\/details-assets\/91ee533a-34d5-4ff3-8f22-749c5f3bdca0"},"geometry":{"type":"Point","coordinates":[-45.6794,-19.7911]}},{"type":"Feature","properties":{"municipio":"c57f2b9c-1f31-4f8b-ae2b-3fdc1ce42a8d","title":"MG - LIMA DUARTE","name":"MG - LIMA DUARTE","tipo":"Munic\u00edpio","url":"\/dashboard\/details-assets\/c57f2b9c-1f31-4f8b-ae2b-3fdc1ce42a8d"},"geometry":{"type":"Point","coordinates":[-43.7934,-21.8386]}},{"type":"Feature","properties":{"municipio":"5049ab8b-9bb0-44c9-9c07-8c488d1b95ad","title":"MG - LEOPOLDINA","name":"MG - LEOPOLDINA","tipo":"Munic\u00edpio","url":"\/dashboard\/details-assets\/5049ab8b-9bb0-44c9-9c07-8c488d1b95ad"},"geometry":{"type":"Point","coordinates":[-42.6421,-21.5296]}},{"type":"Feature","properties":{"municipio":"617eda06-1e26-44b8-a81e-336c191bfc74","title":"MG - LAVRAS","name":"MG - LAVRAS","tipo":"Munic\u00edpio","url":"\/dashboard\/details-assets\/617eda06-1e26-44b8-a81e-336c191bfc74"},"geometry":{"type":"Point","coordinates":[-45.0009,-21.248]}},{"type":"Feature","properties":{"municipio":"4b854976-6f24-46fc-beec-4d4eaef32705","title":"MG - LAJINHA","name":"MG - LAJINHA","tipo":"Munic\u00edpio","url":"\/dashboard\/details-assets\/4b854976-6f24-46fc-beec-4d4eaef32705"},"geometry":{"type":"Point","coordinates":[-41.6228,-20.1539]}},{"type":"Feature","properties":{"municipio":"28e5ebf1-9ef2-4a35-8745-6a169f887c5a","title":"MG - LAMBARI","name":"MG - LAMBARI","tipo":"Munic\u00edpio","url":"\/dashboard\/details-assets\/28e5ebf1-9ef2-4a35-8745-6a169f887c5a"},"geometry":{"type":"Point","coordinates":[-45.3498,-21.9671]}},{"type":"Feature","properties":{"municipio":"11da6470-1a8c-4dd0-be01-da4f3295b647","title":"MG - LAGOA SANTA","name":"MG - LAGOA SANTA","tipo":"Munic\u00edpio","url":"\/dashboard\/details-assets\/11da6470-1a8c-4dd0-be01-da4f3295b647"},"geometry":{"type":"Point","coordinates":[-43.8932,-19.6397]}},{"type":"Feature","properties":{"municipio":"b728e1a3-5f5d-4c14-80b1-bea4c40b6f59","title":"MG - LAGOA GRANDE","name":"MG - LAGOA GRANDE","tipo":"Munic\u00edpio","url":"\/dashboard\/details-assets\/b728e1a3-5f5d-4c14-80b1-bea4c40b6f59"},"geometry":{"type":"Point","coordinates":[-46.5165,-17.8323]}},{"type":"Feature","properties":{"municipio":"944882af-a2b6-4b80-b176-afe55b5e1f76","title":"MG - LAGOA DA PRATA","name":"MG - LAGOA DA PRATA","tipo":"Munic\u00edpio","url":"\/dashboard\/details-assets\/944882af-a2b6-4b80-b176-afe55b5e1f76"},"geometry":{"type":"Point","coordinates":[-45.5401,-20.0237]}},{"type":"Feature","properties":{"municipio":"ff08e179-c32f-4911-b679-f1a0522c7edd","title":"MG - JUIZ DE FORA","name":"MG - JUIZ DE FORA","tipo":"Munic\u00edpio","url":"\/dashboard\/details-assets\/ff08e179-c32f-4911-b679-f1a0522c7edd"},"geometry":{"type":"Point","coordinates":[-43.3398,-21.7595]}},{"type":"Feature","properties":{"municipio":"495618f7-2de9-44dd-915a-9fa1a4fd93b9","title":"MG - JUATUBA","name":"MG - JUATUBA","tipo":"Munic\u00edpio","url":"\/dashboard\/details-assets\/495618f7-2de9-44dd-915a-9fa1a4fd93b9"},"geometry":{"type":"Point","coordinates":[-44.3451,-19.9448]}},{"type":"Feature","properties":{"municipio":"b8e0a5a5-9273-4005-b8de-ab99579a1f4e","title":"MG - JOAO PINHEIRO","name":"MG - JOAO PINHEIRO","tipo":"Munic\u00edpio","url":"\/dashboard\/details-assets\/b8e0a5a5-9273-4005-b8de-ab99579a1f4e"},"geometry":{"type":"Point","coordinates":[-46.1715,-17.7398]}},{"type":"Feature","properties":{"municipio":"51a482e2-a350-4642-a5ae-3512e8fb695d","title":"MG - JOAO MONLEVADE","name":"MG - JOAO MONLEVADE","tipo":"Munic\u00edpio","url":"\/dashboard\/details-assets\/51a482e2-a350-4642-a5ae-3512e8fb695d"},"geometry":{"type":"Point","coordinates":[-43.1735,-19.8126]}},{"type":"Feature","properties":{"municipio":"5802c37e-a866-407e-8a27-24f2ba466f50","title":"MG - JEQUITINHONHA","name":"MG - JEQUITINHONHA","tipo":"Munic\u00edpio","url":"\/dashboard\/details-assets\/5802c37e-a866-407e-8a27-24f2ba466f50"},"geometry":{"type":"Point","coordinates":[-41.0117,-16.4375]}},{"type":"Feature","properties":{"municipio":"d99c7a3a-a8d7-43a7-9ecb-9adbbc7f3715","title":"MG - JAPONVAR","name":"MG - JAPONVAR","tipo":"Munic\u00edpio","url":"\/dashboard\/details-assets\/d99c7a3a-a8d7-43a7-9ecb-9adbbc7f3715"},"geometry":{"type":"Point","coordinates":[-44.2758,-15.9891]}},{"type":"Feature","properties":{"municipio":"d49b8197-c680-4abf-974f-269c817a736e","title":"MG - JANUARIA","name":"MG - JANUARIA","tipo":"Munic\u00edpio","url":"\/dashboard\/details-assets\/d49b8197-c680-4abf-974f-269c817a736e"},"geometry":{"type":"Point","coordinates":[-44.3639,-15.4802]}},{"type":"Feature","properties":{"municipio":"b31a1e8b-c97a-44b6-bdda-fd00e4509db9","title":"MG - JANAUBA","name":"MG - JANAUBA","tipo":"Munic\u00edpio","url":"\/dashboard\/details-assets\/b31a1e8b-c97a-44b6-bdda-fd00e4509db9"},"geometry":{"type":"Point","coordinates":[-43.3132,-15.8022]}},{"type":"Feature","properties":{"municipio":"a809a939-7faa-4a57-8753-3242cc0f3634","title":"MG - JAIBA","name":"MG - JAIBA","tipo":"Munic\u00edpio","url":"\/dashboard\/details-assets\/a809a939-7faa-4a57-8753-3242cc0f3634"},"geometry":{"type":"Point","coordinates":[-43.6688,-15.3432]}},{"type":"Feature","properties":{"municipio":"a0aebdf0-d785-44a5-b5d4-5b0e5d937d81","title":"MG - JACUTINGA","name":"MG - JACUTINGA","tipo":"Munic\u00edpio","url":"\/dashboard\/details-assets\/a0aebdf0-d785-44a5-b5d4-5b0e5d937d81"},"geometry":{"type":"Point","coordinates":[-46.6166,-22.286]}},{"type":"Feature","properties":{"municipio":"11d7924b-b7eb-43ae-a8d3-169e4f862ef1","title":"MG - ITURAMA","name":"MG - ITURAMA","tipo":"Munic\u00edpio","url":"\/dashboard\/details-assets\/11d7924b-b7eb-43ae-a8d3-169e4f862ef1"},"geometry":{"type":"Point","coordinates":[-50.1966,-19.7276]}},{"type":"Feature","properties":{"municipio":"578e94f7-6c22-4bc6-b2c0-c7016bbf606c","title":"MG - ITINGA","name":"MG - ITINGA","tipo":"Munic\u00edpio","url":"\/dashboard\/details-assets\/578e94f7-6c22-4bc6-b2c0-c7016bbf606c"},"geometry":{"type":"Point","coordinates":[-41.7672,-16.61]}},{"type":"Feature","properties":{"municipio":"3fc87aec-d21a-4968-970b-dd6a7d70b52d","title":"MG - ITUIUTABA","name":"MG - ITUIUTABA","tipo":"Munic\u00edpio","url":"\/dashboard\/details-assets\/3fc87aec-d21a-4968-970b-dd6a7d70b52d"},"geometry":{"type":"Point","coordinates":[-49.4639,-18.9772]}},{"type":"Feature","properties":{"municipio":"0222d590-6460-4cb3-ae59-93f24171f965","title":"MG - ITAUNA","name":"MG - ITAUNA","tipo":"Munic\u00edpio","url":"\/dashboard\/details-assets\/0222d590-6460-4cb3-ae59-93f24171f965"},"geometry":{"type":"Point","coordinates":[-44.5801,-20.0818]}},{"type":"Feature","properties":{"municipio":"b1cf8325-9b39-42ba-b2af-0f39876dc969","title":"MG - ITAU DE MINAS","name":"MG - ITAU DE MINAS","tipo":"Munic\u00edpio","url":"\/dashboard\/details-assets\/b1cf8325-9b39-42ba-b2af-0f39876dc969"},"geometry":{"type":"Point","coordinates":[-46.7525,-20.7375]}},{"type":"Feature","properties":{"municipio":"2f68251f-9990-47d1-b9fb-067f8f81cefc","title":"MG - ITATIAIUCU","name":"MG - ITATIAIUCU","tipo":"Munic\u00edpio","url":"\/dashboard\/details-assets\/2f68251f-9990-47d1-b9fb-067f8f81cefc"},"geometry":{"type":"Point","coordinates":[-44.4211,-20.1983]}},{"type":"Feature","properties":{"municipio":"7501f368-323d-4272-acf1-9f9d5b7807e4","title":"MG - ITAPEVA","name":"MG - ITAPEVA","tipo":"Munic\u00edpio","url":"\/dashboard\/details-assets\/7501f368-323d-4272-acf1-9f9d5b7807e4"},"geometry":{"type":"Point","coordinates":[-46.2241,-22.7665]}},{"type":"Feature","properties":{"municipio":"102a1496-1446-4263-9b7a-8354c87db6ac","title":"MG - ITAPAGIPE","name":"MG - ITAPAGIPE","tipo":"Munic\u00edpio","url":"\/dashboard\/details-assets\/102a1496-1446-4263-9b7a-8354c87db6ac"},"geometry":{"type":"Point","coordinates":[-49.3781,-19.9062]}},{"type":"Feature","properties":{"municipio":"2827b662-4f1f-4777-bf9c-2d90b88b0cca","title":"MG - ITAPECERICA","name":"MG - ITAPECERICA","tipo":"Munic\u00edpio","url":"\/dashboard\/details-assets\/2827b662-4f1f-4777-bf9c-2d90b88b0cca"},"geometry":{"type":"Point","coordinates":[-45.127,-20.4704]}},{"type":"Feature","properties":{"municipio":"b2f97dce-69ac-4a44-9b20-a5dad79420fc","title":"MG - ITAOBIM","name":"MG - ITAOBIM","tipo":"Munic\u00edpio","url":"\/dashboard\/details-assets\/b2f97dce-69ac-4a44-9b20-a5dad79420fc"},"geometry":{"type":"Point","coordinates":[-41.5017,-16.5571]}},{"type":"Feature","properties":{"municipio":"c65c2e39-213b-48e5-9ef3-4dff47ece67c","title":"MG - ITAMONTE","name":"MG - ITAMONTE","tipo":"Munic\u00edpio","url":"\/dashboard\/details-assets\/c65c2e39-213b-48e5-9ef3-4dff47ece67c"},"geometry":{"type":"Point","coordinates":[-44.868,-22.2859]}},{"type":"Feature","properties":{"municipio":"89e0bdf1-a931-4e70-b10a-f0581a8f5b0e","title":"MG - ITANHANDU","name":"MG - ITANHANDU","tipo":"Munic\u00edpio","url":"\/dashboard\/details-assets\/89e0bdf1-a931-4e70-b10a-f0581a8f5b0e"},"geometry":{"type":"Point","coordinates":[-44.9382,-22.2942]}},{"type":"Feature","properties":{"municipio":"4821ea71-9903-4783-a307-43a552601dfb","title":"MG - ITAMBACURI","name":"MG - ITAMBACURI","tipo":"Munic\u00edpio","url":"\/dashboard\/details-assets\/4821ea71-9903-4783-a307-43a552601dfb"},"geometry":{"type":"Point","coordinates":[-41.683,-18.035]}},{"type":"Feature","properties":{"municipio":"9dd0a79d-a3d3-4d51-8d64-0fed5f1177c9","title":"MG - ITAMARANDIBA","name":"MG - ITAMARANDIBA","tipo":"Munic\u00edpio","url":"\/dashboard\/details-assets\/9dd0a79d-a3d3-4d51-8d64-0fed5f1177c9"},"geometry":{"type":"Point","coordinates":[-42.8561,-17.8552]}},{"type":"Feature","properties":{"municipio":"12fcb9c7-f7c7-45f3-acc3-b50106ad7642","title":"MG - ITAJUBA","name":"MG - ITAJUBA","tipo":"Munic\u00edpio","url":"\/dashboard\/details-assets\/12fcb9c7-f7c7-45f3-acc3-b50106ad7642"},"geometry":{"type":"Point","coordinates":[-45.4598,-22.4225]}},{"type":"Feature","properties":{"municipio":"451cab03-fe25-4c8b-8a36-2c8bd941c2f2","title":"MG - ITAGUARA","name":"MG - ITAGUARA","tipo":"Munic\u00edpio","url":"\/dashboard\/details-assets\/451cab03-fe25-4c8b-8a36-2c8bd941c2f2"},"geometry":{"type":"Point","coordinates":[-44.4875,-20.3947]}},{"type":"Feature","properties":{"municipio":"728e50d7-6cfb-498d-8118-7e22aad12172","title":"MG - ITACARAMBI","name":"MG - ITACARAMBI","tipo":"Munic\u00edpio","url":"\/dashboard\/details-assets\/728e50d7-6cfb-498d-8118-7e22aad12172"},"geometry":{"type":"Point","coordinates":[-44.095,-15.089]}},{"type":"Feature","properties":{"municipio":"841a9387-cae6-4170-99bb-e58bb3e7b144","title":"MG - ITABIRITO","name":"MG - ITABIRITO","tipo":"Munic\u00edpio","url":"\/dashboard\/details-assets\/841a9387-cae6-4170-99bb-e58bb3e7b144"},"geometry":{"type":"Point","coordinates":[-43.8038,-20.2501]}},{"type":"Feature","properties":{"municipio":"9e4809eb-529b-4686-bbcb-eae7531981da","title":"MG - ITABIRA","name":"MG - ITABIRA","tipo":"Munic\u00edpio","url":"\/dashboard\/details-assets\/9e4809eb-529b-4686-bbcb-eae7531981da"},"geometry":{"type":"Point","coordinates":[-43.2312,-19.6239]}},{"type":"Feature","properties":{"municipio":"ee732e31-8148-4943-9779-13ff35c4ceaa","title":"MG - IPATINGA","name":"MG - IPATINGA","tipo":"Munic\u00edpio","url":"\/dashboard\/details-assets\/ee732e31-8148-4943-9779-13ff35c4ceaa"},"geometry":{"type":"Point","coordinates":[-42.5476,-19.4703]}},{"type":"Feature","properties":{"municipio":"b7e055ec-aaa4-4e98-b7e8-0c466c6765af","title":"MG - IPANEMA","name":"MG - IPANEMA","tipo":"Munic\u00edpio","url":"\/dashboard\/details-assets\/b7e055ec-aaa4-4e98-b7e8-0c466c6765af"},"geometry":{"type":"Point","coordinates":[-41.7164,-19.7992]}},{"type":"Feature","properties":{"municipio":"9dae3944-4f75-4cc9-b259-ed40e6c10396","title":"MG - IGARAPE","name":"MG - IGARAPE","tipo":"Munic\u00edpio","url":"\/dashboard\/details-assets\/9dae3944-4f75-4cc9-b259-ed40e6c10396"},"geometry":{"type":"Point","coordinates":[-44.2994,-20.0707]}},{"type":"Feature","properties":{"municipio":"5740079a-841e-4baf-8aa5-fa362e2ffa83","title":"MG - IBIRITE","name":"MG - IBIRITE","tipo":"Munic\u00edpio","url":"\/dashboard\/details-assets\/5740079a-841e-4baf-8aa5-fa362e2ffa83"},"geometry":{"type":"Point","coordinates":[-44.0569,-20.0252]}},{"type":"Feature","properties":{"municipio":"26273127-8fca-4e5f-a9eb-b29dd83e8a43","title":"MG - IBIA","name":"MG - IBIA","tipo":"Munic\u00edpio","url":"\/dashboard\/details-assets\/26273127-8fca-4e5f-a9eb-b29dd83e8a43"},"geometry":{"type":"Point","coordinates":[-46.5474,-19.4749]}},{"type":"Feature","properties":{"municipio":"2cf136d4-958a-44b6-bdc9-94d288662aa8","title":"MG - GUIMARANIA","name":"MG - GUIMARANIA","tipo":"Munic\u00edpio","url":"\/dashboard\/details-assets\/2cf136d4-958a-44b6-bdc9-94d288662aa8"},"geometry":{"type":"Point","coordinates":[-46.7901,-18.8425]}},{"type":"Feature","properties":{"municipio":"f87b5b51-192e-4c8d-bbe2-edfa800b557f","title":"MG - GUAXUPE","name":"MG - GUAXUPE","tipo":"Munic\u00edpio","url":"\/dashboard\/details-assets\/f87b5b51-192e-4c8d-bbe2-edfa800b557f"},"geometry":{"type":"Point","coordinates":[-46.7081,-21.305]}},{"type":"Feature","properties":{"municipio":"626dfc99-14cc-4d92-a465-8e9eacdb2c19","title":"MG - GUANHAES","name":"MG - GUANHAES","tipo":"Munic\u00edpio","url":"\/dashboard\/details-assets\/626dfc99-14cc-4d92-a465-8e9eacdb2c19"},"geometry":{"type":"Point","coordinates":[-42.9312,-18.7713]}},{"type":"Feature","properties":{"municipio":"f0a757d1-7f95-45c0-862d-f7e121acaf75","title":"MG - GOVERNADOR VALADARES","name":"MG - GOVERNADOR VALADARES","tipo":"Munic\u00edpio","url":"\/dashboard\/details-assets\/f0a757d1-7f95-45c0-862d-f7e121acaf75"},"geometry":{"type":"Point","coordinates":[-41.9555,-18.8545]}},{"type":"Feature","properties":{"municipio":"902006c8-e81d-4b47-9a9f-5f3abc27c159","title":"MG - FRUTAL","name":"MG - FRUTAL","tipo":"Munic\u00edpio","url":"\/dashboard\/details-assets\/902006c8-e81d-4b47-9a9f-5f3abc27c159"},"geometry":{"type":"Point","coordinates":[-48.9355,-20.0259]}},{"type":"Feature","properties":{"municipio":"8e86021b-df65-4432-9b74-f9a3243dcbd5","title":"MG - FRONTEIRA DOS VALES","name":"MG - FRONTEIRA DOS VALES","tipo":"Munic\u00edpio","url":"\/dashboard\/details-assets\/8e86021b-df65-4432-9b74-f9a3243dcbd5"},"geometry":{"type":"Point","coordinates":[-40.923,-16.8898]}},{"type":"Feature","properties":{"municipio":"032e0703-308b-47b5-8418-d74cf780e816","title":"MG - FREI GASPAR","name":"MG - FREI GASPAR","tipo":"Munic\u00edpio","url":"\/dashboard\/details-assets\/032e0703-308b-47b5-8418-d74cf780e816"},"geometry":{"type":"Point","coordinates":[-41.4325,-18.0709]}},{"type":"Feature","properties":{"municipio":"3cbb226e-f804-466b-80f1-3a7d906bf71f","title":"MG - FORMIGA","name":"MG - FORMIGA","tipo":"Munic\u00edpio","url":"\/dashboard\/details-assets\/3cbb226e-f804-466b-80f1-3a7d906bf71f"},"geometry":{"type":"Point","coordinates":[-45.4268,-20.4618]}},{"type":"Feature","properties":{"municipio":"de2cf1ca-67dd-46e3-9e2c-ac706c5721f1","title":"MG - FRANCISCO SA","name":"MG - FRANCISCO SA","tipo":"Munic\u00edpio","url":"\/dashboard\/details-assets\/de2cf1ca-67dd-46e3-9e2c-ac706c5721f1"},"geometry":{"type":"Point","coordinates":[-43.4896,-16.4827]}},{"type":"Feature","properties":{"municipio":"1478b9dd-d9ba-4a05-89eb-a906a100a796","title":"MG - FLORESTAL","name":"MG - FLORESTAL","tipo":"Munic\u00edpio","url":"\/dashboard\/details-assets\/1478b9dd-d9ba-4a05-89eb-a906a100a796"},"geometry":{"type":"Point","coordinates":[-44.4318,-19.888]}},{"type":"Feature","properties":{"municipio":"d817fdcb-7607-41be-bb4b-0654f897fe37","title":"MG - FELIXLANDIA","name":"MG - FELIXLANDIA","tipo":"Munic\u00edpio","url":"\/dashboard\/details-assets\/d817fdcb-7607-41be-bb4b-0654f897fe37"},"geometry":{"type":"Point","coordinates":[-44.9004,-18.7507]}},{"type":"Feature","properties":{"municipio":"c1497a61-8a8a-4c36-8990-25dab0fc16b4","title":"MG - ESPINOSA","name":"MG - ESPINOSA","tipo":"Munic\u00edpio","url":"\/dashboard\/details-assets\/c1497a61-8a8a-4c36-8990-25dab0fc16b4"},"geometry":{"type":"Point","coordinates":[-42.809,-14.9249]}},{"type":"Feature","properties":{"municipio":"fd953fbf-e2f8-40f7-acf3-71181bf3043a","title":"MG - EXTREMA","name":"MG - EXTREMA","tipo":"Munic\u00edpio","url":"\/dashboard\/details-assets\/fd953fbf-e2f8-40f7-acf3-71181bf3043a"},"geometry":{"type":"Point","coordinates":[-46.3178,-22.854]}},{"type":"Feature","properties":{"municipio":"af2defb7-ac1c-4c35-a0cd-26408b9daf6f","title":"MG - ESPERA FELIZ","name":"MG - ESPERA FELIZ","tipo":"Munic\u00edpio","url":"\/dashboard\/details-assets\/af2defb7-ac1c-4c35-a0cd-26408b9daf6f"},"geometry":{"type":"Point","coordinates":[-41.9119,-20.6508]}},{"type":"Feature","properties":{"municipio":"eb87c384-0c3f-468f-bd41-6db52b9beafe","title":"MG - ESMERALDAS","name":"MG - ESMERALDAS","tipo":"Munic\u00edpio","url":"\/dashboard\/details-assets\/eb87c384-0c3f-468f-bd41-6db52b9beafe"},"geometry":{"type":"Point","coordinates":[-44.3065,-19.764]}},{"type":"Feature","properties":{"municipio":"7e8c689d-4fc2-4ba5-bb9b-eb5c3e086ae0","title":"MG - ERVALIA","name":"MG - ERVALIA","tipo":"Munic\u00edpio","url":"\/dashboard\/details-assets\/7e8c689d-4fc2-4ba5-bb9b-eb5c3e086ae0"},"geometry":{"type":"Point","coordinates":[-42.6544,-20.8403]}},{"type":"Feature","properties":{"municipio":"70311f2a-15e8-4ace-9492-6e3f8c776364","title":"MG - ENTRE RIOS DE MINAS","name":"MG - ENTRE RIOS DE MINAS","tipo":"Munic\u00edpio","url":"\/dashboard\/details-assets\/70311f2a-15e8-4ace-9492-6e3f8c776364"},"geometry":{"type":"Point","coordinates":[-44.0654,-20.6706]}},{"type":"Feature","properties":{"municipio":"a1840960-8ed8-497a-a1e4-a29227e735aa","title":"MG - ELOI MENDES","name":"MG - ELOI MENDES","tipo":"Munic\u00edpio","url":"\/dashboard\/details-assets\/a1840960-8ed8-497a-a1e4-a29227e735aa"},"geometry":{"type":"Point","coordinates":[-45.5691,-21.6088]}},{"type":"Feature","properties":{"municipio":"8254f54d-9d34-4c84-98a7-dfc9ce1c344d","title":"MG - DORES DO INDAIA","name":"MG - DORES DO INDAIA","tipo":"Munic\u00edpio","url":"\/dashboard\/details-assets\/8254f54d-9d34-4c84-98a7-dfc9ce1c344d"},"geometry":{"type":"Point","coordinates":[-45.5927,-19.4628]}},{"type":"Feature","properties":{"municipio":"59adfb1a-85ab-4b57-bdcc-904a404e53d6","title":"MG - DIVINOPOLIS","name":"MG - DIVINOPOLIS","tipo":"Munic\u00edpio","url":"\/dashboard\/details-assets\/59adfb1a-85ab-4b57-bdcc-904a404e53d6"},"geometry":{"type":"Point","coordinates":[-44.8912,-20.1446]}},{"type":"Feature","properties":{"municipio":"ca89e237-3243-43f3-8ca3-a8da6d139205","title":"MG - DIVISA ALEGRE","name":"MG - DIVISA ALEGRE","tipo":"Munic\u00edpio","url":"\/dashboard\/details-assets\/ca89e237-3243-43f3-8ca3-a8da6d139205"},"geometry":{"type":"Point","coordinates":[-41.3463,-15.7221]}},{"type":"Feature","properties":{"municipio":"685d9d1d-d9b1-47fb-8175-3a49d06a405c","title":"MG - DIVINO","name":"MG - DIVINO","tipo":"Munic\u00edpio","url":"\/dashboard\/details-assets\/685d9d1d-d9b1-47fb-8175-3a49d06a405c"},"geometry":{"type":"Point","coordinates":[-42.1438,-20.6134]}},{"type":"Feature","properties":{"municipio":"7b5ab920-af76-4a70-bb17-ab8261336856","title":"MG - DIAMANTINA","name":"MG - DIAMANTINA","tipo":"Munic\u00edpio","url":"\/dashboard\/details-assets\/7b5ab920-af76-4a70-bb17-ab8261336856"},"geometry":{"type":"Point","coordinates":[-43.6031,-18.2413]}},{"type":"Feature","properties":{"municipio":"256c9a52-3861-460e-a3da-1b8a50ffff93","title":"MG - DELTA","name":"MG - DELTA","tipo":"Munic\u00edpio","url":"\/dashboard\/details-assets\/256c9a52-3861-460e-a3da-1b8a50ffff93"},"geometry":{"type":"Point","coordinates":[-47.7841,-19.9721]}},{"type":"Feature","properties":{"municipio":"22fe575e-5b94-4c19-b150-d4256964f2a3","title":"MG - CURVELO","name":"MG - CURVELO","tipo":"Munic\u00edpio","url":"\/dashboard\/details-assets\/22fe575e-5b94-4c19-b150-d4256964f2a3"},"geometry":{"type":"Point","coordinates":[-44.4303,-18.7527]}},{"type":"Feature","properties":{"municipio":"8b2367b3-f093-4e67-92b5-82e6621360fb","title":"MG - CRUZILIA","name":"MG - CRUZILIA","tipo":"Munic\u00edpio","url":"\/dashboard\/details-assets\/8b2367b3-f093-4e67-92b5-82e6621360fb"},"geometry":{"type":"Point","coordinates":[-44.8067,-21.84]}},{"type":"Feature","properties":{"municipio":"9115e0f4-8613-4b57-a999-91f500ded3f7","title":"MG - CORONEL FABRICIANO","name":"MG - CORONEL FABRICIANO","tipo":"Munic\u00edpio","url":"\/dashboard\/details-assets\/9115e0f4-8613-4b57-a999-91f500ded3f7"},"geometry":{"type":"Point","coordinates":[-42.6276,-19.5179]}},{"type":"Feature","properties":{"municipio":"3b0950e9-5a21-4c13-80e0-2ae894de8083","title":"MG - CRISOLITA","name":"MG - CRISOLITA","tipo":"Munic\u00edpio","url":"\/dashboard\/details-assets\/3b0950e9-5a21-4c13-80e0-2ae894de8083"},"geometry":{"type":"Point","coordinates":[-40.9184,-17.2381]}},{"type":"Feature","properties":{"municipio":"905c735f-99f2-4baf-a2b5-94eace89e92c","title":"MG - COROMANDEL","name":"MG - COROMANDEL","tipo":"Munic\u00edpio","url":"\/dashboard\/details-assets\/905c735f-99f2-4baf-a2b5-94eace89e92c"},"geometry":{"type":"Point","coordinates":[-47.1933,-18.4734]}},{"type":"Feature","properties":{"municipio":"68324f4b-5c96-4268-8f33-23b046af5b9c","title":"MG - COROACI","name":"MG - COROACI","tipo":"Munic\u00edpio","url":"\/dashboard\/details-assets\/68324f4b-5c96-4268-8f33-23b046af5b9c"},"geometry":{"type":"Point","coordinates":[-42.2791,-18.6156]}},{"type":"Feature","properties":{"municipio":"ada61893-8824-4f76-b14f-561994f87eb7","title":"MG - CORACAO DE JESUS","name":"MG - CORACAO DE JESUS","tipo":"Munic\u00edpio","url":"\/dashboard\/details-assets\/ada61893-8824-4f76-b14f-561994f87eb7"},"geometry":{"type":"Point","coordinates":[-44.3635,-16.6841]}},{"type":"Feature","properties":{"municipio":"3149fd8d-ba5c-4fa1-9ef1-b9b6411db439","title":"MG - CONTAGEM","name":"MG - CONTAGEM","tipo":"Munic\u00edpio","url":"\/dashboard\/details-assets\/3149fd8d-ba5c-4fa1-9ef1-b9b6411db439"},"geometry":{"type":"Point","coordinates":[-44.0539,-19.9321]}},{"type":"Feature","properties":{"municipio":"7b6a5747-47fc-43b0-8dc3-caf513c598b9","title":"MG - CONSELHEIRO PENA","name":"MG - CONSELHEIRO PENA","tipo":"Munic\u00edpio","url":"\/dashboard\/details-assets\/7b6a5747-47fc-43b0-8dc3-caf513c598b9"},"geometry":{"type":"Point","coordinates":[-41.4736,-19.1789]}},{"type":"Feature","properties":{"municipio":"90bee355-1a8e-4579-9764-a37da95667bb","title":"MG - CONGONHAS","name":"MG - CONGONHAS","tipo":"Munic\u00edpio","url":"\/dashboard\/details-assets\/90bee355-1a8e-4579-9764-a37da95667bb"},"geometry":{"type":"Point","coordinates":[-43.851,-20.4958]}},{"type":"Feature","properties":{"municipio":"209554b9-27a6-482f-acd9-931478d404ff","title":"MG - CONSELHEIRO LAFAIETE","name":"MG - CONSELHEIRO LAFAIETE","tipo":"Munic\u00edpio","url":"\/dashboard\/details-assets\/209554b9-27a6-482f-acd9-931478d404ff"},"geometry":{"type":"Point","coordinates":[-43.7846,-20.6634]}},{"type":"Feature","properties":{"municipio":"cf538eaf-af3e-45cd-a890-864449bd74c5","title":"MG - CONFINS","name":"MG - CONFINS","tipo":"Munic\u00edpio","url":"\/dashboard\/details-assets\/cf538eaf-af3e-45cd-a890-864449bd74c5"},"geometry":{"type":"Point","coordinates":[-43.9931,-19.6282]}},{"type":"Feature","properties":{"municipio":"1eaffa76-4ebf-4529-911d-f7fd526c77c1","title":"MG - CONCEICAO DO RIO VERDE","name":"MG - CONCEICAO DO RIO VERDE","tipo":"Munic\u00edpio","url":"\/dashboard\/details-assets\/1eaffa76-4ebf-4529-911d-f7fd526c77c1"},"geometry":{"type":"Point","coordinates":[-45.087,-21.8778]}},{"type":"Feature","properties":{"municipio":"c486d050-94ea-491c-9537-ac32122961ae","title":"MG - CONCEICAO DO MATO DENTRO","name":"MG - CONCEICAO DO MATO DENTRO","tipo":"Munic\u00edpio","url":"\/dashboard\/details-assets\/c486d050-94ea-491c-9537-ac32122961ae"},"geometry":{"type":"Point","coordinates":[-43.4221,-19.0344]}},{"type":"Feature","properties":{"municipio":"71548b9e-26ed-4cc3-8e56-40a85070554d","title":"MG - CONCEICAO DAS ALAGOAS","name":"MG - CONCEICAO DAS ALAGOAS","tipo":"Munic\u00edpio","url":"\/dashboard\/details-assets\/71548b9e-26ed-4cc3-8e56-40a85070554d"},"geometry":{"type":"Point","coordinates":[-48.3839,-19.9172]}},{"type":"Feature","properties":{"municipio":"58704e9d-255c-4453-b910-dee01d11c37d","title":"MG - CLAUDIO","name":"MG - CLAUDIO","tipo":"Munic\u00edpio","url":"\/dashboard\/details-assets\/58704e9d-255c-4453-b910-dee01d11c37d"},"geometry":{"type":"Point","coordinates":[-44.7673,-20.4437]}},{"type":"Feature","properties":{"municipio":"e9621922-c4e5-4c9e-8b3e-849a807cf18c","title":"MG - CHAPADA GAUCHA","name":"MG - CHAPADA GAUCHA","tipo":"Munic\u00edpio","url":"\/dashboard\/details-assets\/e9621922-c4e5-4c9e-8b3e-849a807cf18c"},"geometry":{"type":"Point","coordinates":[-45.6116,-15.3014]}},{"type":"Feature","properties":{"municipio":"4b4e62fc-d77f-47d8-90e0-3679370a1ceb","title":"MG - CAXAMBU","name":"MG - CAXAMBU","tipo":"Munic\u00edpio","url":"\/dashboard\/details-assets\/4b4e62fc-d77f-47d8-90e0-3679370a1ceb"},"geometry":{"type":"Point","coordinates":[-44.9319,-21.9753]}},{"type":"Feature","properties":{"municipio":"d64910aa-473c-43c6-9ef9-bd9e227ac6e8","title":"MG - CATAGUASES","name":"MG - CATAGUASES","tipo":"Munic\u00edpio","url":"\/dashboard\/details-assets\/d64910aa-473c-43c6-9ef9-bd9e227ac6e8"},"geometry":{"type":"Point","coordinates":[-42.6896,-21.3924]}},{"type":"Feature","properties":{"municipio":"0372f378-9173-4d81-b5b5-951881cf0322","title":"MG - CASSIA","name":"MG - CASSIA","tipo":"Munic\u00edpio","url":"\/dashboard\/details-assets\/0372f378-9173-4d81-b5b5-951881cf0322"},"geometry":{"type":"Point","coordinates":[-46.9201,-20.5831]}},{"type":"Feature","properties":{"municipio":"1a780695-d9d1-45ac-9ab2-927afa5bd13d","title":"MG - CARMOPOLIS DE MINAS","name":"MG - CARMOPOLIS DE MINAS","tipo":"Munic\u00edpio","url":"\/dashboard\/details-assets\/1a780695-d9d1-45ac-9ab2-927afa5bd13d"},"geometry":{"type":"Point","coordinates":[-44.6336,-20.5396]}},{"type":"Feature","properties":{"municipio":"0fb5cc2d-a40d-41ab-a465-920268d4b9b2","title":"MG - CARMO DO RIO CLARO","name":"MG - CARMO DO RIO CLARO","tipo":"Munic\u00edpio","url":"\/dashboard\/details-assets\/0fb5cc2d-a40d-41ab-a465-920268d4b9b2"},"geometry":{"type":"Point","coordinates":[-46.1149,-20.9736]}},{"type":"Feature","properties":{"municipio":"e7a92585-4bd8-4e77-9430-41e943d48df2","title":"MG - CARMO DO CAJURU","name":"MG - CARMO DO CAJURU","tipo":"Munic\u00edpio","url":"\/dashboard\/details-assets\/e7a92585-4bd8-4e77-9430-41e943d48df2"},"geometry":{"type":"Point","coordinates":[-44.7664,-20.1912]}},{"type":"Feature","properties":{"municipio":"6648bc41-f791-4712-9418-3876afa24a0a","title":"MG - CARMO DO PARANAIBA","name":"MG - CARMO DO PARANAIBA","tipo":"Munic\u00edpio","url":"\/dashboard\/details-assets\/6648bc41-f791-4712-9418-3876afa24a0a"},"geometry":{"type":"Point","coordinates":[-46.3167,-18.991]}},{"type":"Feature","properties":{"municipio":"bbc27118-6b05-4213-8f90-0a6d610a65d9","title":"MG - CARMO DE MINAS","name":"MG - CARMO DE MINAS","tipo":"Munic\u00edpio","url":"\/dashboard\/details-assets\/bbc27118-6b05-4213-8f90-0a6d610a65d9"},"geometry":{"type":"Point","coordinates":[-45.1307,-22.1204]}},{"type":"Feature","properties":{"municipio":"5892ebca-5f80-4bae-9817-e3c7dc1084ef","title":"MG - CARLOS CHAGAS","name":"MG - CARLOS CHAGAS","tipo":"Munic\u00edpio","url":"\/dashboard\/details-assets\/5892ebca-5f80-4bae-9817-e3c7dc1084ef"},"geometry":{"type":"Point","coordinates":[-40.7723,-17.6973]}},{"type":"Feature","properties":{"municipio":"acb8c36d-8020-4598-b79b-d6eb5c7e9586","title":"MG - CARATINGA","name":"MG - CARATINGA","tipo":"Munic\u00edpio","url":"\/dashboard\/details-assets\/acb8c36d-8020-4598-b79b-d6eb5c7e9586"},"geometry":{"type":"Point","coordinates":[-42.1292,-19.7868]}},{"type":"Feature","properties":{"municipio":"8d1076f8-488c-4c75-9470-fa4fa1611e90","title":"MG - CARBONITA","name":"MG - CARBONITA","tipo":"Munic\u00edpio","url":"\/dashboard\/details-assets\/8d1076f8-488c-4c75-9470-fa4fa1611e90"},"geometry":{"type":"Point","coordinates":[-43.0137,-17.5255]}},{"type":"Feature","properties":{"municipio":"5018d3bb-7bfc-44a5-8c39-979839d6b615","title":"MG - CARANGOLA","name":"MG - CARANGOLA","tipo":"Munic\u00edpio","url":"\/dashboard\/details-assets\/5018d3bb-7bfc-44a5-8c39-979839d6b615"},"geometry":{"type":"Point","coordinates":[-42.0313,-20.7343]}},{"type":"Feature","properties":{"municipio":"39abebc6-e851-4779-99b0-fbf48a90c011","title":"MG - CARANDAI","name":"MG - CARANDAI","tipo":"Munic\u00edpio","url":"\/dashboard\/details-assets\/39abebc6-e851-4779-99b0-fbf48a90c011"},"geometry":{"type":"Point","coordinates":[-43.811,-20.9566]}},{"type":"Feature","properties":{"municipio":"ca867c50-9a6a-4f4a-b61f-e06f05dea4b2","title":"MG - CAPELINHA","name":"MG - CAPELINHA","tipo":"Munic\u00edpio","url":"\/dashboard\/details-assets\/ca867c50-9a6a-4f4a-b61f-e06f05dea4b2"},"geometry":{"type":"Point","coordinates":[-42.5147,-17.6888]}},{"type":"Feature","properties":{"municipio":"cfa40384-e8ba-47de-9be5-855313d8d85e","title":"MG - CAPITOLIO","name":"MG - CAPITOLIO","tipo":"Munic\u00edpio","url":"\/dashboard\/details-assets\/cfa40384-e8ba-47de-9be5-855313d8d85e"},"geometry":{"type":"Point","coordinates":[-46.0493,-20.6164]}},{"type":"Feature","properties":{"municipio":"af9dbc72-fdf9-489d-b476-0c03e14f04e7","title":"MG - CAMPOS GERAIS","name":"MG - CAMPOS GERAIS","tipo":"Munic\u00edpio","url":"\/dashboard\/details-assets\/af9dbc72-fdf9-489d-b476-0c03e14f04e7"},"geometry":{"type":"Point","coordinates":[-45.7569,-21.237]}},{"type":"Feature","properties":{"municipio":"b50eadcf-0256-421d-85f3-1ed2f3fb6320","title":"MG - CAMPOS ALTOS","name":"MG - CAMPOS ALTOS","tipo":"Munic\u00edpio","url":"\/dashboard\/details-assets\/b50eadcf-0256-421d-85f3-1ed2f3fb6320"},"geometry":{"type":"Point","coordinates":[-46.1725,-19.6914]}},{"type":"Feature","properties":{"municipio":"594521c5-aabd-4e50-9eeb-8bf31f643a90","title":"MG - CAMPO BELO","name":"MG - CAMPO BELO","tipo":"Munic\u00edpio","url":"\/dashboard\/details-assets\/594521c5-aabd-4e50-9eeb-8bf31f643a90"},"geometry":{"type":"Point","coordinates":[-45.2699,-20.8932]}},{"type":"Feature","properties":{"municipio":"d6dfa00d-016a-4fd8-898c-93004a713e87","title":"MG - CAMPINA VERDE","name":"MG - CAMPINA VERDE","tipo":"Munic\u00edpio","url":"\/dashboard\/details-assets\/d6dfa00d-016a-4fd8-898c-93004a713e87"},"geometry":{"type":"Point","coordinates":[-49.4862,-19.5382]}},{"type":"Feature","properties":{"municipio":"588a6b30-82b0-4799-a36c-78318643fb04","title":"MG - CAMPESTRE","name":"MG - CAMPESTRE","tipo":"Munic\u00edpio","url":"\/dashboard\/details-assets\/588a6b30-82b0-4799-a36c-78318643fb04"},"geometry":{"type":"Point","coordinates":[-46.2381,-21.7079]}},{"type":"Feature","properties":{"municipio":"caeadf38-9066-4201-82a5-8fd3b2738f05","title":"MG - CAMBUI","name":"MG - CAMBUI","tipo":"Munic\u00edpio","url":"\/dashboard\/details-assets\/caeadf38-9066-4201-82a5-8fd3b2738f05"},"geometry":{"type":"Point","coordinates":[-46.0572,-22.6115]}},{"type":"Feature","properties":{"municipio":"0bc3f652-e87e-4565-b103-92dfba0a38cb","title":"MG - CAMPANHA","name":"MG - CAMPANHA","tipo":"Munic\u00edpio","url":"\/dashboard\/details-assets\/0bc3f652-e87e-4565-b103-92dfba0a38cb"},"geometry":{"type":"Point","coordinates":[-45.4004,-21.836]}},{"type":"Feature","properties":{"municipio":"8b0e9d9f-72c8-4f21-b22b-7e789ce92634","title":"MG - CAMANDUCAIA","name":"MG - CAMANDUCAIA","tipo":"Munic\u00edpio","url":"\/dashboard\/details-assets\/8b0e9d9f-72c8-4f21-b22b-7e789ce92634"},"geometry":{"type":"Point","coordinates":[-46.1494,-22.7515]}},{"type":"Feature","properties":{"municipio":"efec671a-18ae-4718-90d0-00917a0ec342","title":"MG - CALDAS","name":"MG - CALDAS","tipo":"Munic\u00edpio","url":"\/dashboard\/details-assets\/efec671a-18ae-4718-90d0-00917a0ec342"},"geometry":{"type":"Point","coordinates":[-46.3843,-21.9183]}},{"type":"Feature","properties":{"municipio":"d3a34dba-d751-49ec-8e07-24a534c69c72","title":"MG - CAETE","name":"MG - CAETE","tipo":"Munic\u00edpio","url":"\/dashboard\/details-assets\/d3a34dba-d751-49ec-8e07-24a534c69c72"},"geometry":{"type":"Point","coordinates":[-43.6704,-19.8826]}},{"type":"Feature","properties":{"municipio":"a3a997bc-8b2d-4ce8-95e3-2ae984d62ad5","title":"MG - BURITIS","name":"MG - BURITIS","tipo":"Munic\u00edpio","url":"\/dashboard\/details-assets\/a3a997bc-8b2d-4ce8-95e3-2ae984d62ad5"},"geometry":{"type":"Point","coordinates":[-46.4221,-15.6218]}},{"type":"Feature","properties":{"municipio":"ae57f648-cb0b-49c5-b8bf-c9ed744942bb","title":"MG - BRUMADINHO","name":"MG - BRUMADINHO","tipo":"Munic\u00edpio","url":"\/dashboard\/details-assets\/ae57f648-cb0b-49c5-b8bf-c9ed744942bb"},"geometry":{"type":"Point","coordinates":[-44.2007,-20.151]}},{"type":"Feature","properties":{"municipio":"eb43b436-01af-4caa-8740-09ce14abf8fb","title":"MG - BRASILIA DE MINAS","name":"MG - BRASILIA DE MINAS","tipo":"Munic\u00edpio","url":"\/dashboard\/details-assets\/eb43b436-01af-4caa-8740-09ce14abf8fb"},"geometry":{"type":"Point","coordinates":[-44.4299,-16.2104]}},{"type":"Feature","properties":{"municipio":"428ae066-74d7-4c48-ba52-67089f2a6d75","title":"MG - BRASILANDIA DE MINAS","name":"MG - BRASILANDIA DE MINAS","tipo":"Munic\u00edpio","url":"\/dashboard\/details-assets\/428ae066-74d7-4c48-ba52-67089f2a6d75"},"geometry":{"type":"Point","coordinates":[-46.0081,-16.9999]}},{"type":"Feature","properties":{"municipio":"f808b7bc-01de-40f6-922a-eb9fbfc9176c","title":"MG - BOM DESPACHO","name":"MG - BOM DESPACHO","tipo":"Munic\u00edpio","url":"\/dashboard\/details-assets\/f808b7bc-01de-40f6-922a-eb9fbfc9176c"},"geometry":{"type":"Point","coordinates":[-45.2622,-19.7386]}},{"type":"Feature","properties":{"municipio":"519fc61e-95e8-4862-8c03-60ddc4dcea05","title":"MG - BONFIM","name":"MG - BONFIM","tipo":"Munic\u00edpio","url":"\/dashboard\/details-assets\/519fc61e-95e8-4862-8c03-60ddc4dcea05"},"geometry":{"type":"Point","coordinates":[-44.2366,-20.3302]}},{"type":"Feature","properties":{"municipio":"3d91cdeb-b0b4-4212-a408-00b15136c48a","title":"MG - BOCAIUVA","name":"MG - BOCAIUVA","tipo":"Munic\u00edpio","url":"\/dashboard\/details-assets\/3d91cdeb-b0b4-4212-a408-00b15136c48a"},"geometry":{"type":"Point","coordinates":[-43.8104,-17.1135]}},{"type":"Feature","properties":{"municipio":"2054aa2a-8164-4335-bed2-8d051be6b7d9","title":"MG - BOA ESPERANCA","name":"MG - BOA ESPERANCA","tipo":"Munic\u00edpio","url":"\/dashboard\/details-assets\/2054aa2a-8164-4335-bed2-8d051be6b7d9"},"geometry":{"type":"Point","coordinates":[-45.5612,-21.0927]}},{"type":"Feature","properties":{"municipio":"dbe94ddc-0cb2-4fac-838f-749b0d693d66","title":"MG - BETIM","name":"MG - BETIM","tipo":"Munic\u00edpio","url":"\/dashboard\/details-assets\/dbe94ddc-0cb2-4fac-838f-749b0d693d66"},"geometry":{"type":"Point","coordinates":[-44.2008,-19.9668]}},{"type":"Feature","properties":{"municipio":"50ed1c2e-3bae-4ff3-b06a-fefed0da8a9c","title":"MG - BELO ORIENTE","name":"MG - BELO ORIENTE","tipo":"Munic\u00edpio","url":"\/dashboard\/details-assets\/50ed1c2e-3bae-4ff3-b06a-fefed0da8a9c"},"geometry":{"type":"Point","coordinates":[-42.4828,-19.2199]}},{"type":"Feature","properties":{"municipio":"d48c8f41-d779-4e46-9a3b-af914ba0e92d","title":"MG - BELO HORIZONTE","name":"MG - BELO HORIZONTE","tipo":"Munic\u00edpio","url":"\/dashboard\/details-assets\/d48c8f41-d779-4e46-9a3b-af914ba0e92d"},"geometry":{"type":"Point","coordinates":[-43.9266,-19.9102]}},{"type":"Feature","properties":{"municipio":"c3d1ef3c-71a2-4174-a2c7-053972783fa5","title":"MG - BARBACENA","name":"MG - BARBACENA","tipo":"Munic\u00edpio","url":"\/dashboard\/details-assets\/c3d1ef3c-71a2-4174-a2c7-053972783fa5"},"geometry":{"type":"Point","coordinates":[-43.7703,-21.2214]}},{"type":"Feature","properties":{"municipio":"cc835397-6c97-474a-ae70-5410262b63cd","title":"MG - BARAO DE COCAIS","name":"MG - BARAO DE COCAIS","tipo":"Munic\u00edpio","url":"\/dashboard\/details-assets\/cc835397-6c97-474a-ae70-5410262b63cd"},"geometry":{"type":"Point","coordinates":[-43.4755,-19.9389]}},{"type":"Feature","properties":{"municipio":"22e7a34a-8d31-41fa-9ab7-f6f0098d1cc4","title":"MG - BAMBUI","name":"MG - BAMBUI","tipo":"Munic\u00edpio","url":"\/dashboard\/details-assets\/22e7a34a-8d31-41fa-9ab7-f6f0098d1cc4"},"geometry":{"type":"Point","coordinates":[-45.9754,-20.0166]}},{"type":"Feature","properties":{"municipio":"ca80f504-45c7-438d-9ba5-e5f1f5a5627e","title":"MG - ARINOS","name":"MG - ARINOS","tipo":"Munic\u00edpio","url":"\/dashboard\/details-assets\/ca80f504-45c7-438d-9ba5-e5f1f5a5627e"},"geometry":{"type":"Point","coordinates":[-46.1043,-15.9187]}},{"type":"Feature","properties":{"municipio":"205de1dc-f41d-4f17-8af3-291117b9e5f9","title":"MG - AREADO","name":"MG - AREADO","tipo":"Munic\u00edpio","url":"\/dashboard\/details-assets\/205de1dc-f41d-4f17-8af3-291117b9e5f9"},"geometry":{"type":"Point","coordinates":[-46.1421,-21.3572]}},{"type":"Feature","properties":{"municipio":"12fae71a-136a-48ff-be94-45210d44bb68","title":"MG - ARCOS","name":"MG - ARCOS","tipo":"Munic\u00edpio","url":"\/dashboard\/details-assets\/12fae71a-136a-48ff-be94-45210d44bb68"},"geometry":{"type":"Point","coordinates":[-45.5373,-20.2863]}},{"type":"Feature","properties":{"municipio":"b304436b-f649-41a1-b26f-f3ebdaee1a5a","title":"MG - ARAXA","name":"MG - ARAXA","tipo":"Munic\u00edpio","url":"\/dashboard\/details-assets\/b304436b-f649-41a1-b26f-f3ebdaee1a5a"},"geometry":{"type":"Point","coordinates":[-46.9438,-19.5902]}},{"type":"Feature","properties":{"municipio":"f72a4ccc-2b59-41e9-8c4f-e18b97bf2170","title":"MG - ARAGUARI","name":"MG - ARAGUARI","tipo":"Munic\u00edpio","url":"\/dashboard\/details-assets\/f72a4ccc-2b59-41e9-8c4f-e18b97bf2170"},"geometry":{"type":"Point","coordinates":[-48.1934,-18.6456]}},{"type":"Feature","properties":{"municipio":"f2932ee3-167f-436b-8681-1143c2ad93cd","title":"MG - ARACUAI","name":"MG - ARACUAI","tipo":"Munic\u00edpio","url":"\/dashboard\/details-assets\/f2932ee3-167f-436b-8681-1143c2ad93cd"},"geometry":{"type":"Point","coordinates":[-42.0637,-16.8523]}},{"type":"Feature","properties":{"municipio":"6410a5aa-31ce-480f-9aaf-f471cd5a731b","title":"MG - ANTONIO DIAS","name":"MG - ANTONIO DIAS","tipo":"Munic\u00edpio","url":"\/dashboard\/details-assets\/6410a5aa-31ce-480f-9aaf-f471cd5a731b"},"geometry":{"type":"Point","coordinates":[-42.8732,-19.6491]}},{"type":"Feature","properties":{"municipio":"98a1b6a9-e41b-4671-9f31-83be75b467e4","title":"MG - ANDRADAS","name":"MG - ANDRADAS","tipo":"Munic\u00edpio","url":"\/dashboard\/details-assets\/98a1b6a9-e41b-4671-9f31-83be75b467e4"},"geometry":{"type":"Point","coordinates":[-46.5724,-22.0695]}},{"type":"Feature","properties":{"municipio":"b4b7be81-eac8-42de-b408-3551e3299226","title":"MG - ALVARENGA","name":"MG - ALVARENGA","tipo":"Munic\u00edpio","url":"\/dashboard\/details-assets\/b4b7be81-eac8-42de-b408-3551e3299226"},"geometry":{"type":"Point","coordinates":[-41.7317,-19.4174]}},{"type":"Feature","properties":{"municipio":"d4cd9adc-e846-4132-8d2a-f657e89c8ccf","title":"MG - ALPINOPOLIS","name":"MG - ALPINOPOLIS","tipo":"Munic\u00edpio","url":"\/dashboard\/details-assets\/d4cd9adc-e846-4132-8d2a-f657e89c8ccf"},"geometry":{"type":"Point","coordinates":[-46.3878,-20.8631]}},{"type":"Feature","properties":{"municipio":"9a234172-a6c7-4933-84e0-97c6ff054cd5","title":"MG - ALMENARA","name":"MG - ALMENARA","tipo":"Munic\u00edpio","url":"\/dashboard\/details-assets\/9a234172-a6c7-4933-84e0-97c6ff054cd5"},"geometry":{"type":"Point","coordinates":[-40.6942,-16.1785]}},{"type":"Feature","properties":{"municipio":"a76b5507-63ee-4ec6-9b5d-1eeab93e437f","title":"MG - ALFENAS","name":"MG - ALFENAS","tipo":"Munic\u00edpio","url":"\/dashboard\/details-assets\/a76b5507-63ee-4ec6-9b5d-1eeab93e437f"},"geometry":{"type":"Point","coordinates":[-45.9477,-21.4256]}},{"type":"Feature","properties":{"municipio":"77fcdfb5-c14d-487f-8e31-944f59747a50","title":"MG - ALEM PARAIBA","name":"MG - ALEM PARAIBA","tipo":"Munic\u00edpio","url":"\/dashboard\/details-assets\/77fcdfb5-c14d-487f-8e31-944f59747a50"},"geometry":{"type":"Point","coordinates":[-42.7176,-21.8797]}},{"type":"Feature","properties":{"municipio":"b8790e44-3a64-4970-af6f-6896054be17e","title":"MG - AIMORES","name":"MG - AIMORES","tipo":"Munic\u00edpio","url":"\/dashboard\/details-assets\/b8790e44-3a64-4970-af6f-6896054be17e"},"geometry":{"type":"Point","coordinates":[-41.0746,-19.5007]}},{"type":"Feature","properties":{"municipio":"fcc55dbf-bf69-4862-b564-e79bdebe488b","title":"MG - AGUAS FORMOSAS","name":"MG - AGUAS FORMOSAS","tipo":"Munic\u00edpio","url":"\/dashboard\/details-assets\/fcc55dbf-bf69-4862-b564-e79bdebe488b"},"geometry":{"type":"Point","coordinates":[-40.9384,-17.0802]}},{"type":"Feature","properties":{"municipio":"da944331-bee9-445f-922e-99d658ab38c2","title":"MG - AGUA BOA","name":"MG - AGUA BOA","tipo":"Munic\u00edpio","url":"\/dashboard\/details-assets\/da944331-bee9-445f-922e-99d658ab38c2"},"geometry":{"type":"Point","coordinates":[-42.3806,-17.9914]}},{"type":"Feature","properties":{"municipio":"dde28fd5-809e-4116-89ad-2524c4c4978a","title":"MG - ACUCENA","name":"MG - ACUCENA","tipo":"Munic\u00edpio","url":"\/dashboard\/details-assets\/dde28fd5-809e-4116-89ad-2524c4c4978a"},"geometry":{"type":"Point","coordinates":[-42.5419,-19.0671]}},{"type":"Feature","properties":{"municipio":"c3b2ddc8-e126-4910-b5af-0707fdfac925","title":"MG - ABAETE","name":"MG - ABAETE","tipo":"Munic\u00edpio","url":"\/dashboard\/details-assets\/c3b2ddc8-e126-4910-b5af-0707fdfac925"},"geometry":{"type":"Point","coordinates":[-45.4444,-19.1551]}},{"type":"Feature","properties":{"municipio":"c1390201-23cb-4b7c-93a4-ce1e4a455939","title":"MG - ABADIA DOS DOURADOS","name":"MG - ABADIA DOS DOURADOS","tipo":"Munic\u00edpio","url":"\/dashboard\/details-assets\/c1390201-23cb-4b7c-93a4-ce1e4a455939"},"geometry":{"type":"Point","coordinates":[-47.3916,-18.4831]}},{"type":"Feature","properties":{"municipio":"182869d1-7786-4eee-98eb-6635ddc5ca5f","title":"MA - ZE DOCA","name":"MA - ZE DOCA","tipo":"Munic\u00edpio","url":"\/dashboard\/details-assets\/182869d1-7786-4eee-98eb-6635ddc5ca5f"},"geometry":{"type":"Point","coordinates":[-45.6553,-3.27014]}},{"type":"Feature","properties":{"municipio":"107f3a2e-40ff-443d-9460-7d4a15cbe44c","title":"MA - VIANA","name":"MA - VIANA","tipo":"Munic\u00edpio","url":"\/dashboard\/details-assets\/107f3a2e-40ff-443d-9460-7d4a15cbe44c"},"geometry":{"type":"Point","coordinates":[-44.9912,-3.20451]}},{"type":"Feature","properties":{"municipio":"d5681626-6910-4e10-88a1-d552dea4d873","title":"MA - URBANO SANTOS","name":"MA - URBANO SANTOS","tipo":"Munic\u00edpio","url":"\/dashboard\/details-assets\/d5681626-6910-4e10-88a1-d552dea4d873"},"geometry":{"type":"Point","coordinates":[-43.3878,-3.20642]}},{"type":"Feature","properties":{"municipio":"f085e852-0ff4-4e21-b40a-6c214ca4c9db","title":"MA - TUTOIA","name":"MA - TUTOIA","tipo":"Munic\u00edpio","url":"\/dashboard\/details-assets\/f085e852-0ff4-4e21-b40a-6c214ca4c9db"},"geometry":{"type":"Point","coordinates":[-42.2755,-2.76141]}},{"type":"Feature","properties":{"municipio":"9f3b292f-54b9-4776-9f04-4963f12fa39d","title":"MA - TUNTUM","name":"MA - TUNTUM","tipo":"Munic\u00edpio","url":"\/dashboard\/details-assets\/9f3b292f-54b9-4776-9f04-4963f12fa39d"},"geometry":{"type":"Point","coordinates":[-44.6444,-5.25476]}},{"type":"Feature","properties":{"municipio":"e0d844a4-a33e-4b9f-a25f-593929ff1ac5","title":"MA - TIMON","name":"MA - TIMON","tipo":"Munic\u00edpio","url":"\/dashboard\/details-assets\/e0d844a4-a33e-4b9f-a25f-593929ff1ac5"},"geometry":{"type":"Point","coordinates":[-42.8329,-5.09769]}},{"type":"Feature","properties":{"municipio":"fc81866e-47d0-456d-aa0b-3e778e6a11be","title":"MA - TIMBIRAS","name":"MA - TIMBIRAS","tipo":"Munic\u00edpio","url":"\/dashboard\/details-assets\/fc81866e-47d0-456d-aa0b-3e778e6a11be"},"geometry":{"type":"Point","coordinates":[-43.932,-4.25597]}},{"type":"Feature","properties":{"municipio":"d1eaa053-7658-4aff-85db-9d036a1d9d6c","title":"MA - SAO RAIMUNDO DAS MANGABEIRAS","name":"MA - SAO RAIMUNDO DAS MANGABEIRAS","tipo":"Munic\u00edpio","url":"\/dashboard\/details-assets\/d1eaa053-7658-4aff-85db-9d036a1d9d6c"},"geometry":{"type":"Point","coordinates":[-45.4809,-7.02183]}},{"type":"Feature","properties":{"municipio":"8747bd4c-fe2d-4b82-929c-58196e59f08c","title":"MA - SAO LUIS","name":"MA - SAO LUIS","tipo":"Munic\u00edpio","url":"\/dashboard\/details-assets\/8747bd4c-fe2d-4b82-929c-58196e59f08c"},"geometry":{"type":"Point","coordinates":[-44.2825,-2.53874]}},{"type":"Feature","properties":{"municipio":"9d293efe-a5d1-4df8-bcb3-abfca2a6fc3e","title":"MA - SAO JOSE DE RIBAMAR","name":"MA - SAO JOSE DE RIBAMAR","tipo":"Munic\u00edpio","url":"\/dashboard\/details-assets\/9d293efe-a5d1-4df8-bcb3-abfca2a6fc3e"},"geometry":{"type":"Point","coordinates":[-44.0597,-2.54704]}},{"type":"Feature","properties":{"municipio":"9ac1ce57-5cb3-4f02-ac66-c061e5587760","title":"MA - SANTO AMARO DO MARANHAO","name":"MA - SANTO AMARO DO MARANHAO","tipo":"Munic\u00edpio","url":"\/dashboard\/details-assets\/9ac1ce57-5cb3-4f02-ac66-c061e5587760"},"geometry":{"type":"Point","coordinates":[-43.238,-2.50068]}},{"type":"Feature","properties":{"municipio":"4200add9-b33e-4130-86e5-4279c9b3e201","title":"MA - SAO JOAO DOS PATOS","name":"MA - SAO JOAO DOS PATOS","tipo":"Munic\u00edpio","url":"\/dashboard\/details-assets\/4200add9-b33e-4130-86e5-4279c9b3e201"},"geometry":{"type":"Point","coordinates":[-43.7036,-6.4934]}},{"type":"Feature","properties":{"municipio":"0d2ae822-00e0-43ca-9a98-02c6ac5a73b2","title":"MA - SANTA RITA","name":"MA - SANTA RITA","tipo":"Munic\u00edpio","url":"\/dashboard\/details-assets\/0d2ae822-00e0-43ca-9a98-02c6ac5a73b2"},"geometry":{"type":"Point","coordinates":[-44.3211,-3.14241]}},{"type":"Feature","properties":{"municipio":"86f4a3f2-e8f2-4ac0-9f50-540762cb24ad","title":"MA - SANTA LUZIA","name":"MA - SANTA LUZIA","tipo":"Munic\u00edpio","url":"\/dashboard\/details-assets\/86f4a3f2-e8f2-4ac0-9f50-540762cb24ad"},"geometry":{"type":"Point","coordinates":[-45.69,-4.06873]}},{"type":"Feature","properties":{"municipio":"49365524-8ddc-426c-a9ee-629fbbcef690","title":"MA - SANTA INES","name":"MA - SANTA INES","tipo":"Munic\u00edpio","url":"\/dashboard\/details-assets\/49365524-8ddc-426c-a9ee-629fbbcef690"},"geometry":{"type":"Point","coordinates":[-45.3774,-3.65112]}},{"type":"Feature","properties":{"municipio":"5e22975e-03dd-4c55-800e-c0e3827227f2","title":"MA - PRESIDENTE DUTRA","name":"MA - PRESIDENTE DUTRA","tipo":"Munic\u00edpio","url":"\/dashboard\/details-assets\/5e22975e-03dd-4c55-800e-c0e3827227f2"},"geometry":{"type":"Point","coordinates":[-44.495,-5.2898]}},{"type":"Feature","properties":{"municipio":"9ef62d5f-7ee6-4c34-b857-f7d3e8889122","title":"MA - RAPOSA","name":"MA - RAPOSA","tipo":"Munic\u00edpio","url":"\/dashboard\/details-assets\/9ef62d5f-7ee6-4c34-b857-f7d3e8889122"},"geometry":{"type":"Point","coordinates":[-44.0973,-2.4254]}},{"type":"Feature","properties":{"municipio":"0cda03f1-9c1a-46fa-a166-fa57ba0d68af","title":"MA - PORTO FRANCO","name":"MA - PORTO FRANCO","tipo":"Munic\u00edpio","url":"\/dashboard\/details-assets\/0cda03f1-9c1a-46fa-a166-fa57ba0d68af"},"geometry":{"type":"Point","coordinates":[-47.3962,-6.34149]}},{"type":"Feature","properties":{"municipio":"2e993fb8-b090-496e-992d-e93ae5a607e1","title":"MA - PIO XII","name":"MA - PIO XII","tipo":"Munic\u00edpio","url":"\/dashboard\/details-assets\/2e993fb8-b090-496e-992d-e93ae5a607e1"},"geometry":{"type":"Point","coordinates":[-45.1759,-3.89315]}},{"type":"Feature","properties":{"municipio":"12349ca4-698c-47b3-83c6-28d5c554c098","title":"MA - PENALVA","name":"MA - PENALVA","tipo":"Munic\u00edpio","url":"\/dashboard\/details-assets\/12349ca4-698c-47b3-83c6-28d5c554c098"},"geometry":{"type":"Point","coordinates":[-45.1768,-3.27674]}},{"type":"Feature","properties":{"municipio":"fe58e789-5a8f-412e-9ba6-27fbb4ae423b","title":"MA - PINHEIRO","name":"MA - PINHEIRO","tipo":"Munic\u00edpio","url":"\/dashboard\/details-assets\/fe58e789-5a8f-412e-9ba6-27fbb4ae423b"},"geometry":{"type":"Point","coordinates":[-45.0788,-2.52224]}},{"type":"Feature","properties":{"municipio":"30ce01e0-c09d-4c85-b26f-f3bddd0bc3b1","title":"MA - PEDREIRAS","name":"MA - PEDREIRAS","tipo":"Munic\u00edpio","url":"\/dashboard\/details-assets\/30ce01e0-c09d-4c85-b26f-f3bddd0bc3b1"},"geometry":{"type":"Point","coordinates":[-44.6006,-4.56482]}},{"type":"Feature","properties":{"municipio":"b25bcbe3-6a44-4932-b2be-970dc66872ed","title":"MA - PACO DO LUMIAR","name":"MA - PACO DO LUMIAR","tipo":"Munic\u00edpio","url":"\/dashboard\/details-assets\/b25bcbe3-6a44-4932-b2be-970dc66872ed"},"geometry":{"type":"Point","coordinates":[-44.1019,-2.51657]}},{"type":"Feature","properties":{"municipio":"56951632-2af8-47d0-b99b-456462c57d3d","title":"MA - MONCAO","name":"MA - MONCAO","tipo":"Munic\u00edpio","url":"\/dashboard\/details-assets\/56951632-2af8-47d0-b99b-456462c57d3d"},"geometry":{"type":"Point","coordinates":[-45.2496,-3.48125]}},{"type":"Feature","properties":{"municipio":"c4d32253-aca0-4858-91bd-141200af036b","title":"MA - LAGO DA PEDRA","name":"MA - LAGO DA PEDRA","tipo":"Munic\u00edpio","url":"\/dashboard\/details-assets\/c4d32253-aca0-4858-91bd-141200af036b"},"geometry":{"type":"Point","coordinates":[-45.1319,-4.56974]}},{"type":"Feature","properties":{"municipio":"444c77e3-0898-402c-81f9-54d0baa296c7","title":"MA - ITAPECURU MIRIM","name":"MA - ITAPECURU MIRIM","tipo":"Munic\u00edpio","url":"\/dashboard\/details-assets\/444c77e3-0898-402c-81f9-54d0baa296c7"},"geometry":{"type":"Point","coordinates":[-44.3508,-3.40202]}},{"type":"Feature","properties":{"municipio":"01610b64-6fdb-4952-bdb4-a9d5701f99f6","title":"MA - IMPERATRIZ","name":"MA - IMPERATRIZ","tipo":"Munic\u00edpio","url":"\/dashboard\/details-assets\/01610b64-6fdb-4952-bdb4-a9d5701f99f6"},"geometry":{"type":"Point","coordinates":[-47.4777,-5.51847]}},{"type":"Feature","properties":{"municipio":"ce8ad589-77da-49b1-8cdd-f4d2f2004f91","title":"MA - GRAJAU","name":"MA - GRAJAU","tipo":"Munic\u00edpio","url":"\/dashboard\/details-assets\/ce8ad589-77da-49b1-8cdd-f4d2f2004f91"},"geometry":{"type":"Point","coordinates":[-46.1462,-5.81367]}},{"type":"Feature","properties":{"municipio":"5f78268c-2b58-491e-a17e-896f0426bbf7","title":"MA - ESTREITO","name":"MA - ESTREITO","tipo":"Munic\u00edpio","url":"\/dashboard\/details-assets\/5f78268c-2b58-491e-a17e-896f0426bbf7"},"geometry":{"type":"Point","coordinates":[-47.4431,-6.56077]}},{"type":"Feature","properties":{"municipio":"3fee425c-d036-41d5-bc03-c8595d62d5eb","title":"MA - DOM PEDRO","name":"MA - DOM PEDRO","tipo":"Munic\u00edpio","url":"\/dashboard\/details-assets\/3fee425c-d036-41d5-bc03-c8595d62d5eb"},"geometry":{"type":"Point","coordinates":[-44.4409,-5.03518]}},{"type":"Feature","properties":{"municipio":"80e9b5d8-ef17-4d13-b349-894276c4957e","title":"MA - CURURUPU","name":"MA - CURURUPU","tipo":"Munic\u00edpio","url":"\/dashboard\/details-assets\/80e9b5d8-ef17-4d13-b349-894276c4957e"},"geometry":{"type":"Point","coordinates":[-44.8644,-1.81475]}},{"type":"Feature","properties":{"municipio":"f8391d35-42a1-4be4-ae54-8fabe0e75fa4","title":"MA - COROATA","name":"MA - COROATA","tipo":"Munic\u00edpio","url":"\/dashboard\/details-assets\/f8391d35-42a1-4be4-ae54-8fabe0e75fa4"},"geometry":{"type":"Point","coordinates":[-44.1244,-4.13442]}},{"type":"Feature","properties":{"municipio":"e91c24c6-0350-4573-9073-2ddf55e67b87","title":"MA - COLINAS","name":"MA - COLINAS","tipo":"Munic\u00edpio","url":"\/dashboard\/details-assets\/e91c24c6-0350-4573-9073-2ddf55e67b87"},"geometry":{"type":"Point","coordinates":[-44.2543,-6.03199]}},{"type":"Feature","properties":{"municipio":"c2f6a8b0-0874-4d0b-b7d9-b189c6604dfb","title":"MA - COELHO NETO","name":"MA - COELHO NETO","tipo":"Munic\u00edpio","url":"\/dashboard\/details-assets\/c2f6a8b0-0874-4d0b-b7d9-b189c6604dfb"},"geometry":{"type":"Point","coordinates":[-43.0108,-4.25245]}},{"type":"Feature","properties":{"municipio":"c3b12f8e-2fd7-4bb5-94b3-3d09f83ffbbc","title":"MA - CODO","name":"MA - CODO","tipo":"Munic\u00edpio","url":"\/dashboard\/details-assets\/c3b12f8e-2fd7-4bb5-94b3-3d09f83ffbbc"},"geometry":{"type":"Point","coordinates":[-43.8924,-4.45562]}},{"type":"Feature","properties":{"municipio":"27a60c8f-06df-4c38-811a-0769863bf22b","title":"MA - CHAPADINHA","name":"MA - CHAPADINHA","tipo":"Munic\u00edpio","url":"\/dashboard\/details-assets\/27a60c8f-06df-4c38-811a-0769863bf22b"},"geometry":{"type":"Point","coordinates":[-43.3538,-3.73875]}},{"type":"Feature","properties":{"municipio":"d4a5e9de-6c86-491f-9c5e-263acd29ae83","title":"MA - CAXIAS","name":"MA - CAXIAS","tipo":"Munic\u00edpio","url":"\/dashboard\/details-assets\/d4a5e9de-6c86-491f-9c5e-263acd29ae83"},"geometry":{"type":"Point","coordinates":[-43.3617,-4.86505]}},{"type":"Feature","properties":{"municipio":"29dc52aa-18f1-43f2-9843-74a0dbde23c7","title":"MA - CARUTAPERA","name":"MA - CARUTAPERA","tipo":"Munic\u00edpio","url":"\/dashboard\/details-assets\/29dc52aa-18f1-43f2-9843-74a0dbde23c7"},"geometry":{"type":"Point","coordinates":[-46.0085,-1.19696]}},{"type":"Feature","properties":{"municipio":"b1f2a435-a65e-4a91-bd21-0c17b047663c","title":"MA - BARREIRINHAS","name":"MA - BARREIRINHAS","tipo":"Munic\u00edpio","url":"\/dashboard\/details-assets\/b1f2a435-a65e-4a91-bd21-0c17b047663c"},"geometry":{"type":"Point","coordinates":[-42.8232,-2.75863]}},{"type":"Feature","properties":{"municipio":"a8aebecf-b967-4e37-9713-78d3ac723f30","title":"MA - BURITICUPU","name":"MA - BURITICUPU","tipo":"Munic\u00edpio","url":"\/dashboard\/details-assets\/a8aebecf-b967-4e37-9713-78d3ac723f30"},"geometry":{"type":"Point","coordinates":[-46.4409,-4.32375]}},{"type":"Feature","properties":{"municipio":"3eb18dc6-c74d-4e96-b06c-6af1021de676","title":"MA - BARRA DO CORDA","name":"MA - BARRA DO CORDA","tipo":"Munic\u00edpio","url":"\/dashboard\/details-assets\/3eb18dc6-c74d-4e96-b06c-6af1021de676"},"geometry":{"type":"Point","coordinates":[-45.2485,-5.49682]}},{"type":"Feature","properties":{"municipio":"593f3e4d-f634-4c57-a589-2a648daa0f41","title":"MA - BALSAS","name":"MA - BALSAS","tipo":"Munic\u00edpio","url":"\/dashboard\/details-assets\/593f3e4d-f634-4c57-a589-2a648daa0f41"},"geometry":{"type":"Point","coordinates":[-46.0372,-7.53214]}},{"type":"Feature","properties":{"municipio":"ea64595a-fdd8-430b-9404-d4da256ecb6f","title":"MA - BACABAL","name":"MA - BACABAL","tipo":"Munic\u00edpio","url":"\/dashboard\/details-assets\/ea64595a-fdd8-430b-9404-d4da256ecb6f"},"geometry":{"type":"Point","coordinates":[-44.7832,-4.22447]}},{"type":"Feature","properties":{"municipio":"a9854085-9a47-47ed-a98a-1b544837c5af","title":"MA - ARARI","name":"MA - ARARI","tipo":"Munic\u00edpio","url":"\/dashboard\/details-assets\/a9854085-9a47-47ed-a98a-1b544837c5af"},"geometry":{"type":"Point","coordinates":[-44.7665,-3.45214]}},{"type":"Feature","properties":{"municipio":"fdebf87f-fa64-4b15-8323-d9d9a7845142","title":"MA - ACAILANDIA","name":"MA - ACAILANDIA","tipo":"Munic\u00edpio","url":"\/dashboard\/details-assets\/fdebf87f-fa64-4b15-8323-d9d9a7845142"},"geometry":{"type":"Point","coordinates":[-47.5004,-4.94714]}},{"type":"Feature","properties":{"municipio":"b01aa2a1-3cba-4205-b667-44d65f862814","title":"GO - VIANOPOLIS","name":"GO - VIANOPOLIS","tipo":"Munic\u00edpio","url":"\/dashboard\/details-assets\/b01aa2a1-3cba-4205-b667-44d65f862814"},"geometry":{"type":"Point","coordinates":[-48.5159,-16.7405]}},{"type":"Feature","properties":{"municipio":"4c0979d4-7648-4314-afd1-990fe0b0fa31","title":"GO - VALPARAISO DE GOIAS","name":"GO - VALPARAISO DE GOIAS","tipo":"Munic\u00edpio","url":"\/dashboard\/details-assets\/4c0979d4-7648-4314-afd1-990fe0b0fa31"},"geometry":{"type":"Point","coordinates":[-47.9757,-16.0651]}},{"type":"Feature","properties":{"municipio":"1c4e705a-be33-495c-b730-41c734d69671","title":"GO - URUACU","name":"GO - URUACU","tipo":"Munic\u00edpio","url":"\/dashboard\/details-assets\/1c4e705a-be33-495c-b730-41c734d69671"},"geometry":{"type":"Point","coordinates":[-49.1396,-14.5238]}},{"type":"Feature","properties":{"municipio":"b416fe97-175d-4a18-badf-037f645c8c3f","title":"GO - TRINDADE","name":"GO - TRINDADE","tipo":"Munic\u00edpio","url":"\/dashboard\/details-assets\/b416fe97-175d-4a18-badf-037f645c8c3f"},"geometry":{"type":"Point","coordinates":[-49.4927,-16.6517]}},{"type":"Feature","properties":{"municipio":"061f3bdf-22b6-4a92-b249-55e1e13e6934","title":"GO - SILVANIA","name":"GO - SILVANIA","tipo":"Munic\u00edpio","url":"\/dashboard\/details-assets\/061f3bdf-22b6-4a92-b249-55e1e13e6934"},"geometry":{"type":"Point","coordinates":[-48.6083,-16.66]}},{"type":"Feature","properties":{"municipio":"f94b25c5-4ef0-4c21-af45-45f8fb4dbf5a","title":"GO - SAO SIMAO","name":"GO - SAO SIMAO","tipo":"Munic\u00edpio","url":"\/dashboard\/details-assets\/f94b25c5-4ef0-4c21-af45-45f8fb4dbf5a"},"geometry":{"type":"Point","coordinates":[-50.547,-18.996]}},{"type":"Feature","properties":{"municipio":"7955b3a5-2bfa-43b7-b7b2-df88347113af","title":"GO - SENADOR CANEDO","name":"GO - SENADOR CANEDO","tipo":"Munic\u00edpio","url":"\/dashboard\/details-assets\/7955b3a5-2bfa-43b7-b7b2-df88347113af"},"geometry":{"type":"Point","coordinates":[-49.0914,-16.7084]}},{"type":"Feature","properties":{"municipio":"d57b5a49-1faa-414c-9e0c-edf9af7aadbe","title":"GO - SAO MIGUEL DO ARAGUAIA","name":"GO - SAO MIGUEL DO ARAGUAIA","tipo":"Munic\u00edpio","url":"\/dashboard\/details-assets\/d57b5a49-1faa-414c-9e0c-edf9af7aadbe"},"geometry":{"type":"Point","coordinates":[-50.1634,-13.2731]}},{"type":"Feature","properties":{"municipio":"e2bea63d-65b5-4092-b78d-c4d8f88a3ccc","title":"GO - SAO LUIS DE MONTES BELOS","name":"GO - SAO LUIS DE MONTES BELOS","tipo":"Munic\u00edpio","url":"\/dashboard\/details-assets\/e2bea63d-65b5-4092-b78d-c4d8f88a3ccc"},"geometry":{"type":"Point","coordinates":[-50.3726,-16.5211]}},{"type":"Feature","properties":{"municipio":"627c6d83-c66f-45a3-b117-43073b755c48","title":"GO - SANTO ANTONIO DO DESCOBERTO","name":"GO - SANTO ANTONIO DO DESCOBERTO","tipo":"Munic\u00edpio","url":"\/dashboard\/details-assets\/627c6d83-c66f-45a3-b117-43073b755c48"},"geometry":{"type":"Point","coordinates":[-48.2578,-15.9412]}},{"type":"Feature","properties":{"municipio":"47bc6bde-3f28-4ecd-b1fd-ae4a37f01342","title":"GO - SAO JOAO DALIANCA","name":"GO - SAO JOAO DALIANCA","tipo":"Munic\u00edpio","url":"\/dashboard\/details-assets\/47bc6bde-3f28-4ecd-b1fd-ae4a37f01342"},"geometry":{"type":"Point","coordinates":[-47.5228,-14.7048]}},{"type":"Feature","properties":{"municipio":"e990d015-7ff0-4aaa-b72e-0ddf7669ea9e","title":"GO - SANTA TEREZINHA DE GOIAS","name":"GO - SANTA TEREZINHA DE GOIAS","tipo":"Munic\u00edpio","url":"\/dashboard\/details-assets\/e990d015-7ff0-4aaa-b72e-0ddf7669ea9e"},"geometry":{"type":"Point","coordinates":[-49.7091,-14.4326]}},{"type":"Feature","properties":{"municipio":"167f8007-a9df-46ed-a2e4-39d034973b7f","title":"GO - SANTA ISABEL","name":"GO - SANTA ISABEL","tipo":"Munic\u00edpio","url":"\/dashboard\/details-assets\/167f8007-a9df-46ed-a2e4-39d034973b7f"},"geometry":{"type":"Point","coordinates":[-49.4259,-15.2958]}},{"type":"Feature","properties":{"municipio":"5aa56c04-273f-4071-bcb8-6a51db2bac2c","title":"GO - RUBIATABA","name":"GO - RUBIATABA","tipo":"Munic\u00edpio","url":"\/dashboard\/details-assets\/5aa56c04-273f-4071-bcb8-6a51db2bac2c"},"geometry":{"type":"Point","coordinates":[-49.8048,-15.1617]}},{"type":"Feature","properties":{"municipio":"bc18a8c5-df33-4f07-879e-0bc184819fc0","title":"GO - SANTA HELENA DE GOIAS","name":"GO - SANTA HELENA DE GOIAS","tipo":"Munic\u00edpio","url":"\/dashboard\/details-assets\/bc18a8c5-df33-4f07-879e-0bc184819fc0"},"geometry":{"type":"Point","coordinates":[-50.5977,-17.8115]}},{"type":"Feature","properties":{"municipio":"b4b2a260-8871-4d10-9ba4-4b93ee3db9af","title":"GO - RIO VERDE","name":"GO - RIO VERDE","tipo":"Munic\u00edpio","url":"\/dashboard\/details-assets\/b4b2a260-8871-4d10-9ba4-4b93ee3db9af"},"geometry":{"type":"Point","coordinates":[-50.9192,-17.7923]}},{"type":"Feature","properties":{"municipio":"d192bbf3-2522-4caf-9f4b-56b02f9d515f","title":"GO - QUIRINOPOLIS","name":"GO - QUIRINOPOLIS","tipo":"Munic\u00edpio","url":"\/dashboard\/details-assets\/d192bbf3-2522-4caf-9f4b-56b02f9d515f"},"geometry":{"type":"Point","coordinates":[-50.4547,-18.4472]}},{"type":"Feature","properties":{"municipio":"aad49c94-fcc4-4130-9b91-c289d1584321","title":"GO - POSSE","name":"GO - POSSE","tipo":"Munic\u00edpio","url":"\/dashboard\/details-assets\/aad49c94-fcc4-4130-9b91-c289d1584321"},"geometry":{"type":"Point","coordinates":[-46.3704,-14.0859]}},{"type":"Feature","properties":{"municipio":"5d1967a9-b625-438e-8d02-3ae2f4d1d073","title":"GO - PORANGATU","name":"GO - PORANGATU","tipo":"Munic\u00edpio","url":"\/dashboard\/details-assets\/5d1967a9-b625-438e-8d02-3ae2f4d1d073"},"geometry":{"type":"Point","coordinates":[-49.1503,-13.4391]}},{"type":"Feature","properties":{"municipio":"12c07df2-214a-4183-a0b6-0b17e4c10700","title":"GO - PONTALINA","name":"GO - PONTALINA","tipo":"Munic\u00edpio","url":"\/dashboard\/details-assets\/12c07df2-214a-4183-a0b6-0b17e4c10700"},"geometry":{"type":"Point","coordinates":[-49.4489,-17.5225]}},{"type":"Feature","properties":{"municipio":"d1c9c72b-bb3b-463a-b41b-7d77ea37fb6f","title":"GO - PLANALTINA","name":"GO - PLANALTINA","tipo":"Munic\u00edpio","url":"\/dashboard\/details-assets\/d1c9c72b-bb3b-463a-b41b-7d77ea37fb6f"},"geometry":{"type":"Point","coordinates":[-47.6089,-15.452]}},{"type":"Feature","properties":{"municipio":"8f4688d4-6c75-49d7-be18-4f04a76f5d44","title":"GO - PIRES DO RIO","name":"GO - PIRES DO RIO","tipo":"Munic\u00edpio","url":"\/dashboard\/details-assets\/8f4688d4-6c75-49d7-be18-4f04a76f5d44"},"geometry":{"type":"Point","coordinates":[-48.2768,-17.3019]}},{"type":"Feature","properties":{"municipio":"fd20f0c3-a833-476f-815d-b1a71d22dbf4","title":"GO - PIRACANJUBA","name":"GO - PIRACANJUBA","tipo":"Munic\u00edpio","url":"\/dashboard\/details-assets\/fd20f0c3-a833-476f-815d-b1a71d22dbf4"},"geometry":{"type":"Point","coordinates":[-49.017,-17.302]}},{"type":"Feature","properties":{"municipio":"58b4ce73-da4b-41a4-822b-7780324a74d4","title":"GO - PALMEIRAS DE GOIAS","name":"GO - PALMEIRAS DE GOIAS","tipo":"Munic\u00edpio","url":"\/dashboard\/details-assets\/58b4ce73-da4b-41a4-822b-7780324a74d4"},"geometry":{"type":"Point","coordinates":[-49.924,-16.8044]}},{"type":"Feature","properties":{"municipio":"8f4b404b-012d-4b2a-a163-107d68b23773","title":"GO - NOVO GAMA","name":"GO - NOVO GAMA","tipo":"Munic\u00edpio","url":"\/dashboard\/details-assets\/8f4b404b-012d-4b2a-a163-107d68b23773"},"geometry":{"type":"Point","coordinates":[-48.0417,-16.0592]}},{"type":"Feature","properties":{"municipio":"c8d51aa3-d4d2-49af-9a4b-80a3ff8d0c73","title":"GO - NOVA CRIXAS","name":"GO - NOVA CRIXAS","tipo":"Munic\u00edpio","url":"\/dashboard\/details-assets\/c8d51aa3-d4d2-49af-9a4b-80a3ff8d0c73"},"geometry":{"type":"Point","coordinates":[-50.33,-14.0957]}},{"type":"Feature","properties":{"municipio":"478fd9f7-6a19-42df-b7e5-eed21772e057","title":"GO - NIQUELANDIA","name":"GO - NIQUELANDIA","tipo":"Munic\u00edpio","url":"\/dashboard\/details-assets\/478fd9f7-6a19-42df-b7e5-eed21772e057"},"geometry":{"type":"Point","coordinates":[-48.4599,-14.4662]}},{"type":"Feature","properties":{"municipio":"88be9e05-ab60-4ba4-956f-e4049c67ecf8","title":"GO - NEROPOLIS","name":"GO - NEROPOLIS","tipo":"Munic\u00edpio","url":"\/dashboard\/details-assets\/88be9e05-ab60-4ba4-956f-e4049c67ecf8"},"geometry":{"type":"Point","coordinates":[-49.2227,-16.4047]}},{"type":"Feature","properties":{"municipio":"9e6f4662-e109-4b8f-8315-921bd0c57b8f","title":"GO - MOZARLANDIA","name":"GO - MOZARLANDIA","tipo":"Munic\u00edpio","url":"\/dashboard\/details-assets\/9e6f4662-e109-4b8f-8315-921bd0c57b8f"},"geometry":{"type":"Point","coordinates":[-50.5713,-14.7457]}},{"type":"Feature","properties":{"municipio":"3d4c5363-c599-4a61-a08d-35a78b92ce01","title":"GO - MORRINHOS","name":"GO - MORRINHOS","tipo":"Munic\u00edpio","url":"\/dashboard\/details-assets\/3d4c5363-c599-4a61-a08d-35a78b92ce01"},"geometry":{"type":"Point","coordinates":[-49.1059,-17.7334]}},{"type":"Feature","properties":{"municipio":"3e3f235a-916f-48d4-95a7-f0469dabe098","title":"GO - MINEIROS","name":"GO - MINEIROS","tipo":"Munic\u00edpio","url":"\/dashboard\/details-assets\/3e3f235a-916f-48d4-95a7-f0469dabe098"},"geometry":{"type":"Point","coordinates":[-52.5537,-17.5654]}},{"type":"Feature","properties":{"municipio":"93c2c847-aa44-45b0-aeef-498a0bc931e8","title":"GO - MINACU","name":"GO - MINACU","tipo":"Munic\u00edpio","url":"\/dashboard\/details-assets\/93c2c847-aa44-45b0-aeef-498a0bc931e8"},"geometry":{"type":"Point","coordinates":[-48.2206,-13.5304]}},{"type":"Feature","properties":{"municipio":"a4e4b348-d1a2-409e-a97c-d4882825e29f","title":"GO - LUZIANIA","name":"GO - LUZIANIA","tipo":"Munic\u00edpio","url":"\/dashboard\/details-assets\/a4e4b348-d1a2-409e-a97c-d4882825e29f"},"geometry":{"type":"Point","coordinates":[-47.95,-16.253]}},{"type":"Feature","properties":{"municipio":"7d6d30b9-d187-46a3-bda8-26c537dadb42","title":"GO - JUSSARA","name":"GO - JUSSARA","tipo":"Munic\u00edpio","url":"\/dashboard\/details-assets\/7d6d30b9-d187-46a3-bda8-26c537dadb42"},"geometry":{"type":"Point","coordinates":[-50.8668,-15.8659]}},{"type":"Feature","properties":{"municipio":"f5ad8ad0-57e8-4329-acdf-14192d6fd787","title":"GO - JATAI","name":"GO - JATAI","tipo":"Munic\u00edpio","url":"\/dashboard\/details-assets\/f5ad8ad0-57e8-4329-acdf-14192d6fd787"},"geometry":{"type":"Point","coordinates":[-51.7204,-17.8784]}},{"type":"Feature","properties":{"municipio":"91bd15c5-e421-44bd-82b3-a77f895e9609","title":"GO - JARAGUA","name":"GO - JARAGUA","tipo":"Munic\u00edpio","url":"\/dashboard\/details-assets\/91bd15c5-e421-44bd-82b3-a77f895e9609"},"geometry":{"type":"Point","coordinates":[-49.3344,-15.7529]}},{"type":"Feature","properties":{"municipio":"00ae3725-a3d9-4d64-b2ea-b76970f91d86","title":"GO - ITUMBIARA","name":"GO - ITUMBIARA","tipo":"Munic\u00edpio","url":"\/dashboard\/details-assets\/00ae3725-a3d9-4d64-b2ea-b76970f91d86"},"geometry":{"type":"Point","coordinates":[-49.2158,-18.4093]}},{"type":"Feature","properties":{"municipio":"b280d22b-5b2e-449b-a834-f6b5ba35b268","title":"GO - ITAPURANGA","name":"GO - ITAPURANGA","tipo":"Munic\u00edpio","url":"\/dashboard\/details-assets\/b280d22b-5b2e-449b-a834-f6b5ba35b268"},"geometry":{"type":"Point","coordinates":[-49.949,-15.5606]}},{"type":"Feature","properties":{"municipio":"03eb6174-1ee7-4d5d-8134-b5e149fa033d","title":"GO - ITABERAI","name":"GO - ITABERAI","tipo":"Munic\u00edpio","url":"\/dashboard\/details-assets\/03eb6174-1ee7-4d5d-8134-b5e149fa033d"},"geometry":{"type":"Point","coordinates":[-49.806,-16.0206]}},{"type":"Feature","properties":{"municipio":"78c9ce1f-5ba8-4860-8e9e-82fec90dbb48","title":"GO - ITAPACI","name":"GO - ITAPACI","tipo":"Munic\u00edpio","url":"\/dashboard\/details-assets\/78c9ce1f-5ba8-4860-8e9e-82fec90dbb48"},"geometry":{"type":"Point","coordinates":[-49.5511,-14.9522]}},{"type":"Feature","properties":{"municipio":"25f9eb24-10a7-4bac-8e41-f523742e7a49","title":"GO - IPORA","name":"GO - IPORA","tipo":"Munic\u00edpio","url":"\/dashboard\/details-assets\/25f9eb24-10a7-4bac-8e41-f523742e7a49"},"geometry":{"type":"Point","coordinates":[-51.118,-16.4398]}},{"type":"Feature","properties":{"municipio":"c8e91565-028f-46eb-ade3-21091cc49d3b","title":"GO - IPAMERI","name":"GO - IPAMERI","tipo":"Munic\u00edpio","url":"\/dashboard\/details-assets\/c8e91565-028f-46eb-ade3-21091cc49d3b"},"geometry":{"type":"Point","coordinates":[-48.1581,-17.7215]}},{"type":"Feature","properties":{"municipio":"cf47d3ce-59e0-45ce-bb46-40572bd5371a","title":"GO - GOIATUBA","name":"GO - GOIATUBA","tipo":"Munic\u00edpio","url":"\/dashboard\/details-assets\/cf47d3ce-59e0-45ce-bb46-40572bd5371a"},"geometry":{"type":"Point","coordinates":[-49.3658,-18.0105]}},{"type":"Feature","properties":{"municipio":"3697400e-7e0c-41db-94c4-5b5bb2621548","title":"GO - INHUMAS","name":"GO - INHUMAS","tipo":"Munic\u00edpio","url":"\/dashboard\/details-assets\/3697400e-7e0c-41db-94c4-5b5bb2621548"},"geometry":{"type":"Point","coordinates":[-49.5001,-16.3611]}},{"type":"Feature","properties":{"municipio":"2eba5f3e-b360-40a1-a893-f8dcb872d185","title":"GO - GOIAS","name":"GO - GOIAS","tipo":"Munic\u00edpio","url":"\/dashboard\/details-assets\/2eba5f3e-b360-40a1-a893-f8dcb872d185"},"geometry":{"type":"Point","coordinates":[-50.14,-15.9333]}},{"type":"Feature","properties":{"municipio":"82a21c81-78b1-4b53-b0c8-fb16dbc977b9","title":"GO - GOIANIA","name":"GO - GOIANIA","tipo":"Munic\u00edpio","url":"\/dashboard\/details-assets\/82a21c81-78b1-4b53-b0c8-fb16dbc977b9"},"geometry":{"type":"Point","coordinates":[-49.2643,-16.6864]}},{"type":"Feature","properties":{"municipio":"94e48bbe-ef3e-4452-add9-34a5f6afd99b","title":"GO - GOIANESIA","name":"GO - GOIANESIA","tipo":"Munic\u00edpio","url":"\/dashboard\/details-assets\/94e48bbe-ef3e-4452-add9-34a5f6afd99b"},"geometry":{"type":"Point","coordinates":[-49.1162,-15.3118]}},{"type":"Feature","properties":{"municipio":"825d72e0-f718-4701-9e20-f454d130e714","title":"GO - FORMOSA","name":"GO - FORMOSA","tipo":"Munic\u00edpio","url":"\/dashboard\/details-assets\/825d72e0-f718-4701-9e20-f454d130e714"},"geometry":{"type":"Point","coordinates":[-47.337,-15.54]}},{"type":"Feature","properties":{"municipio":"085ab934-30f7-4fba-a7e3-4ba106a2055a","title":"GO - EDEIA","name":"GO - EDEIA","tipo":"Munic\u00edpio","url":"\/dashboard\/details-assets\/085ab934-30f7-4fba-a7e3-4ba106a2055a"},"geometry":{"type":"Point","coordinates":[-49.9295,-17.3406]}},{"type":"Feature","properties":{"municipio":"da6fd7be-5628-448c-89b3-e6e8f83f0888","title":"GO - CRISTALINA","name":"GO - CRISTALINA","tipo":"Munic\u00edpio","url":"\/dashboard\/details-assets\/da6fd7be-5628-448c-89b3-e6e8f83f0888"},"geometry":{"type":"Point","coordinates":[-47.6131,-16.7676]}},{"type":"Feature","properties":{"municipio":"f39196c3-764d-4b51-b445-f6319b2075e6","title":"GO - CIDADE OCIDENTAL","name":"GO - CIDADE OCIDENTAL","tipo":"Munic\u00edpio","url":"\/dashboard\/details-assets\/f39196c3-764d-4b51-b445-f6319b2075e6"},"geometry":{"type":"Point","coordinates":[-47.9252,-16.0765]}},{"type":"Feature","properties":{"municipio":"44ead0c2-68f0-401d-b62b-334821ec8e07","title":"GO - CHAPADAO DO CEU","name":"GO - CHAPADAO DO CEU","tipo":"Munic\u00edpio","url":"\/dashboard\/details-assets\/44ead0c2-68f0-401d-b62b-334821ec8e07"},"geometry":{"type":"Point","coordinates":[-52.549,-18.4073]}},{"type":"Feature","properties":{"municipio":"8208d6fc-e9cf-43ac-8c42-0f705126be75","title":"GO - CERES","name":"GO - CERES","tipo":"Munic\u00edpio","url":"\/dashboard\/details-assets\/8208d6fc-e9cf-43ac-8c42-0f705126be75"},"geometry":{"type":"Point","coordinates":[-49.6,-15.3061]}},{"type":"Feature","properties":{"municipio":"6c9a504c-84a8-4fc0-9511-f08ca5d1a33e","title":"GO - CAMPOS BELOS","name":"GO - CAMPOS BELOS","tipo":"Munic\u00edpio","url":"\/dashboard\/details-assets\/6c9a504c-84a8-4fc0-9511-f08ca5d1a33e"},"geometry":{"type":"Point","coordinates":[-46.7681,-13.035]}},{"type":"Feature","properties":{"municipio":"0d8c530c-fc6c-4b85-a9dc-04648831ef76","title":"GO - CATALAO","name":"GO - CATALAO","tipo":"Munic\u00edpio","url":"\/dashboard\/details-assets\/0d8c530c-fc6c-4b85-a9dc-04648831ef76"},"geometry":{"type":"Point","coordinates":[-47.944,-18.1656]}},{"type":"Feature","properties":{"municipio":"46897a6c-e059-4105-b9b6-05a03b7fc0a4","title":"GO - CAMPINORTE","name":"GO - CAMPINORTE","tipo":"Munic\u00edpio","url":"\/dashboard\/details-assets\/46897a6c-e059-4105-b9b6-05a03b7fc0a4"},"geometry":{"type":"Point","coordinates":[-49.1511,-14.3137]}},{"type":"Feature","properties":{"municipio":"f07525c4-3bed-4256-b1f5-133284c387f4","title":"GO - CALDAS NOVAS","name":"GO - CALDAS NOVAS","tipo":"Munic\u00edpio","url":"\/dashboard\/details-assets\/f07525c4-3bed-4256-b1f5-133284c387f4"},"geometry":{"type":"Point","coordinates":[-48.6246,-17.7441]}},{"type":"Feature","properties":{"municipio":"e6211b28-15aa-4845-bba5-d0f0d268218c","title":"GO - CAIAPONIA","name":"GO - CAIAPONIA","tipo":"Munic\u00edpio","url":"\/dashboard\/details-assets\/e6211b28-15aa-4845-bba5-d0f0d268218c"},"geometry":{"type":"Point","coordinates":[-51.8091,-16.9539]}},{"type":"Feature","properties":{"municipio":"4d560442-6cb3-448d-9a41-fa0452338adc","title":"GO - BELA VISTA DE GOIAS","name":"GO - BELA VISTA DE GOIAS","tipo":"Munic\u00edpio","url":"\/dashboard\/details-assets\/4d560442-6cb3-448d-9a41-fa0452338adc"},"geometry":{"type":"Point","coordinates":[-48.9513,-16.9693]}},{"type":"Feature","properties":{"municipio":"bc235bbb-9502-42d4-8e2e-f1800d8ddd82","title":"GO - APARECIDA DE GOIANIA","name":"GO - APARECIDA DE GOIANIA","tipo":"Munic\u00edpio","url":"\/dashboard\/details-assets\/bc235bbb-9502-42d4-8e2e-f1800d8ddd82"},"geometry":{"type":"Point","coordinates":[-49.2469,-16.8198]}},{"type":"Feature","properties":{"municipio":"1e63574b-51dc-4571-bd38-1e3783c0a206","title":"GO - ANICUNS","name":"GO - ANICUNS","tipo":"Munic\u00edpio","url":"\/dashboard\/details-assets\/1e63574b-51dc-4571-bd38-1e3783c0a206"},"geometry":{"type":"Point","coordinates":[-49.9617,-16.4642]}},{"type":"Feature","properties":{"municipio":"87b450f9-6378-4826-a7c6-327647b86664","title":"GO - ANAPOLIS","name":"GO - ANAPOLIS","tipo":"Munic\u00edpio","url":"\/dashboard\/details-assets\/87b450f9-6378-4826-a7c6-327647b86664"},"geometry":{"type":"Point","coordinates":[-48.953,-16.3281]}},{"type":"Feature","properties":{"municipio":"3322aaa9-291f-4cfa-8952-0cc01975d91a","title":"GO - ALEXANIA","name":"GO - ALEXANIA","tipo":"Munic\u00edpio","url":"\/dashboard\/details-assets\/3322aaa9-291f-4cfa-8952-0cc01975d91a"},"geometry":{"type":"Point","coordinates":[-48.5076,-16.0834]}},{"type":"Feature","properties":{"municipio":"0fb5a538-29bd-4bc7-8d80-45bda49df95f","title":"GO - AGUAS LINDAS DE GOIAS","name":"GO - AGUAS LINDAS DE GOIAS","tipo":"Munic\u00edpio","url":"\/dashboard\/details-assets\/0fb5a538-29bd-4bc7-8d80-45bda49df95f"},"geometry":{"type":"Point","coordinates":[-48.2816,-15.7617]}},{"type":"Feature","properties":{"municipio":"94834750-f209-4d53-9c8d-700d09b99f09","title":"GO - ACREUNA","name":"GO - ACREUNA","tipo":"Munic\u00edpio","url":"\/dashboard\/details-assets\/94834750-f209-4d53-9c8d-700d09b99f09"},"geometry":{"type":"Point","coordinates":[-50.3749,-17.396]}},{"type":"Feature","properties":{"municipio":"cb2ed75b-040a-4839-a1e7-55d522f6e255","title":"ES - VITORIA","name":"ES - VITORIA","tipo":"Munic\u00edpio","url":"\/dashboard\/details-assets\/cb2ed75b-040a-4839-a1e7-55d522f6e255"},"geometry":{"type":"Point","coordinates":[-40.3128,-20.3155]}},{"type":"Feature","properties":{"municipio":"9b81acef-1410-4d7a-a079-6da02aa65687","title":"ES - VILA VELHA","name":"ES - VILA VELHA","tipo":"Munic\u00edpio","url":"\/dashboard\/details-assets\/9b81acef-1410-4d7a-a079-6da02aa65687"},"geometry":{"type":"Point","coordinates":[-40.2875,-20.3417]}},{"type":"Feature","properties":{"municipio":"37224cf0-3557-4a61-85b9-caea80bf1797","title":"ES - VENDA NOVA DO IMIGRANTE","name":"ES - VENDA NOVA DO IMIGRANTE","tipo":"Munic\u00edpio","url":"\/dashboard\/details-assets\/37224cf0-3557-4a61-85b9-caea80bf1797"},"geometry":{"type":"Point","coordinates":[-41.1355,-20.327]}},{"type":"Feature","properties":{"municipio":"40e13b29-fdee-49e1-9e42-2106a735c2f4","title":"ES - VIANA","name":"ES - VIANA","tipo":"Munic\u00edpio","url":"\/dashboard\/details-assets\/40e13b29-fdee-49e1-9e42-2106a735c2f4"},"geometry":{"type":"Point","coordinates":[-40.4933,-20.3825]}},{"type":"Feature","properties":{"municipio":"1673beba-9cb5-4fe4-9f8c-28f5e4bd3121","title":"ES - SERRA","name":"ES - SERRA","tipo":"Munic\u00edpio","url":"\/dashboard\/details-assets\/1673beba-9cb5-4fe4-9f8c-28f5e4bd3121"},"geometry":{"type":"Point","coordinates":[-40.3074,-20.121]}},{"type":"Feature","properties":{"municipio":"ac7d4446-9045-4f02-b5bd-c3b7bb981477","title":"ES - SAO MATEUS","name":"ES - SAO MATEUS","tipo":"Munic\u00edpio","url":"\/dashboard\/details-assets\/ac7d4446-9045-4f02-b5bd-c3b7bb981477"},"geometry":{"type":"Point","coordinates":[-39.8579,-18.7214]}},{"type":"Feature","properties":{"municipio":"04933683-2102-42fb-8fb6-a71fb15ad4fa","title":"ES - SAO GABRIEL DA PALHA","name":"ES - SAO GABRIEL DA PALHA","tipo":"Munic\u00edpio","url":"\/dashboard\/details-assets\/04933683-2102-42fb-8fb6-a71fb15ad4fa"},"geometry":{"type":"Point","coordinates":[-40.5365,-19.0182]}},{"type":"Feature","properties":{"municipio":"fe9110fd-9608-4bd1-84ed-129d710f9b76","title":"ES - SANTA TERESA","name":"ES - SANTA TERESA","tipo":"Munic\u00edpio","url":"\/dashboard\/details-assets\/fe9110fd-9608-4bd1-84ed-129d710f9b76"},"geometry":{"type":"Point","coordinates":[-40.5979,-19.9363]}},{"type":"Feature","properties":{"municipio":"fb651995-7754-4bd0-89dc-4ae2148058aa","title":"ES - SANTA MARIA DE JETIBA","name":"ES - SANTA MARIA DE JETIBA","tipo":"Munic\u00edpio","url":"\/dashboard\/details-assets\/fb651995-7754-4bd0-89dc-4ae2148058aa"},"geometry":{"type":"Point","coordinates":[-40.7439,-20.0253]}},{"type":"Feature","properties":{"municipio":"e48e1a89-4b4a-4cc3-8769-fdfeea64936b","title":"ES - PIUMA","name":"ES - PIUMA","tipo":"Munic\u00edpio","url":"\/dashboard\/details-assets\/e48e1a89-4b4a-4cc3-8769-fdfeea64936b"},"geometry":{"type":"Point","coordinates":[-40.7268,-20.8334]}},{"type":"Feature","properties":{"municipio":"c546881d-addc-40fb-8478-012cc3577a5e","title":"ES - RIO BANANAL","name":"ES - RIO BANANAL","tipo":"Munic\u00edpio","url":"\/dashboard\/details-assets\/c546881d-addc-40fb-8478-012cc3577a5e"},"geometry":{"type":"Point","coordinates":[-40.3366,-19.2719]}},{"type":"Feature","properties":{"municipio":"4eedcf67-7cb5-412f-9f08-cda112d0b6db","title":"ES - PINHEIROS","name":"ES - PINHEIROS","tipo":"Munic\u00edpio","url":"\/dashboard\/details-assets\/4eedcf67-7cb5-412f-9f08-cda112d0b6db"},"geometry":{"type":"Point","coordinates":[-40.2171,-18.4141]}},{"type":"Feature","properties":{"municipio":"c580fa40-253a-41fb-98c1-a96fa8e9c696","title":"ES - NOVA VENECIA","name":"ES - NOVA VENECIA","tipo":"Munic\u00edpio","url":"\/dashboard\/details-assets\/c580fa40-253a-41fb-98c1-a96fa8e9c696"},"geometry":{"type":"Point","coordinates":[-40.4053,-18.715]}},{"type":"Feature","properties":{"municipio":"8d040a18-851b-4dac-a0c5-b6c908cec794","title":"ES - MUQUI","name":"ES - MUQUI","tipo":"Munic\u00edpio","url":"\/dashboard\/details-assets\/8d040a18-851b-4dac-a0c5-b6c908cec794"},"geometry":{"type":"Point","coordinates":[-41.346,-20.9509]}},{"type":"Feature","properties":{"municipio":"53c1dc1b-6bac-4af0-aea6-b593dbeb9415","title":"ES - MUNIZ FREIRE","name":"ES - MUNIZ FREIRE","tipo":"Munic\u00edpio","url":"\/dashboard\/details-assets\/53c1dc1b-6bac-4af0-aea6-b593dbeb9415"},"geometry":{"type":"Point","coordinates":[-41.4156,-20.4652]}},{"type":"Feature","properties":{"municipio":"18356877-c647-4341-9914-501bc1043b3f","title":"ES - MONTANHA","name":"ES - MONTANHA","tipo":"Munic\u00edpio","url":"\/dashboard\/details-assets\/18356877-c647-4341-9914-501bc1043b3f"},"geometry":{"type":"Point","coordinates":[-40.3668,-18.1303]}},{"type":"Feature","properties":{"municipio":"4cc9136c-2af2-464b-8151-d6e743c0d31b","title":"ES - MIMOSO DO SUL","name":"ES - MIMOSO DO SUL","tipo":"Munic\u00edpio","url":"\/dashboard\/details-assets\/4cc9136c-2af2-464b-8151-d6e743c0d31b"},"geometry":{"type":"Point","coordinates":[-41.3615,-21.0628]}},{"type":"Feature","properties":{"municipio":"e8fca795-8e58-413c-ba68-2945cef610b4","title":"ES - MARECHAL FLORIANO","name":"ES - MARECHAL FLORIANO","tipo":"Munic\u00edpio","url":"\/dashboard\/details-assets\/e8fca795-8e58-413c-ba68-2945cef610b4"},"geometry":{"type":"Point","coordinates":[-40.67,-20.4159]}},{"type":"Feature","properties":{"municipio":"752be536-da52-4b2a-9aab-7f4f116a44ea","title":"ES - MARATAIZES","name":"ES - MARATAIZES","tipo":"Munic\u00edpio","url":"\/dashboard\/details-assets\/752be536-da52-4b2a-9aab-7f4f116a44ea"},"geometry":{"type":"Point","coordinates":[-40.8384,-21.0398]}},{"type":"Feature","properties":{"municipio":"1555d723-bafe-47fb-8faf-d4cdc5ec307e","title":"ES - LINHARES","name":"ES - LINHARES","tipo":"Munic\u00edpio","url":"\/dashboard\/details-assets\/1555d723-bafe-47fb-8faf-d4cdc5ec307e"},"geometry":{"type":"Point","coordinates":[-40.0643,-19.3946]}},{"type":"Feature","properties":{"municipio":"73ad0fd6-2175-41c6-948d-028124f65dbc","title":"ES - JAGUARE","name":"ES - JAGUARE","tipo":"Munic\u00edpio","url":"\/dashboard\/details-assets\/73ad0fd6-2175-41c6-948d-028124f65dbc"},"geometry":{"type":"Point","coordinates":[-40.0759,-18.907]}},{"type":"Feature","properties":{"municipio":"a4a3443b-51ca-44d9-93c3-0d04f6cfdf1f","title":"ES - IUNA","name":"ES - IUNA","tipo":"Munic\u00edpio","url":"\/dashboard\/details-assets\/a4a3443b-51ca-44d9-93c3-0d04f6cfdf1f"},"geometry":{"type":"Point","coordinates":[-41.5334,-20.3531]}},{"type":"Feature","properties":{"municipio":"0e51faa5-6f3d-4b41-ad75-46c617f900a4","title":"ES - ITAPEMIRIM","name":"ES - ITAPEMIRIM","tipo":"Munic\u00edpio","url":"\/dashboard\/details-assets\/0e51faa5-6f3d-4b41-ad75-46c617f900a4"},"geometry":{"type":"Point","coordinates":[-40.8307,-21.0095]}},{"type":"Feature","properties":{"municipio":"67dd1a49-967f-41c8-83ca-31b9fbf5e933","title":"ES - ICONHA","name":"ES - ICONHA","tipo":"Munic\u00edpio","url":"\/dashboard\/details-assets\/67dd1a49-967f-41c8-83ca-31b9fbf5e933"},"geometry":{"type":"Point","coordinates":[-40.8132,-20.7913]}},{"type":"Feature","properties":{"municipio":"137979ab-aacb-4cb5-b764-a717f2f97dd3","title":"ES - IBATIBA","name":"ES - IBATIBA","tipo":"Munic\u00edpio","url":"\/dashboard\/details-assets\/137979ab-aacb-4cb5-b764-a717f2f97dd3"},"geometry":{"type":"Point","coordinates":[-41.5087,-20.2347]}},{"type":"Feature","properties":{"municipio":"997e6558-d836-45c5-a942-02454991c562","title":"ES - GUARAPARI","name":"ES - GUARAPARI","tipo":"Munic\u00edpio","url":"\/dashboard\/details-assets\/997e6558-d836-45c5-a942-02454991c562"},"geometry":{"type":"Point","coordinates":[-40.5093,-20.6772]}},{"type":"Feature","properties":{"municipio":"fca6f3af-f579-4e4e-b582-ba72222431e2","title":"ES - GUACUI","name":"ES - GUACUI","tipo":"Munic\u00edpio","url":"\/dashboard\/details-assets\/fca6f3af-f579-4e4e-b582-ba72222431e2"},"geometry":{"type":"Point","coordinates":[-41.6734,-20.7668]}},{"type":"Feature","properties":{"municipio":"1b464df1-ce4d-4d3e-853d-1e1a01248983","title":"ES - ECOPORANGA","name":"ES - ECOPORANGA","tipo":"Munic\u00edpio","url":"\/dashboard\/details-assets\/1b464df1-ce4d-4d3e-853d-1e1a01248983"},"geometry":{"type":"Point","coordinates":[-40.836,-18.3702]}},{"type":"Feature","properties":{"municipio":"1104d93f-dd28-4f76-aaaf-aa999cdd25dc","title":"ES - FUNDAO","name":"ES - FUNDAO","tipo":"Munic\u00edpio","url":"\/dashboard\/details-assets\/1104d93f-dd28-4f76-aaaf-aa999cdd25dc"},"geometry":{"type":"Point","coordinates":[-40.4078,-19.937]}},{"type":"Feature","properties":{"municipio":"994b720e-23c6-455b-a542-27a662cbb6d4","title":"ES - DOMINGOS MARTINS","name":"ES - DOMINGOS MARTINS","tipo":"Munic\u00edpio","url":"\/dashboard\/details-assets\/994b720e-23c6-455b-a542-27a662cbb6d4"},"geometry":{"type":"Point","coordinates":[-40.6594,-20.3603]}},{"type":"Feature","properties":{"municipio":"9b2001a5-ba75-4bf2-b68a-2ae7b90b9d60","title":"ES - CONCEICAO DO CASTELO","name":"ES - CONCEICAO DO CASTELO","tipo":"Munic\u00edpio","url":"\/dashboard\/details-assets\/9b2001a5-ba75-4bf2-b68a-2ae7b90b9d60"},"geometry":{"type":"Point","coordinates":[-41.2417,-20.3639]}},{"type":"Feature","properties":{"municipio":"5d74b74d-f7f7-4328-9957-7689a47f1ed7","title":"ES - CONCEICAO DA BARRA","name":"ES - CONCEICAO DA BARRA","tipo":"Munic\u00edpio","url":"\/dashboard\/details-assets\/5d74b74d-f7f7-4328-9957-7689a47f1ed7"},"geometry":{"type":"Point","coordinates":[-39.7362,-18.5883]}},{"type":"Feature","properties":{"municipio":"1821faf9-f730-411d-87c2-ce9160603bdf","title":"ES - COLATINA","name":"ES - COLATINA","tipo":"Munic\u00edpio","url":"\/dashboard\/details-assets\/1821faf9-f730-411d-87c2-ce9160603bdf"},"geometry":{"type":"Point","coordinates":[-40.6269,-19.5493]}},{"type":"Feature","properties":{"municipio":"a9a263d4-381d-41a9-9bbf-b737c042af35","title":"ES - CASTELO","name":"ES - CASTELO","tipo":"Munic\u00edpio","url":"\/dashboard\/details-assets\/a9a263d4-381d-41a9-9bbf-b737c042af35"},"geometry":{"type":"Point","coordinates":[-41.2031,-20.6033]}},{"type":"Feature","properties":{"municipio":"083b705d-5e90-4676-a54d-63ec3bb48ad2","title":"ES - CARIACICA","name":"ES - CARIACICA","tipo":"Munic\u00edpio","url":"\/dashboard\/details-assets\/083b705d-5e90-4676-a54d-63ec3bb48ad2"},"geometry":{"type":"Point","coordinates":[-40.4165,-20.2632]}},{"type":"Feature","properties":{"municipio":"33da8627-4062-4099-a139-111a0caa8492","title":"ES - CACHOEIRO DE ITAPEMIRIM","name":"ES - CACHOEIRO DE ITAPEMIRIM","tipo":"Munic\u00edpio","url":"\/dashboard\/details-assets\/33da8627-4062-4099-a139-111a0caa8492"},"geometry":{"type":"Point","coordinates":[-41.1198,-20.8462]}},{"type":"Feature","properties":{"municipio":"b6f15b8a-9684-41ca-b4e5-96f4dc057e02","title":"ES - BREJETUBA","name":"ES - BREJETUBA","tipo":"Munic\u00edpio","url":"\/dashboard\/details-assets\/b6f15b8a-9684-41ca-b4e5-96f4dc057e02"},"geometry":{"type":"Point","coordinates":[-41.2954,-20.1395]}},{"type":"Feature","properties":{"municipio":"49d900dd-c1a4-4efa-b821-f3dcebc32e7d","title":"ES - BARRA DE SAO FRANCISCO","name":"ES - BARRA DE SAO FRANCISCO","tipo":"Munic\u00edpio","url":"\/dashboard\/details-assets\/49d900dd-c1a4-4efa-b821-f3dcebc32e7d"},"geometry":{"type":"Point","coordinates":[-40.8965,-18.7548]}},{"type":"Feature","properties":{"municipio":"b865808a-e738-4c55-9517-b59442abf2e0","title":"ES - ARACRUZ","name":"ES - ARACRUZ","tipo":"Munic\u00edpio","url":"\/dashboard\/details-assets\/b865808a-e738-4c55-9517-b59442abf2e0"},"geometry":{"type":"Point","coordinates":[-40.2764,-19.82]}},{"type":"Feature","properties":{"municipio":"02953d28-7acb-4ab8-a1b7-047bc9a8f1e0","title":"ES - ALEGRE","name":"ES - ALEGRE","tipo":"Munic\u00edpio","url":"\/dashboard\/details-assets\/02953d28-7acb-4ab8-a1b7-047bc9a8f1e0"},"geometry":{"type":"Point","coordinates":[-41.5382,-20.758]}},{"type":"Feature","properties":{"municipio":"ca1af867-0bb1-4d68-a380-fa216f05933a","title":"ES - ANCHIETA","name":"ES - ANCHIETA","tipo":"Munic\u00edpio","url":"\/dashboard\/details-assets\/ca1af867-0bb1-4d68-a380-fa216f05933a"},"geometry":{"type":"Point","coordinates":[-40.6425,-20.7955]}},{"type":"Feature","properties":{"municipio":"9325a865-4c23-4861-b507-65a4f819630d","title":"ES - AFONSO CLAUDIO","name":"ES - AFONSO CLAUDIO","tipo":"Munic\u00edpio","url":"\/dashboard\/details-assets\/9325a865-4c23-4861-b507-65a4f819630d"},"geometry":{"type":"Point","coordinates":[-41.1261,-20.0778]}},{"type":"Feature","properties":{"municipio":"a98ae74b-59a0-4707-baf1-f9fcbf58dec0","title":"DF - BRASILIA","name":"DF - BRASILIA","tipo":"Munic\u00edpio","url":"\/dashboard\/details-assets\/a98ae74b-59a0-4707-baf1-f9fcbf58dec0"},"geometry":{"type":"Point","coordinates":[-47.9297,-15.7795]}},{"type":"Feature","properties":{"municipio":"b03e467e-c773-4483-8da3-08ca94d702cf","title":"CE - VARZEA ALEGRE","name":"CE - VARZEA ALEGRE","tipo":"Munic\u00edpio","url":"\/dashboard\/details-assets\/b03e467e-c773-4483-8da3-08ca94d702cf"},"geometry":{"type":"Point","coordinates":[-39.2942,-6.78264]}},{"type":"Feature","properties":{"municipio":"bdd4ed04-dd58-4a6e-a7bd-76df207d964e","title":"CE - UBAJARA","name":"CE - UBAJARA","tipo":"Munic\u00edpio","url":"\/dashboard\/details-assets\/bdd4ed04-dd58-4a6e-a7bd-76df207d964e"},"geometry":{"type":"Point","coordinates":[-40.9204,-3.85448]}},{"type":"Feature","properties":{"municipio":"c3f4c5c1-9e55-4ece-95db-55c79c9a5613","title":"CE - TRAIRI","name":"CE - TRAIRI","tipo":"Munic\u00edpio","url":"\/dashboard\/details-assets\/c3f4c5c1-9e55-4ece-95db-55c79c9a5613"},"geometry":{"type":"Point","coordinates":[-39.2681,-3.26932]}},{"type":"Feature","properties":{"municipio":"d4fe6cdf-b7b4-4059-82fa-ee05c54da725","title":"CE - TIANGUA","name":"CE - TIANGUA","tipo":"Munic\u00edpio","url":"\/dashboard\/details-assets\/d4fe6cdf-b7b4-4059-82fa-ee05c54da725"},"geometry":{"type":"Point","coordinates":[-40.9923,-3.72965]}},{"type":"Feature","properties":{"municipio":"5c73e4ec-445a-473e-aa20-f1d762c80510","title":"CE - TAUA","name":"CE - TAUA","tipo":"Munic\u00edpio","url":"\/dashboard\/details-assets\/5c73e4ec-445a-473e-aa20-f1d762c80510"},"geometry":{"type":"Point","coordinates":[-40.2968,-5.98585]}},{"type":"Feature","properties":{"municipio":"8c01a075-4c52-4737-9c9e-12124082efcd","title":"CE - SOLONOPOLE","name":"CE - SOLONOPOLE","tipo":"Munic\u00edpio","url":"\/dashboard\/details-assets\/8c01a075-4c52-4737-9c9e-12124082efcd"},"geometry":{"type":"Point","coordinates":[-39.0107,-5.71894]}},{"type":"Feature","properties":{"municipio":"8a26a101-7e37-4734-b684-5590883f9430","title":"CE - TABULEIRO DO NORTE","name":"CE - TABULEIRO DO NORTE","tipo":"Munic\u00edpio","url":"\/dashboard\/details-assets\/8a26a101-7e37-4734-b684-5590883f9430"},"geometry":{"type":"Point","coordinates":[-38.1282,-5.24353]}},{"type":"Feature","properties":{"municipio":"9c28a04f-000a-4921-99a1-9c8b12d2fce2","title":"CE - SOBRAL","name":"CE - SOBRAL","tipo":"Munic\u00edpio","url":"\/dashboard\/details-assets\/9c28a04f-000a-4921-99a1-9c8b12d2fce2"},"geometry":{"type":"Point","coordinates":[-40.3482,-3.68913]}},{"type":"Feature","properties":{"municipio":"6478fde6-cf70-4790-9c65-0a8b5a806b44","title":"CE - SENADOR POMPEU","name":"CE - SENADOR POMPEU","tipo":"Munic\u00edpio","url":"\/dashboard\/details-assets\/6478fde6-cf70-4790-9c65-0a8b5a806b44"},"geometry":{"type":"Point","coordinates":[-39.3704,-5.58244]}},{"type":"Feature","properties":{"municipio":"3ff6576b-47c4-4fec-bd43-7f47d0b22c96","title":"CE - SAO GONCALO DO AMARANTE","name":"CE - SAO GONCALO DO AMARANTE","tipo":"Munic\u00edpio","url":"\/dashboard\/details-assets\/3ff6576b-47c4-4fec-bd43-7f47d0b22c96"},"geometry":{"type":"Point","coordinates":[-38.9726,-3.60515]}},{"type":"Feature","properties":{"municipio":"05b19139-6efb-4662-8802-1fdc38f1f8a0","title":"CE - SAO BENEDITO","name":"CE - SAO BENEDITO","tipo":"Munic\u00edpio","url":"\/dashboard\/details-assets\/05b19139-6efb-4662-8802-1fdc38f1f8a0"},"geometry":{"type":"Point","coordinates":[-40.8596,-4.04713]}},{"type":"Feature","properties":{"municipio":"ddff2cdc-0cf3-43b1-a204-650083e57a19","title":"CE - SANTA QUITERIA","name":"CE - SANTA QUITERIA","tipo":"Munic\u00edpio","url":"\/dashboard\/details-assets\/ddff2cdc-0cf3-43b1-a204-650083e57a19"},"geometry":{"type":"Point","coordinates":[-40.1523,-4.32608]}},{"type":"Feature","properties":{"municipio":"316bf1ab-0bdd-49bf-8405-437c221b479d","title":"CE - RUSSAS","name":"CE - RUSSAS","tipo":"Munic\u00edpio","url":"\/dashboard\/details-assets\/316bf1ab-0bdd-49bf-8405-437c221b479d"},"geometry":{"type":"Point","coordinates":[-37.9721,-4.92673]}},{"type":"Feature","properties":{"municipio":"a3d7353c-0b0b-4498-aec8-a6ef1a6cb3d8","title":"CE - REDENCAO","name":"CE - REDENCAO","tipo":"Munic\u00edpio","url":"\/dashboard\/details-assets\/a3d7353c-0b0b-4498-aec8-a6ef1a6cb3d8"},"geometry":{"type":"Point","coordinates":[-38.7277,-4.21587]}},{"type":"Feature","properties":{"municipio":"351422d6-c331-4129-98bc-e39c79032436","title":"CE - QUIXERE","name":"CE - QUIXERE","tipo":"Munic\u00edpio","url":"\/dashboard\/details-assets\/351422d6-c331-4129-98bc-e39c79032436"},"geometry":{"type":"Point","coordinates":[-37.9802,-5.07148]}},{"type":"Feature","properties":{"municipio":"82881a06-944c-4bc8-bcd4-bea6cfe084fb","title":"CE - QUIXERAMOBIM","name":"CE - QUIXERAMOBIM","tipo":"Munic\u00edpio","url":"\/dashboard\/details-assets\/82881a06-944c-4bc8-bcd4-bea6cfe084fb"},"geometry":{"type":"Point","coordinates":[-39.2889,-5.19067]}},{"type":"Feature","properties":{"municipio":"598a5e4f-670a-4b31-af0a-a3ff90a95d1a","title":"CE - QUIXADA","name":"CE - QUIXADA","tipo":"Munic\u00edpio","url":"\/dashboard\/details-assets\/598a5e4f-670a-4b31-af0a-a3ff90a95d1a"},"geometry":{"type":"Point","coordinates":[-39.0155,-4.9663]}},{"type":"Feature","properties":{"municipio":"a7dc950a-1129-4a6c-9b2b-84cf22c816f5","title":"CE - PENTECOSTE","name":"CE - PENTECOSTE","tipo":"Munic\u00edpio","url":"\/dashboard\/details-assets\/a7dc950a-1129-4a6c-9b2b-84cf22c816f5"},"geometry":{"type":"Point","coordinates":[-39.2692,-3.79274]}},{"type":"Feature","properties":{"municipio":"19cebeb5-cdef-4f94-b1c5-3f38db7e5448","title":"CE - PARACURU","name":"CE - PARACURU","tipo":"Munic\u00edpio","url":"\/dashboard\/details-assets\/19cebeb5-cdef-4f94-b1c5-3f38db7e5448"},"geometry":{"type":"Point","coordinates":[-39.03,-3.41436]}},{"type":"Feature","properties":{"municipio":"f2d90505-be32-42f9-925e-e8ac1eeffe34","title":"CE - PARAIPABA","name":"CE - PARAIPABA","tipo":"Munic\u00edpio","url":"\/dashboard\/details-assets\/f2d90505-be32-42f9-925e-e8ac1eeffe34"},"geometry":{"type":"Point","coordinates":[-39.1479,-3.43799]}},{"type":"Feature","properties":{"municipio":"c2818e75-d878-4b74-bffa-823fbb339056","title":"CE - PALMACIA","name":"CE - PALMACIA","tipo":"Munic\u00edpio","url":"\/dashboard\/details-assets\/c2818e75-d878-4b74-bffa-823fbb339056"},"geometry":{"type":"Point","coordinates":[-38.8446,-4.13831]}},{"type":"Feature","properties":{"municipio":"dcb2f4a0-02ea-437f-9bfc-773f3d16c696","title":"CE - PACATUBA","name":"CE - PACATUBA","tipo":"Munic\u00edpio","url":"\/dashboard\/details-assets\/dcb2f4a0-02ea-437f-9bfc-773f3d16c696"},"geometry":{"type":"Point","coordinates":[-38.6183,-3.9784]}},{"type":"Feature","properties":{"municipio":"7842070b-b569-4f30-a0be-bfc3b0146c6e","title":"CE - PACAJUS","name":"CE - PACAJUS","tipo":"Munic\u00edpio","url":"\/dashboard\/details-assets\/7842070b-b569-4f30-a0be-bfc3b0146c6e"},"geometry":{"type":"Point","coordinates":[-38.465,-4.17107]}},{"type":"Feature","properties":{"municipio":"35769811-2e0f-45d6-97fc-c3ea22e06fd9","title":"CE - NOVA RUSSAS","name":"CE - NOVA RUSSAS","tipo":"Munic\u00edpio","url":"\/dashboard\/details-assets\/35769811-2e0f-45d6-97fc-c3ea22e06fd9"},"geometry":{"type":"Point","coordinates":[-40.5621,-4.70581]}},{"type":"Feature","properties":{"municipio":"f1272134-8984-4d3a-966e-4de355d1dd7a","title":"CE - MORRINHOS","name":"CE - MORRINHOS","tipo":"Munic\u00edpio","url":"\/dashboard\/details-assets\/f1272134-8984-4d3a-966e-4de355d1dd7a"},"geometry":{"type":"Point","coordinates":[-40.1233,-3.23426]}},{"type":"Feature","properties":{"municipio":"61c75437-d2ed-45e2-8c1a-73881d787d35","title":"CE - MORADA NOVA","name":"CE - MORADA NOVA","tipo":"Munic\u00edpio","url":"\/dashboard\/details-assets\/61c75437-d2ed-45e2-8c1a-73881d787d35"},"geometry":{"type":"Point","coordinates":[-38.3702,-5.09736]}},{"type":"Feature","properties":{"municipio":"91785466-76e2-42d0-a705-e1532924116c","title":"CE - MOMBACA","name":"CE - MOMBACA","tipo":"Munic\u00edpio","url":"\/dashboard\/details-assets\/91785466-76e2-42d0-a705-e1532924116c"},"geometry":{"type":"Point","coordinates":[-39.63,-5.73844]}},{"type":"Feature","properties":{"municipio":"e68edd21-5562-4bf4-bfda-99e2ca2192c4","title":"CE - MILHA","name":"CE - MILHA","tipo":"Munic\u00edpio","url":"\/dashboard\/details-assets\/e68edd21-5562-4bf4-bfda-99e2ca2192c4"},"geometry":{"type":"Point","coordinates":[-39.1875,-5.67252]}},{"type":"Feature","properties":{"municipio":"8034c94a-21d1-4a26-bb22-06c14bdcb825","title":"CE - MAURITI","name":"CE - MAURITI","tipo":"Munic\u00edpio","url":"\/dashboard\/details-assets\/8034c94a-21d1-4a26-bb22-06c14bdcb825"},"geometry":{"type":"Point","coordinates":[-38.7708,-7.38597]}},{"type":"Feature","properties":{"municipio":"2d6c1b14-1e0d-41cc-8cf5-db79e2a08bdd","title":"CE - MARANGUAPE","name":"CE - MARANGUAPE","tipo":"Munic\u00edpio","url":"\/dashboard\/details-assets\/2d6c1b14-1e0d-41cc-8cf5-db79e2a08bdd"},"geometry":{"type":"Point","coordinates":[-38.6829,-3.89143]}},{"type":"Feature","properties":{"municipio":"6b8cacb0-fd66-4c29-9888-b9efac5b5fac","title":"CE - MARACANAU","name":"CE - MARACANAU","tipo":"Munic\u00edpio","url":"\/dashboard\/details-assets\/6b8cacb0-fd66-4c29-9888-b9efac5b5fac"},"geometry":{"type":"Point","coordinates":[-38.6259,-3.86699]}},{"type":"Feature","properties":{"municipio":"aec8228a-602b-4449-958f-e14ffbde6c77","title":"CE - LAVRAS DA MANGABEIRA","name":"CE - LAVRAS DA MANGABEIRA","tipo":"Munic\u00edpio","url":"\/dashboard\/details-assets\/aec8228a-602b-4449-958f-e14ffbde6c77"},"geometry":{"type":"Point","coordinates":[-38.9706,-6.7448]}},{"type":"Feature","properties":{"municipio":"86f9d1b3-c5d0-4443-863c-5e74a8297a84","title":"CE - LIMOEIRO DO NORTE","name":"CE - LIMOEIRO DO NORTE","tipo":"Munic\u00edpio","url":"\/dashboard\/details-assets\/86f9d1b3-c5d0-4443-863c-5e74a8297a84"},"geometry":{"type":"Point","coordinates":[-38.0847,-5.14392]}},{"type":"Feature","properties":{"municipio":"679995db-d2da-4c73-863f-6609aa3d1a67","title":"CE - JUAZEIRO DO NORTE","name":"CE - JUAZEIRO DO NORTE","tipo":"Munic\u00edpio","url":"\/dashboard\/details-assets\/679995db-d2da-4c73-863f-6609aa3d1a67"},"geometry":{"type":"Point","coordinates":[-39.3076,-7.19621]}},{"type":"Feature","properties":{"municipio":"f479b1a5-9da5-4d49-8107-c47a52838329","title":"CE - JAGUARUANA","name":"CE - JAGUARUANA","tipo":"Munic\u00edpio","url":"\/dashboard\/details-assets\/f479b1a5-9da5-4d49-8107-c47a52838329"},"geometry":{"type":"Point","coordinates":[-37.781,-4.83151]}},{"type":"Feature","properties":{"municipio":"5724386b-6145-4a93-a79c-65bb5ec94bd1","title":"CE - JAGUARIBE","name":"CE - JAGUARIBE","tipo":"Munic\u00edpio","url":"\/dashboard\/details-assets\/5724386b-6145-4a93-a79c-65bb5ec94bd1"},"geometry":{"type":"Point","coordinates":[-38.6227,-5.90213]}},{"type":"Feature","properties":{"municipio":"1198925c-577d-4046-9f2d-14636fbdaa28","title":"CE - ITAREMA","name":"CE - ITAREMA","tipo":"Munic\u00edpio","url":"\/dashboard\/details-assets\/1198925c-577d-4046-9f2d-14636fbdaa28"},"geometry":{"type":"Point","coordinates":[-39.9167,-2.9248]}},{"type":"Feature","properties":{"municipio":"9c89b1e5-6b87-4d21-a060-5f0c0d61fe76","title":"CE - ITAPIPOCA","name":"CE - ITAPIPOCA","tipo":"Munic\u00edpio","url":"\/dashboard\/details-assets\/9c89b1e5-6b87-4d21-a060-5f0c0d61fe76"},"geometry":{"type":"Point","coordinates":[-39.5836,-3.49933]}},{"type":"Feature","properties":{"municipio":"579cae35-c8cf-414d-b1d1-ed6bf70b3e00","title":"CE - ITAPAJE","name":"CE - ITAPAJE","tipo":"Munic\u00edpio","url":"\/dashboard\/details-assets\/579cae35-c8cf-414d-b1d1-ed6bf70b3e00"},"geometry":{"type":"Point","coordinates":[-39.5855,-3.68314]}},{"type":"Feature","properties":{"municipio":"84cc2c9b-aeb6-4228-9cfd-25d3322de61a","title":"CE - IPUEIRAS","name":"CE - IPUEIRAS","tipo":"Munic\u00edpio","url":"\/dashboard\/details-assets\/84cc2c9b-aeb6-4228-9cfd-25d3322de61a"},"geometry":{"type":"Point","coordinates":[-40.7118,-4.53802]}},{"type":"Feature","properties":{"municipio":"2d317189-a9ec-49e6-8c7e-1cb5e6921a71","title":"CE - ITAITINGA","name":"CE - ITAITINGA","tipo":"Munic\u00edpio","url":"\/dashboard\/details-assets\/2d317189-a9ec-49e6-8c7e-1cb5e6921a71"},"geometry":{"type":"Point","coordinates":[-38.5298,-3.96577]}},{"type":"Feature","properties":{"municipio":"f2c20c54-b968-4706-8887-ea81446980e7","title":"CE - IPU","name":"CE - IPU","tipo":"Munic\u00edpio","url":"\/dashboard\/details-assets\/f2c20c54-b968-4706-8887-ea81446980e7"},"geometry":{"type":"Point","coordinates":[-40.7059,-4.31748]}},{"type":"Feature","properties":{"municipio":"4daa753a-f86e-4b94-b684-05cbe0571f8c","title":"CE - IGUATU","name":"CE - IGUATU","tipo":"Munic\u00edpio","url":"\/dashboard\/details-assets\/4daa753a-f86e-4b94-b684-05cbe0571f8c"},"geometry":{"type":"Point","coordinates":[-39.2892,-6.36281]}},{"type":"Feature","properties":{"municipio":"1f96878d-9511-4cdb-9fb2-887dbf75fb6a","title":"CE - ICO","name":"CE - ICO","tipo":"Munic\u00edpio","url":"\/dashboard\/details-assets\/1f96878d-9511-4cdb-9fb2-887dbf75fb6a"},"geometry":{"type":"Point","coordinates":[-38.8554,-6.39627]}},{"type":"Feature","properties":{"municipio":"dc4b4228-326a-4dd1-9ea0-af7963e28d18","title":"CE - HORIZONTE","name":"CE - HORIZONTE","tipo":"Munic\u00edpio","url":"\/dashboard\/details-assets\/dc4b4228-326a-4dd1-9ea0-af7963e28d18"},"geometry":{"type":"Point","coordinates":[-38.4707,-4.1209]}},{"type":"Feature","properties":{"municipio":"b06b21a6-a0e2-4262-83ec-ab24b4965c47","title":"CE - GUARACIABA DO NORTE","name":"CE - GUARACIABA DO NORTE","tipo":"Munic\u00edpio","url":"\/dashboard\/details-assets\/b06b21a6-a0e2-4262-83ec-ab24b4965c47"},"geometry":{"type":"Point","coordinates":[-40.7476,-4.15814]}},{"type":"Feature","properties":{"municipio":"74cc3df1-28d8-4f0e-ac63-e0b0b988c8d7","title":"CE - FORTALEZA","name":"CE - FORTALEZA","tipo":"Munic\u00edpio","url":"\/dashboard\/details-assets\/74cc3df1-28d8-4f0e-ac63-e0b0b988c8d7"},"geometry":{"type":"Point","coordinates":[-38.5423,-3.71664]}},{"type":"Feature","properties":{"municipio":"601f7d8f-c2ac-4b02-a120-b475b433c0c2","title":"CE - EUSEBIO","name":"CE - EUSEBIO","tipo":"Munic\u00edpio","url":"\/dashboard\/details-assets\/601f7d8f-c2ac-4b02-a120-b475b433c0c2"},"geometry":{"type":"Point","coordinates":[-38.4559,-3.8925]}},{"type":"Feature","properties":{"municipio":"a8019bf8-b352-46bb-857f-1a71683defd3","title":"CE - CRATO","name":"CE - CRATO","tipo":"Munic\u00edpio","url":"\/dashboard\/details-assets\/a8019bf8-b352-46bb-857f-1a71683defd3"},"geometry":{"type":"Point","coordinates":[-39.4103,-7.2153]}},{"type":"Feature","properties":{"municipio":"0aacce7e-ff54-499b-8484-dc4336b3afb2","title":"CE - CROATA","name":"CE - CROATA","tipo":"Munic\u00edpio","url":"\/dashboard\/details-assets\/0aacce7e-ff54-499b-8484-dc4336b3afb2"},"geometry":{"type":"Point","coordinates":[-40.9022,-4.40481]}},{"type":"Feature","properties":{"municipio":"2dad789f-876f-4778-9731-3856a0b82c89","title":"CE - CRATEUS","name":"CE - CRATEUS","tipo":"Munic\u00edpio","url":"\/dashboard\/details-assets\/2dad789f-876f-4778-9731-3856a0b82c89"},"geometry":{"type":"Point","coordinates":[-40.6536,-5.16768]}},{"type":"Feature","properties":{"municipio":"e503d991-a51e-4852-aaa6-e095d755dab2","title":"CE - COREAU","name":"CE - COREAU","tipo":"Munic\u00edpio","url":"\/dashboard\/details-assets\/e503d991-a51e-4852-aaa6-e095d755dab2"},"geometry":{"type":"Point","coordinates":[-40.6587,-3.5415]}},{"type":"Feature","properties":{"municipio":"30ddfe47-7614-4d76-9930-5f0c4b999577","title":"CE - CAUCAIA","name":"CE - CAUCAIA","tipo":"Munic\u00edpio","url":"\/dashboard\/details-assets\/30ddfe47-7614-4d76-9930-5f0c4b999577"},"geometry":{"type":"Point","coordinates":[-38.6619,-3.72797]}},{"type":"Feature","properties":{"municipio":"cd22bf90-b98c-4fa3-91ef-6cff37ba943b","title":"CE - CASCAVEL","name":"CE - CASCAVEL","tipo":"Munic\u00edpio","url":"\/dashboard\/details-assets\/cd22bf90-b98c-4fa3-91ef-6cff37ba943b"},"geometry":{"type":"Point","coordinates":[-38.2412,-4.12967]}},{"type":"Feature","properties":{"municipio":"ebf4e9d2-de95-45c9-a8e6-54ed13bc9de5","title":"CE - CANINDE","name":"CE - CANINDE","tipo":"Munic\u00edpio","url":"\/dashboard\/details-assets\/ebf4e9d2-de95-45c9-a8e6-54ed13bc9de5"},"geometry":{"type":"Point","coordinates":[-39.3155,-4.35162]}},{"type":"Feature","properties":{"municipio":"8432ecb8-4f59-4fda-ab5b-0085f26e9080","title":"CE - CAMPOS SALES","name":"CE - CAMPOS SALES","tipo":"Munic\u00edpio","url":"\/dashboard\/details-assets\/8432ecb8-4f59-4fda-ab5b-0085f26e9080"},"geometry":{"type":"Point","coordinates":[-40.3687,-7.06761]}},{"type":"Feature","properties":{"municipio":"065aa028-d24a-4e52-b40c-4f00d0b9419a","title":"CE - CAMOCIM","name":"CE - CAMOCIM","tipo":"Munic\u00edpio","url":"\/dashboard\/details-assets\/065aa028-d24a-4e52-b40c-4f00d0b9419a"},"geometry":{"type":"Point","coordinates":[-40.8544,-2.9005]}},{"type":"Feature","properties":{"municipio":"9a74bcdb-8617-4692-be16-b480bc6faab0","title":"CE - BREJO SANTO","name":"CE - BREJO SANTO","tipo":"Munic\u00edpio","url":"\/dashboard\/details-assets\/9a74bcdb-8617-4692-be16-b480bc6faab0"},"geometry":{"type":"Point","coordinates":[-38.9799,-7.48469]}},{"type":"Feature","properties":{"municipio":"a24ac906-05ba-4c8d-b382-ef7bb2455016","title":"CE - BOA VIAGEM","name":"CE - BOA VIAGEM","tipo":"Munic\u00edpio","url":"\/dashboard\/details-assets\/a24ac906-05ba-4c8d-b382-ef7bb2455016"},"geometry":{"type":"Point","coordinates":[-39.7337,-5.11258]}},{"type":"Feature","properties":{"municipio":"38640b5c-2987-430f-9628-bc30e0429032","title":"CE - BELA CRUZ","name":"CE - BELA CRUZ","tipo":"Munic\u00edpio","url":"\/dashboard\/details-assets\/38640b5c-2987-430f-9628-bc30e0429032"},"geometry":{"type":"Point","coordinates":[-40.1671,-3.04996]}},{"type":"Feature","properties":{"municipio":"dabdabd5-1eb0-45e8-9430-d2ea3053f713","title":"CE - BEBERIBE","name":"CE - BEBERIBE","tipo":"Munic\u00edpio","url":"\/dashboard\/details-assets\/dabdabd5-1eb0-45e8-9430-d2ea3053f713"},"geometry":{"type":"Point","coordinates":[-38.1271,-4.17741]}},{"type":"Feature","properties":{"municipio":"8397c1fc-c5ee-4650-b380-923278d31ec2","title":"CE - BATURITE","name":"CE - BATURITE","tipo":"Munic\u00edpio","url":"\/dashboard\/details-assets\/8397c1fc-c5ee-4650-b380-923278d31ec2"},"geometry":{"type":"Point","coordinates":[-38.8812,-4.32598]}},{"type":"Feature","properties":{"municipio":"14ec98b7-e58e-431c-9649-89db31171423","title":"CE - BARROQUINHA","name":"CE - BARROQUINHA","tipo":"Munic\u00edpio","url":"\/dashboard\/details-assets\/14ec98b7-e58e-431c-9649-89db31171423"},"geometry":{"type":"Point","coordinates":[-41.1358,-3.02051]}},{"type":"Feature","properties":{"municipio":"d069669e-5eee-4806-b51c-a92f1e0a9451","title":"CE - BARBALHA","name":"CE - BARBALHA","tipo":"Munic\u00edpio","url":"\/dashboard\/details-assets\/d069669e-5eee-4806-b51c-a92f1e0a9451"},"geometry":{"type":"Point","coordinates":[-39.3021,-7.2982]}},{"type":"Feature","properties":{"municipio":"8511feb2-762e-4a30-8c18-17ce9ee1c59e","title":"CE - AURORA","name":"CE - AURORA","tipo":"Munic\u00edpio","url":"\/dashboard\/details-assets\/8511feb2-762e-4a30-8c18-17ce9ee1c59e"},"geometry":{"type":"Point","coordinates":[-38.9742,-6.93349]}},{"type":"Feature","properties":{"municipio":"e8c050a9-b83e-4c89-ab19-798cdcc85382","title":"CE - ARACATI","name":"CE - ARACATI","tipo":"Munic\u00edpio","url":"\/dashboard\/details-assets\/e8c050a9-b83e-4c89-ab19-798cdcc85382"},"geometry":{"type":"Point","coordinates":[-37.7679,-4.55826]}},{"type":"Feature","properties":{"municipio":"1253a008-1b8f-469f-b814-065222d07467","title":"CE - ASSARE","name":"CE - ASSARE","tipo":"Munic\u00edpio","url":"\/dashboard\/details-assets\/1253a008-1b8f-469f-b814-065222d07467"},"geometry":{"type":"Point","coordinates":[-39.8689,-6.8669]}},{"type":"Feature","properties":{"municipio":"9c04bd9e-5c81-467e-b872-93aade3ab710","title":"CE - AQUIRAZ","name":"CE - AQUIRAZ","tipo":"Munic\u00edpio","url":"\/dashboard\/details-assets\/9c04bd9e-5c81-467e-b872-93aade3ab710"},"geometry":{"type":"Point","coordinates":[-38.3896,-3.89929]}},{"type":"Feature","properties":{"municipio":"684a0461-d3f0-440b-925d-aeffb2a12e13","title":"CE - AMONTADA","name":"CE - AMONTADA","tipo":"Munic\u00edpio","url":"\/dashboard\/details-assets\/684a0461-d3f0-440b-925d-aeffb2a12e13"},"geometry":{"type":"Point","coordinates":[-39.8288,-3.36017]}},{"type":"Feature","properties":{"municipio":"e5bcc486-e0db-4697-a01e-0cfa93f6cde9","title":"CE - ACOPIARA","name":"CE - ACOPIARA","tipo":"Munic\u00edpio","url":"\/dashboard\/details-assets\/e5bcc486-e0db-4697-a01e-0cfa93f6cde9"},"geometry":{"type":"Point","coordinates":[-39.448,-6.08911]}},{"type":"Feature","properties":{"municipio":"fc3ce7e2-da44-4549-a62b-489c14e5551a","title":"CE - ACARAU","name":"CE - ACARAU","tipo":"Munic\u00edpio","url":"\/dashboard\/details-assets\/fc3ce7e2-da44-4549-a62b-489c14e5551a"},"geometry":{"type":"Point","coordinates":[-40.1183,-2.88769]}},{"type":"Feature","properties":{"municipio":"7e8de96c-ef4e-40d1-9551-cf7bbd1c8e29","title":"BA - XIQUE-XIQUE","name":"BA - XIQUE-XIQUE","tipo":"Munic\u00edpio","url":"\/dashboard\/details-assets\/7e8de96c-ef4e-40d1-9551-cf7bbd1c8e29"},"geometry":{"type":"Point","coordinates":[-42.7245,-10.823]}},{"type":"Feature","properties":{"municipio":"80e03bd9-ed00-4171-864c-6d556bc41bcb","title":"BA - VITORIA DA CONQUISTA","name":"BA - VITORIA DA CONQUISTA","tipo":"Munic\u00edpio","url":"\/dashboard\/details-assets\/80e03bd9-ed00-4171-864c-6d556bc41bcb"},"geometry":{"type":"Point","coordinates":[-40.8442,-14.8615]}},{"type":"Feature","properties":{"municipio":"962f60a3-5909-4385-ad74-ec3a4ffa71c9","title":"BA - VERA CRUZ","name":"BA - VERA CRUZ","tipo":"Munic\u00edpio","url":"\/dashboard\/details-assets\/962f60a3-5909-4385-ad74-ec3a4ffa71c9"},"geometry":{"type":"Point","coordinates":[-38.6153,-12.9568]}},{"type":"Feature","properties":{"municipio":"e73bcb4e-b2be-4e48-a471-453b6479f866","title":"BA - VALENTE","name":"BA - VALENTE","tipo":"Munic\u00edpio","url":"\/dashboard\/details-assets\/e73bcb4e-b2be-4e48-a471-453b6479f866"},"geometry":{"type":"Point","coordinates":[-39.457,-11.4062]}},{"type":"Feature","properties":{"municipio":"d284e0e2-1543-4fd4-b2f0-99fb4a840645","title":"BA - VALENCA","name":"BA - VALENCA","tipo":"Munic\u00edpio","url":"\/dashboard\/details-assets\/d284e0e2-1543-4fd4-b2f0-99fb4a840645"},"geometry":{"type":"Point","coordinates":[-39.073,-13.3669]}},{"type":"Feature","properties":{"municipio":"98589b0c-3531-4bbc-98f4-6db6f45e85ba","title":"BA - UBAITABA","name":"BA - UBAITABA","tipo":"Munic\u00edpio","url":"\/dashboard\/details-assets\/98589b0c-3531-4bbc-98f4-6db6f45e85ba"},"geometry":{"type":"Point","coordinates":[-39.3222,-14.303]}},{"type":"Feature","properties":{"municipio":"02e7a913-f297-4fd4-a879-63fa1e67cf79","title":"BA - UTINGA","name":"BA - UTINGA","tipo":"Munic\u00edpio","url":"\/dashboard\/details-assets\/02e7a913-f297-4fd4-a879-63fa1e67cf79"},"geometry":{"type":"Point","coordinates":[-41.0954,-12.0783]}},{"type":"Feature","properties":{"municipio":"b9e89a99-2c38-4912-8b82-772b0b96492f","title":"BA - UAUA","name":"BA - UAUA","tipo":"Munic\u00edpio","url":"\/dashboard\/details-assets\/b9e89a99-2c38-4912-8b82-772b0b96492f"},"geometry":{"type":"Point","coordinates":[-39.4794,-9.83325]}},{"type":"Feature","properties":{"municipio":"218d70f9-cdd1-42e0-b9a6-b66a54e8412b","title":"BA - TUCANO","name":"BA - TUCANO","tipo":"Munic\u00edpio","url":"\/dashboard\/details-assets\/218d70f9-cdd1-42e0-b9a6-b66a54e8412b"},"geometry":{"type":"Point","coordinates":[-38.7894,-10.9584]}},{"type":"Feature","properties":{"municipio":"0e001b12-242b-4d2b-b3e4-f604bc7a33c6","title":"BA - TEIXEIRA DE FREITAS","name":"BA - TEIXEIRA DE FREITAS","tipo":"Munic\u00edpio","url":"\/dashboard\/details-assets\/0e001b12-242b-4d2b-b3e4-f604bc7a33c6"},"geometry":{"type":"Point","coordinates":[-39.74,-17.5399]}},{"type":"Feature","properties":{"municipio":"9c4beb86-b3a1-4a43-961c-f732c43a053c","title":"BA - SERRINHA","name":"BA - SERRINHA","tipo":"Munic\u00edpio","url":"\/dashboard\/details-assets\/9c4beb86-b3a1-4a43-961c-f732c43a053c"},"geometry":{"type":"Point","coordinates":[-39.01,-11.6584]}},{"type":"Feature","properties":{"municipio":"c54d855e-9b39-4a5e-9f4b-f977b4a66c25","title":"BA - SIMOES FILHO","name":"BA - SIMOES FILHO","tipo":"Munic\u00edpio","url":"\/dashboard\/details-assets\/c54d855e-9b39-4a5e-9f4b-f977b4a66c25"},"geometry":{"type":"Point","coordinates":[-38.4029,-12.7866]}},{"type":"Feature","properties":{"municipio":"5f487337-ac48-4ce4-9aca-7e351fac2a12","title":"BA - SENHOR DO BONFIM","name":"BA - SENHOR DO BONFIM","tipo":"Munic\u00edpio","url":"\/dashboard\/details-assets\/5f487337-ac48-4ce4-9aca-7e351fac2a12"},"geometry":{"type":"Point","coordinates":[-40.1865,-10.4594]}},{"type":"Feature","properties":{"municipio":"6dfcf3b9-6fd0-4e48-a716-be2a5594272b","title":"BA - SEABRA","name":"BA - SEABRA","tipo":"Munic\u00edpio","url":"\/dashboard\/details-assets\/6dfcf3b9-6fd0-4e48-a716-be2a5594272b"},"geometry":{"type":"Point","coordinates":[-41.7722,-12.4169]}},{"type":"Feature","properties":{"municipio":"af79077c-1867-4efb-8298-a396431ac280","title":"BA - SAO SEBASTIAO DO PASSE","name":"BA - SAO SEBASTIAO DO PASSE","tipo":"Munic\u00edpio","url":"\/dashboard\/details-assets\/af79077c-1867-4efb-8298-a396431ac280"},"geometry":{"type":"Point","coordinates":[-38.4905,-12.5123]}},{"type":"Feature","properties":{"municipio":"42471b9e-503c-4362-a69c-abfb21c2a267","title":"BA - SAO FRANCISCO DO CONDE","name":"BA - SAO FRANCISCO DO CONDE","tipo":"Munic\u00edpio","url":"\/dashboard\/details-assets\/42471b9e-503c-4362-a69c-abfb21c2a267"},"geometry":{"type":"Point","coordinates":[-38.6786,-12.6183]}},{"type":"Feature","properties":{"municipio":"2151b63a-9164-4f0d-9bb6-e762855dd7ce","title":"BA - SAO GONCALO DOS CAMPOS","name":"BA - SAO GONCALO DOS CAMPOS","tipo":"Munic\u00edpio","url":"\/dashboard\/details-assets\/2151b63a-9164-4f0d-9bb6-e762855dd7ce"},"geometry":{"type":"Point","coordinates":[-38.9663,-12.4331]}},{"type":"Feature","properties":{"municipio":"aa1ca220-702f-4b75-a960-af0f4c661cdb","title":"BA - SAO FELIPE","name":"BA - SAO FELIPE","tipo":"Munic\u00edpio","url":"\/dashboard\/details-assets\/aa1ca220-702f-4b75-a960-af0f4c661cdb"},"geometry":{"type":"Point","coordinates":[-39.0893,-12.8394]}},{"type":"Feature","properties":{"municipio":"b6faafe3-7c77-4b7a-8bb7-32820279b343","title":"BA - SAO FELIX DO CORIBE","name":"BA - SAO FELIX DO CORIBE","tipo":"Munic\u00edpio","url":"\/dashboard\/details-assets\/b6faafe3-7c77-4b7a-8bb7-32820279b343"},"geometry":{"type":"Point","coordinates":[-44.1837,-13.4019]}},{"type":"Feature","properties":{"municipio":"9a97dd42-2114-4e88-9818-c924dca2fcce","title":"BA - SANTO ANTONIO DE JESUS","name":"BA - SANTO ANTONIO DE JESUS","tipo":"Munic\u00edpio","url":"\/dashboard\/details-assets\/9a97dd42-2114-4e88-9818-c924dca2fcce"},"geometry":{"type":"Point","coordinates":[-39.2584,-12.9614]}},{"type":"Feature","properties":{"municipio":"c8e179e9-874c-4290-bef2-d7962b719d9d","title":"BA - SANTO ESTEVAO","name":"BA - SANTO ESTEVAO","tipo":"Munic\u00edpio","url":"\/dashboard\/details-assets\/c8e179e9-874c-4290-bef2-d7962b719d9d"},"geometry":{"type":"Point","coordinates":[-39.2505,-12.428]}},{"type":"Feature","properties":{"municipio":"b4287d9b-e0bc-4cdf-b511-8f493d41e90e","title":"BA - SANTO AMARO","name":"BA - SANTO AMARO","tipo":"Munic\u00edpio","url":"\/dashboard\/details-assets\/b4287d9b-e0bc-4cdf-b511-8f493d41e90e"},"geometry":{"type":"Point","coordinates":[-38.7137,-12.5472]}},{"type":"Feature","properties":{"municipio":"883c4a06-c14e-4ed5-869a-e2f399827136","title":"BA - SANTA RITA DE CASSIA","name":"BA - SANTA RITA DE CASSIA","tipo":"Munic\u00edpio","url":"\/dashboard\/details-assets\/883c4a06-c14e-4ed5-869a-e2f399827136"},"geometry":{"type":"Point","coordinates":[-44.5255,-11.0063]}},{"type":"Feature","properties":{"municipio":"e751efbc-307c-4794-b3cd-9d2fabac2310","title":"BA - SANTANA","name":"BA - SANTANA","tipo":"Munic\u00edpio","url":"\/dashboard\/details-assets\/e751efbc-307c-4794-b3cd-9d2fabac2310"},"geometry":{"type":"Point","coordinates":[-44.0506,-12.9792]}},{"type":"Feature","properties":{"municipio":"aa6883eb-dc11-4d4e-bb29-693acbf34ab4","title":"BA - SANTA MARIA DA VITORIA","name":"BA - SANTA MARIA DA VITORIA","tipo":"Munic\u00edpio","url":"\/dashboard\/details-assets\/aa6883eb-dc11-4d4e-bb29-693acbf34ab4"},"geometry":{"type":"Point","coordinates":[-44.2011,-13.3859]}},{"type":"Feature","properties":{"municipio":"2527ff30-fab1-4019-9e75-bd456994df0f","title":"BA - SANTALUZ","name":"BA - SANTALUZ","tipo":"Munic\u00edpio","url":"\/dashboard\/details-assets\/2527ff30-fab1-4019-9e75-bd456994df0f"},"geometry":{"type":"Point","coordinates":[-39.375,-11.2508]}},{"type":"Feature","properties":{"municipio":"9fbda1cd-a6ba-48ed-92a6-e041141423b8","title":"BA - SALVADOR","name":"BA - SALVADOR","tipo":"Munic\u00edpio","url":"\/dashboard\/details-assets\/9fbda1cd-a6ba-48ed-92a6-e041141423b8"},"geometry":{"type":"Point","coordinates":[-38.5011,-12.9718]}},{"type":"Feature","properties":{"municipio":"d1609007-4a26-4bed-aa02-a6f7c3c382d6","title":"BA - RIO REAL","name":"BA - RIO REAL","tipo":"Munic\u00edpio","url":"\/dashboard\/details-assets\/d1609007-4a26-4bed-aa02-a6f7c3c382d6"},"geometry":{"type":"Point","coordinates":[-37.9332,-11.4814]}},{"type":"Feature","properties":{"municipio":"337417f3-7b2f-4f2d-80a0-e897c16ab7ea","title":"BA - RUY BARBOSA","name":"BA - RUY BARBOSA","tipo":"Munic\u00edpio","url":"\/dashboard\/details-assets\/337417f3-7b2f-4f2d-80a0-e897c16ab7ea"},"geometry":{"type":"Point","coordinates":[-40.4931,-12.2816]}},{"type":"Feature","properties":{"municipio":"bc656ebc-6e45-44fb-9ee2-3382f8e46e4a","title":"BA - RIO DE CONTAS","name":"BA - RIO DE CONTAS","tipo":"Munic\u00edpio","url":"\/dashboard\/details-assets\/bc656ebc-6e45-44fb-9ee2-3382f8e46e4a"},"geometry":{"type":"Point","coordinates":[-41.8048,-13.5852]}},{"type":"Feature","properties":{"municipio":"d8a8f615-4871-4e5f-a08a-90bad6e45a97","title":"BA - RIBEIRA DO POMBAL","name":"BA - RIBEIRA DO POMBAL","tipo":"Munic\u00edpio","url":"\/dashboard\/details-assets\/d8a8f615-4871-4e5f-a08a-90bad6e45a97"},"geometry":{"type":"Point","coordinates":[-38.5382,-10.8373]}},{"type":"Feature","properties":{"municipio":"796ec528-931c-473d-a7fc-8515453c7a0e","title":"BA - REMANSO","name":"BA - REMANSO","tipo":"Munic\u00edpio","url":"\/dashboard\/details-assets\/796ec528-931c-473d-a7fc-8515453c7a0e"},"geometry":{"type":"Point","coordinates":[-42.0848,-9.61944]}},{"type":"Feature","properties":{"municipio":"b4dd6511-fa9a-4f37-ad92-a64ed886e5cd","title":"BA - RIACHAO DO JACUIPE","name":"BA - RIACHAO DO JACUIPE","tipo":"Munic\u00edpio","url":"\/dashboard\/details-assets\/b4dd6511-fa9a-4f37-ad92-a64ed886e5cd"},"geometry":{"type":"Point","coordinates":[-39.3818,-11.8067]}},{"type":"Feature","properties":{"municipio":"c27864a0-2b4b-4a98-8d8d-5dc054dc4b62","title":"BA - PRESIDENTE TANCREDO NEVES","name":"BA - PRESIDENTE TANCREDO NEVES","tipo":"Munic\u00edpio","url":"\/dashboard\/details-assets\/c27864a0-2b4b-4a98-8d8d-5dc054dc4b62"},"geometry":{"type":"Point","coordinates":[-39.4203,-13.4471]}},{"type":"Feature","properties":{"municipio":"df7983e8-dc8d-487a-87e8-96062996b4d2","title":"BA - PRESIDENTE JANIO QUADROS","name":"BA - PRESIDENTE JANIO QUADROS","tipo":"Munic\u00edpio","url":"\/dashboard\/details-assets\/df7983e8-dc8d-487a-87e8-96062996b4d2"},"geometry":{"type":"Point","coordinates":[-41.6798,-14.6885]}},{"type":"Feature","properties":{"municipio":"7274277f-e467-4337-8898-94161a97dfc2","title":"BA - POJUCA","name":"BA - POJUCA","tipo":"Munic\u00edpio","url":"\/dashboard\/details-assets\/7274277f-e467-4337-8898-94161a97dfc2"},"geometry":{"type":"Point","coordinates":[-38.3374,-12.4303]}},{"type":"Feature","properties":{"municipio":"2a9b7f22-bfe8-43c7-943b-7a9b283897c6","title":"BA - PORTO SEGURO","name":"BA - PORTO SEGURO","tipo":"Munic\u00edpio","url":"\/dashboard\/details-assets\/2a9b7f22-bfe8-43c7-943b-7a9b283897c6"},"geometry":{"type":"Point","coordinates":[-39.0643,-16.4435]}},{"type":"Feature","properties":{"municipio":"7ffc851e-4f25-45be-b58b-f952235c8140","title":"BA - POCOES","name":"BA - POCOES","tipo":"Munic\u00edpio","url":"\/dashboard\/details-assets\/7ffc851e-4f25-45be-b58b-f952235c8140"},"geometry":{"type":"Point","coordinates":[-40.3634,-14.5234]}},{"type":"Feature","properties":{"municipio":"eff14f9b-c5d1-498b-be5b-581071ebcd0b","title":"BA - PIATA","name":"BA - PIATA","tipo":"Munic\u00edpio","url":"\/dashboard\/details-assets\/eff14f9b-c5d1-498b-be5b-581071ebcd0b"},"geometry":{"type":"Point","coordinates":[-41.7702,-13.1465]}},{"type":"Feature","properties":{"municipio":"a5b51f51-681b-4ef2-84ab-bc9d002c0a59","title":"BA - PAULO AFONSO","name":"BA - PAULO AFONSO","tipo":"Munic\u00edpio","url":"\/dashboard\/details-assets\/a5b51f51-681b-4ef2-84ab-bc9d002c0a59"},"geometry":{"type":"Point","coordinates":[-38.2216,-9.3983]}},{"type":"Feature","properties":{"municipio":"8b597253-627b-4a60-8a09-a8e7255e6f9e","title":"BA - PARIPIRANGA","name":"BA - PARIPIRANGA","tipo":"Munic\u00edpio","url":"\/dashboard\/details-assets\/8b597253-627b-4a60-8a09-a8e7255e6f9e"},"geometry":{"type":"Point","coordinates":[-37.8626,-10.6859]}},{"type":"Feature","properties":{"municipio":"604ab64e-8017-4959-9805-653c187bf881","title":"BA - PARAMIRIM","name":"BA - PARAMIRIM","tipo":"Munic\u00edpio","url":"\/dashboard\/details-assets\/604ab64e-8017-4959-9805-653c187bf881"},"geometry":{"type":"Point","coordinates":[-42.2395,-13.4388]}},{"type":"Feature","properties":{"municipio":"fcee6011-eb81-4008-bd91-3f3109d6c2a2","title":"BA - PALMAS DE MONTE ALTO","name":"BA - PALMAS DE MONTE ALTO","tipo":"Munic\u00edpio","url":"\/dashboard\/details-assets\/fcee6011-eb81-4008-bd91-3f3109d6c2a2"},"geometry":{"type":"Point","coordinates":[-43.1609,-14.2676]}},{"type":"Feature","properties":{"municipio":"3a7917af-9f9f-45b9-adab-28193d4db338","title":"BA - MUCURI","name":"BA - MUCURI","tipo":"Munic\u00edpio","url":"\/dashboard\/details-assets\/3a7917af-9f9f-45b9-adab-28193d4db338"},"geometry":{"type":"Point","coordinates":[-39.5565,-18.0754]}},{"type":"Feature","properties":{"municipio":"796c34e5-68f1-433f-be4b-49bf3645899d","title":"BA - OLIVEIRA DOS BREJINHOS","name":"BA - OLIVEIRA DOS BREJINHOS","tipo":"Munic\u00edpio","url":"\/dashboard\/details-assets\/796c34e5-68f1-433f-be4b-49bf3645899d"},"geometry":{"type":"Point","coordinates":[-42.8969,-12.3132]}},{"type":"Feature","properties":{"municipio":"807e630f-1c99-4616-adc8-d7d6d742ae41","title":"BA - MORRO DO CHAPEU","name":"BA - MORRO DO CHAPEU","tipo":"Munic\u00edpio","url":"\/dashboard\/details-assets\/807e630f-1c99-4616-adc8-d7d6d742ae41"},"geometry":{"type":"Point","coordinates":[-41.1565,-11.5488]}},{"type":"Feature","properties":{"municipio":"a4bac9fb-1f7c-4452-9fb8-5501fb6e3a37","title":"BA - MONTE SANTO","name":"BA - MONTE SANTO","tipo":"Munic\u00edpio","url":"\/dashboard\/details-assets\/a4bac9fb-1f7c-4452-9fb8-5501fb6e3a37"},"geometry":{"type":"Point","coordinates":[-39.3321,-10.4374]}},{"type":"Feature","properties":{"municipio":"42d21cb2-215d-45e7-8fdf-b1fff7c00e03","title":"BA - MIGUEL CALMON","name":"BA - MIGUEL CALMON","tipo":"Munic\u00edpio","url":"\/dashboard\/details-assets\/42d21cb2-215d-45e7-8fdf-b1fff7c00e03"},"geometry":{"type":"Point","coordinates":[-40.6031,-11.4299]}},{"type":"Feature","properties":{"municipio":"a499e845-f02d-4e63-b19b-39cadeff8716","title":"BA - MEDEIROS NETO","name":"BA - MEDEIROS NETO","tipo":"Munic\u00edpio","url":"\/dashboard\/details-assets\/a499e845-f02d-4e63-b19b-39cadeff8716"},"geometry":{"type":"Point","coordinates":[-40.2238,-17.3707]}},{"type":"Feature","properties":{"municipio":"7a216f08-c439-4197-b638-2adc506b2a20","title":"BA - MATA DE SAO JOAO","name":"BA - MATA DE SAO JOAO","tipo":"Munic\u00edpio","url":"\/dashboard\/details-assets\/7a216f08-c439-4197-b638-2adc506b2a20"},"geometry":{"type":"Point","coordinates":[-38.3009,-12.5307]}},{"type":"Feature","properties":{"municipio":"9bfb0b1b-8c3b-4f4b-bceb-bd73e6588a4d","title":"BA - MARACAS","name":"BA - MARACAS","tipo":"Munic\u00edpio","url":"\/dashboard\/details-assets\/9bfb0b1b-8c3b-4f4b-bceb-bd73e6588a4d"},"geometry":{"type":"Point","coordinates":[-40.4323,-13.4355]}},{"type":"Feature","properties":{"municipio":"c6ec3aeb-72f3-4b3e-92cf-402cf5719e74","title":"BA - MADRE DE DEUS","name":"BA - MADRE DE DEUS","tipo":"Munic\u00edpio","url":"\/dashboard\/details-assets\/c6ec3aeb-72f3-4b3e-92cf-402cf5719e74"},"geometry":{"type":"Point","coordinates":[-38.6153,-12.7446]}},{"type":"Feature","properties":{"municipio":"a35c5ebf-0705-4a62-80e9-46b82755bce6","title":"BA - LUIS EDUARDO MAGALHAES","name":"BA - LUIS EDUARDO MAGALHAES","tipo":"Munic\u00edpio","url":"\/dashboard\/details-assets\/a35c5ebf-0705-4a62-80e9-46b82755bce6"},"geometry":{"type":"Point","coordinates":[-45.7866,-12.0956]}},{"type":"Feature","properties":{"municipio":"73366889-9922-448e-ba89-0334bd14abab","title":"BA - MACAUBAS","name":"BA - MACAUBAS","tipo":"Munic\u00edpio","url":"\/dashboard\/details-assets\/73366889-9922-448e-ba89-0334bd14abab"},"geometry":{"type":"Point","coordinates":[-42.6945,-13.0186]}},{"type":"Feature","properties":{"municipio":"d6f91211-a03e-40c3-bddf-d764ef294752","title":"BA - LIVRAMENTO DE NOSSA SENHORA","name":"BA - LIVRAMENTO DE NOSSA SENHORA","tipo":"Munic\u00edpio","url":"\/dashboard\/details-assets\/d6f91211-a03e-40c3-bddf-d764ef294752"},"geometry":{"type":"Point","coordinates":[-41.8432,-13.6369]}},{"type":"Feature","properties":{"municipio":"76f7de26-3369-452f-ae8f-24bdf4fc47bd","title":"BA - LAURO DE FREITAS","name":"BA - LAURO DE FREITAS","tipo":"Munic\u00edpio","url":"\/dashboard\/details-assets\/76f7de26-3369-452f-ae8f-24bdf4fc47bd"},"geometry":{"type":"Point","coordinates":[-38.321,-12.8978]}},{"type":"Feature","properties":{"municipio":"d56bf5f2-1146-475c-a85c-f8224b827c62","title":"BA - JUAZEIRO","name":"BA - JUAZEIRO","tipo":"Munic\u00edpio","url":"\/dashboard\/details-assets\/d56bf5f2-1146-475c-a85c-f8224b827c62"},"geometry":{"type":"Point","coordinates":[-40.5033,-9.41622]}},{"type":"Feature","properties":{"municipio":"301b4a47-87cd-4149-ad56-c0a29b51710b","title":"BA - JEREMOABO","name":"BA - JEREMOABO","tipo":"Munic\u00edpio","url":"\/dashboard\/details-assets\/301b4a47-87cd-4149-ad56-c0a29b51710b"},"geometry":{"type":"Point","coordinates":[-38.3471,-10.0685]}},{"type":"Feature","properties":{"municipio":"e50f96ce-5b3b-4c49-b51a-3c15e8a4ce83","title":"BA - JEQUIE","name":"BA - JEQUIE","tipo":"Munic\u00edpio","url":"\/dashboard\/details-assets\/e50f96ce-5b3b-4c49-b51a-3c15e8a4ce83"},"geometry":{"type":"Point","coordinates":[-40.0877,-13.8509]}},{"type":"Feature","properties":{"municipio":"7c12e652-dfdd-4a62-8b03-d68fc80e3af3","title":"BA - JACOBINA","name":"BA - JACOBINA","tipo":"Munic\u00edpio","url":"\/dashboard\/details-assets\/7c12e652-dfdd-4a62-8b03-d68fc80e3af3"},"geometry":{"type":"Point","coordinates":[-40.5117,-11.1812]}},{"type":"Feature","properties":{"municipio":"d5f2756c-7375-4a85-9b9a-74a9bc484491","title":"BA - JAGUAQUARA","name":"BA - JAGUAQUARA","tipo":"Munic\u00edpio","url":"\/dashboard\/details-assets\/d5f2756c-7375-4a85-9b9a-74a9bc484491"},"geometry":{"type":"Point","coordinates":[-39.964,-13.5248]}},{"type":"Feature","properties":{"municipio":"21a61b55-f40b-4bf1-903f-7663b38b550e","title":"BA - ITUBERA","name":"BA - ITUBERA","tipo":"Munic\u00edpio","url":"\/dashboard\/details-assets\/21a61b55-f40b-4bf1-903f-7663b38b550e"},"geometry":{"type":"Point","coordinates":[-39.1481,-13.7249]}},{"type":"Feature","properties":{"municipio":"c31305ca-31fe-43b2-a621-6ca20f65d2b0","title":"BA - ITIUBA","name":"BA - ITIUBA","tipo":"Munic\u00edpio","url":"\/dashboard\/details-assets\/c31305ca-31fe-43b2-a621-6ca20f65d2b0"},"geometry":{"type":"Point","coordinates":[-39.8446,-10.6948]}},{"type":"Feature","properties":{"municipio":"af668a9b-3ff4-4031-8ab9-3115a65cb284","title":"BA - ITAPETINGA","name":"BA - ITAPETINGA","tipo":"Munic\u00edpio","url":"\/dashboard\/details-assets\/af668a9b-3ff4-4031-8ab9-3115a65cb284"},"geometry":{"type":"Point","coordinates":[-40.2482,-15.2475]}},{"type":"Feature","properties":{"municipio":"7366fd7b-c314-4e7e-bda7-f410b8415e05","title":"BA - ITAMARAJU","name":"BA - ITAMARAJU","tipo":"Munic\u00edpio","url":"\/dashboard\/details-assets\/7366fd7b-c314-4e7e-bda7-f410b8415e05"},"geometry":{"type":"Point","coordinates":[-39.5386,-17.0378]}},{"type":"Feature","properties":{"municipio":"22a76120-936f-4e1e-8560-bf01a4092589","title":"BA - ITAJUIPE","name":"BA - ITAJUIPE","tipo":"Munic\u00edpio","url":"\/dashboard\/details-assets\/22a76120-936f-4e1e-8560-bf01a4092589"},"geometry":{"type":"Point","coordinates":[-39.3698,-14.6788]}},{"type":"Feature","properties":{"municipio":"12824e44-6be1-4d9e-9c95-8fd552f9cdf2","title":"BA - ITABUNA","name":"BA - ITABUNA","tipo":"Munic\u00edpio","url":"\/dashboard\/details-assets\/12824e44-6be1-4d9e-9c95-8fd552f9cdf2"},"geometry":{"type":"Point","coordinates":[-39.2781,-14.7876]}},{"type":"Feature","properties":{"municipio":"53b44470-b596-4075-9d55-4b91e2a0fb5e","title":"BA - ITABERABA","name":"BA - ITABERABA","tipo":"Munic\u00edpio","url":"\/dashboard\/details-assets\/53b44470-b596-4075-9d55-4b91e2a0fb5e"},"geometry":{"type":"Point","coordinates":[-40.3059,-12.5242]}},{"type":"Feature","properties":{"municipio":"3da2e9bf-7d88-452d-ae8f-5119042e7c51","title":"BA - ITABELA","name":"BA - ITABELA","tipo":"Munic\u00edpio","url":"\/dashboard\/details-assets\/3da2e9bf-7d88-452d-ae8f-5119042e7c51"},"geometry":{"type":"Point","coordinates":[-39.5593,-16.5732]}},{"type":"Feature","properties":{"municipio":"0da3bfd3-ce21-4181-ae10-6a868b278b17","title":"BA - IRECE","name":"BA - IRECE","tipo":"Munic\u00edpio","url":"\/dashboard\/details-assets\/0da3bfd3-ce21-4181-ae10-6a868b278b17"},"geometry":{"type":"Point","coordinates":[-41.8535,-11.3033]}},{"type":"Feature","properties":{"municipio":"9a31691d-912e-49d8-bf95-2f39786cc430","title":"BA - IPIRA","name":"BA - IPIRA","tipo":"Munic\u00edpio","url":"\/dashboard\/details-assets\/9a31691d-912e-49d8-bf95-2f39786cc430"},"geometry":{"type":"Point","coordinates":[-39.7359,-12.1561]}},{"type":"Feature","properties":{"municipio":"781a0478-fa6f-4fce-8149-26fd85572812","title":"BA - IRAQUARA","name":"BA - IRAQUARA","tipo":"Munic\u00edpio","url":"\/dashboard\/details-assets\/781a0478-fa6f-4fce-8149-26fd85572812"},"geometry":{"type":"Point","coordinates":[-41.6155,-12.2429]}},{"type":"Feature","properties":{"municipio":"9aeb5851-4a09-4276-a2ab-38f50b4f2114","title":"BA - IPIAU","name":"BA - IPIAU","tipo":"Munic\u00edpio","url":"\/dashboard\/details-assets\/9aeb5851-4a09-4276-a2ab-38f50b4f2114"},"geometry":{"type":"Point","coordinates":[-39.7353,-14.1226]}},{"type":"Feature","properties":{"municipio":"38ac001c-1ade-4b03-9444-c8ab851993bf","title":"BA - ILHEUS","name":"BA - ILHEUS","tipo":"Munic\u00edpio","url":"\/dashboard\/details-assets\/38ac001c-1ade-4b03-9444-c8ab851993bf"},"geometry":{"type":"Point","coordinates":[-39.046,-14.793]}},{"type":"Feature","properties":{"municipio":"36b63bf2-ef16-44d2-bcae-b3d6fecee13f","title":"BA - IGUAI","name":"BA - IGUAI","tipo":"Munic\u00edpio","url":"\/dashboard\/details-assets\/36b63bf2-ef16-44d2-bcae-b3d6fecee13f"},"geometry":{"type":"Point","coordinates":[-40.0894,-14.7528]}},{"type":"Feature","properties":{"municipio":"8ba73797-4ba0-4d30-85ba-61ea54a8e4a1","title":"BA - IBICOARA","name":"BA - IBICOARA","tipo":"Munic\u00edpio","url":"\/dashboard\/details-assets\/8ba73797-4ba0-4d30-85ba-61ea54a8e4a1"},"geometry":{"type":"Point","coordinates":[-41.284,-13.4059]}},{"type":"Feature","properties":{"municipio":"7fac6b8b-b300-472a-bb9b-c28085344ecf","title":"BA - IBOTIRAMA","name":"BA - IBOTIRAMA","tipo":"Munic\u00edpio","url":"\/dashboard\/details-assets\/7fac6b8b-b300-472a-bb9b-c28085344ecf"},"geometry":{"type":"Point","coordinates":[-43.2167,-12.1779]}},{"type":"Feature","properties":{"municipio":"ec334776-1585-41f1-a17a-162e29e033d9","title":"BA - GUANAMBI","name":"BA - GUANAMBI","tipo":"Munic\u00edpio","url":"\/dashboard\/details-assets\/ec334776-1585-41f1-a17a-162e29e033d9"},"geometry":{"type":"Point","coordinates":[-42.7799,-14.2231]}},{"type":"Feature","properties":{"municipio":"4d802b65-221c-4acb-a61e-763387aa2adb","title":"BA - GANDU","name":"BA - GANDU","tipo":"Munic\u00edpio","url":"\/dashboard\/details-assets\/4d802b65-221c-4acb-a61e-763387aa2adb"},"geometry":{"type":"Point","coordinates":[-39.4747,-13.7441]}},{"type":"Feature","properties":{"municipio":"c5ce2ac2-2f9a-41ea-a6ee-aae9f2109fe1","title":"BA - FORMOSA DO RIO PRETO","name":"BA - FORMOSA DO RIO PRETO","tipo":"Munic\u00edpio","url":"\/dashboard\/details-assets\/c5ce2ac2-2f9a-41ea-a6ee-aae9f2109fe1"},"geometry":{"type":"Point","coordinates":[-45.193,-11.0328]}},{"type":"Feature","properties":{"municipio":"94e38865-8dab-4e0e-a2f2-e3022dadebd3","title":"BA - FEIRA DE SANTANA","name":"BA - FEIRA DE SANTANA","tipo":"Munic\u00edpio","url":"\/dashboard\/details-assets\/94e38865-8dab-4e0e-a2f2-e3022dadebd3"},"geometry":{"type":"Point","coordinates":[-38.9663,-12.2664]}},{"type":"Feature","properties":{"municipio":"613d2ce7-dfb6-48bb-b069-32e2b227f51c","title":"BA - EUNAPOLIS","name":"BA - EUNAPOLIS","tipo":"Munic\u00edpio","url":"\/dashboard\/details-assets\/613d2ce7-dfb6-48bb-b069-32e2b227f51c"},"geometry":{"type":"Point","coordinates":[-39.5821,-16.3715]}},{"type":"Feature","properties":{"municipio":"077e67d0-ed21-4a59-af4f-4a89540f8b73","title":"BA - FATIMA","name":"BA - FATIMA","tipo":"Munic\u00edpio","url":"\/dashboard\/details-assets\/077e67d0-ed21-4a59-af4f-4a89540f8b73"},"geometry":{"type":"Point","coordinates":[-38.2239,-10.616]}},{"type":"Feature","properties":{"municipio":"41cb3c79-a889-48e6-bb61-c76280b1665c","title":"BA - EUCLIDES DA CUNHA","name":"BA - EUCLIDES DA CUNHA","tipo":"Munic\u00edpio","url":"\/dashboard\/details-assets\/41cb3c79-a889-48e6-bb61-c76280b1665c"},"geometry":{"type":"Point","coordinates":[-39.0153,-10.5078]}},{"type":"Feature","properties":{"municipio":"336ed143-cc40-4241-b2ed-28fae376f0b0","title":"BA - ESPLANADA","name":"BA - ESPLANADA","tipo":"Munic\u00edpio","url":"\/dashboard\/details-assets\/336ed143-cc40-4241-b2ed-28fae376f0b0"},"geometry":{"type":"Point","coordinates":[-37.9432,-11.7942]}},{"type":"Feature","properties":{"municipio":"286ee5ce-fabc-4c25-89e9-af644e0ea713","title":"BA - ENTRE RIOS","name":"BA - ENTRE RIOS","tipo":"Munic\u00edpio","url":"\/dashboard\/details-assets\/286ee5ce-fabc-4c25-89e9-af644e0ea713"},"geometry":{"type":"Point","coordinates":[-38.0871,-11.9392]}},{"type":"Feature","properties":{"municipio":"a3e3a4c0-261e-4b97-aba0-9b52a6b34cd9","title":"BA - CRUZ DAS ALMAS","name":"BA - CRUZ DAS ALMAS","tipo":"Munic\u00edpio","url":"\/dashboard\/details-assets\/a3e3a4c0-261e-4b97-aba0-9b52a6b34cd9"},"geometry":{"type":"Point","coordinates":[-39.1008,-12.6675]}},{"type":"Feature","properties":{"municipio":"a18a970c-ec1b-494a-aeea-3dc991f81811","title":"BA - DIAS DAVILA","name":"BA - DIAS DAVILA","tipo":"Munic\u00edpio","url":"\/dashboard\/details-assets\/a18a970c-ec1b-494a-aeea-3dc991f81811"},"geometry":{"type":"Point","coordinates":[-38.2926,-12.6187]}},{"type":"Feature","properties":{"municipio":"15f55cb0-e7fc-48c6-8567-8a8d3681ccf0","title":"BA - CORRENTINA","name":"BA - CORRENTINA","tipo":"Munic\u00edpio","url":"\/dashboard\/details-assets\/15f55cb0-e7fc-48c6-8567-8a8d3681ccf0"},"geometry":{"type":"Point","coordinates":[-44.6333,-13.3477]}},{"type":"Feature","properties":{"municipio":"33024e03-e0ae-4ff5-a284-4c9cde476010","title":"BA - CORONEL JOAO SA","name":"BA - CORONEL JOAO SA","tipo":"Munic\u00edpio","url":"\/dashboard\/details-assets\/33024e03-e0ae-4ff5-a284-4c9cde476010"},"geometry":{"type":"Point","coordinates":[-37.9198,-10.2847]}},{"type":"Feature","properties":{"municipio":"f7d5337f-adac-4744-af77-606ec9038ff4","title":"BA - CONCEICAO DO JACUIPE","name":"BA - CONCEICAO DO JACUIPE","tipo":"Munic\u00edpio","url":"\/dashboard\/details-assets\/f7d5337f-adac-4744-af77-606ec9038ff4"},"geometry":{"type":"Point","coordinates":[-38.7684,-12.3268]}},{"type":"Feature","properties":{"municipio":"4e772372-7495-4316-b7b0-724005626386","title":"BA - CONCEICAO DO COITE","name":"BA - CONCEICAO DO COITE","tipo":"Munic\u00edpio","url":"\/dashboard\/details-assets\/4e772372-7495-4316-b7b0-724005626386"},"geometry":{"type":"Point","coordinates":[-39.2808,-11.56]}},{"type":"Feature","properties":{"municipio":"ebc2b0e2-8818-4d76-b426-7a68b77c66d4","title":"BA - CONCEICAO DA FEIRA","name":"BA - CONCEICAO DA FEIRA","tipo":"Munic\u00edpio","url":"\/dashboard\/details-assets\/ebc2b0e2-8818-4d76-b426-7a68b77c66d4"},"geometry":{"type":"Point","coordinates":[-38.9978,-12.5078]}},{"type":"Feature","properties":{"municipio":"edce3f65-4db6-4c98-83e2-b0bd427387b9","title":"BA - COCOS","name":"BA - COCOS","tipo":"Munic\u00edpio","url":"\/dashboard\/details-assets\/edce3f65-4db6-4c98-83e2-b0bd427387b9"},"geometry":{"type":"Point","coordinates":[-44.5352,-14.1814]}},{"type":"Feature","properties":{"municipio":"cdf61e48-a2b5-489b-9b4a-12b17f94a304","title":"BA - CASA NOVA","name":"BA - CASA NOVA","tipo":"Munic\u00edpio","url":"\/dashboard\/details-assets\/cdf61e48-a2b5-489b-9b4a-12b17f94a304"},"geometry":{"type":"Point","coordinates":[-40.974,-9.16408]}},{"type":"Feature","properties":{"municipio":"54bf6a86-5ee9-46b2-9379-f0a07b7e527b","title":"BA - CATU","name":"BA - CATU","tipo":"Munic\u00edpio","url":"\/dashboard\/details-assets\/54bf6a86-5ee9-46b2-9379-f0a07b7e527b"},"geometry":{"type":"Point","coordinates":[-38.3791,-12.3513]}},{"type":"Feature","properties":{"municipio":"42442163-9d4d-41fb-a8b6-e4bd97f055f6","title":"BA - CAPIM GROSSO","name":"BA - CAPIM GROSSO","tipo":"Munic\u00edpio","url":"\/dashboard\/details-assets\/42442163-9d4d-41fb-a8b6-e4bd97f055f6"},"geometry":{"type":"Point","coordinates":[-40.0089,-11.3797]}},{"type":"Feature","properties":{"municipio":"a51c946c-932c-455d-a2f5-987c699bd9d9","title":"BA - CANSANCAO","name":"BA - CANSANCAO","tipo":"Munic\u00edpio","url":"\/dashboard\/details-assets\/a51c946c-932c-455d-a2f5-987c699bd9d9"},"geometry":{"type":"Point","coordinates":[-39.4944,-10.6647]}},{"type":"Feature","properties":{"municipio":"4dff504b-4b26-4574-8471-65a45f52a9ba","title":"BA - CAMPO FORMOSO","name":"BA - CAMPO FORMOSO","tipo":"Munic\u00edpio","url":"\/dashboard\/details-assets\/4dff504b-4b26-4574-8471-65a45f52a9ba"},"geometry":{"type":"Point","coordinates":[-40.32,-10.5105]}},{"type":"Feature","properties":{"municipio":"b4fd7756-ce54-4c8b-8ec7-1ca9df6c176b","title":"BA - CANDEIAS","name":"BA - CANDEIAS","tipo":"Munic\u00edpio","url":"\/dashboard\/details-assets\/b4fd7756-ce54-4c8b-8ec7-1ca9df6c176b"},"geometry":{"type":"Point","coordinates":[-38.5472,-12.6716]}},{"type":"Feature","properties":{"municipio":"f454b245-6e5b-427f-827d-1ee945a0f05e","title":"BA - CAMAMU","name":"BA - CAMAMU","tipo":"Munic\u00edpio","url":"\/dashboard\/details-assets\/f454b245-6e5b-427f-827d-1ee945a0f05e"},"geometry":{"type":"Point","coordinates":[-39.1071,-13.9398]}},{"type":"Feature","properties":{"municipio":"9bf06cde-2b6e-4478-a21a-5cd9f8a7a696","title":"BA - CAMACARI","name":"BA - CAMACARI","tipo":"Munic\u00edpio","url":"\/dashboard\/details-assets\/9bf06cde-2b6e-4478-a21a-5cd9f8a7a696"},"geometry":{"type":"Point","coordinates":[-38.3263,-12.6996]}},{"type":"Feature","properties":{"municipio":"a2e835d2-099a-4cf6-b111-89b55458dc0d","title":"BA - CAMACAN","name":"BA - CAMACAN","tipo":"Munic\u00edpio","url":"\/dashboard\/details-assets\/a2e835d2-099a-4cf6-b111-89b55458dc0d"},"geometry":{"type":"Point","coordinates":[-39.4919,-15.4142]}},{"type":"Feature","properties":{"municipio":"3d47b87a-4584-4401-a759-16e1255ec6bd","title":"BA - CAEM","name":"BA - CAEM","tipo":"Munic\u00edpio","url":"\/dashboard\/details-assets\/3d47b87a-4584-4401-a759-16e1255ec6bd"},"geometry":{"type":"Point","coordinates":[-40.432,-11.0677]}},{"type":"Feature","properties":{"municipio":"d6b96f7b-7f5a-4a95-863b-b365dcb62084","title":"BA - CAETITE","name":"BA - CAETITE","tipo":"Munic\u00edpio","url":"\/dashboard\/details-assets\/d6b96f7b-7f5a-4a95-863b-b365dcb62084"},"geometry":{"type":"Point","coordinates":[-42.4861,-14.0684]}},{"type":"Feature","properties":{"municipio":"86b33978-3803-4f31-b12b-59c0941e26c1","title":"BA - CACULE","name":"BA - CACULE","tipo":"Munic\u00edpio","url":"\/dashboard\/details-assets\/86b33978-3803-4f31-b12b-59c0941e26c1"},"geometry":{"type":"Point","coordinates":[-42.2229,-14.5003]}},{"type":"Feature","properties":{"municipio":"55b03006-8bf2-4e1a-9786-532d36dbe3f1","title":"BA - CACHOEIRA","name":"BA - CACHOEIRA","tipo":"Munic\u00edpio","url":"\/dashboard\/details-assets\/55b03006-8bf2-4e1a-9786-532d36dbe3f1"},"geometry":{"type":"Point","coordinates":[-38.9587,-12.5994]}},{"type":"Feature","properties":{"municipio":"a977b5d4-86ad-4721-96c1-33a4c7ca7bad","title":"BA - BURITIRAMA","name":"BA - BURITIRAMA","tipo":"Munic\u00edpio","url":"\/dashboard\/details-assets\/a977b5d4-86ad-4721-96c1-33a4c7ca7bad"},"geometry":{"type":"Point","coordinates":[-43.6302,-10.7171]}},{"type":"Feature","properties":{"municipio":"91b0d1e2-9d98-48d8-a636-d79775f1f3f1","title":"BA - BRUMADO","name":"BA - BRUMADO","tipo":"Munic\u00edpio","url":"\/dashboard\/details-assets\/91b0d1e2-9d98-48d8-a636-d79775f1f3f1"},"geometry":{"type":"Point","coordinates":[-41.6696,-14.2021]}},{"type":"Feature","properties":{"municipio":"3d4a2db6-e874-4de5-8f77-5aa545ec3e78","title":"BA - BOQUIRA","name":"BA - BOQUIRA","tipo":"Munic\u00edpio","url":"\/dashboard\/details-assets\/3d4a2db6-e874-4de5-8f77-5aa545ec3e78"},"geometry":{"type":"Point","coordinates":[-42.7324,-12.8205]}},{"type":"Feature","properties":{"municipio":"5660a568-9235-4080-855f-c5bca8960645","title":"BA - BOM JESUS DA LAPA","name":"BA - BOM JESUS DA LAPA","tipo":"Munic\u00edpio","url":"\/dashboard\/details-assets\/5660a568-9235-4080-855f-c5bca8960645"},"geometry":{"type":"Point","coordinates":[-43.4108,-13.2506]}},{"type":"Feature","properties":{"municipio":"19053347-ac11-44bd-8ca0-c24e8d2ab6b6","title":"BA - BARREIRAS","name":"BA - BARREIRAS","tipo":"Munic\u00edpio","url":"\/dashboard\/details-assets\/19053347-ac11-44bd-8ca0-c24e8d2ab6b6"},"geometry":{"type":"Point","coordinates":[-44.9968,-12.1439]}},{"type":"Feature","properties":{"municipio":"0c896b11-6751-4f02-9075-df45d7643127","title":"BA - BARRA DA ESTIVA","name":"BA - BARRA DA ESTIVA","tipo":"Munic\u00edpio","url":"\/dashboard\/details-assets\/0c896b11-6751-4f02-9075-df45d7643127"},"geometry":{"type":"Point","coordinates":[-41.3347,-13.6237]}},{"type":"Feature","properties":{"municipio":"600f1070-35c3-45ce-b853-6ee6b5219c8e","title":"BA - BARRA","name":"BA - BARRA","tipo":"Munic\u00edpio","url":"\/dashboard\/details-assets\/600f1070-35c3-45ce-b853-6ee6b5219c8e"},"geometry":{"type":"Point","coordinates":[-43.1459,-11.0859]}},{"type":"Feature","properties":{"municipio":"701e5e1c-0140-4db6-a7ca-ca3ce849a05f","title":"BA - ARACI","name":"BA - ARACI","tipo":"Munic\u00edpio","url":"\/dashboard\/details-assets\/701e5e1c-0140-4db6-a7ca-ca3ce849a05f"},"geometry":{"type":"Point","coordinates":[-38.9584,-11.3253]}},{"type":"Feature","properties":{"municipio":"a4294f34-4774-42a9-bd98-b2f39f216fb2","title":"BA - AMELIA RODRIGUES","name":"BA - AMELIA RODRIGUES","tipo":"Munic\u00edpio","url":"\/dashboard\/details-assets\/a4294f34-4774-42a9-bd98-b2f39f216fb2"},"geometry":{"type":"Point","coordinates":[-38.7563,-12.3914]}},{"type":"Feature","properties":{"municipio":"48f79230-6397-4f0f-9b34-9e3cebc885c2","title":"BA - AMARGOSA","name":"BA - AMARGOSA","tipo":"Munic\u00edpio","url":"\/dashboard\/details-assets\/48f79230-6397-4f0f-9b34-9e3cebc885c2"},"geometry":{"type":"Point","coordinates":[-39.602,-13.0215]}},{"type":"Feature","properties":{"municipio":"8c432da6-ac14-43c9-85a2-b6783fdf7be0","title":"BA - ALAGOINHAS","name":"BA - ALAGOINHAS","tipo":"Munic\u00edpio","url":"\/dashboard\/details-assets\/8c432da6-ac14-43c9-85a2-b6783fdf7be0"},"geometry":{"type":"Point","coordinates":[-38.4208,-12.1335]}},{"type":"Feature","properties":{"municipio":"774e3b5d-2464-43fe-a95b-1d9be4ad43e8","title":"BA - ABAIRA","name":"BA - ABAIRA","tipo":"Munic\u00edpio","url":"\/dashboard\/details-assets\/774e3b5d-2464-43fe-a95b-1d9be4ad43e8"},"geometry":{"type":"Point","coordinates":[-41.6619,-13.2488]}},{"type":"Feature","properties":{"municipio":"b154f876-f140-4c85-b138-4fd17db46902","title":"AP - SANTANA","name":"AP - SANTANA","tipo":"Munic\u00edpio","url":"\/dashboard\/details-assets\/b154f876-f140-4c85-b138-4fd17db46902"},"geometry":{"type":"Point","coordinates":[-51.1729,-0.045434]}},{"type":"Feature","properties":{"municipio":"14bdcb3e-0d1f-4737-a167-97664059b1a2","title":"AP - PORTO GRANDE","name":"AP - PORTO GRANDE","tipo":"Munic\u00edpio","url":"\/dashboard\/details-assets\/14bdcb3e-0d1f-4737-a167-97664059b1a2"},"geometry":{"type":"Point","coordinates":[-51.4155,0.71243]}},{"type":"Feature","properties":{"municipio":"bf5041ed-8b4a-47ef-b213-6cbd26266700","title":"AP - OIAPOQUE","name":"AP - OIAPOQUE","tipo":"Munic\u00edpio","url":"\/dashboard\/details-assets\/bf5041ed-8b4a-47ef-b213-6cbd26266700"},"geometry":{"type":"Point","coordinates":[-51.8331,3.84074]}},{"type":"Feature","properties":{"municipio":"129c61e1-4746-4a43-ab82-1dc0cc98afe3","title":"AP - MACAPA","name":"AP - MACAPA","tipo":"Munic\u00edpio","url":"\/dashboard\/details-assets\/129c61e1-4746-4a43-ab82-1dc0cc98afe3"},"geometry":{"type":"Point","coordinates":[-51.0694,0.034934]}},{"type":"Feature","properties":{"municipio":"97b2d051-c832-4eb6-b928-bcc5cb6d3472","title":"AP - LARANJAL DO JARI","name":"AP - LARANJAL DO JARI","tipo":"Munic\u00edpio","url":"\/dashboard\/details-assets\/97b2d051-c832-4eb6-b928-bcc5cb6d3472"},"geometry":{"type":"Point","coordinates":[-52.453,-0.804911]}},{"type":"Feature","properties":{"municipio":"b2955a01-b1eb-480c-935f-5bfe81c3fc79","title":"AM - TEFE","name":"AM - TEFE","tipo":"Munic\u00edpio","url":"\/dashboard\/details-assets\/b2955a01-b1eb-480c-935f-5bfe81c3fc79"},"geometry":{"type":"Point","coordinates":[-64.7193,-3.36822]}},{"type":"Feature","properties":{"municipio":"d34bc0e5-8b91-48be-bc4d-b89bf017fa79","title":"AM - TABATINGA","name":"AM - TABATINGA","tipo":"Munic\u00edpio","url":"\/dashboard\/details-assets\/d34bc0e5-8b91-48be-bc4d-b89bf017fa79"},"geometry":{"type":"Point","coordinates":[-69.9383,-4.2416]}},{"type":"Feature","properties":{"municipio":"5950df7a-9c32-4ab3-9ea2-eae56f68dda1","title":"AM - SAO GABRIEL DA CACHOEIRA","name":"AM - SAO GABRIEL DA CACHOEIRA","tipo":"Munic\u00edpio","url":"\/dashboard\/details-assets\/5950df7a-9c32-4ab3-9ea2-eae56f68dda1"},"geometry":{"type":"Point","coordinates":[-67.084,-0.11909]}},{"type":"Feature","properties":{"municipio":"221960fa-aa06-49ed-8fa2-a1a3fa78bef8","title":"AM - RIO PRETO DA EVA","name":"AM - RIO PRETO DA EVA","tipo":"Munic\u00edpio","url":"\/dashboard\/details-assets\/221960fa-aa06-49ed-8fa2-a1a3fa78bef8"},"geometry":{"type":"Point","coordinates":[-59.6858,-2.7045]}},{"type":"Feature","properties":{"municipio":"746145aa-d0d9-47ff-8f3d-f63208aeb2f9","title":"AM - PRESIDENTE FIGUEIREDO","name":"AM - PRESIDENTE FIGUEIREDO","tipo":"Munic\u00edpio","url":"\/dashboard\/details-assets\/746145aa-d0d9-47ff-8f3d-f63208aeb2f9"},"geometry":{"type":"Point","coordinates":[-60.0234,-2.02981]}},{"type":"Feature","properties":{"municipio":"3045ff0c-610c-4fc3-8a71-49222170d8c9","title":"AM - PARINTINS","name":"AM - PARINTINS","tipo":"Munic\u00edpio","url":"\/dashboard\/details-assets\/3045ff0c-610c-4fc3-8a71-49222170d8c9"},"geometry":{"type":"Point","coordinates":[-56.729,-2.63741]}},{"type":"Feature","properties":{"municipio":"028d69be-3bbe-468e-81d5-47e5aec8652f","title":"AM - NOVO AIRAO","name":"AM - NOVO AIRAO","tipo":"Munic\u00edpio","url":"\/dashboard\/details-assets\/028d69be-3bbe-468e-81d5-47e5aec8652f"},"geometry":{"type":"Point","coordinates":[-60.9434,-2.63637]}},{"type":"Feature","properties":{"municipio":"c94436a9-9396-4ab8-a139-1910cd73fbb3","title":"AM - NOVA OLINDA DO NORTE","name":"AM - NOVA OLINDA DO NORTE","tipo":"Munic\u00edpio","url":"\/dashboard\/details-assets\/c94436a9-9396-4ab8-a139-1910cd73fbb3"},"geometry":{"type":"Point","coordinates":[-59.094,-3.90037]}},{"type":"Feature","properties":{"municipio":"73096f64-768c-419b-b973-949488936a63","title":"AM - MAUES","name":"AM - MAUES","tipo":"Munic\u00edpio","url":"\/dashboard\/details-assets\/73096f64-768c-419b-b973-949488936a63"},"geometry":{"type":"Point","coordinates":[-57.7067,-3.39289]}},{"type":"Feature","properties":{"municipio":"643ed8fa-3e15-423a-8990-9ed47eb01b96","title":"AM - MANICORE","name":"AM - MANICORE","tipo":"Munic\u00edpio","url":"\/dashboard\/details-assets\/643ed8fa-3e15-423a-8990-9ed47eb01b96"},"geometry":{"type":"Point","coordinates":[-61.2895,-5.80462]}},{"type":"Feature","properties":{"municipio":"9d5a7360-4063-493d-bdbb-40d284165b20","title":"AM - MANAUS","name":"AM - MANAUS","tipo":"Munic\u00edpio","url":"\/dashboard\/details-assets\/9d5a7360-4063-493d-bdbb-40d284165b20"},"geometry":{"type":"Point","coordinates":[-60.0212,-3.11866]}},{"type":"Feature","properties":{"municipio":"acdc28c4-7f10-4594-acae-81ec86821fab","title":"AM - MANACAPURU","name":"AM - MANACAPURU","tipo":"Munic\u00edpio","url":"\/dashboard\/details-assets\/acdc28c4-7f10-4594-acae-81ec86821fab"},"geometry":{"type":"Point","coordinates":[-60.6216,-3.29066]}},{"type":"Feature","properties":{"municipio":"cb14318c-988f-48aa-9bc4-b367eef71624","title":"AM - ITACOATIARA","name":"AM - ITACOATIARA","tipo":"Munic\u00edpio","url":"\/dashboard\/details-assets\/cb14318c-988f-48aa-9bc4-b367eef71624"},"geometry":{"type":"Point","coordinates":[-58.4449,-3.13861]}},{"type":"Feature","properties":{"municipio":"2e8b2ae5-1840-4422-ad08-03a28405572f","title":"AM - IRANDUBA","name":"AM - IRANDUBA","tipo":"Munic\u00edpio","url":"\/dashboard\/details-assets\/2e8b2ae5-1840-4422-ad08-03a28405572f"},"geometry":{"type":"Point","coordinates":[-60.19,-3.27479]}},{"type":"Feature","properties":{"municipio":"4578ecb3-8556-408c-b7b5-5b86e4471b39","title":"AM - CODAJAS","name":"AM - CODAJAS","tipo":"Munic\u00edpio","url":"\/dashboard\/details-assets\/4578ecb3-8556-408c-b7b5-5b86e4471b39"},"geometry":{"type":"Point","coordinates":[-62.0658,-3.83053]}},{"type":"Feature","properties":{"municipio":"7d5303eb-75e9-451b-ae2b-4637526f63bd","title":"AM - HUMAITA","name":"AM - HUMAITA","tipo":"Munic\u00edpio","url":"\/dashboard\/details-assets\/7d5303eb-75e9-451b-ae2b-4637526f63bd"},"geometry":{"type":"Point","coordinates":[-63.0327,-7.51171]}},{"type":"Feature","properties":{"municipio":"1445bcd7-0b8a-4424-a1b1-7388f6de9d0d","title":"AM - COARI","name":"AM - COARI","tipo":"Munic\u00edpio","url":"\/dashboard\/details-assets\/1445bcd7-0b8a-4424-a1b1-7388f6de9d0d"},"geometry":{"type":"Point","coordinates":[-63.1441,-4.09412]}},{"type":"Feature","properties":{"municipio":"fa93780d-2e14-45e0-9cb5-3cecc6203ef0","title":"AM - CAREIRO","name":"AM - CAREIRO","tipo":"Munic\u00edpio","url":"\/dashboard\/details-assets\/fa93780d-2e14-45e0-9cb5-3cecc6203ef0"},"geometry":{"type":"Point","coordinates":[-60.369,-3.76803]}},{"type":"Feature","properties":{"municipio":"cd2f20a0-5520-41e3-b324-810743296a8f","title":"AM - CARAUARI","name":"AM - CARAUARI","tipo":"Munic\u00edpio","url":"\/dashboard\/details-assets\/cd2f20a0-5520-41e3-b324-810743296a8f"},"geometry":{"type":"Point","coordinates":[-66.9086,-4.88161]}},{"type":"Feature","properties":{"municipio":"00f128d4-0a08-45ea-b3d8-71071c32c826","title":"AM - CAAPIRANGA","name":"AM - CAAPIRANGA","tipo":"Munic\u00edpio","url":"\/dashboard\/details-assets\/00f128d4-0a08-45ea-b3d8-71071c32c826"},"geometry":{"type":"Point","coordinates":[-61.2206,-3.31537]}},{"type":"Feature","properties":{"municipio":"28037580-6af8-4f69-8fdc-59ee47d8ccff","title":"AM - BORBA","name":"AM - BORBA","tipo":"Munic\u00edpio","url":"\/dashboard\/details-assets\/28037580-6af8-4f69-8fdc-59ee47d8ccff"},"geometry":{"type":"Point","coordinates":[-59.5874,-4.39154]}},{"type":"Feature","properties":{"municipio":"be70b66d-4c2c-4b5d-b851-d7b537b1bad4","title":"AM - BOCA DO ACRE","name":"AM - BOCA DO ACRE","tipo":"Munic\u00edpio","url":"\/dashboard\/details-assets\/be70b66d-4c2c-4b5d-b851-d7b537b1bad4"},"geometry":{"type":"Point","coordinates":[-67.3919,-8.74232]}},{"type":"Feature","properties":{"municipio":"1e162735-3e3f-4ea8-8848-8d5e18dc9770","title":"AM - BOA VISTA DO RAMOS","name":"AM - BOA VISTA DO RAMOS","tipo":"Munic\u00edpio","url":"\/dashboard\/details-assets\/1e162735-3e3f-4ea8-8848-8d5e18dc9770"},"geometry":{"type":"Point","coordinates":[-57.5873,-2.97409]}},{"type":"Feature","properties":{"municipio":"29bd0914-8940-4aaa-a8e6-984b7189a14e","title":"AM - BENJAMIN CONSTANT","name":"AM - BENJAMIN CONSTANT","tipo":"Munic\u00edpio","url":"\/dashboard\/details-assets\/29bd0914-8940-4aaa-a8e6-984b7189a14e"},"geometry":{"type":"Point","coordinates":[-70.0342,-4.37768]}},{"type":"Feature","properties":{"municipio":"0177e5e6-d0e3-46cd-88e9-a8c7bbaf3d5b","title":"AL - UNIAO DOS PALMARES","name":"AL - UNIAO DOS PALMARES","tipo":"Munic\u00edpio","url":"\/dashboard\/details-assets\/0177e5e6-d0e3-46cd-88e9-a8c7bbaf3d5b"},"geometry":{"type":"Point","coordinates":[-36.0223,-9.15921]}},{"type":"Feature","properties":{"municipio":"02d05c0a-cad4-4147-a9d4-848dfdb6e58b","title":"AL - TEOTONIO VILELA","name":"AL - TEOTONIO VILELA","tipo":"Munic\u00edpio","url":"\/dashboard\/details-assets\/02d05c0a-cad4-4147-a9d4-848dfdb6e58b"},"geometry":{"type":"Point","coordinates":[-36.3492,-9.91656]}},{"type":"Feature","properties":{"municipio":"ef0de0c1-ad7e-4442-8125-8e6b0143d879","title":"AL - SAO SEBASTIAO","name":"AL - SAO SEBASTIAO","tipo":"Munic\u00edpio","url":"\/dashboard\/details-assets\/ef0de0c1-ad7e-4442-8125-8e6b0143d879"},"geometry":{"type":"Point","coordinates":[-36.559,-9.93043]}},{"type":"Feature","properties":{"municipio":"16c2cb87-74e6-490e-98b3-b114d1ada071","title":"AL - SAO MIGUEL DOS CAMPOS","name":"AL - SAO MIGUEL DOS CAMPOS","tipo":"Munic\u00edpio","url":"\/dashboard\/details-assets\/16c2cb87-74e6-490e-98b3-b114d1ada071"},"geometry":{"type":"Point","coordinates":[-36.0971,-9.78301]}},{"type":"Feature","properties":{"municipio":"aff58811-4de8-4847-b82e-04c8670eec92","title":"AL - SANTANA DO IPANEMA","name":"AL - SANTANA DO IPANEMA","tipo":"Munic\u00edpio","url":"\/dashboard\/details-assets\/aff58811-4de8-4847-b82e-04c8670eec92"},"geometry":{"type":"Point","coordinates":[-37.248,-9.36999]}},{"type":"Feature","properties":{"municipio":"829ba935-b7d4-499b-9717-048be5b1193e","title":"AL - RIO LARGO","name":"AL - RIO LARGO","tipo":"Munic\u00edpio","url":"\/dashboard\/details-assets\/829ba935-b7d4-499b-9717-048be5b1193e"},"geometry":{"type":"Point","coordinates":[-35.8394,-9.47783]}},{"type":"Feature","properties":{"municipio":"a27a8228-3cd7-46d6-90df-24316373f1e6","title":"AL - PENEDO","name":"AL - PENEDO","tipo":"Munic\u00edpio","url":"\/dashboard\/details-assets\/a27a8228-3cd7-46d6-90df-24316373f1e6"},"geometry":{"type":"Point","coordinates":[-36.5819,-10.2874]}},{"type":"Feature","properties":{"municipio":"50fc3b15-bdb8-454b-904e-7a6f96171e55","title":"AL - PAO DE ACUCAR","name":"AL - PAO DE ACUCAR","tipo":"Munic\u00edpio","url":"\/dashboard\/details-assets\/50fc3b15-bdb8-454b-904e-7a6f96171e55"},"geometry":{"type":"Point","coordinates":[-37.4403,-9.74032]}},{"type":"Feature","properties":{"municipio":"d1989e4e-32d3-48c9-a390-ac4fe9be9f44","title":"AL - PALMEIRA DOS INDIOS","name":"AL - PALMEIRA DOS INDIOS","tipo":"Munic\u00edpio","url":"\/dashboard\/details-assets\/d1989e4e-32d3-48c9-a390-ac4fe9be9f44"},"geometry":{"type":"Point","coordinates":[-36.6328,-9.40568]}},{"type":"Feature","properties":{"municipio":"933a1279-3c4b-41fe-ad97-15de7b8a3438","title":"AL - OLHO DAGUA DAS FLORES","name":"AL - OLHO DAGUA DAS FLORES","tipo":"Munic\u00edpio","url":"\/dashboard\/details-assets\/933a1279-3c4b-41fe-ad97-15de7b8a3438"},"geometry":{"type":"Point","coordinates":[-37.2971,-9.53686]}},{"type":"Feature","properties":{"municipio":"6a00ac56-e35d-42e2-9cd3-cf476b716944","title":"AL - MURICI","name":"AL - MURICI","tipo":"Munic\u00edpio","url":"\/dashboard\/details-assets\/6a00ac56-e35d-42e2-9cd3-cf476b716944"},"geometry":{"type":"Point","coordinates":[-35.9428,-9.30682]}},{"type":"Feature","properties":{"municipio":"3b71cbc8-baff-4362-a8be-b45663ea1f11","title":"AL - MARECHAL DEODORO","name":"AL - MARECHAL DEODORO","tipo":"Munic\u00edpio","url":"\/dashboard\/details-assets\/3b71cbc8-baff-4362-a8be-b45663ea1f11"},"geometry":{"type":"Point","coordinates":[-35.8967,-9.70971]}},{"type":"Feature","properties":{"municipio":"80a1d44c-96d1-4737-8bd8-da0ccdbeb75f","title":"AL - MARAVILHA","name":"AL - MARAVILHA","tipo":"Munic\u00edpio","url":"\/dashboard\/details-assets\/80a1d44c-96d1-4737-8bd8-da0ccdbeb75f"},"geometry":{"type":"Point","coordinates":[-37.3524,-9.23045]}},{"type":"Feature","properties":{"municipio":"6479da12-8cfd-48ab-ac6f-7b2188f5b73a","title":"AL - MARAGOGI","name":"AL - MARAGOGI","tipo":"Munic\u00edpio","url":"\/dashboard\/details-assets\/6479da12-8cfd-48ab-ac6f-7b2188f5b73a"},"geometry":{"type":"Point","coordinates":[-35.2267,-9.00744]}},{"type":"Feature","properties":{"municipio":"1b688961-8d94-424c-89f0-ed7b2457659b","title":"AL - MACEIO","name":"AL - MACEIO","tipo":"Munic\u00edpio","url":"\/dashboard\/details-assets\/1b688961-8d94-424c-89f0-ed7b2457659b"},"geometry":{"type":"Point","coordinates":[-35.735,-9.66599]}},{"type":"Feature","properties":{"municipio":"9a65f417-a48b-45ec-bdb2-5aada578e8fa","title":"AL - GIRAU DO PONCIANO","name":"AL - GIRAU DO PONCIANO","tipo":"Munic\u00edpio","url":"\/dashboard\/details-assets\/9a65f417-a48b-45ec-bdb2-5aada578e8fa"},"geometry":{"type":"Point","coordinates":[-36.8316,-9.88404]}},{"type":"Feature","properties":{"municipio":"c4744723-6c76-48d1-95dd-5723e8902029","title":"AL - DELMIRO GOUVEIA","name":"AL - DELMIRO GOUVEIA","tipo":"Munic\u00edpio","url":"\/dashboard\/details-assets\/c4744723-6c76-48d1-95dd-5723e8902029"},"geometry":{"type":"Point","coordinates":[-37.9987,-9.38534]}},{"type":"Feature","properties":{"municipio":"a00653fe-ff19-42a9-a5ee-871ccc58ac14","title":"AL - CORURIPE","name":"AL - CORURIPE","tipo":"Munic\u00edpio","url":"\/dashboard\/details-assets\/a00653fe-ff19-42a9-a5ee-871ccc58ac14"},"geometry":{"type":"Point","coordinates":[-36.1717,-10.1276]}},{"type":"Feature","properties":{"municipio":"83a534c9-af7d-4d45-b81b-cfba6c499777","title":"AL - CAMPO GRANDE","name":"AL - CAMPO GRANDE","tipo":"Munic\u00edpio","url":"\/dashboard\/details-assets\/83a534c9-af7d-4d45-b81b-cfba6c499777"},"geometry":{"type":"Point","coordinates":[-36.7926,-9.95542]}},{"type":"Feature","properties":{"municipio":"cdf518e9-22e4-4eb4-ab35-c0b3457e7fb3","title":"AL - CAMPO ALEGRE","name":"AL - CAMPO ALEGRE","tipo":"Munic\u00edpio","url":"\/dashboard\/details-assets\/cdf518e9-22e4-4eb4-ab35-c0b3457e7fb3"},"geometry":{"type":"Point","coordinates":[-36.3525,-9.78451]}},{"type":"Feature","properties":{"municipio":"eb6851e4-5d25-42b8-bf38-eb4fc2d21aa5","title":"AL - BELEM","name":"AL - BELEM","tipo":"Munic\u00edpio","url":"\/dashboard\/details-assets\/eb6851e4-5d25-42b8-bf38-eb4fc2d21aa5"},"geometry":{"type":"Point","coordinates":[-36.4904,-9.57047]}},{"type":"Feature","properties":{"municipio":"56e27faa-3747-47b0-b59d-e420d8e6d2f5","title":"AL - ARAPIRACA","name":"AL - ARAPIRACA","tipo":"Munic\u00edpio","url":"\/dashboard\/details-assets\/56e27faa-3747-47b0-b59d-e420d8e6d2f5"},"geometry":{"type":"Point","coordinates":[-36.6615,-9.75487]}},{"type":"Feature","properties":{"municipio":"98feef5d-d314-4bb7-a9dc-4d1f7b59dc23","title":"AC - XAPURI","name":"AC - XAPURI","tipo":"Munic\u00edpio","url":"\/dashboard\/details-assets\/98feef5d-d314-4bb7-a9dc-4d1f7b59dc23"},"geometry":{"type":"Point","coordinates":[-68.4969,-10.6516]}},{"type":"Feature","properties":{"municipio":"e8846b87-dea4-4ac1-a148-b76c120277b4","title":"AC - TARAUACA","name":"AC - TARAUACA","tipo":"Munic\u00edpio","url":"\/dashboard\/details-assets\/e8846b87-dea4-4ac1-a148-b76c120277b4"},"geometry":{"type":"Point","coordinates":[-70.7722,-8.15697]}},{"type":"Feature","properties":{"municipio":"f650072e-f0e9-4b9a-b3cd-912b2d6144b7","title":"AC - SENA MADUREIRA","name":"AC - SENA MADUREIRA","tipo":"Munic\u00edpio","url":"\/dashboard\/details-assets\/f650072e-f0e9-4b9a-b3cd-912b2d6144b7"},"geometry":{"type":"Point","coordinates":[-68.6571,-9.06596]}},{"type":"Feature","properties":{"municipio":"dd3e7815-ef9e-4c69-8ac6-ac8b87a6faa2","title":"AC - SENADOR GUIOMARD","name":"AC - SENADOR GUIOMARD","tipo":"Munic\u00edpio","url":"\/dashboard\/details-assets\/dd3e7815-ef9e-4c69-8ac6-ac8b87a6faa2"},"geometry":{"type":"Point","coordinates":[-67.7362,-10.1497]}},{"type":"Feature","properties":{"municipio":"b6ab5623-9b9b-4adb-8bf9-01da4cf26596","title":"AC - RIO BRANCO","name":"AC - RIO BRANCO","tipo":"Munic\u00edpio","url":"\/dashboard\/details-assets\/b6ab5623-9b9b-4adb-8bf9-01da4cf26596"},"geometry":{"type":"Point","coordinates":[-67.8243,-9.97499]}},{"type":"Feature","properties":{"municipio":"bc47a7ce-2d2e-4438-9952-783ff616ac26","title":"AC - MANCIO LIMA","name":"AC - MANCIO LIMA","tipo":"Munic\u00edpio","url":"\/dashboard\/details-assets\/bc47a7ce-2d2e-4438-9952-783ff616ac26"},"geometry":{"type":"Point","coordinates":[-72.8997,-7.61657]}},{"type":"Feature","properties":{"municipio":"fc62a31d-0250-4b20-9fec-bd9d2f404073","title":"AC - PLACIDO DE CASTRO","name":"AC - PLACIDO DE CASTRO","tipo":"Munic\u00edpio","url":"\/dashboard\/details-assets\/fc62a31d-0250-4b20-9fec-bd9d2f404073"},"geometry":{"type":"Point","coordinates":[-67.1371,-10.2806]}},{"type":"Feature","properties":{"municipio":"440c4c39-0607-4be9-9987-28d98aa84e25","title":"AC - FEIJO","name":"AC - FEIJO","tipo":"Munic\u00edpio","url":"\/dashboard\/details-assets\/440c4c39-0607-4be9-9987-28d98aa84e25"},"geometry":{"type":"Point","coordinates":[-70.351,-8.17054]}},{"type":"Feature","properties":{"municipio":"9f14580c-4fc9-4f74-ba57-f8bc1466a024","title":"AC - CRUZEIRO DO SUL","name":"AC - CRUZEIRO DO SUL","tipo":"Munic\u00edpio","url":"\/dashboard\/details-assets\/9f14580c-4fc9-4f74-ba57-f8bc1466a024"},"geometry":{"type":"Point","coordinates":[-72.6756,-7.62762]}},{"type":"Feature","properties":{"municipio":"8e2ec7da-2c65-4737-a42e-54a96fc3fee6","title":"AC - BRASILEIA","name":"AC - BRASILEIA","tipo":"Munic\u00edpio","url":"\/dashboard\/details-assets\/8e2ec7da-2c65-4737-a42e-54a96fc3fee6"},"geometry":{"type":"Point","coordinates":[-68.7497,-10.995]}},{"type":"Feature","properties":{"municipio":"2217c1b0-0a76-4d80-ae1e-ef6a07046dd2","title":"AC - ACRELANDIA","name":"AC - ACRELANDIA","tipo":"Munic\u00edpio","url":"\/dashboard\/details-assets\/2217c1b0-0a76-4d80-ae1e-ef6a07046dd2"},"geometry":{"type":"Point","coordinates":[-66.8972,-9.82581]}}]}