{"type":"FeatureCollection","features":[{"type":"Feature","properties":{"municipio":"534d99d2-5adf-4da9-977f-54d6f212af71","title":"TO - SANTA FE DO ARAGUAIA","name":"TO - SANTA FE DO ARAGUAIA","tipo":"Munic\u00edpio","url":"\/dashboard\/details-assets\/534d99d2-5adf-4da9-977f-54d6f212af71"},"geometry":{"type":"Point","coordinates":[-48.72,-7.15]}},{"type":"Feature","properties":{"municipio":"2886f122-07c8-4c66-876c-d6437c528218","title":"TO - GUARAI","name":"TO - GUARAI","tipo":"Munic\u00edpio","url":"\/dashboard\/details-assets\/2886f122-07c8-4c66-876c-d6437c528218"},"geometry":{"type":"Point","coordinates":[-48.511861,-8.8358375]}},{"type":"Feature","properties":{"municipio":"a07db3e3-c434-4310-a1bf-5bdb2596fef3","title":"TO - PORTO NACIONAL","name":"TO - PORTO NACIONAL","tipo":"Munic\u00edpio","url":"\/dashboard\/details-assets\/a07db3e3-c434-4310-a1bf-5bdb2596fef3"},"geometry":{"type":"Point","coordinates":[-48.4084858,-10.703164]}},{"type":"Feature","properties":{"municipio":"6eadc553-8b4e-4bdf-8526-8b831607feab","title":"TO - MIRACEMA DO TOCANTINS","name":"TO - MIRACEMA DO TOCANTINS","tipo":"Munic\u00edpio","url":"\/dashboard\/details-assets\/6eadc553-8b4e-4bdf-8526-8b831607feab"},"geometry":{"type":"Point","coordinates":[-48.393409,-9.5659692]}},{"type":"Feature","properties":{"municipio":"b3c389b3-693e-4048-998e-4250832e4cbf","title":"TO - GURUPI","name":"TO - GURUPI","tipo":"Munic\u00edpio","url":"\/dashboard\/details-assets\/b3c389b3-693e-4048-998e-4250832e4cbf"},"geometry":{"type":"Point","coordinates":[-49.06,-11.72]}},{"type":"Feature","properties":{"municipio":"e48ee7f3-c682-47e1-b1e2-ffa74315ba8f","title":"TO - TOCANTINOPOLIS","name":"TO - TOCANTINOPOLIS","tipo":"Munic\u00edpio","url":"\/dashboard\/details-assets\/e48ee7f3-c682-47e1-b1e2-ffa74315ba8f"},"geometry":{"type":"Point","coordinates":[-47.4294977,-6.324747]}},{"type":"Feature","properties":{"municipio":"b201b865-614d-4338-bdb8-a32edae54448","title":"TO - TAGUATINGA","name":"TO - TAGUATINGA","tipo":"Munic\u00edpio","url":"\/dashboard\/details-assets\/b201b865-614d-4338-bdb8-a32edae54448"},"geometry":{"type":"Point","coordinates":[-46.4340888,-12.4060068]}},{"type":"Feature","properties":{"municipio":"825826af-fba5-4834-9f66-45f741c15cdd","title":"TO - ANANAS","name":"TO - ANANAS","tipo":"Munic\u00edpio","url":"\/dashboard\/details-assets\/825826af-fba5-4834-9f66-45f741c15cdd"},"geometry":{"type":"Point","coordinates":[-48.0705306839844,-6.35184785303923]}},{"type":"Feature","properties":{"municipio":"27b428d4-c100-4735-9ac0-6708130b8767","title":"TO - MIRANORTE","name":"TO - MIRANORTE","tipo":"Munic\u00edpio","url":"\/dashboard\/details-assets\/27b428d4-c100-4735-9ac0-6708130b8767"},"geometry":{"type":"Point","coordinates":[-48.5952299480469,-9.5164249529529]}},{"type":"Feature","properties":{"municipio":"8c5ca6a4-2206-4953-9fbc-7b8bb0ac1d0d","title":"TO - DIANOPOLIS","name":"TO - DIANOPOLIS","tipo":"Munic\u00edpio","url":"\/dashboard\/details-assets\/8c5ca6a4-2206-4953-9fbc-7b8bb0ac1d0d"},"geometry":{"type":"Point","coordinates":[-46.825933703125,-11.7480617579576]}},{"type":"Feature","properties":{"municipio":"d9d256c0-fe25-4e64-844c-624449b3f148","title":"TO - COLMEIA","name":"TO - COLMEIA","tipo":"Munic\u00edpio","url":"\/dashboard\/details-assets\/d9d256c0-fe25-4e64-844c-624449b3f148"},"geometry":{"type":"Point","coordinates":[-48.7689258371094,-8.71691408780074]}},{"type":"Feature","properties":{"municipio":"ed4983d8-b99a-4d0d-b935-caabcdd1ef52","title":"TO - ARRAIAS","name":"TO - ARRAIAS","tipo":"Munic\u00edpio","url":"\/dashboard\/details-assets\/ed4983d8-b99a-4d0d-b935-caabcdd1ef52"},"geometry":{"type":"Point","coordinates":[-46.9805103,-12.6770601]}},{"type":"Feature","properties":{"municipio":"227cfe30-9619-46f8-a881-bdda96138c8d","title":"TO - PALMEIROPOLIS","name":"TO - PALMEIROPOLIS","tipo":"Munic\u00edpio","url":"\/dashboard\/details-assets\/227cfe30-9619-46f8-a881-bdda96138c8d"},"geometry":{"type":"Point","coordinates":[-48.4,-13.04]}},{"type":"Feature","properties":{"municipio":"521a0a3c-cbd0-4b96-87cf-634aa6899c61","title":"TO - FORMOSO DO ARAGUAIA","name":"TO - FORMOSO DO ARAGUAIA","tipo":"Munic\u00edpio","url":"\/dashboard\/details-assets\/521a0a3c-cbd0-4b96-87cf-634aa6899c61"},"geometry":{"type":"Point","coordinates":[-49.5366012,-11.8057599]}},{"type":"Feature","properties":{"municipio":"a95a0b7b-08ff-4bdb-8e1e-34a9c4e53d33","title":"TO - COLINAS DO TOCANTINS","name":"TO - COLINAS DO TOCANTINS","tipo":"Munic\u00edpio","url":"\/dashboard\/details-assets\/a95a0b7b-08ff-4bdb-8e1e-34a9c4e53d33"},"geometry":{"type":"Point","coordinates":[-48.4485905,-7.99054549221896]}},{"type":"Feature","properties":{"municipio":"e03fc82c-b2ae-456a-bab9-82bf1f7b6d7d","title":"TO - ARAGUAINA","name":"TO - ARAGUAINA","tipo":"Munic\u00edpio","url":"\/dashboard\/details-assets\/e03fc82c-b2ae-456a-bab9-82bf1f7b6d7d"},"geometry":{"type":"Point","coordinates":[-48.2874074,-7.2109414]}},{"type":"Feature","properties":{"municipio":"1577c315-1ed2-46e6-a49e-b13d630f8ea5","title":"TO - PARAISO DO TOCANTINS","name":"TO - PARAISO DO TOCANTINS","tipo":"Munic\u00edpio","url":"\/dashboard\/details-assets\/1577c315-1ed2-46e6-a49e-b13d630f8ea5"},"geometry":{"type":"Point","coordinates":[-48.8749632890625,-10.1022178708894]}},{"type":"Feature","properties":{"municipio":"88909fc4-23b5-411a-aab2-020d2fc23384","title":"TO - PALMAS","name":"TO - PALMAS","tipo":"Munic\u00edpio","url":"\/dashboard\/details-assets\/88909fc4-23b5-411a-aab2-020d2fc23384"},"geometry":{"type":"Point","coordinates":[-48.3170359140625,-10.2302993132777]}},{"type":"Feature","properties":{"municipio":"a636683d-dd85-4b6e-a1a4-a19d91e8ae46","title":"TO - CARIRI DO TOCANTINS","name":"TO - CARIRI DO TOCANTINS","tipo":"Munic\u00edpio","url":"\/dashboard\/details-assets\/a636683d-dd85-4b6e-a1a4-a19d91e8ae46"},"geometry":{"type":"Point","coordinates":[-49.1625989,-11.9598899]}},{"type":"Feature","properties":{"municipio":"71da59bd-27f8-4a32-8791-8ee712c95bc8","title":"TO - AUGUSTINOPOLIS","name":"TO - AUGUSTINOPOLIS","tipo":"Munic\u00edpio","url":"\/dashboard\/details-assets\/71da59bd-27f8-4a32-8791-8ee712c95bc8"},"geometry":{"type":"Point","coordinates":[-47.88,-5.46]}},{"type":"Feature","properties":{"municipio":"372a1fd7-bd6b-4dff-8058-9d37dc808045","title":"TO - NATIVIDADE","name":"TO - NATIVIDADE","tipo":"Munic\u00edpio","url":"\/dashboard\/details-assets\/372a1fd7-bd6b-4dff-8058-9d37dc808045"},"geometry":{"type":"Point","coordinates":[-47.721389,-11.713889]}},{"type":"Feature","properties":{"municipio":"2d6f408d-3dd3-4aba-9af1-7b17316ab673","title":"TO - ARAGUATINS","name":"TO - ARAGUATINS","tipo":"Munic\u00edpio","url":"\/dashboard\/details-assets\/2d6f408d-3dd3-4aba-9af1-7b17316ab673"},"geometry":{"type":"Point","coordinates":[-48.1193893,-5.6484113]}},{"type":"Feature","properties":{"municipio":"bde20269-9c26-4e55-add1-e69e3a804a79","title":"SP - SUZANO","name":"SP - SUZANO","tipo":"Munic\u00edpio","url":"\/dashboard\/details-assets\/bde20269-9c26-4e55-add1-e69e3a804a79"},"geometry":{"type":"Point","coordinates":[-46.310833,-23.543333]}},{"type":"Feature","properties":{"municipio":"b3b67885-65eb-4048-a433-ada0e62bcff7","title":"SP - ASSIS","name":"SP - ASSIS","tipo":"Munic\u00edpio","url":"\/dashboard\/details-assets\/b3b67885-65eb-4048-a433-ada0e62bcff7"},"geometry":{"type":"Point","coordinates":[-50.41751004,-22.6628350193285]}},{"type":"Feature","properties":{"municipio":"4d22a472-856f-4f5e-84d3-47cd6c5d8813","title":"SP - BRAGANCA PAULISTA","name":"SP - BRAGANCA PAULISTA","tipo":"Munic\u00edpio","url":"\/dashboard\/details-assets\/4d22a472-856f-4f5e-84d3-47cd6c5d8813"},"geometry":{"type":"Point","coordinates":[-46.5423333739798,-22.9568954993218]}},{"type":"Feature","properties":{"municipio":"b278ab8b-7359-45e4-b22b-cdbeb8e8ec1a","title":"SP - PARAGUACU PAULISTA","name":"SP - PARAGUACU PAULISTA","tipo":"Munic\u00edpio","url":"\/dashboard\/details-assets\/b278ab8b-7359-45e4-b22b-cdbeb8e8ec1a"},"geometry":{"type":"Point","coordinates":[-50.5750285304782,-22.4177110193342]}},{"type":"Feature","properties":{"municipio":"7c947c0c-045a-464b-841a-032c4fdfcbca","title":"SP - PONTAL","name":"SP - PONTAL","tipo":"Munic\u00edpio","url":"\/dashboard\/details-assets\/7c947c0c-045a-464b-841a-032c4fdfcbca"},"geometry":{"type":"Point","coordinates":[-48.0378373025419,-21.0257099993675]}},{"type":"Feature","properties":{"municipio":"a4c51f7c-a104-4d76-b4f8-abc598e8ae93","title":"SP - OSVALDO CRUZ","name":"SP - OSVALDO CRUZ","tipo":"Munic\u00edpio","url":"\/dashboard\/details-assets\/a4c51f7c-a104-4d76-b4f8-abc598e8ae93"},"geometry":{"type":"Point","coordinates":[-50.8731391102635,-21.7970834993489]}},{"type":"Feature","properties":{"municipio":"68adfd8a-0c38-4b03-80a9-f86f4348e8aa","title":"SP - MARTINOPOLIS","name":"SP - MARTINOPOLIS","tipo":"Munic\u00edpio","url":"\/dashboard\/details-assets\/68adfd8a-0c38-4b03-80a9-f86f4348e8aa"},"geometry":{"type":"Point","coordinates":[-51.1721045,-22.1495283]}},{"type":"Feature","properties":{"municipio":"3e8bda26-e02c-4de4-95c8-2a42c85368b6","title":"SP - PRACINHA","name":"SP - PRACINHA","tipo":"Munic\u00edpio","url":"\/dashboard\/details-assets\/3e8bda26-e02c-4de4-95c8-2a42c85368b6"},"geometry":{"type":"Point","coordinates":[-46.4124616,-24.0088421]}},{"type":"Feature","properties":{"municipio":"506306d4-930b-4d06-a217-9c36c83447eb","title":"SP - ITATINGA","name":"SP - ITATINGA","tipo":"Munic\u00edpio","url":"\/dashboard\/details-assets\/506306d4-930b-4d06-a217-9c36c83447eb"},"geometry":{"type":"Point","coordinates":[-48.6123867,-23.1067087]}},{"type":"Feature","properties":{"municipio":"9c31b69c-8527-4a9b-9973-fdde794e542d","title":"SP - BIRIGUI","name":"SP - BIRIGUI","tipo":"Munic\u00edpio","url":"\/dashboard\/details-assets\/9c31b69c-8527-4a9b-9973-fdde794e542d"},"geometry":{"type":"Point","coordinates":[-50.339328516987,-21.2923922876104]}},{"type":"Feature","properties":{"municipio":"2f84ddbe-18d7-4f2a-baf8-3a1693d728dc","title":"SP - SAO CARLOS","name":"SP - SAO CARLOS","tipo":"Munic\u00edpio","url":"\/dashboard\/details-assets\/2f84ddbe-18d7-4f2a-baf8-3a1693d728dc"},"geometry":{"type":"Point","coordinates":[-53.017394273321,-27.0786350771308]}},{"type":"Feature","properties":{"municipio":"61f168e2-b45b-48c7-bea0-2d3370a43653","title":"SP - JUNDIAI","name":"SP - JUNDIAI","tipo":"Munic\u00edpio","url":"\/dashboard\/details-assets\/61f168e2-b45b-48c7-bea0-2d3370a43653"},"geometry":{"type":"Point","coordinates":[-46.8852739679967,-23.1876679993165]}},{"type":"Feature","properties":{"municipio":"70837ae6-d4ec-4393-b5c8-2944bb92698c","title":"SP - AVANHANDAVA","name":"SP - AVANHANDAVA","tipo":"Munic\u00edpio","url":"\/dashboard\/details-assets\/70837ae6-d4ec-4393-b5c8-2944bb92698c"},"geometry":{"type":"Point","coordinates":[-49.9481429,-21.461674]}},{"type":"Feature","properties":{"municipio":"672554cc-be9c-4184-88b7-efaf5e13f081","title":"SP - ITAI","name":"SP - ITAI","tipo":"Munic\u00edpio","url":"\/dashboard\/details-assets\/672554cc-be9c-4184-88b7-efaf5e13f081"},"geometry":{"type":"Point","coordinates":[-49.0810322484854,-23.4190553843113]}},{"type":"Feature","properties":{"municipio":"255007b8-be10-48f8-936d-b7515cdd35c4","title":"SP - ICEM","name":"SP - ICEM","tipo":"Munic\u00edpio","url":"\/dashboard\/details-assets\/255007b8-be10-48f8-936d-b7515cdd35c4"},"geometry":{"type":"Point","coordinates":[-49.1625989,-20.4053212]}},{"type":"Feature","properties":{"municipio":"749c2ec5-3b8a-4c2d-8e94-01b9cd6627e0","title":"SP - PAULO DE FARIA","name":"SP - PAULO DE FARIA","tipo":"Munic\u00edpio","url":"\/dashboard\/details-assets\/749c2ec5-3b8a-4c2d-8e94-01b9cd6627e0"},"geometry":{"type":"Point","coordinates":[-49.545833,-20.038056]}},{"type":"Feature","properties":{"municipio":"220f02ed-44a9-4de4-874f-7d244f504f02","title":"SP - BERNARDINO DE CAMPOS","name":"SP - BERNARDINO DE CAMPOS","tipo":"Munic\u00edpio","url":"\/dashboard\/details-assets\/220f02ed-44a9-4de4-874f-7d244f504f02"},"geometry":{"type":"Point","coordinates":[-49.4731864,-23.0147985]}},{"type":"Feature","properties":{"municipio":"58fbce3d-c0e3-40db-8f5a-5fb5e18a0660","title":"SP - SANTO ANDRE","name":"SP - SANTO ANDRE","tipo":"Munic\u00edpio","url":"\/dashboard\/details-assets\/58fbce3d-c0e3-40db-8f5a-5fb5e18a0660"},"geometry":{"type":"Point","coordinates":[-46.5308742576295,-23.6575099993059]}},{"type":"Feature","properties":{"municipio":"041eaaf5-dbd9-4a02-b250-a8001dbb190d","title":"SP - SAO JOSE DOS CAMPOS","name":"SP - SAO JOSE DOS CAMPOS","tipo":"Munic\u00edpio","url":"\/dashboard\/details-assets\/041eaaf5-dbd9-4a02-b250-a8001dbb190d"},"geometry":{"type":"Point","coordinates":[-45.899405,-23.23021]}},{"type":"Feature","properties":{"municipio":"eb2ff6e6-2183-4465-a447-7fa869e0821d","title":"SP - JARDINOPOLIS","name":"SP - JARDINOPOLIS","tipo":"Munic\u00edpio","url":"\/dashboard\/details-assets\/eb2ff6e6-2183-4465-a447-7fa869e0821d"},"geometry":{"type":"Point","coordinates":[-47.7772049,-21.0277616]}},{"type":"Feature","properties":{"municipio":"c7cbab3b-6e0a-401f-b3c2-7170c24a71d6","title":"SP - JAU","name":"SP - JAU","tipo":"Munic\u00edpio","url":"\/dashboard\/details-assets\/c7cbab3b-6e0a-401f-b3c2-7170c24a71d6"},"geometry":{"type":"Point","coordinates":[-48.5581413878331,-22.2957909893371]}},{"type":"Feature","properties":{"municipio":"9a299cbe-79b0-4683-b02f-f09b3b4f39a6","title":"SP - LINS","name":"SP - LINS","tipo":"Munic\u00edpio","url":"\/dashboard\/details-assets\/9a299cbe-79b0-4683-b02f-f09b3b4f39a6"},"geometry":{"type":"Point","coordinates":[-49.7514233866855,-21.6723464993518]}},{"type":"Feature","properties":{"municipio":"1c541702-90d1-4801-8aa1-c60c0e7d328f","title":"SP - MARABA PAULISTA","name":"SP - MARABA PAULISTA","tipo":"Munic\u00edpio","url":"\/dashboard\/details-assets\/1c541702-90d1-4801-8aa1-c60c0e7d328f"},"geometry":{"type":"Point","coordinates":[-51.9623009648437,-22.0761350517241]}},{"type":"Feature","properties":{"municipio":"1cab1bd9-bcbf-4ab2-8c41-f98f78d22a2f","title":"SP - ARARAQUARA","name":"SP - ARARAQUARA","tipo":"Munic\u00edpio","url":"\/dashboard\/details-assets\/1cab1bd9-bcbf-4ab2-8c41-f98f78d22a2f"},"geometry":{"type":"Point","coordinates":[-48.1744399375437,-21.790359499349]}},{"type":"Feature","properties":{"municipio":"cbc3a2e4-8eaa-49ba-af8c-6016ac5a7b0d","title":"SP - HORTOLANDIA","name":"SP - HORTOLANDIA","tipo":"Munic\u00edpio","url":"\/dashboard\/details-assets\/cbc3a2e4-8eaa-49ba-af8c-6016ac5a7b0d"},"geometry":{"type":"Point","coordinates":[-47.2210966097575,-22.858394999324]}},{"type":"Feature","properties":{"municipio":"b12db176-f0e6-4ea9-848a-df262f0d689b","title":"SP - SANTOS","name":"SP - SANTOS","tipo":"Munic\u00edpio","url":"\/dashboard\/details-assets\/b12db176-f0e6-4ea9-848a-df262f0d689b"},"geometry":{"type":"Point","coordinates":[-46.3313708491907,-23.9337374992997]}},{"type":"Feature","properties":{"municipio":"0d8ae6fa-9935-4403-8a2a-876068498a11","title":"SP - GUARUJA","name":"SP - GUARUJA","tipo":"Munic\u00edpio","url":"\/dashboard\/details-assets\/0d8ae6fa-9935-4403-8a2a-876068498a11"},"geometry":{"type":"Point","coordinates":[-46.2568758,-23.9949104]}},{"type":"Feature","properties":{"municipio":"b0126ee4-a700-415f-ad8b-3b1ec05d09d6","title":"SP - RIO CLARO","name":"SP - RIO CLARO","tipo":"Munic\u00edpio","url":"\/dashboard\/details-assets\/b0126ee4-a700-415f-ad8b-3b1ec05d09d6"},"geometry":{"type":"Point","coordinates":[-47.5635332384344,-22.4125114993344]}},{"type":"Feature","properties":{"municipio":"66a2eec8-1344-41f4-8d86-bcc7042d6e45","title":"SP - AMERICANA","name":"SP - AMERICANA","tipo":"Munic\u00edpio","url":"\/dashboard\/details-assets\/66a2eec8-1344-41f4-8d86-bcc7042d6e45"},"geometry":{"type":"Point","coordinates":[-47.3337008,-22.7378203]}},{"type":"Feature","properties":{"municipio":"b9e5328b-687c-418f-b3d4-c4346f548656","title":"SP - MAIRINQUE","name":"SP - MAIRINQUE","tipo":"Munic\u00edpio","url":"\/dashboard\/details-assets\/b9e5328b-687c-418f-b3d4-c4346f548656"},"geometry":{"type":"Point","coordinates":[-47.1947232,-23.5297232]}},{"type":"Feature","properties":{"municipio":"6a1a01ec-b4b9-4403-bd41-2c6055dfc215","title":"SP - REGISTRO","name":"SP - REGISTRO","tipo":"Munic\u00edpio","url":"\/dashboard\/details-assets\/6a1a01ec-b4b9-4403-bd41-2c6055dfc215"},"geometry":{"type":"Point","coordinates":[-47.843889,-24.488056]}},{"type":"Feature","properties":{"municipio":"59b9eaf8-5fe5-4229-bff1-6b5a1d008de0","title":"SP - ATIBAIA","name":"SP - ATIBAIA","tipo":"Munic\u00edpio","url":"\/dashboard\/details-assets\/59b9eaf8-5fe5-4229-bff1-6b5a1d008de0"},"geometry":{"type":"Point","coordinates":[-46.5550625006743,-23.1163079993181]}},{"type":"Feature","properties":{"municipio":"45bab934-37b1-4596-83dd-4b2fb80a1325","title":"SP - RIOLANDIA","name":"SP - RIOLANDIA","tipo":"Munic\u00edpio","url":"\/dashboard\/details-assets\/45bab934-37b1-4596-83dd-4b2fb80a1325"},"geometry":{"type":"Point","coordinates":[-49.680085,-19.9818737]}},{"type":"Feature","properties":{"municipio":"f9b4b6f4-f915-40cc-a361-69a1b5ff6eb2","title":"SP - JACAREI","name":"SP - JACAREI","tipo":"Munic\u00edpio","url":"\/dashboard\/details-assets\/f9b4b6f4-f915-40cc-a361-69a1b5ff6eb2"},"geometry":{"type":"Point","coordinates":[-45.96,-23.3]}},{"type":"Feature","properties":{"municipio":"6b747046-aefc-4128-8b86-882832839cb9","title":"SP - VALPARAISO","name":"SP - VALPARAISO","tipo":"Munic\u00edpio","url":"\/dashboard\/details-assets\/6b747046-aefc-4128-8b86-882832839cb9"},"geometry":{"type":"Point","coordinates":[-50.8593077,-21.2294354]}},{"type":"Feature","properties":{"municipio":"e5c60f2b-c90a-43b6-b9b1-39ce54c2ab90","title":"SP - GUARULHOS","name":"SP - GUARULHOS","tipo":"Munic\u00edpio","url":"\/dashboard\/details-assets\/e5c60f2b-c90a-43b6-b9b1-39ce54c2ab90"},"geometry":{"type":"Point","coordinates":[-46.5310840856611,-23.4685059993102]}},{"type":"Feature","properties":{"municipio":"2c60c65d-d1be-4065-b0f9-b0dca29785ee","title":"SP - SAO CAETANO DO SUL","name":"SP - SAO CAETANO DO SUL","tipo":"Munic\u00edpio","url":"\/dashboard\/details-assets\/2c60c65d-d1be-4065-b0f9-b0dca29785ee"},"geometry":{"type":"Point","coordinates":[-46.55,-23.622778]}},{"type":"Feature","properties":{"municipio":"3b856a26-2c8b-4982-a5b1-8cd89c98c5cf","title":"SP - DIADEMA","name":"SP - DIADEMA","tipo":"Munic\u00edpio","url":"\/dashboard\/details-assets\/3b856a26-2c8b-4982-a5b1-8cd89c98c5cf"},"geometry":{"type":"Point","coordinates":[-51.5340496600627,-21.4861375343563]}},{"type":"Feature","properties":{"municipio":"b07b0c09-7492-4322-af3a-010d4ac5cbf7","title":"SP - MONGAGUA","name":"SP - MONGAGUA","tipo":"Munic\u00edpio","url":"\/dashboard\/details-assets\/b07b0c09-7492-4322-af3a-010d4ac5cbf7"},"geometry":{"type":"Point","coordinates":[-46.619992725371,-24.0941161442961]}},{"type":"Feature","properties":{"municipio":"27241836-e3a0-4973-82a3-b191e39afa2a","title":"SP - ITAPETININGA","name":"SP - ITAPETININGA","tipo":"Munic\u00edpio","url":"\/dashboard\/details-assets\/27241836-e3a0-4973-82a3-b191e39afa2a"},"geometry":{"type":"Point","coordinates":[-48.0461428954547,-23.5878724993075]}},{"type":"Feature","properties":{"municipio":"bf7f6409-7441-4d40-9afb-bd8430568181","title":"SP - SUMARE","name":"SP - SUMARE","tipo":"Munic\u00edpio","url":"\/dashboard\/details-assets\/bf7f6409-7441-4d40-9afb-bd8430568181"},"geometry":{"type":"Point","coordinates":[-47.2658027320901,-22.8221449993248]}},{"type":"Feature","properties":{"municipio":"0ea97c7b-b997-4b66-83ca-edd79b23a6af","title":"SP - FLORINIA","name":"SP - FLORINIA","tipo":"Munic\u00edpio","url":"\/dashboard\/details-assets\/0ea97c7b-b997-4b66-83ca-edd79b23a6af"},"geometry":{"type":"Point","coordinates":[-50.7358395664062,-22.8908020037891]}},{"type":"Feature","properties":{"municipio":"0f37c832-02d5-4cf6-bdc5-a5666159ac26","title":"SP - PERUIBE","name":"SP - PERUIBE","tipo":"Munic\u00edpio","url":"\/dashboard\/details-assets\/0f37c832-02d5-4cf6-bdc5-a5666159ac26"},"geometry":{"type":"Point","coordinates":[-47.0016573,-24.3124785]}},{"type":"Feature","properties":{"municipio":"09b81734-5c7a-4781-b2d7-f12a3dc89591","title":"SP - ITAQUAQUECETUBA","name":"SP - ITAQUAQUECETUBA","tipo":"Munic\u00edpio","url":"\/dashboard\/details-assets\/09b81734-5c7a-4781-b2d7-f12a3dc89591"},"geometry":{"type":"Point","coordinates":[-46.3516031409654,-23.47689749931]}},{"type":"Feature","properties":{"municipio":"aa898133-a4e4-4759-8209-f6ddfd6af2e9","title":"SP - PRAIA GRANDE","name":"SP - PRAIA GRANDE","tipo":"Munic\u00edpio","url":"\/dashboard\/details-assets\/aa898133-a4e4-4759-8209-f6ddfd6af2e9"},"geometry":{"type":"Point","coordinates":[-46.4124616,-24.0088421]}},{"type":"Feature","properties":{"municipio":"cf1d706d-6981-4b1e-bf76-a0033f2b17b4","title":"SP - CASA BRANCA","name":"SP - CASA BRANCA","tipo":"Munic\u00edpio","url":"\/dashboard\/details-assets\/cf1d706d-6981-4b1e-bf76-a0033f2b17b4"},"geometry":{"type":"Point","coordinates":[-49.1653301708879,-23.0347974986399]}},{"type":"Feature","properties":{"municipio":"b8581338-2f81-4e18-868a-1987f3d94c4c","title":"SP - IPERO","name":"SP - IPERO","tipo":"Munic\u00edpio","url":"\/dashboard\/details-assets\/b8581338-2f81-4e18-868a-1987f3d94c4c"},"geometry":{"type":"Point","coordinates":[-47.6939091,-23.3518726]}},{"type":"Feature","properties":{"municipio":"1f4baee0-cf70-49c6-ab26-63280675a92c","title":"SP - LORENA","name":"SP - LORENA","tipo":"Munic\u00edpio","url":"\/dashboard\/details-assets\/1f4baee0-cf70-49c6-ab26-63280675a92c"},"geometry":{"type":"Point","coordinates":[-45.1242481441632,-22.7316930319565]}},{"type":"Feature","properties":{"municipio":"370c59ed-7182-4ebc-981b-ad87d34f34c6","title":"SP - MOGI DAS CRUZES","name":"SP - MOGI DAS CRUZES","tipo":"Munic\u00edpio","url":"\/dashboard\/details-assets\/370c59ed-7182-4ebc-981b-ad87d34f34c6"},"geometry":{"type":"Point","coordinates":[-46.1925,-23.523611]}},{"type":"Feature","properties":{"municipio":"a628a84b-627c-42b6-a83f-ce300d8acc0e","title":"SP - BALBINOS","name":"SP - BALBINOS","tipo":"Munic\u00edpio","url":"\/dashboard\/details-assets\/a628a84b-627c-42b6-a83f-ce300d8acc0e"},"geometry":{"type":"Point","coordinates":[-49.3348621,-21.8924794]}},{"type":"Feature","properties":{"municipio":"a79daa2c-e451-4244-80d1-878ce7ce0572","title":"SP - TAIUVA","name":"SP - TAIUVA","tipo":"Munic\u00edpio","url":"\/dashboard\/details-assets\/a79daa2c-e451-4244-80d1-878ce7ce0572"},"geometry":{"type":"Point","coordinates":[-48.4537633,-21.1245903]}},{"type":"Feature","properties":{"municipio":"94faafc7-dfcc-4c8f-bbd7-9e6c4f7de3f8","title":"SP - PRESIDENTE BERNARDES","name":"SP - PRESIDENTE BERNARDES","tipo":"Munic\u00edpio","url":"\/dashboard\/details-assets\/94faafc7-dfcc-4c8f-bbd7-9e6c4f7de3f8"},"geometry":{"type":"Point","coordinates":[-51.5531899,-22.0077937]}},{"type":"Feature","properties":{"municipio":"cf33e22e-895f-4276-a5d1-31937c8a8677","title":"SP - GUARIBA","name":"SP - GUARIBA","tipo":"Munic\u00edpio","url":"\/dashboard\/details-assets\/cf33e22e-895f-4276-a5d1-31937c8a8677"},"geometry":{"type":"Point","coordinates":[-48.22,-21.36]}},{"type":"Feature","properties":{"municipio":"af055e83-e8be-49f5-a770-b633d5f4dceb","title":"SP - FLORIDA PAULISTA","name":"SP - FLORIDA PAULISTA","tipo":"Munic\u00edpio","url":"\/dashboard\/details-assets\/af055e83-e8be-49f5-a770-b633d5f4dceb"},"geometry":{"type":"Point","coordinates":[-51.1729216,-21.6131815]}},{"type":"Feature","properties":{"municipio":"9eab8bad-4a4d-4040-8cd0-e117576d174e","title":"SP - MOGI MIRIM","name":"SP - MOGI MIRIM","tipo":"Munic\u00edpio","url":"\/dashboard\/details-assets\/9eab8bad-4a4d-4040-8cd0-e117576d174e"},"geometry":{"type":"Point","coordinates":[-46.956111,-22.431389]}},{"type":"Feature","properties":{"municipio":"abe6008f-0ead-4854-ac63-b7a70b145658","title":"SP - LUCELIA","name":"SP - LUCELIA","tipo":"Munic\u00edpio","url":"\/dashboard\/details-assets\/abe6008f-0ead-4854-ac63-b7a70b145658"},"geometry":{"type":"Point","coordinates":[-51.0219868,-21.7186744]}},{"type":"Feature","properties":{"municipio":"c7a0fe7d-e2c2-4106-aed7-7e24afd00e0c","title":"SP - ALVARO DE CARVALHO","name":"SP - ALVARO DE CARVALHO","tipo":"Munic\u00edpio","url":"\/dashboard\/details-assets\/c7a0fe7d-e2c2-4106-aed7-7e24afd00e0c"},"geometry":{"type":"Point","coordinates":[-49.7205015838867,-22.0800934323394]}},{"type":"Feature","properties":{"municipio":"1113800a-ce6e-48ce-970e-5e7993e39972","title":"SP - TAUBATE","name":"SP - TAUBATE","tipo":"Munic\u00edpio","url":"\/dashboard\/details-assets\/1113800a-ce6e-48ce-970e-5e7993e39972"},"geometry":{"type":"Point","coordinates":[-45.5563555,-23.0204559]}},{"type":"Feature","properties":{"municipio":"e27f67ca-1b97-4b8f-9843-a8260c427e6d","title":"SP - IRAPURU","name":"SP - IRAPURU","tipo":"Munic\u00edpio","url":"\/dashboard\/details-assets\/e27f67ca-1b97-4b8f-9843-a8260c427e6d"},"geometry":{"type":"Point","coordinates":[-51.3542584898437,-21.5632692181591]}},{"type":"Feature","properties":{"municipio":"6cc62dc2-1f88-4ca6-ab90-aadf4679e063","title":"SP - MOCOCA","name":"SP - MOCOCA","tipo":"Munic\u00edpio","url":"\/dashboard\/details-assets\/6cc62dc2-1f88-4ca6-ab90-aadf4679e063"},"geometry":{"type":"Point","coordinates":[-47.0071709787367,-21.4689905093567]}},{"type":"Feature","properties":{"municipio":"5dc0f964-a670-4980-9c75-46e996d11c7c","title":"SP - CARAGUATATUBA","name":"SP - CARAGUATATUBA","tipo":"Munic\u00edpio","url":"\/dashboard\/details-assets\/5dc0f964-a670-4980-9c75-46e996d11c7c"},"geometry":{"type":"Point","coordinates":[-47.0797582048272,-21.7779869893493]}},{"type":"Feature","properties":{"municipio":"a6a0a23a-b073-4d63-920f-a4aca1129576","title":"SP - SAO JOSE DO RIO PRETO","name":"SP - SAO JOSE DO RIO PRETO","tipo":"Munic\u00edpio","url":"\/dashboard\/details-assets\/a6a0a23a-b073-4d63-920f-a4aca1129576"},"geometry":{"type":"Point","coordinates":[-46.8877455,-21.5957703]}},{"type":"Feature","properties":{"municipio":"3cca1db9-ab35-40ce-8e67-6c9e46839438","title":"SP - CAMPINAS","name":"SP - CAMPINAS","tipo":"Munic\u00edpio","url":"\/dashboard\/details-assets\/3cca1db9-ab35-40ce-8e67-6c9e46839438"},"geometry":{"type":"Point","coordinates":[-47.0601562729732,-22.9073424993229]}},{"type":"Feature","properties":{"municipio":"2274e8a8-0e22-47cd-a7d8-cb9805271a58","title":"SP - VOTORANTIM","name":"SP - VOTORANTIM","tipo":"Munic\u00edpio","url":"\/dashboard\/details-assets\/2274e8a8-0e22-47cd-a7d8-cb9805271a58"},"geometry":{"type":"Point","coordinates":[-47.4445978,-23.540286]}},{"type":"Feature","properties":{"municipio":"bf0bd662-9b00-454d-8736-58eff7818454","title":"SP - CAIUA","name":"SP - CAIUA","tipo":"Munic\u00edpio","url":"\/dashboard\/details-assets\/bf0bd662-9b00-454d-8736-58eff7818454"},"geometry":{"type":"Point","coordinates":[-51.980833,-21.841111]}},{"type":"Feature","properties":{"municipio":"0c6642bd-1e25-4b50-a962-2b9b4d39e759","title":"SP - JUNQUEIROPOLIS","name":"SP - JUNQUEIROPOLIS","tipo":"Munic\u00edpio","url":"\/dashboard\/details-assets\/0c6642bd-1e25-4b50-a962-2b9b4d39e759"},"geometry":{"type":"Point","coordinates":[-51.4346653,-21.5108173]}},{"type":"Feature","properties":{"municipio":"b73f72e5-139b-4351-a6bd-070273cb5332","title":"SP - PRESIDENTE PRUDENTE","name":"SP - PRESIDENTE PRUDENTE","tipo":"Munic\u00edpio","url":"\/dashboard\/details-assets\/b73f72e5-139b-4351-a6bd-070273cb5332"},"geometry":{"type":"Point","coordinates":[-51.3867655819124,-22.1227434993411]}},{"type":"Feature","properties":{"municipio":"e033e67c-611b-4913-b497-1d5cc277cdad","title":"SP - TUPI PAULISTA","name":"SP - TUPI PAULISTA","tipo":"Munic\u00edpio","url":"\/dashboard\/details-assets\/e033e67c-611b-4913-b497-1d5cc277cdad"},"geometry":{"type":"Point","coordinates":[-51.5754829,-21.3829234]}},{"type":"Feature","properties":{"municipio":"aa69f1cb-7bc5-48c0-b357-5f4dde85d9b3","title":"SP - ITIRAPINA","name":"SP - ITIRAPINA","tipo":"Munic\u00edpio","url":"\/dashboard\/details-assets\/aa69f1cb-7bc5-48c0-b357-5f4dde85d9b3"},"geometry":{"type":"Point","coordinates":[-47.8170462,-22.2567218]}},{"type":"Feature","properties":{"municipio":"2089ecea-8452-46fd-851e-5ea7c77d6ac0","title":"SP - DRACENA","name":"SP - DRACENA","tipo":"Munic\u00edpio","url":"\/dashboard\/details-assets\/2089ecea-8452-46fd-851e-5ea7c77d6ac0"},"geometry":{"type":"Point","coordinates":[-51.5340496600627,-21.4861375343563]}},{"type":"Feature","properties":{"municipio":"e2563ed6-00cc-436d-9bab-b496527b9eb6","title":"SP - TAQUARITUBA","name":"SP - TAQUARITUBA","tipo":"Munic\u00edpio","url":"\/dashboard\/details-assets\/e2563ed6-00cc-436d-9bab-b496527b9eb6"},"geometry":{"type":"Point","coordinates":[-49.2459964,-23.5263997]}},{"type":"Feature","properties":{"municipio":"42f6b368-2398-4043-a01a-ca1c3eaf2bc4","title":"SP - MARILIA","name":"SP - MARILIA","tipo":"Munic\u00edpio","url":"\/dashboard\/details-assets\/42f6b368-2398-4043-a01a-ca1c3eaf2bc4"},"geometry":{"type":"Point","coordinates":[-49.9505291,-22.2175846]}},{"type":"Feature","properties":{"municipio":"40f413dc-19a9-44da-b1fc-fc5b07926d49","title":"SP - AGUAI","name":"SP - AGUAI","tipo":"Munic\u00edpio","url":"\/dashboard\/details-assets\/40f413dc-19a9-44da-b1fc-fc5b07926d49"},"geometry":{"type":"Point","coordinates":[-46.974444,-22.059444]}},{"type":"Feature","properties":{"municipio":"a7be5e6c-ef31-43ad-a009-c2d05704a188","title":"SP - SERTAOZINHO","name":"SP - SERTAOZINHO","tipo":"Munic\u00edpio","url":"\/dashboard\/details-assets\/a7be5e6c-ef31-43ad-a009-c2d05704a188"},"geometry":{"type":"Point","coordinates":[-47.990137,-21.1379949]}},{"type":"Feature","properties":{"municipio":"6162c910-b339-45ee-a4a5-1e88b504144a","title":"SP - FRANCA","name":"SP - FRANCA","tipo":"Munic\u00edpio","url":"\/dashboard\/details-assets\/6162c910-b339-45ee-a4a5-1e88b504144a"},"geometry":{"type":"Point","coordinates":[-47.4023316256775,-20.5360969993796]}},{"type":"Feature","properties":{"municipio":"a9e91e7d-d2c5-4d5b-936d-1d600234208a","title":"SP - GUARATINGUETA","name":"SP - GUARATINGUETA","tipo":"Munic\u00edpio","url":"\/dashboard\/details-assets\/a9e91e7d-d2c5-4d5b-936d-1d600234208a"},"geometry":{"type":"Point","coordinates":[-45.191667,-22.816667]}},{"type":"Feature","properties":{"municipio":"e32f2748-c776-4d0e-8331-2a8fe9a4f748","title":"SP - PIRAJUI","name":"SP - PIRAJUI","tipo":"Munic\u00edpio","url":"\/dashboard\/details-assets\/e32f2748-c776-4d0e-8331-2a8fe9a4f748"},"geometry":{"type":"Point","coordinates":[-49.457917,-21.974887]}},{"type":"Feature","properties":{"municipio":"570233b6-24a4-4965-8baf-2288ea9437f2","title":"SP - PORTO FELIZ","name":"SP - PORTO FELIZ","tipo":"Munic\u00edpio","url":"\/dashboard\/details-assets\/570233b6-24a4-4965-8baf-2288ea9437f2"},"geometry":{"type":"Point","coordinates":[-47.5245965730655,-23.2144122673158]}},{"type":"Feature","properties":{"municipio":"44c1b16a-2e08-43dc-ac76-51c526cd151b","title":"SP - OSASCO","name":"SP - OSASCO","tipo":"Munic\u00edpio","url":"\/dashboard\/details-assets\/44c1b16a-2e08-43dc-ac76-51c526cd151b"},"geometry":{"type":"Point","coordinates":[-46.7888101442714,-23.5336119993087]}},{"type":"Feature","properties":{"municipio":"5e4aeec0-fe02-4a86-9312-c7edf9185163","title":"SP - CERQUEIRA CESAR","name":"SP - CERQUEIRA CESAR","tipo":"Munic\u00edpio","url":"\/dashboard\/details-assets\/5e4aeec0-fe02-4a86-9312-c7edf9185163"},"geometry":{"type":"Point","coordinates":[-46.623381393203,-23.6892949993052]}},{"type":"Feature","properties":{"municipio":"9ae3809c-4b54-4327-be19-c55fe3a736a0","title":"SP - OURINHOS","name":"SP - OURINHOS","tipo":"Munic\u00edpio","url":"\/dashboard\/details-assets\/9ae3809c-4b54-4327-be19-c55fe3a736a0"},"geometry":{"type":"Point","coordinates":[-49.868579835937,-22.9772674993213]}},{"type":"Feature","properties":{"municipio":"9134687f-e024-41d4-8ae2-c9e60865e33d","title":"SP - RIBEIRAO PRETO","name":"SP - RIBEIRAO PRETO","tipo":"Munic\u00edpio","url":"\/dashboard\/details-assets\/9134687f-e024-41d4-8ae2-c9e60865e33d"},"geometry":{"type":"Point","coordinates":[-47.8054759155415,-21.1848344993636]}},{"type":"Feature","properties":{"municipio":"f27982a8-9432-4758-a9cc-57a855d4073e","title":"SP - CAPELA DO ALTO","name":"SP - CAPELA DO ALTO","tipo":"Munic\u00edpio","url":"\/dashboard\/details-assets\/f27982a8-9432-4758-a9cc-57a855d4073e"},"geometry":{"type":"Point","coordinates":[-45.4108183822497,-23.6220064993066]}},{"type":"Feature","properties":{"municipio":"5d0c0be8-2a39-46f2-9f35-9f766ffe7b5f","title":"SP - GUAREI","name":"SP - GUAREI","tipo":"Munic\u00edpio","url":"\/dashboard\/details-assets\/5d0c0be8-2a39-46f2-9f35-9f766ffe7b5f"},"geometry":{"type":"Point","coordinates":[-48.1841739,-23.3718457]}},{"type":"Feature","properties":{"municipio":"0aff0e7c-6181-4b24-95ba-3916359e1be0","title":"SP - ARACATUBA","name":"SP - ARACATUBA","tipo":"Munic\u00edpio","url":"\/dashboard\/details-assets\/0aff0e7c-6181-4b24-95ba-3916359e1be0"},"geometry":{"type":"Point","coordinates":[-50.4392260727526,-21.2054759993631]}},{"type":"Feature","properties":{"municipio":"5e38cc3f-aa3f-4605-a661-ea12e5fa8eb1","title":"SP - LAVINIA","name":"SP - LAVINIA","tipo":"Munic\u00edpio","url":"\/dashboard\/details-assets\/5e38cc3f-aa3f-4605-a661-ea12e5fa8eb1"},"geometry":{"type":"Point","coordinates":[-51.0428566,-21.1655923]}},{"type":"Feature","properties":{"municipio":"5bb26b3f-89fc-4f8a-bed9-8825a4a21352","title":"SP - AVARE","name":"SP - AVARE","tipo":"Munic\u00edpio","url":"\/dashboard\/details-assets\/5bb26b3f-89fc-4f8a-bed9-8825a4a21352"},"geometry":{"type":"Point","coordinates":[-48.9232631943567,-23.1031934993184]}},{"type":"Feature","properties":{"municipio":"94ecc4e4-80d4-4245-b973-1b54c1b21e0b","title":"SP - MOGI GUACU","name":"SP - MOGI GUACU","tipo":"Munic\u00edpio","url":"\/dashboard\/details-assets\/94ecc4e4-80d4-4245-b973-1b54c1b21e0b"},"geometry":{"type":"Point","coordinates":[-46.9444740881491,-22.365720188847]}},{"type":"Feature","properties":{"municipio":"177e6868-3d91-4874-bf24-eaf8acbb64b7","title":"SP - POTIM","name":"SP - POTIM","tipo":"Munic\u00edpio","url":"\/dashboard\/details-assets\/177e6868-3d91-4874-bf24-eaf8acbb64b7"},"geometry":{"type":"Point","coordinates":[-45.2554893,-22.8401139]}},{"type":"Feature","properties":{"municipio":"59d51c88-5286-4bb0-a169-6a9d0a699eba","title":"SP - BAURU","name":"SP - BAURU","tipo":"Munic\u00edpio","url":"\/dashboard\/details-assets\/59d51c88-5286-4bb0-a169-6a9d0a699eba"},"geometry":{"type":"Point","coordinates":[-49.0830008670904,-22.3251224993364]}},{"type":"Feature","properties":{"municipio":"c49065f3-2881-4003-8c0c-ec3872433736","title":"SP - PACAEMBU","name":"SP - PACAEMBU","tipo":"Munic\u00edpio","url":"\/dashboard\/details-assets\/c49065f3-2881-4003-8c0c-ec3872433736"},"geometry":{"type":"Point","coordinates":[-51.2658432,-21.563131]}},{"type":"Feature","properties":{"municipio":"efdb49bd-c84f-4fda-9f66-bf37ccba2df0","title":"SP - LIMEIRA","name":"SP - LIMEIRA","tipo":"Munic\u00edpio","url":"\/dashboard\/details-assets\/efdb49bd-c84f-4fda-9f66-bf37ccba2df0"},"geometry":{"type":"Point","coordinates":[-47.4019395233101,-22.5621939993309]}},{"type":"Feature","properties":{"municipio":"f6c267a5-cf2d-4370-90e8-459f9988e882","title":"SP - SAO VICENTE","name":"SP - SAO VICENTE","tipo":"Munic\u00edpio","url":"\/dashboard\/details-assets\/f6c267a5-cf2d-4370-90e8-459f9988e882"},"geometry":{"type":"Point","coordinates":[-46.3844908173176,-23.967372999299]}},{"type":"Feature","properties":{"municipio":"258bfbad-7ee5-4f18-a452-94c463948ce2","title":"SP - SERRA AZUL","name":"SP - SERRA AZUL","tipo":"Munic\u00edpio","url":"\/dashboard\/details-assets\/258bfbad-7ee5-4f18-a452-94c463948ce2"},"geometry":{"type":"Point","coordinates":[-47.5642475,-21.311503]}},{"type":"Feature","properties":{"municipio":"a6a44a46-8dee-4a9e-8a50-a58171e32494","title":"SP - REGINOPOLIS","name":"SP - REGINOPOLIS","tipo":"Munic\u00edpio","url":"\/dashboard\/details-assets\/a6a44a46-8dee-4a9e-8a50-a58171e32494"},"geometry":{"type":"Point","coordinates":[-49.2241724,-21.8888654]}},{"type":"Feature","properties":{"municipio":"84914d7b-e593-4cd6-b560-f88fadc020b8","title":"SP - GETULINA","name":"SP - GETULINA","tipo":"Munic\u00edpio","url":"\/dashboard\/details-assets\/84914d7b-e593-4cd6-b560-f88fadc020b8"},"geometry":{"type":"Point","coordinates":[-49.9225158984375,-21.7872473898313]}},{"type":"Feature","properties":{"municipio":"e2344967-63eb-4960-955e-dd46b88a8ee3","title":"SP - NOVA INDEPENDENCIA","name":"SP - NOVA INDEPENDENCIA","tipo":"Munic\u00edpio","url":"\/dashboard\/details-assets\/e2344967-63eb-4960-955e-dd46b88a8ee3"},"geometry":{"type":"Point","coordinates":[-51.488333,-21.103056]}},{"type":"Feature","properties":{"municipio":"58d334c6-e6d5-4e9b-a08c-cca821a5d052","title":"SP - MAUA","name":"SP - MAUA","tipo":"Munic\u00edpio","url":"\/dashboard\/details-assets\/58d334c6-e6d5-4e9b-a08c-cca821a5d052"},"geometry":{"type":"Point","coordinates":[-46.4617086,-23.668163]}},{"type":"Feature","properties":{"municipio":"d5edb89e-b8e5-471d-a12d-59b3c103c625","title":"SP - SAO BERNARDO DO CAMPO","name":"SP - SAO BERNARDO DO CAMPO","tipo":"Munic\u00edpio","url":"\/dashboard\/details-assets\/d5edb89e-b8e5-471d-a12d-59b3c103c625"},"geometry":{"type":"Point","coordinates":[-46.5502572476783,-23.7103044993048]}},{"type":"Feature","properties":{"municipio":"ccae3459-7f73-4e2b-937a-9518de4d2c64","title":"SP - SOROCABA","name":"SP - SOROCABA","tipo":"Munic\u00edpio","url":"\/dashboard\/details-assets\/ccae3459-7f73-4e2b-937a-9518de4d2c64"},"geometry":{"type":"Point","coordinates":[-47.457853253204,-23.4993229993095]}},{"type":"Feature","properties":{"municipio":"337a5669-0136-4429-952a-08b9a8cb4ee2","title":"SP - TREMEMBE","name":"SP - TREMEMBE","tipo":"Munic\u00edpio","url":"\/dashboard\/details-assets\/337a5669-0136-4429-952a-08b9a8cb4ee2"},"geometry":{"type":"Point","coordinates":[-45.5468234761719,-22.9536763147576]}},{"type":"Feature","properties":{"municipio":"d418795d-3b3d-46ed-ae68-f32a25db1e3a","title":"SP - GALIA","name":"SP - GALIA","tipo":"Munic\u00edpio","url":"\/dashboard\/details-assets\/d418795d-3b3d-46ed-ae68-f32a25db1e3a"},"geometry":{"type":"Point","coordinates":[-49.681111,-22.288889]}},{"type":"Feature","properties":{"municipio":"13febcb8-5229-42da-8c9a-e0b6d11aace0","title":"SP - CARAPICUIBA","name":"SP - CARAPICUIBA","tipo":"Munic\u00edpio","url":"\/dashboard\/details-assets\/13febcb8-5229-42da-8c9a-e0b6d11aace0"},"geometry":{"type":"Point","coordinates":[-46.836111,-23.522222]}},{"type":"Feature","properties":{"municipio":"ead68c46-d4f6-4e58-9dfc-b47409bb9666","title":"SP - MIRANDOPOLIS","name":"SP - MIRANDOPOLIS","tipo":"Munic\u00edpio","url":"\/dashboard\/details-assets\/ead68c46-d4f6-4e58-9dfc-b47409bb9666"},"geometry":{"type":"Point","coordinates":[-51.1023381,-21.1331045]}},{"type":"Feature","properties":{"municipio":"5384c419-0596-419b-bf69-0bb36f77cf62","title":"SP - ANDRADINA","name":"SP - ANDRADINA","tipo":"Munic\u00edpio","url":"\/dashboard\/details-assets\/5384c419-0596-419b-bf69-0bb36f77cf62"},"geometry":{"type":"Point","coordinates":[-51.3788477947637,-20.9014635143705]}},{"type":"Feature","properties":{"municipio":"fc8d5b5d-00d0-432b-a6b6-4999aeda6ab8","title":"SP - BOTUCATU","name":"SP - BOTUCATU","tipo":"Munic\u00edpio","url":"\/dashboard\/details-assets\/fc8d5b5d-00d0-432b-a6b6-4999aeda6ab8"},"geometry":{"type":"Point","coordinates":[-48.4412893843503,-22.8883814993234]}},{"type":"Feature","properties":{"municipio":"ae77e911-2d30-4841-a238-80cae4066896","title":"SP - PIRACICABA","name":"SP - PIRACICABA","tipo":"Munic\u00edpio","url":"\/dashboard\/details-assets\/ae77e911-2d30-4841-a238-80cae4066896"},"geometry":{"type":"Point","coordinates":[-47.6468462361582,-22.7237219993271]}},{"type":"Feature","properties":{"municipio":"2388612f-3973-4732-9496-ae0d37ceaa90","title":"SP - SAO PAULO","name":"SP - SAO PAULO","tipo":"Munic\u00edpio","url":"\/dashboard\/details-assets\/2388612f-3973-4732-9496-ae0d37ceaa90"},"geometry":{"type":"Point","coordinates":[-46.5703831821128,-23.567386499308]}},{"type":"Feature","properties":{"municipio":"9ffede7a-2532-4115-99e3-4a1a15759dd9","title":"SP - IARAS","name":"SP - IARAS","tipo":"Munic\u00edpio","url":"\/dashboard\/details-assets\/9ffede7a-2532-4115-99e3-4a1a15759dd9"},"geometry":{"type":"Point","coordinates":[-49.1582282316406,-22.8596149511488]}},{"type":"Feature","properties":{"municipio":"0807da52-f863-40f6-a3cb-c5a805136e67","title":"SP - ITAPECERICA DA SERRA","name":"SP - ITAPECERICA DA SERRA","tipo":"Munic\u00edpio","url":"\/dashboard\/details-assets\/0807da52-f863-40f6-a3cb-c5a805136e67"},"geometry":{"type":"Point","coordinates":[-46.8505519668521,-23.7153569993047]}},{"type":"Feature","properties":{"municipio":"18b7f350-d359-493b-a9c6-6f14e9636cb8","title":"SP - PRESIDENTE VENCESLAU","name":"SP - PRESIDENTE VENCESLAU","tipo":"Munic\u00edpio","url":"\/dashboard\/details-assets\/18b7f350-d359-493b-a9c6-6f14e9636cb8"},"geometry":{"type":"Point","coordinates":[-51.8402588050568,-21.875939504347]}},{"type":"Feature","properties":{"municipio":"85baee9b-ef3f-41d3-948f-5751ec62c56c","title":"SP - FRANCO DA ROCHA","name":"SP - FRANCO DA ROCHA","tipo":"Munic\u00edpio","url":"\/dashboard\/details-assets\/85baee9b-ef3f-41d3-948f-5751ec62c56c"},"geometry":{"type":"Point","coordinates":[-46.7278746685526,-23.3203024993135]}},{"type":"Feature","properties":{"municipio":"eab43482-e86b-4721-aecd-233166cef2a4","title":"SE - SAO CRISTOVAO","name":"SE - SAO CRISTOVAO","tipo":"Munic\u00edpio","url":"\/dashboard\/details-assets\/eab43482-e86b-4721-aecd-233166cef2a4"},"geometry":{"type":"Point","coordinates":[-37.2,-11.01]}},{"type":"Feature","properties":{"municipio":"feea10da-6d5a-431f-a544-97b864e186e5","title":"SE - NOSSA SENHORA DA GLORIA","name":"SE - NOSSA SENHORA DA GLORIA","tipo":"Munic\u00edpio","url":"\/dashboard\/details-assets\/feea10da-6d5a-431f-a544-97b864e186e5"},"geometry":{"type":"Point","coordinates":[-37.42,-10.21]}},{"type":"Feature","properties":{"municipio":"7e1f694f-da5c-4d50-b290-b93be434870e","title":"SE - ESTANCIA","name":"SE - ESTANCIA","tipo":"Munic\u00edpio","url":"\/dashboard\/details-assets\/7e1f694f-da5c-4d50-b290-b93be434870e"},"geometry":{"type":"Point","coordinates":[-37.43854,-11.268661]}},{"type":"Feature","properties":{"municipio":"d6aeae2d-7b15-4762-8b26-61573da17bcd","title":"SE - TOBIAS BARRETO","name":"SE - TOBIAS BARRETO","tipo":"Munic\u00edpio","url":"\/dashboard\/details-assets\/d6aeae2d-7b15-4762-8b26-61573da17bcd"},"geometry":{"type":"Point","coordinates":[-37.999444,-11.184444]}},{"type":"Feature","properties":{"municipio":"2d4a896d-160f-4e5f-a40c-22fe03405804","title":"SE - ARACAJU","name":"SE - ARACAJU","tipo":"Munic\u00edpio","url":"\/dashboard\/details-assets\/2d4a896d-160f-4e5f-a40c-22fe03405804"},"geometry":{"type":"Point","coordinates":[-37.0730823,-10.9472468]}},{"type":"Feature","properties":{"municipio":"0c61318f-c8b7-4fff-b80a-fff8f7972c06","title":"SE - AREIA BRANCA","name":"SE - AREIA BRANCA","tipo":"Munic\u00edpio","url":"\/dashboard\/details-assets\/0c61318f-c8b7-4fff-b80a-fff8f7972c06"},"geometry":{"type":"Point","coordinates":[-37.329580128125,-10.7520532110041]}},{"type":"Feature","properties":{"municipio":"d3f9c4bf-18ed-49ae-89f5-39882bcf46ee","title":"SE - NOSSA SENHORA DO SOCORRO","name":"SE - NOSSA SENHORA DO SOCORRO","tipo":"Munic\u00edpio","url":"\/dashboard\/details-assets\/d3f9c4bf-18ed-49ae-89f5-39882bcf46ee"},"geometry":{"type":"Point","coordinates":[-37.1269791,-10.8531643]}},{"type":"Feature","properties":{"municipio":"720721ce-255d-43dd-97b3-429f19370e82","title":"SC - BARRA VELHA","name":"SC - BARRA VELHA","tipo":"Munic\u00edpio","url":"\/dashboard\/details-assets\/720721ce-255d-43dd-97b3-429f19370e82"},"geometry":{"type":"Point","coordinates":[-48.6846608,-26.6331439]}},{"type":"Feature","properties":{"municipio":"caa1b135-1b87-4d4b-8b58-66c6526fb80a","title":"SC - RIO DO SUL","name":"SC - RIO DO SUL","tipo":"Munic\u00edpio","url":"\/dashboard\/details-assets\/caa1b135-1b87-4d4b-8b58-66c6526fb80a"},"geometry":{"type":"Point","coordinates":[-49.6435018,-27.2160932]}},{"type":"Feature","properties":{"municipio":"211d78cf-ee63-4ea6-8d59-3244e730d2ae","title":"SC - VIDEIRA","name":"SC - VIDEIRA","tipo":"Munic\u00edpio","url":"\/dashboard\/details-assets\/211d78cf-ee63-4ea6-8d59-3244e730d2ae"},"geometry":{"type":"Point","coordinates":[-51.1517052828326,-27.0061290672059]}},{"type":"Feature","properties":{"municipio":"d3d662e0-1ba1-45eb-9caf-8f680d10fc41","title":"SC - INDAIAL","name":"SC - INDAIAL","tipo":"Munic\u00edpio","url":"\/dashboard\/details-assets\/d3d662e0-1ba1-45eb-9caf-8f680d10fc41"},"geometry":{"type":"Point","coordinates":[-49.2401404600146,-26.9062559984759]}},{"type":"Feature","properties":{"municipio":"56f42832-e3e7-4a86-8941-81811fb5bd87","title":"SC - JOACABA","name":"SC - JOACABA","tipo":"Munic\u00edpio","url":"\/dashboard\/details-assets\/56f42832-e3e7-4a86-8941-81811fb5bd87"},"geometry":{"type":"Point","coordinates":[-51.5066897333377,-27.1739445284657]}},{"type":"Feature","properties":{"municipio":"1cffa964-5d3c-4b34-a932-ac5a13270cc1","title":"SC - ARARANGUA","name":"SC - ARARANGUA","tipo":"Munic\u00edpio","url":"\/dashboard\/details-assets\/1cffa964-5d3c-4b34-a932-ac5a13270cc1"},"geometry":{"type":"Point","coordinates":[-49.4923013,-28.9361187]}},{"type":"Feature","properties":{"municipio":"97f44a8a-331b-4aab-bf9a-0e7d24f70caf","title":"SC - ITAPEMA","name":"SC - ITAPEMA","tipo":"Munic\u00edpio","url":"\/dashboard\/details-assets\/97f44a8a-331b-4aab-bf9a-0e7d24f70caf"},"geometry":{"type":"Point","coordinates":[-48.6178074,-27.0960682]}},{"type":"Feature","properties":{"municipio":"db8aac1e-bca1-4dff-b6b6-7bf9c31bc220","title":"SC - SAO MIGUEL DO OESTE","name":"SC - SAO MIGUEL DO OESTE","tipo":"Munic\u00edpio","url":"\/dashboard\/details-assets\/db8aac1e-bca1-4dff-b6b6-7bf9c31bc220"},"geometry":{"type":"Point","coordinates":[-53.5188394061561,-26.7264271759021]}},{"type":"Feature","properties":{"municipio":"43b911fd-2ee9-4f2e-a73d-668b313adf39","title":"SC - MARAVILHA","name":"SC - MARAVILHA","tipo":"Munic\u00edpio","url":"\/dashboard\/details-assets\/43b911fd-2ee9-4f2e-a73d-668b313adf39"},"geometry":{"type":"Point","coordinates":[-53.174818815895,-26.7616239465027]}},{"type":"Feature","properties":{"municipio":"3d17d074-8932-4392-a856-2ecf8e473752","title":"SC - XANXERE","name":"SC - XANXERE","tipo":"Munic\u00edpio","url":"\/dashboard\/details-assets\/3d17d074-8932-4392-a856-2ecf8e473752"},"geometry":{"type":"Point","coordinates":[-52.4046671389754,-26.8745844984772]}},{"type":"Feature","properties":{"municipio":"96bffbc8-c983-4522-982e-b9c235724593","title":"SC - SAO PEDRO DE ALCANTARA","name":"SC - SAO PEDRO DE ALCANTARA","tipo":"Munic\u00edpio","url":"\/dashboard\/details-assets\/96bffbc8-c983-4522-982e-b9c235724593"},"geometry":{"type":"Point","coordinates":[-48.8063346527344,-27.562096352644]}},{"type":"Feature","properties":{"municipio":"6375196a-06d3-4184-8af4-8959b3d30285","title":"SC - BIGUACU","name":"SC - BIGUACU","tipo":"Munic\u00edpio","url":"\/dashboard\/details-assets\/6375196a-06d3-4184-8af4-8959b3d30285"},"geometry":{"type":"Point","coordinates":[-48.6544889289506,-27.4943227426967]}},{"type":"Feature","properties":{"municipio":"081f601c-fe6d-4b1d-b26b-ab25cca2e87d","title":"SC - BRUSQUE","name":"SC - BRUSQUE","tipo":"Munic\u00edpio","url":"\/dashboard\/details-assets\/081f601c-fe6d-4b1d-b26b-ab25cca2e87d"},"geometry":{"type":"Point","coordinates":[-48.9151630055154,-27.0983102254449]}},{"type":"Feature","properties":{"municipio":"5f784c87-51dc-4c51-983c-b91f0fff44d9","title":"SC - ITUPORANGA","name":"SC - ITUPORANGA","tipo":"Munic\u00edpio","url":"\/dashboard\/details-assets\/5f784c87-51dc-4c51-983c-b91f0fff44d9"},"geometry":{"type":"Point","coordinates":[-49.603333,-27.413611]}},{"type":"Feature","properties":{"municipio":"a800b3dc-2fa0-4e2a-9f0b-4ec1279212eb","title":"SC - JARAGUA DO SUL","name":"SC - JARAGUA DO SUL","tipo":"Munic\u00edpio","url":"\/dashboard\/details-assets\/a800b3dc-2fa0-4e2a-9f0b-4ec1279212eb"},"geometry":{"type":"Point","coordinates":[-49.0762988228021,-26.4904843486596]}},{"type":"Feature","properties":{"municipio":"0b6d213d-6baf-40dd-8150-dc2b9783f3c1","title":"SC - PORTO UNIAO","name":"SC - PORTO UNIAO","tipo":"Munic\u00edpio","url":"\/dashboard\/details-assets\/0b6d213d-6baf-40dd-8150-dc2b9783f3c1"},"geometry":{"type":"Point","coordinates":[-51.0817102,-26.2389124]}},{"type":"Feature","properties":{"municipio":"f9458682-fb9b-42a9-8932-2c10530edc80","title":"SC - SAO JOSE","name":"SC - SAO JOSE","tipo":"Munic\u00edpio","url":"\/dashboard\/details-assets\/f9458682-fb9b-42a9-8932-2c10530edc80"},"geometry":{"type":"Point","coordinates":[-48.6370861,-27.6140791]}},{"type":"Feature","properties":{"municipio":"a627665a-32ec-4671-9cac-2c348f3447f2","title":"SC - SAO CRISTOVAO DO SUL","name":"SC - SAO CRISTOVAO DO SUL","tipo":"Munic\u00edpio","url":"\/dashboard\/details-assets\/a627665a-32ec-4671-9cac-2c348f3447f2"},"geometry":{"type":"Point","coordinates":[-50.3275427,-27.3167602]}},{"type":"Feature","properties":{"municipio":"81746f20-3c7e-416d-9b4f-351330eb1b4a","title":"SC - CACADOR","name":"SC - CACADOR","tipo":"Munic\u00edpio","url":"\/dashboard\/details-assets\/81746f20-3c7e-416d-9b4f-351330eb1b4a"},"geometry":{"type":"Point","coordinates":[-51.0190347589981,-26.7753476719588]}},{"type":"Feature","properties":{"municipio":"b1454c8b-b8fd-4b3e-a1bb-6c45663e7d1d","title":"SC - IMBITUBA","name":"SC - IMBITUBA","tipo":"Munic\u00edpio","url":"\/dashboard\/details-assets\/b1454c8b-b8fd-4b3e-a1bb-6c45663e7d1d"},"geometry":{"type":"Point","coordinates":[-48.6692841969228,-28.239951113226]}},{"type":"Feature","properties":{"municipio":"89942e93-2ec8-4603-b876-9079a7d0bf6b","title":"SC - LAGUNA","name":"SC - LAGUNA","tipo":"Munic\u00edpio","url":"\/dashboard\/details-assets\/89942e93-2ec8-4603-b876-9079a7d0bf6b"},"geometry":{"type":"Point","coordinates":[-48.7813886217994,-28.4835859531205]}},{"type":"Feature","properties":{"municipio":"77de5621-667a-4e88-8e86-525dfbb233f2","title":"SC - PALHOCA","name":"SC - PALHOCA","tipo":"Munic\u00edpio","url":"\/dashboard\/details-assets\/77de5621-667a-4e88-8e86-525dfbb233f2"},"geometry":{"type":"Point","coordinates":[-48.6702879187121,-27.6470436829145]}},{"type":"Feature","properties":{"municipio":"b1049561-dd89-4eb6-9e45-43fc0ec9b278","title":"SC - CRICIUMA","name":"SC - CRICIUMA","tipo":"Munic\u00edpio","url":"\/dashboard\/details-assets\/b1049561-dd89-4eb6-9e45-43fc0ec9b278"},"geometry":{"type":"Point","coordinates":[-49.3659395588222,-28.6735722518798]}},{"type":"Feature","properties":{"municipio":"4464d19f-c777-4387-886f-3fef79c00720","title":"SC - MAFRA","name":"SC - MAFRA","tipo":"Munic\u00edpio","url":"\/dashboard\/details-assets\/4464d19f-c777-4387-886f-3fef79c00720"},"geometry":{"type":"Point","coordinates":[-49.8010375282692,-26.1152284935074]}},{"type":"Feature","properties":{"municipio":"ddb2de27-389a-442c-9cc2-47cc5b066467","title":"SC - CURITIBANOS","name":"SC - CURITIBANOS","tipo":"Munic\u00edpio","url":"\/dashboard\/details-assets\/ddb2de27-389a-442c-9cc2-47cc5b066467"},"geometry":{"type":"Point","coordinates":[-50.5826010352621,-27.2829825056971]}},{"type":"Feature","properties":{"municipio":"aef7ef36-1913-4b0b-911f-71eb1d5f9035","title":"SC - TIJUCAS","name":"SC - TIJUCAS","tipo":"Munic\u00edpio","url":"\/dashboard\/details-assets\/aef7ef36-1913-4b0b-911f-71eb1d5f9035"},"geometry":{"type":"Point","coordinates":[-48.6320705638696,-27.2394536064421]}},{"type":"Feature","properties":{"municipio":"68c11bcd-c046-489f-9d62-fe5e73a758cd","title":"SC - CHAPECO","name":"SC - CHAPECO","tipo":"Munic\u00edpio","url":"\/dashboard\/details-assets\/68c11bcd-c046-489f-9d62-fe5e73a758cd"},"geometry":{"type":"Point","coordinates":[-52.615699,-27.1009343]}},{"type":"Feature","properties":{"municipio":"e1db0f26-dce6-4844-a8e1-bcfa621a928f","title":"SC - SAO BENTO DO SUL","name":"SC - SAO BENTO DO SUL","tipo":"Munic\u00edpio","url":"\/dashboard\/details-assets\/e1db0f26-dce6-4844-a8e1-bcfa621a928f"},"geometry":{"type":"Point","coordinates":[-49.378889,-26.250556]}},{"type":"Feature","properties":{"municipio":"8a571523-73d4-4ac6-8626-a1f9eda746c3","title":"SC - TUBARAO","name":"SC - TUBARAO","tipo":"Munic\u00edpio","url":"\/dashboard\/details-assets\/8a571523-73d4-4ac6-8626-a1f9eda746c3"},"geometry":{"type":"Point","coordinates":[-49.0052680770245,-28.4800339470587]}},{"type":"Feature","properties":{"municipio":"107ae7c8-ac8b-4ca6-9b00-bf1353c0c071","title":"SC - LAGES","name":"SC - LAGES","tipo":"Munic\u00edpio","url":"\/dashboard\/details-assets\/107ae7c8-ac8b-4ca6-9b00-bf1353c0c071"},"geometry":{"type":"Point","coordinates":[-50.3302224241895,-27.8172594623345]}},{"type":"Feature","properties":{"municipio":"2c88cf1e-b475-4942-a234-89e39aaa406a","title":"SC - BLUMENAU","name":"SC - BLUMENAU","tipo":"Munic\u00edpio","url":"\/dashboard\/details-assets\/2c88cf1e-b475-4942-a234-89e39aaa406a"},"geometry":{"type":"Point","coordinates":[-49.0576308843612,-26.9161077045444]}},{"type":"Feature","properties":{"municipio":"0392b4d5-be20-411c-a7f6-acab7bb20d51","title":"SC - SAO JOSE DO CEDRO","name":"SC - SAO JOSE DO CEDRO","tipo":"Munic\u00edpio","url":"\/dashboard\/details-assets\/0392b4d5-be20-411c-a7f6-acab7bb20d51"},"geometry":{"type":"Point","coordinates":[-53.4994236,-26.4554731]}},{"type":"Feature","properties":{"municipio":"184482bc-2e53-478c-9ebe-9e1a749fa6d3","title":"SC - ITAJAI","name":"SC - ITAJAI","tipo":"Munic\u00edpio","url":"\/dashboard\/details-assets\/184482bc-2e53-478c-9ebe-9e1a749fa6d3"},"geometry":{"type":"Point","coordinates":[-48.6709133,-26.9107052]}},{"type":"Feature","properties":{"municipio":"7f19e33c-94cd-4e49-a514-ab00f2f4b3f6","title":"SC - FLORIANOPOLIS","name":"SC - FLORIANOPOLIS","tipo":"Munic\u00edpio","url":"\/dashboard\/details-assets\/7f19e33c-94cd-4e49-a514-ab00f2f4b3f6"},"geometry":{"type":"Point","coordinates":[-48.5476373781933,-27.5877955477749]}},{"type":"Feature","properties":{"municipio":"b0acec1c-261e-458d-89ca-44edbcfb26f3","title":"SC - JOINVILLE","name":"SC - JOINVILLE","tipo":"Munic\u00edpio","url":"\/dashboard\/details-assets\/b0acec1c-261e-458d-89ca-44edbcfb26f3"},"geometry":{"type":"Point","coordinates":[-48.8494091432379,-26.3045176479039]}},{"type":"Feature","properties":{"municipio":"68d5e5cd-ded4-4c54-8ce8-985e5aad06c1","title":"SC - CONCORDIA","name":"SC - CONCORDIA","tipo":"Munic\u00edpio","url":"\/dashboard\/details-assets\/68d5e5cd-ded4-4c54-8ce8-985e5aad06c1"},"geometry":{"type":"Point","coordinates":[-52.0239710697483,-27.2336587792856]}},{"type":"Feature","properties":{"municipio":"acc763f3-0892-417c-9095-f11b4f740406","title":"SC - CAMPOS NOVOS","name":"SC - CAMPOS NOVOS","tipo":"Munic\u00edpio","url":"\/dashboard\/details-assets\/acc763f3-0892-417c-9095-f11b4f740406"},"geometry":{"type":"Point","coordinates":[-51.2258597,-27.4009891]}},{"type":"Feature","properties":{"municipio":"28782f70-e662-4360-b7e3-8ed181e3547c","title":"SC - SAO FRANCISCO DO SUL","name":"SC - SAO FRANCISCO DO SUL","tipo":"Munic\u00edpio","url":"\/dashboard\/details-assets\/28782f70-e662-4360-b7e3-8ed181e3547c"},"geometry":{"type":"Point","coordinates":[-48.636667,-26.243889]}},{"type":"Feature","properties":{"municipio":"84a54920-6080-4969-b99b-5b3ae69a9b7d","title":"SC - CANOINHAS","name":"SC - CANOINHAS","tipo":"Munic\u00edpio","url":"\/dashboard\/details-assets\/84a54920-6080-4969-b99b-5b3ae69a9b7d"},"geometry":{"type":"Point","coordinates":[-50.3929235601562,-26.1603616775609]}},{"type":"Feature","properties":{"municipio":"7b567c47-03d9-470e-ae6c-8a3410f59364","title":"RS - JAGUARI","name":"RS - JAGUARI","tipo":"Munic\u00edpio","url":"\/dashboard\/details-assets\/7b567c47-03d9-470e-ae6c-8a3410f59364"},"geometry":{"type":"Point","coordinates":[-54.6533747,-29.4848659]}},{"type":"Feature","properties":{"municipio":"ceff1cc9-4bc8-4c1d-bf68-3421d49a04fa","title":"RS - JAGUARAO","name":"RS - JAGUARAO","tipo":"Munic\u00edpio","url":"\/dashboard\/details-assets\/ceff1cc9-4bc8-4c1d-bf68-3421d49a04fa"},"geometry":{"type":"Point","coordinates":[-53.375556,-32.565833]}},{"type":"Feature","properties":{"municipio":"c1658999-e838-4df2-8035-391950754cd7","title":"RS - CANGUCU","name":"RS - CANGUCU","tipo":"Munic\u00edpio","url":"\/dashboard\/details-assets\/c1658999-e838-4df2-8035-391950754cd7"},"geometry":{"type":"Point","coordinates":[-52.6787852,-31.3964785]}},{"type":"Feature","properties":{"municipio":"3ca5b320-5f7b-4766-a27b-44897fe85feb","title":"RS - QUARAI","name":"RS - QUARAI","tipo":"Munic\u00edpio","url":"\/dashboard\/details-assets\/3ca5b320-5f7b-4766-a27b-44897fe85feb"},"geometry":{"type":"Point","coordinates":[-56.4488086,-30.3845133]}},{"type":"Feature","properties":{"municipio":"e065800b-297a-47ef-963d-d9550e286480","title":"RS - CACHOEIRA DO SUL","name":"RS - CACHOEIRA DO SUL","tipo":"Munic\u00edpio","url":"\/dashboard\/details-assets\/e065800b-297a-47ef-963d-d9550e286480"},"geometry":{"type":"Point","coordinates":[-52.893221,-30.0336816]}},{"type":"Feature","properties":{"municipio":"b6657dcb-618b-4aa3-8a3e-eff0bcbcd910","title":"RS - ESPUMOSO","name":"RS - ESPUMOSO","tipo":"Munic\u00edpio","url":"\/dashboard\/details-assets\/b6657dcb-618b-4aa3-8a3e-eff0bcbcd910"},"geometry":{"type":"Point","coordinates":[-52.8444231,-28.7245183]}},{"type":"Feature","properties":{"municipio":"c4fd44df-f37d-4137-9ce8-3d4863297c2c","title":"RS - RIO GRANDE","name":"RS - RIO GRANDE","tipo":"Munic\u00edpio","url":"\/dashboard\/details-assets\/c4fd44df-f37d-4137-9ce8-3d4863297c2c"},"geometry":{"type":"Point","coordinates":[-52.1004780640625,-32.0208682293724]}},{"type":"Feature","properties":{"municipio":"36026136-e948-4e2e-95eb-fce15d843eb2","title":"RS - SAO LUIZ GONZAGA","name":"RS - SAO LUIZ GONZAGA","tipo":"Munic\u00edpio","url":"\/dashboard\/details-assets\/36026136-e948-4e2e-95eb-fce15d843eb2"},"geometry":{"type":"Point","coordinates":[-54.9645197400391,-28.4057130686248]}},{"type":"Feature","properties":{"municipio":"d2605b04-a54b-4f16-91c1-753ec8d68a21","title":"RS - SANTA ROSA","name":"RS - SANTA ROSA","tipo":"Munic\u00edpio","url":"\/dashboard\/details-assets\/d2605b04-a54b-4f16-91c1-753ec8d68a21"},"geometry":{"type":"Point","coordinates":[-54.4801558,-27.8706817]}},{"type":"Feature","properties":{"municipio":"c49d5c61-f828-471f-be24-e9b3d2fadf55","title":"RS - ARROIO DO MEIO","name":"RS - ARROIO DO MEIO","tipo":"Munic\u00edpio","url":"\/dashboard\/details-assets\/c49d5c61-f828-471f-be24-e9b3d2fadf55"},"geometry":{"type":"Point","coordinates":[-51.9474494916139,-29.3988907183293]}},{"type":"Feature","properties":{"municipio":"107c38e5-8bb5-4f0a-a72f-410c8bf56118","title":"RS - GUAIBA","name":"RS - GUAIBA","tipo":"Munic\u00edpio","url":"\/dashboard\/details-assets\/107c38e5-8bb5-4f0a-a72f-410c8bf56118"},"geometry":{"type":"Point","coordinates":[-51.3146836637248,-30.1086019215542]}},{"type":"Feature","properties":{"municipio":"9e678251-c160-49de-b47f-10fc27bb2ac7","title":"RS - SAO SEPE","name":"RS - SAO SEPE","tipo":"Munic\u00edpio","url":"\/dashboard\/details-assets\/9e678251-c160-49de-b47f-10fc27bb2ac7"},"geometry":{"type":"Point","coordinates":[-53.56,-30.16]}},{"type":"Feature","properties":{"municipio":"baa101ff-15eb-4ef7-8f6b-e22d3b4516e0","title":"RS - ENCANTADO","name":"RS - ENCANTADO","tipo":"Munic\u00edpio","url":"\/dashboard\/details-assets\/baa101ff-15eb-4ef7-8f6b-e22d3b4516e0"},"geometry":{"type":"Point","coordinates":[-51.870556,-29.237222]}},{"type":"Feature","properties":{"municipio":"4992777d-030e-4fcc-804d-25f6acf96163","title":"RS - CERRO LARGO","name":"RS - CERRO LARGO","tipo":"Munic\u00edpio","url":"\/dashboard\/details-assets\/4992777d-030e-4fcc-804d-25f6acf96163"},"geometry":{"type":"Point","coordinates":[-54.739167,-28.146944]}},{"type":"Feature","properties":{"municipio":"11920c06-ec2a-4c0c-bd4b-fb6c24172481","title":"RS - LAVRAS DO SUL","name":"RS - LAVRAS DO SUL","tipo":"Munic\u00edpio","url":"\/dashboard\/details-assets\/11920c06-ec2a-4c0c-bd4b-fb6c24172481"},"geometry":{"type":"Point","coordinates":[-53.894444,-30.809167]}},{"type":"Feature","properties":{"municipio":"d304feda-95c3-4adb-a558-91056a5d7b84","title":"RS - FREDERICO WESTPHALEN","name":"RS - FREDERICO WESTPHALEN","tipo":"Munic\u00edpio","url":"\/dashboard\/details-assets\/d304feda-95c3-4adb-a558-91056a5d7b84"},"geometry":{"type":"Point","coordinates":[-53.3963199,-27.3607338]}},{"type":"Feature","properties":{"municipio":"b3fcc47c-695d-4fdf-962c-5586a1564ae2","title":"RS - LAGOA VERMELHA","name":"RS - LAGOA VERMELHA","tipo":"Munic\u00edpio","url":"\/dashboard\/details-assets\/b3fcc47c-695d-4fdf-962c-5586a1564ae2"},"geometry":{"type":"Point","coordinates":[-51.5244569383789,-28.2033356446455]}},{"type":"Feature","properties":{"municipio":"31a6876e-4d11-46f1-888a-61d8541ed02c","title":"RS - GRAVATAI","name":"RS - GRAVATAI","tipo":"Munic\u00edpio","url":"\/dashboard\/details-assets\/31a6876e-4d11-46f1-888a-61d8541ed02c"},"geometry":{"type":"Point","coordinates":[-50.99,-29.94]}},{"type":"Feature","properties":{"municipio":"d36e53b2-6009-4ad6-a68f-969ad48a44a2","title":"RS - SAO JERONIMO","name":"RS - SAO JERONIMO","tipo":"Munic\u00edpio","url":"\/dashboard\/details-assets\/d36e53b2-6009-4ad6-a68f-969ad48a44a2"},"geometry":{"type":"Point","coordinates":[-51.7250108,-29.962127]}},{"type":"Feature","properties":{"municipio":"94b8a549-10f9-423e-be86-1d7920f21f96","title":"RS - SARANDI","name":"RS - SARANDI","tipo":"Munic\u00edpio","url":"\/dashboard\/details-assets\/94b8a549-10f9-423e-be86-1d7920f21f96"},"geometry":{"type":"Point","coordinates":[-52.9164069,-27.946449]}},{"type":"Feature","properties":{"municipio":"51e80deb-b476-444e-8784-e2fea9e2e3a3","title":"RS - LAJEADO","name":"RS - LAJEADO","tipo":"Munic\u00edpio","url":"\/dashboard\/details-assets\/51e80deb-b476-444e-8784-e2fea9e2e3a3"},"geometry":{"type":"Point","coordinates":[-51.9678277005001,-29.4654544016624]}},{"type":"Feature","properties":{"municipio":"f7bcfd43-215a-46d3-a14c-5eb87cfc8642","title":"RS - ROSARIO DO SUL","name":"RS - ROSARIO DO SUL","tipo":"Munic\u00edpio","url":"\/dashboard\/details-assets\/f7bcfd43-215a-46d3-a14c-5eb87cfc8642"},"geometry":{"type":"Point","coordinates":[-54.9226452,-30.2488032]}},{"type":"Feature","properties":{"municipio":"fbb2074f-0f13-4a63-a324-fbcf37f915c8","title":"RS - ITAQUI","name":"RS - ITAQUI","tipo":"Munic\u00edpio","url":"\/dashboard\/details-assets\/fbb2074f-0f13-4a63-a324-fbcf37f915c8"},"geometry":{"type":"Point","coordinates":[-56.5481122,-29.1294007]}},{"type":"Feature","properties":{"municipio":"30fe4372-c8ef-45b2-ab97-61365bdd9867","title":"RS - CAMAQUA","name":"RS - CAMAQUA","tipo":"Munic\u00edpio","url":"\/dashboard\/details-assets\/30fe4372-c8ef-45b2-ab97-61365bdd9867"},"geometry":{"type":"Point","coordinates":[-51.8048311,-30.8493976]}},{"type":"Feature","properties":{"municipio":"bf59c315-0fa9-47db-8b9c-cca0283f14f6","title":"RS - ENCRUZILHADA DO SUL","name":"RS - ENCRUZILHADA DO SUL","tipo":"Munic\u00edpio","url":"\/dashboard\/details-assets\/bf59c315-0fa9-47db-8b9c-cca0283f14f6"},"geometry":{"type":"Point","coordinates":[-52.521944,-30.543889]}},{"type":"Feature","properties":{"municipio":"84b5d494-4d92-459e-b7ad-c1b5910d4c9f","title":"RS - IRAI","name":"RS - IRAI","tipo":"Munic\u00edpio","url":"\/dashboard\/details-assets\/84b5d494-4d92-459e-b7ad-c1b5910d4c9f"},"geometry":{"type":"Point","coordinates":[-53.250556,-27.193056]}},{"type":"Feature","properties":{"municipio":"416eb2eb-819d-4a2c-8c1a-c37b2e8855cf","title":"RS - PALMEIRA DAS MISSOES","name":"RS - PALMEIRA DAS MISSOES","tipo":"Munic\u00edpio","url":"\/dashboard\/details-assets\/416eb2eb-819d-4a2c-8c1a-c37b2e8855cf"},"geometry":{"type":"Point","coordinates":[-53.3140353,-27.9001784]}},{"type":"Feature","properties":{"municipio":"0b509582-9386-4d04-ac9b-5521a52da8f0","title":"RS - ALVORADA","name":"RS - ALVORADA","tipo":"Munic\u00edpio","url":"\/dashboard\/details-assets\/0b509582-9386-4d04-ac9b-5521a52da8f0"},"geometry":{"type":"Point","coordinates":[-51.082778,-29.991667]}},{"type":"Feature","properties":{"municipio":"1a6b9ab7-18cf-43a7-b823-eb33eb5f8712","title":"RS - SAO FRANCISCO DE PAULA","name":"RS - SAO FRANCISCO DE PAULA","tipo":"Munic\u00edpio","url":"\/dashboard\/details-assets\/1a6b9ab7-18cf-43a7-b823-eb33eb5f8712"},"geometry":{"type":"Point","coordinates":[-50.5807037,-29.445913]}},{"type":"Feature","properties":{"municipio":"ea6b9403-fe35-4619-9be9-d0aa512b93db","title":"RS - VIAMAO","name":"RS - VIAMAO","tipo":"Munic\u00edpio","url":"\/dashboard\/details-assets\/ea6b9403-fe35-4619-9be9-d0aa512b93db"},"geometry":{"type":"Point","coordinates":[-51.023333,-30.081111]}},{"type":"Feature","properties":{"municipio":"48e7d8aa-8052-4c9a-9b6c-0371907a463c","title":"RS - DOM PEDRITO","name":"RS - DOM PEDRITO","tipo":"Munic\u00edpio","url":"\/dashboard\/details-assets\/48e7d8aa-8052-4c9a-9b6c-0371907a463c"},"geometry":{"type":"Point","coordinates":[-54.6650050611328,-30.9710503937702]}},{"type":"Feature","properties":{"municipio":"dc6687db-c36b-404d-ab68-dbc62b1b84c9","title":"RS - VENANCIO AIRES","name":"RS - VENANCIO AIRES","tipo":"Munic\u00edpio","url":"\/dashboard\/details-assets\/dc6687db-c36b-404d-ab68-dbc62b1b84c9"},"geometry":{"type":"Point","coordinates":[-52.1918802404895,-29.6116528918445]}},{"type":"Feature","properties":{"municipio":"04c89eeb-cf14-45f1-a5e9-770de74ab47b","title":"RS - BAGE","name":"RS - BAGE","tipo":"Munic\u00edpio","url":"\/dashboard\/details-assets\/04c89eeb-cf14-45f1-a5e9-770de74ab47b"},"geometry":{"type":"Point","coordinates":[-54.1004709,-31.3301746]}},{"type":"Feature","properties":{"municipio":"8aba7503-e865-472b-93f8-13ab8505c3a0","title":"RS - CACEQUI","name":"RS - CACEQUI","tipo":"Munic\u00edpio","url":"\/dashboard\/details-assets\/8aba7503-e865-472b-93f8-13ab8505c3a0"},"geometry":{"type":"Point","coordinates":[-54.8265622,-29.8801552]}},{"type":"Feature","properties":{"municipio":"f622ed67-6963-435f-979e-7fd317f31160","title":"RS - JULIO DE CASTILHOS","name":"RS - JULIO DE CASTILHOS","tipo":"Munic\u00edpio","url":"\/dashboard\/details-assets\/f622ed67-6963-435f-979e-7fd317f31160"},"geometry":{"type":"Point","coordinates":[-53.68,-29.22]}},{"type":"Feature","properties":{"municipio":"fcd1ba31-2c1d-41c4-bce5-d92c15b2fad9","title":"RS - SAO LEOPOLDO","name":"RS - SAO LEOPOLDO","tipo":"Munic\u00edpio","url":"\/dashboard\/details-assets\/fcd1ba31-2c1d-41c4-bce5-d92c15b2fad9"},"geometry":{"type":"Point","coordinates":[-51.14,-29.76]}},{"type":"Feature","properties":{"municipio":"01615386-ddb5-48a5-915e-2289a087cd0f","title":"RS - SANTO ANGELO","name":"RS - SANTO ANGELO","tipo":"Munic\u00edpio","url":"\/dashboard\/details-assets\/01615386-ddb5-48a5-915e-2289a087cd0f"},"geometry":{"type":"Point","coordinates":[-54.2641427984269,-28.3019378725592]}},{"type":"Feature","properties":{"municipio":"613a79cd-d255-456e-9fa2-2392b47c2bd1","title":"RS - CACHOEIRINHA","name":"RS - CACHOEIRINHA","tipo":"Munic\u00edpio","url":"\/dashboard\/details-assets\/613a79cd-d255-456e-9fa2-2392b47c2bd1"},"geometry":{"type":"Point","coordinates":[-51.093889,-29.951111]}},{"type":"Feature","properties":{"municipio":"3c1c9cbd-099e-40c9-b529-c64f2d5cbb5c","title":"RS - TRES PASSOS","name":"RS - TRES PASSOS","tipo":"Munic\u00edpio","url":"\/dashboard\/details-assets\/3c1c9cbd-099e-40c9-b529-c64f2d5cbb5c"},"geometry":{"type":"Point","coordinates":[-53.9296989580111,-27.45615988307]}},{"type":"Feature","properties":{"municipio":"070d5fb5-2b82-4b11-b687-1bf85eeb18a0","title":"RS - VACARIA","name":"RS - VACARIA","tipo":"Munic\u00edpio","url":"\/dashboard\/details-assets\/070d5fb5-2b82-4b11-b687-1bf85eeb18a0"},"geometry":{"type":"Point","coordinates":[-50.9365991641211,-28.5023543943946]}},{"type":"Feature","properties":{"municipio":"efe052a8-61d1-4bcf-92c7-52c30a34c2f9","title":"RS - CACAPAVA DO SUL","name":"RS - CACAPAVA DO SUL","tipo":"Munic\u00edpio","url":"\/dashboard\/details-assets\/efe052a8-61d1-4bcf-92c7-52c30a34c2f9"},"geometry":{"type":"Point","coordinates":[-51.9614829532158,-30.1161440118278]}},{"type":"Feature","properties":{"municipio":"dabbe569-64bc-46cc-a36c-47dd7e72d4b3","title":"RS - BENTO GONCALVES","name":"RS - BENTO GONCALVES","tipo":"Munic\u00edpio","url":"\/dashboard\/details-assets\/dabbe569-64bc-46cc-a36c-47dd7e72d4b3"},"geometry":{"type":"Point","coordinates":[-51.5169861,-29.1667089]}},{"type":"Feature","properties":{"municipio":"c84e622a-beee-40ca-b3c2-28d7f258d5c9","title":"RS - TORRES","name":"RS - TORRES","tipo":"Munic\u00edpio","url":"\/dashboard\/details-assets\/c84e622a-beee-40ca-b3c2-28d7f258d5c9"},"geometry":{"type":"Point","coordinates":[-49.723909,-29.3344108]}},{"type":"Feature","properties":{"municipio":"fb7d04e0-3d15-40af-a26c-c47b938a246a","title":"RS - RIO PARDO","name":"RS - RIO PARDO","tipo":"Munic\u00edpio","url":"\/dashboard\/details-assets\/fb7d04e0-3d15-40af-a26c-c47b938a246a"},"geometry":{"type":"Point","coordinates":[-52.37,-29.99]}},{"type":"Feature","properties":{"municipio":"a1aef0f0-2225-41db-b2a8-d56b9345fc2e","title":"RS - SANTA VITORIA DO PALMAR","name":"RS - SANTA VITORIA DO PALMAR","tipo":"Munic\u00edpio","url":"\/dashboard\/details-assets\/a1aef0f0-2225-41db-b2a8-d56b9345fc2e"},"geometry":{"type":"Point","coordinates":[-53.3664818,-33.5215632]}},{"type":"Feature","properties":{"municipio":"393569b2-7c43-4f52-b025-bbae1537eb4e","title":"RS - CRUZ ALTA","name":"RS - CRUZ ALTA","tipo":"Munic\u00edpio","url":"\/dashboard\/details-assets\/393569b2-7c43-4f52-b025-bbae1537eb4e"},"geometry":{"type":"Point","coordinates":[-53.605355,-28.6454883]}},{"type":"Feature","properties":{"municipio":"7791461c-78c9-4477-989c-87d465c42b50","title":"RS - SANTIAGO","name":"RS - SANTIAGO","tipo":"Munic\u00edpio","url":"\/dashboard\/details-assets\/7791461c-78c9-4477-989c-87d465c42b50"},"geometry":{"type":"Point","coordinates":[-54.8690758537886,-29.1914601700905]}},{"type":"Feature","properties":{"municipio":"d1bd353f-3d20-4a61-b90d-86c3ea0238fc","title":"RS - NOVA PRATA","name":"RS - NOVA PRATA","tipo":"Munic\u00edpio","url":"\/dashboard\/details-assets\/d1bd353f-3d20-4a61-b90d-86c3ea0238fc"},"geometry":{"type":"Point","coordinates":[-51.61,-28.78]}},{"type":"Feature","properties":{"municipio":"b0553e86-dff0-437e-a87c-7b453c18b1dd","title":"RS - ARROIO DOS RATOS","name":"RS - ARROIO DOS RATOS","tipo":"Munic\u00edpio","url":"\/dashboard\/details-assets\/b0553e86-dff0-437e-a87c-7b453c18b1dd"},"geometry":{"type":"Point","coordinates":[-51.72,-30.07]}},{"type":"Feature","properties":{"municipio":"9bd3763b-1d11-42a1-b627-18106215625d","title":"RS - CANELA","name":"RS - CANELA","tipo":"Munic\u00edpio","url":"\/dashboard\/details-assets\/9bd3763b-1d11-42a1-b627-18106215625d"},"geometry":{"type":"Point","coordinates":[-50.8124263,-29.3564931]}},{"type":"Feature","properties":{"municipio":"65e11177-7f61-4d16-a19b-b1f6a3cb0c9a","title":"RS - FARROUPILHA","name":"RS - FARROUPILHA","tipo":"Munic\u00edpio","url":"\/dashboard\/details-assets\/65e11177-7f61-4d16-a19b-b1f6a3cb0c9a"},"geometry":{"type":"Point","coordinates":[-51.348056,-29.225556]}},{"type":"Feature","properties":{"municipio":"c1769671-fc6f-4708-bfcf-77e16bd468ac","title":"RS - PELOTAS","name":"RS - PELOTAS","tipo":"Munic\u00edpio","url":"\/dashboard\/details-assets\/c1769671-fc6f-4708-bfcf-77e16bd468ac"},"geometry":{"type":"Point","coordinates":[-52.34432,-31.7499652966305]}},{"type":"Feature","properties":{"municipio":"ec20cab3-12de-4b06-b73b-9d49e626962d","title":"RS - SAO GABRIEL","name":"RS - SAO GABRIEL","tipo":"Munic\u00edpio","url":"\/dashboard\/details-assets\/ec20cab3-12de-4b06-b73b-9d49e626962d"},"geometry":{"type":"Point","coordinates":[-54.32,-30.33]}},{"type":"Feature","properties":{"municipio":"d82a86c2-0070-44d4-9094-aa3fd8e18770","title":"RS - OSORIO","name":"RS - OSORIO","tipo":"Munic\u00edpio","url":"\/dashboard\/details-assets\/d82a86c2-0070-44d4-9094-aa3fd8e18770"},"geometry":{"type":"Point","coordinates":[-50.2848677046875,-29.8527814364185]}},{"type":"Feature","properties":{"municipio":"079a76fa-d059-43d9-8221-4fada22f66e0","title":"RS - CANDELARIA","name":"RS - CANDELARIA","tipo":"Munic\u00edpio","url":"\/dashboard\/details-assets\/079a76fa-d059-43d9-8221-4fada22f66e0"},"geometry":{"type":"Point","coordinates":[-52.79,-29.668333]}},{"type":"Feature","properties":{"municipio":"699c0b72-96ca-4a8e-bf76-5604795e7742","title":"RS - SAO FRANCISCO DE ASSIS","name":"RS - SAO FRANCISCO DE ASSIS","tipo":"Munic\u00edpio","url":"\/dashboard\/details-assets\/699c0b72-96ca-4a8e-bf76-5604795e7742"},"geometry":{"type":"Point","coordinates":[-55.1257125,-29.5549057]}},{"type":"Feature","properties":{"municipio":"0854d1a7-f270-4706-88db-4302f81ab0fe","title":"RS - CHARQUEADAS","name":"RS - CHARQUEADAS","tipo":"Munic\u00edpio","url":"\/dashboard\/details-assets\/0854d1a7-f270-4706-88db-4302f81ab0fe"},"geometry":{"type":"Point","coordinates":[-51.6250060521847,-29.9568003622277]}},{"type":"Feature","properties":{"municipio":"1d128025-3d48-4153-b2ff-1a5e2efa5b5f","title":"RS - CAXIAS DO SUL","name":"RS - CAXIAS DO SUL","tipo":"Munic\u00edpio","url":"\/dashboard\/details-assets\/1d128025-3d48-4153-b2ff-1a5e2efa5b5f"},"geometry":{"type":"Point","coordinates":[-51.178860205883,-29.1668990102587]}},{"type":"Feature","properties":{"municipio":"f145e318-4db5-4178-99b9-629aeffb0281","title":"RS - SAO BORJA","name":"RS - SAO BORJA","tipo":"Munic\u00edpio","url":"\/dashboard\/details-assets\/f145e318-4db5-4178-99b9-629aeffb0281"},"geometry":{"type":"Point","coordinates":[-56.0041451,-28.6583059]}},{"type":"Feature","properties":{"municipio":"0d506340-af95-45fd-9550-b82d33cb71f3","title":"RS - SANTO CRISTO","name":"RS - SANTO CRISTO","tipo":"Munic\u00edpio","url":"\/dashboard\/details-assets\/0d506340-af95-45fd-9550-b82d33cb71f3"},"geometry":{"type":"Point","coordinates":[-54.6630812,-27.8263074]}},{"type":"Feature","properties":{"municipio":"d8c61565-d209-4de1-bcc9-64b420d4bc80","title":"RS - ALEGRETE","name":"RS - ALEGRETE","tipo":"Munic\u00edpio","url":"\/dashboard\/details-assets\/d8c61565-d209-4de1-bcc9-64b420d4bc80"},"geometry":{"type":"Point","coordinates":[-55.7847960882813,-29.7731797174279]}},{"type":"Feature","properties":{"municipio":"01a722c9-1992-4ecf-b261-b82843324866","title":"RS - CARAZINHO","name":"RS - CARAZINHO","tipo":"Munic\u00edpio","url":"\/dashboard\/details-assets\/01a722c9-1992-4ecf-b261-b82843324866"},"geometry":{"type":"Point","coordinates":[-52.793776,-28.2963334]}},{"type":"Feature","properties":{"municipio":"a6884f09-84d7-421a-8663-57daa535ff16","title":"RS - SANTA MARIA","name":"RS - SANTA MARIA","tipo":"Munic\u00edpio","url":"\/dashboard\/details-assets\/a6884f09-84d7-421a-8663-57daa535ff16"},"geometry":{"type":"Point","coordinates":[-53.8154499,-29.68725]}},{"type":"Feature","properties":{"municipio":"6bca1e70-f23c-41f2-b2a4-9d7bf931b59d","title":"RS - PASSO FUNDO","name":"RS - PASSO FUNDO","tipo":"Munic\u00edpio","url":"\/dashboard\/details-assets\/6bca1e70-f23c-41f2-b2a4-9d7bf931b59d"},"geometry":{"type":"Point","coordinates":[-52.4070950926172,-28.2617671271174]}},{"type":"Feature","properties":{"municipio":"83c5b94f-f346-4344-b8ac-8879c827ca20","title":"RS - SANTA CRUZ DO SUL","name":"RS - SANTA CRUZ DO SUL","tipo":"Munic\u00edpio","url":"\/dashboard\/details-assets\/83c5b94f-f346-4344-b8ac-8879c827ca20"},"geometry":{"type":"Point","coordinates":[-52.4348382,-29.722516]}},{"type":"Feature","properties":{"municipio":"016aa1e1-25f1-4655-a4dc-bd2498e2f260","title":"RS - GUAPORE","name":"RS - GUAPORE","tipo":"Munic\u00edpio","url":"\/dashboard\/details-assets\/016aa1e1-25f1-4655-a4dc-bd2498e2f260"},"geometry":{"type":"Point","coordinates":[-51.8901313,-28.8479263]}},{"type":"Feature","properties":{"municipio":"21aa6015-a60f-4193-91ce-924e1da1b5c1","title":"RS - AGUDO","name":"RS - AGUDO","tipo":"Munic\u00edpio","url":"\/dashboard\/details-assets\/21aa6015-a60f-4193-91ce-924e1da1b5c1"},"geometry":{"type":"Point","coordinates":[-53.24,-29.64]}},{"type":"Feature","properties":{"municipio":"3044ec78-23b0-4fb3-8cf2-67813b31d760","title":"RS - SOLEDADE","name":"RS - SOLEDADE","tipo":"Munic\u00edpio","url":"\/dashboard\/details-assets\/3044ec78-23b0-4fb3-8cf2-67813b31d760"},"geometry":{"type":"Point","coordinates":[-52.51,-28.81]}},{"type":"Feature","properties":{"municipio":"1266b2ba-7cfa-4e93-9b43-4b762753a518","title":"RS - SOBRADINHO","name":"RS - SOBRADINHO","tipo":"Munic\u00edpio","url":"\/dashboard\/details-assets\/1266b2ba-7cfa-4e93-9b43-4b762753a518"},"geometry":{"type":"Point","coordinates":[-53.028611,-29.421111]}},{"type":"Feature","properties":{"municipio":"5b732a78-e019-4244-b1f7-706fa0aede46","title":"RS - CANOAS","name":"RS - CANOAS","tipo":"Munic\u00edpio","url":"\/dashboard\/details-assets\/5b732a78-e019-4244-b1f7-706fa0aede46"},"geometry":{"type":"Point","coordinates":[-51.1810297806876,-29.9186967056744]}},{"type":"Feature","properties":{"municipio":"7c6dc1f3-9188-420d-a402-091e5e05f845","title":"RS - GETULIO VARGAS","name":"RS - GETULIO VARGAS","tipo":"Munic\u00edpio","url":"\/dashboard\/details-assets\/7c6dc1f3-9188-420d-a402-091e5e05f845"},"geometry":{"type":"Point","coordinates":[-52.22,-27.89]}},{"type":"Feature","properties":{"municipio":"48740f9d-f807-4aea-a63e-91b22c1f2406","title":"RS - SAO VICENTE DO SUL","name":"RS - SAO VICENTE DO SUL","tipo":"Munic\u00edpio","url":"\/dashboard\/details-assets\/48740f9d-f807-4aea-a63e-91b22c1f2406"},"geometry":{"type":"Point","coordinates":[-54.675,-29.691111]}},{"type":"Feature","properties":{"municipio":"f7183d4c-d1d7-471c-bef9-cc5abd86a26c","title":"RS - NOVO HAMBURGO","name":"RS - NOVO HAMBURGO","tipo":"Munic\u00edpio","url":"\/dashboard\/details-assets\/f7183d4c-d1d7-471c-bef9-cc5abd86a26c"},"geometry":{"type":"Point","coordinates":[-51.1255697,-29.6918991]}},{"type":"Feature","properties":{"municipio":"67276b0e-a741-439e-a136-fab3c6e59709","title":"RS - MONTENEGRO","name":"RS - MONTENEGRO","tipo":"Munic\u00edpio","url":"\/dashboard\/details-assets\/67276b0e-a741-439e-a136-fab3c6e59709"},"geometry":{"type":"Point","coordinates":[-51.4684153,-29.6829126]}},{"type":"Feature","properties":{"municipio":"bc959057-2430-4775-ab76-3e72f201f841","title":"RS - URUGUAIANA","name":"RS - URUGUAIANA","tipo":"Munic\u00edpio","url":"\/dashboard\/details-assets\/bc959057-2430-4775-ab76-3e72f201f841"},"geometry":{"type":"Point","coordinates":[-57.0858428,-29.7619121]}},{"type":"Feature","properties":{"municipio":"72435cd2-e413-48fa-9ef9-8504028b7a5c","title":"RS - SANT ANA DO LIVRAMENTO","name":"RS - SANT ANA DO LIVRAMENTO","tipo":"Munic\u00edpio","url":"\/dashboard\/details-assets\/72435cd2-e413-48fa-9ef9-8504028b7a5c"},"geometry":{"type":"Point","coordinates":[-55.5392304,-30.8772854]}},{"type":"Feature","properties":{"municipio":"4986730c-79f0-4d66-932e-0012961d2db8","title":"RS - IJUI","name":"RS - IJUI","tipo":"Munic\u00edpio","url":"\/dashboard\/details-assets\/4986730c-79f0-4d66-932e-0012961d2db8"},"geometry":{"type":"Point","coordinates":[-53.918066835708,-28.3885365401951]}},{"type":"Feature","properties":{"municipio":"ddb6501a-cf86-47d7-b05d-d0ba1d8e21c8","title":"RS - PORTO ALEGRE","name":"RS - PORTO ALEGRE","tipo":"Munic\u00edpio","url":"\/dashboard\/details-assets\/ddb6501a-cf86-47d7-b05d-d0ba1d8e21c8"},"geometry":{"type":"Point","coordinates":[-51.2176584,-30.0346471]}},{"type":"Feature","properties":{"municipio":"340c8563-69e4-4615-94ca-a5bb79d8c64e","title":"RS - ERECHIM","name":"RS - ERECHIM","tipo":"Munic\u00edpio","url":"\/dashboard\/details-assets\/340c8563-69e4-4615-94ca-a5bb79d8c64e"},"geometry":{"type":"Point","coordinates":[-52.2740707,-27.6347754]}},{"type":"Feature","properties":{"municipio":"b02acf8b-5a8d-4236-aef7-dcde23e23a26","title":"RR - RORAINOPOLIS","name":"RR - RORAINOPOLIS","tipo":"Munic\u00edpio","url":"\/dashboard\/details-assets\/b02acf8b-5a8d-4236-aef7-dcde23e23a26"},"geometry":{"type":"Point","coordinates":[-60.426667,0.941667]}},{"type":"Feature","properties":{"municipio":"ca5768ce-e26f-4fc3-95d8-472f9b07167d","title":"RR - BOA VISTA","name":"RR - BOA VISTA","tipo":"Munic\u00edpio","url":"\/dashboard\/details-assets\/ca5768ce-e26f-4fc3-95d8-472f9b07167d"},"geometry":{"type":"Point","coordinates":[-60.6705326729651,2.81668191901165]}},{"type":"Feature","properties":{"municipio":"205379d3-c681-48c7-947b-c607af605e4c","title":"RO - MACHADINHO D OESTE","name":"RO - MACHADINHO D OESTE","tipo":"Munic\u00edpio","url":"\/dashboard\/details-assets\/205379d3-c681-48c7-947b-c607af605e4c"},"geometry":{"type":"Point","coordinates":[-61.9995925724466,-9.42556247969476]}},{"type":"Feature","properties":{"municipio":"40759752-9182-42a3-bd8d-63225ceeacd9","title":"RO - CACOAL","name":"RO - CACOAL","tipo":"Munic\u00edpio","url":"\/dashboard\/details-assets\/40759752-9182-42a3-bd8d-63225ceeacd9"},"geometry":{"type":"Point","coordinates":[-61.4429442118224,-11.433865028318]}},{"type":"Feature","properties":{"municipio":"704c2a06-82f0-48ef-9af7-795070c73548","title":"RO - ALVORADA D OESTE","name":"RO - ALVORADA D OESTE","tipo":"Munic\u00edpio","url":"\/dashboard\/details-assets\/704c2a06-82f0-48ef-9af7-795070c73548"},"geometry":{"type":"Point","coordinates":[-63.32,-9.71]}},{"type":"Feature","properties":{"municipio":"4f8f012b-419b-413d-8227-edd81b9ffc0d","title":"RO - CEREJEIRAS","name":"RO - CEREJEIRAS","tipo":"Munic\u00edpio","url":"\/dashboard\/details-assets\/4f8f012b-419b-413d-8227-edd81b9ffc0d"},"geometry":{"type":"Point","coordinates":[-60.816667,-13.189167]}},{"type":"Feature","properties":{"municipio":"daa83d45-5917-4034-8598-bef7ff132eea","title":"RO - SAO FRANCISCO DO GUAPORE","name":"RO - SAO FRANCISCO DO GUAPORE","tipo":"Munic\u00edpio","url":"\/dashboard\/details-assets\/daa83d45-5917-4034-8598-bef7ff132eea"},"geometry":{"type":"Point","coordinates":[-63.56,-12.05]}},{"type":"Feature","properties":{"municipio":"a2db7dad-5bb6-40d5-a2cd-de61f4607c62","title":"RO - PIMENTA BUENO","name":"RO - PIMENTA BUENO","tipo":"Munic\u00edpio","url":"\/dashboard\/details-assets\/a2db7dad-5bb6-40d5-a2cd-de61f4607c62"},"geometry":{"type":"Point","coordinates":[-61.19,-11.67]}},{"type":"Feature","properties":{"municipio":"97b3ee90-a676-47ff-b6c5-f0b317d267f9","title":"RO - COLORADO DO OESTE","name":"RO - COLORADO DO OESTE","tipo":"Munic\u00edpio","url":"\/dashboard\/details-assets\/97b3ee90-a676-47ff-b6c5-f0b317d267f9"},"geometry":{"type":"Point","coordinates":[-60.54,-13.11]}},{"type":"Feature","properties":{"municipio":"c40ab86e-2860-4fd7-8c6e-97bba56683f5","title":"RO - SAO MIGUEL DO GUAPORE","name":"RO - SAO MIGUEL DO GUAPORE","tipo":"Munic\u00edpio","url":"\/dashboard\/details-assets\/c40ab86e-2860-4fd7-8c6e-97bba56683f5"},"geometry":{"type":"Point","coordinates":[-62.68,-11.68]}},{"type":"Feature","properties":{"municipio":"bcfccb85-2e52-4091-bd54-4252e8dfd56d","title":"RO - COSTA MARQUES","name":"RO - COSTA MARQUES","tipo":"Munic\u00edpio","url":"\/dashboard\/details-assets\/bcfccb85-2e52-4091-bd54-4252e8dfd56d"},"geometry":{"type":"Point","coordinates":[-64.22,-12.44]}},{"type":"Feature","properties":{"municipio":"22e3c4c7-aa1e-4fb6-aedc-fad52a350ee6","title":"RO - VILHENA","name":"RO - VILHENA","tipo":"Munic\u00edpio","url":"\/dashboard\/details-assets\/22e3c4c7-aa1e-4fb6-aedc-fad52a350ee6"},"geometry":{"type":"Point","coordinates":[-60.1385838660987,-12.7413734713965]}},{"type":"Feature","properties":{"municipio":"4b02b6ee-d83b-4b7d-932e-65cf9283a909","title":"RO - PRESIDENTE MEDICI","name":"RO - PRESIDENTE MEDICI","tipo":"Munic\u00edpio","url":"\/dashboard\/details-assets\/4b02b6ee-d83b-4b7d-932e-65cf9283a909"},"geometry":{"type":"Point","coordinates":[-61.9,-11.17]}},{"type":"Feature","properties":{"municipio":"6d2aa58d-809f-4a85-9437-300979a2f97b","title":"RO - JARU","name":"RO - JARU","tipo":"Munic\u00edpio","url":"\/dashboard\/details-assets\/6d2aa58d-809f-4a85-9437-300979a2f97b"},"geometry":{"type":"Point","coordinates":[-62.4762307081317,-10.4359487675478]}},{"type":"Feature","properties":{"municipio":"70650875-15a1-4cc8-a7ec-c66caae34c38","title":"RO - ALTA FLORESTA D OESTE","name":"RO - ALTA FLORESTA D OESTE","tipo":"Munic\u00edpio","url":"\/dashboard\/details-assets\/70650875-15a1-4cc8-a7ec-c66caae34c38"},"geometry":{"type":"Point","coordinates":[-61.999824,-11.93554]}},{"type":"Feature","properties":{"municipio":"05c1424d-17af-47a4-ab1c-da871d44eade","title":"RO - OURO PRETO DO OESTE","name":"RO - OURO PRETO DO OESTE","tipo":"Munic\u00edpio","url":"\/dashboard\/details-assets\/05c1424d-17af-47a4-ab1c-da871d44eade"},"geometry":{"type":"Point","coordinates":[-62.215833,-10.748056]}},{"type":"Feature","properties":{"municipio":"0d4f7192-92a9-4b49-a7e9-608242043c46","title":"RO - ARIQUEMES","name":"RO - ARIQUEMES","tipo":"Munic\u00edpio","url":"\/dashboard\/details-assets\/0d4f7192-92a9-4b49-a7e9-608242043c46"},"geometry":{"type":"Point","coordinates":[-63.0330263,-9.9061087]}},{"type":"Feature","properties":{"municipio":"7bc6849a-3bbb-40fb-9d5a-f3d2c5f295ea","title":"RO - ROLIM DE MOURA","name":"RO - ROLIM DE MOURA","tipo":"Munic\u00edpio","url":"\/dashboard\/details-assets\/7bc6849a-3bbb-40fb-9d5a-f3d2c5f295ea"},"geometry":{"type":"Point","coordinates":[-61.78,-11.67]}},{"type":"Feature","properties":{"municipio":"9b1c1fda-9625-4d54-abdc-a4d0553948a8","title":"RO - GUAJARA-MIRIM","name":"RO - GUAJARA-MIRIM","tipo":"Munic\u00edpio","url":"\/dashboard\/details-assets\/9b1c1fda-9625-4d54-abdc-a4d0553948a8"},"geometry":{"type":"Point","coordinates":[-65.3239518196923,-10.7738837403235]}},{"type":"Feature","properties":{"municipio":"2ae78c58-4d58-4d7e-b874-6e9ab6a23f2e","title":"RO - JI-PARANA","name":"RO - JI-PARANA","tipo":"Munic\u00edpio","url":"\/dashboard\/details-assets\/2ae78c58-4d58-4d7e-b874-6e9ab6a23f2e"},"geometry":{"type":"Point","coordinates":[-61.9326728,-10.8781412]}},{"type":"Feature","properties":{"municipio":"0db3953e-e5c4-47df-ad62-c704f5fbef09","title":"RO - PORTO VELHO","name":"RO - PORTO VELHO","tipo":"Munic\u00edpio","url":"\/dashboard\/details-assets\/0db3953e-e5c4-47df-ad62-c704f5fbef09"},"geometry":{"type":"Point","coordinates":[-63.8314456543611,-8.76889178971532]}},{"type":"Feature","properties":{"municipio":"2ecbf326-d104-47fc-a3b9-3fbe04c16715","title":"RO - BURITIS","name":"RO - BURITIS","tipo":"Munic\u00edpio","url":"\/dashboard\/details-assets\/2ecbf326-d104-47fc-a3b9-3fbe04c16715"},"geometry":{"type":"Point","coordinates":[-63.826389,-11.096389]}},{"type":"Feature","properties":{"municipio":"0be063de-69ad-45d6-a3f3-c0787cf99050","title":"RN - MACAU","name":"RN - MACAU","tipo":"Munic\u00edpio","url":"\/dashboard\/details-assets\/0be063de-69ad-45d6-a3f3-c0787cf99050"},"geometry":{"type":"Point","coordinates":[-36.634722,-5.113611]}},{"type":"Feature","properties":{"municipio":"dfdd97fc-20ee-4ca3-8fca-e1fb1b6ab1c5","title":"RN - NOVA CRUZ","name":"RN - NOVA CRUZ","tipo":"Munic\u00edpio","url":"\/dashboard\/details-assets\/dfdd97fc-20ee-4ca3-8fca-e1fb1b6ab1c5"},"geometry":{"type":"Point","coordinates":[-35.434722,-6.478056]}},{"type":"Feature","properties":{"municipio":"56814d88-9fda-4a3d-a3ed-70b37187d4a7","title":"RN - APODI","name":"RN - APODI","tipo":"Munic\u00edpio","url":"\/dashboard\/details-assets\/56814d88-9fda-4a3d-a3ed-70b37187d4a7"},"geometry":{"type":"Point","coordinates":[-37.79,-5.66]}},{"type":"Feature","properties":{"municipio":"38e00fc4-dc70-4dd5-97e1-0c9d3cdbe552","title":"RN - CEARA-MIRIM","name":"RN - CEARA-MIRIM","tipo":"Munic\u00edpio","url":"\/dashboard\/details-assets\/38e00fc4-dc70-4dd5-97e1-0c9d3cdbe552"},"geometry":{"type":"Point","coordinates":[-35.42,-5.63]}},{"type":"Feature","properties":{"municipio":"64170c39-f701-496e-adf4-80f4588bb527","title":"RN - MACAIBA","name":"RN - MACAIBA","tipo":"Munic\u00edpio","url":"\/dashboard\/details-assets\/64170c39-f701-496e-adf4-80f4588bb527"},"geometry":{"type":"Point","coordinates":[-35.353889,-5.858056]}},{"type":"Feature","properties":{"municipio":"edfb0ad9-49a4-4194-899e-85027dde8584","title":"RN - PAU DOS FERROS","name":"RN - PAU DOS FERROS","tipo":"Munic\u00edpio","url":"\/dashboard\/details-assets\/edfb0ad9-49a4-4194-899e-85027dde8584"},"geometry":{"type":"Point","coordinates":[-38.2,-6.11]}},{"type":"Feature","properties":{"municipio":"5e9c0e56-a1f5-47e1-833c-ecab3f83ec51","title":"RN - NATAL","name":"RN - NATAL","tipo":"Munic\u00edpio","url":"\/dashboard\/details-assets\/5e9c0e56-a1f5-47e1-833c-ecab3f83ec51"},"geometry":{"type":"Point","coordinates":[-35.2158627880859,-5.79872025536009]}},{"type":"Feature","properties":{"municipio":"ae0cf7de-5f21-4e9f-87bf-66f21a3ff25d","title":"RN - NISIA FLORESTA","name":"RN - NISIA FLORESTA","tipo":"Munic\u00edpio","url":"\/dashboard\/details-assets\/ae0cf7de-5f21-4e9f-87bf-66f21a3ff25d"},"geometry":{"type":"Point","coordinates":[-35.2,-6.09]}},{"type":"Feature","properties":{"municipio":"3ab9c29f-cce6-4465-8bdb-0f6e3c7dfb74","title":"RN - MOSSORO","name":"RN - MOSSORO","tipo":"Munic\u00edpio","url":"\/dashboard\/details-assets\/3ab9c29f-cce6-4465-8bdb-0f6e3c7dfb74"},"geometry":{"type":"Point","coordinates":[-37.3568741367043,-5.19380123453833]}},{"type":"Feature","properties":{"municipio":"b04d379b-58ba-4cac-a577-9dc332f0b78d","title":"RN - PARNAMIRIM","name":"RN - PARNAMIRIM","tipo":"Munic\u00edpio","url":"\/dashboard\/details-assets\/b04d379b-58ba-4cac-a577-9dc332f0b78d"},"geometry":{"type":"Point","coordinates":[-39.5757868229726,-8.09013832690584]}},{"type":"Feature","properties":{"municipio":"d0364292-9c6d-43a0-9681-327649c126ac","title":"RN - CAICO","name":"RN - CAICO","tipo":"Munic\u00edpio","url":"\/dashboard\/details-assets\/d0364292-9c6d-43a0-9681-327649c126ac"},"geometry":{"type":"Point","coordinates":[-37.0964887711922,-6.45913883118207]}},{"type":"Feature","properties":{"municipio":"83979717-4e2c-419a-af92-bef7dcf4129e","title":"RN - CARAUBAS","name":"RN - CARAUBAS","tipo":"Munic\u00edpio","url":"\/dashboard\/details-assets\/83979717-4e2c-419a-af92-bef7dcf4129e"},"geometry":{"type":"Point","coordinates":[-37.55,-5.79]}},{"type":"Feature","properties":{"municipio":"b93e1911-d6a1-480d-bf33-3b21979e803d","title":"RJ - ARARUAMA","name":"RJ - ARARUAMA","tipo":"Munic\u00edpio","url":"\/dashboard\/details-assets\/b93e1911-d6a1-480d-bf33-3b21979e803d"},"geometry":{"type":"Point","coordinates":[-42.343056,-22.872778]}},{"type":"Feature","properties":{"municipio":"6c69a02a-104f-454a-b68b-9ff7764c38b6","title":"RJ - PETROPOLIS","name":"RJ - PETROPOLIS","tipo":"Munic\u00edpio","url":"\/dashboard\/details-assets\/6c69a02a-104f-454a-b68b-9ff7764c38b6"},"geometry":{"type":"Point","coordinates":[-43.178611,-22.505]}},{"type":"Feature","properties":{"municipio":"9c3aaca8-6168-4a53-be13-9283542e1400","title":"RJ - TRES RIOS","name":"RJ - TRES RIOS","tipo":"Munic\u00edpio","url":"\/dashboard\/details-assets\/9c3aaca8-6168-4a53-be13-9283542e1400"},"geometry":{"type":"Point","coordinates":[-43.208611,-22.115833]}},{"type":"Feature","properties":{"municipio":"83800b61-30df-4c1f-8722-aa8883594c87","title":"RJ - NILOPOLIS","name":"RJ - NILOPOLIS","tipo":"Munic\u00edpio","url":"\/dashboard\/details-assets\/83800b61-30df-4c1f-8722-aa8883594c87"},"geometry":{"type":"Point","coordinates":[-43.41941,-22.809816]}},{"type":"Feature","properties":{"municipio":"d0ce9242-4ce3-4c42-b9fd-dc266c2e493c","title":"RJ - TERESOPOLIS","name":"RJ - TERESOPOLIS","tipo":"Munic\u00edpio","url":"\/dashboard\/details-assets\/d0ce9242-4ce3-4c42-b9fd-dc266c2e493c"},"geometry":{"type":"Point","coordinates":[-42.9756194,-22.416956]}},{"type":"Feature","properties":{"municipio":"642fcb72-c7f8-4dee-baaf-63fdb98dc18d","title":"RJ - ITAPERUNA","name":"RJ - ITAPERUNA","tipo":"Munic\u00edpio","url":"\/dashboard\/details-assets\/642fcb72-c7f8-4dee-baaf-63fdb98dc18d"},"geometry":{"type":"Point","coordinates":[-41.8802333,-21.2000807]}},{"type":"Feature","properties":{"municipio":"29463c42-9c0c-43e8-a1a1-232d2023c4e7","title":"RJ - MACAE","name":"RJ - MACAE","tipo":"Munic\u00edpio","url":"\/dashboard\/details-assets\/29463c42-9c0c-43e8-a1a1-232d2023c4e7"},"geometry":{"type":"Point","coordinates":[-41.7827891,-22.3836904]}},{"type":"Feature","properties":{"municipio":"7642ed11-5583-4a10-906d-574e1e8d744b","title":"RJ - VOLTA REDONDA","name":"RJ - VOLTA REDONDA","tipo":"Munic\u00edpio","url":"\/dashboard\/details-assets\/7642ed11-5583-4a10-906d-574e1e8d744b"},"geometry":{"type":"Point","coordinates":[-44.0947303,-22.5077597]}},{"type":"Feature","properties":{"municipio":"c9f2a7f1-768b-4530-b503-710710dadffe","title":"RJ - DUQUE DE CAXIAS","name":"RJ - DUQUE DE CAXIAS","tipo":"Munic\u00edpio","url":"\/dashboard\/details-assets\/c9f2a7f1-768b-4530-b503-710710dadffe"},"geometry":{"type":"Point","coordinates":[-43.3053106,-22.7862985]}},{"type":"Feature","properties":{"municipio":"616fa5b6-6465-475a-927b-686243aea98c","title":"RJ - NOVA FRIBURGO","name":"RJ - NOVA FRIBURGO","tipo":"Munic\u00edpio","url":"\/dashboard\/details-assets\/616fa5b6-6465-475a-927b-686243aea98c"},"geometry":{"type":"Point","coordinates":[-42.5340796,-22.2887261]}},{"type":"Feature","properties":{"municipio":"59c21dfc-2d88-4dc0-a7e7-e5ea0af08b4b","title":"RJ - BELFORD ROXO","name":"RJ - BELFORD ROXO","tipo":"Munic\u00edpio","url":"\/dashboard\/details-assets\/59c21dfc-2d88-4dc0-a7e7-e5ea0af08b4b"},"geometry":{"type":"Point","coordinates":[-43.3996264,-22.7645391]}},{"type":"Feature","properties":{"municipio":"80c47dba-d4eb-470e-a1f0-c78da003a5f2","title":"RJ - RESENDE","name":"RJ - RESENDE","tipo":"Munic\u00edpio","url":"\/dashboard\/details-assets\/80c47dba-d4eb-470e-a1f0-c78da003a5f2"},"geometry":{"type":"Point","coordinates":[-44.445833,-22.468889]}},{"type":"Feature","properties":{"municipio":"04909862-1445-438d-be58-a4f07a8b9657","title":"RJ - CAMPOS DOS GOYTACAZES","name":"RJ - CAMPOS DOS GOYTACAZES","tipo":"Munic\u00edpio","url":"\/dashboard\/details-assets\/04909862-1445-438d-be58-a4f07a8b9657"},"geometry":{"type":"Point","coordinates":[-41.3184877,-21.7626902]}},{"type":"Feature","properties":{"municipio":"fd992524-b386-46cb-9538-07149324ec03","title":"RJ - JAPERI","name":"RJ - JAPERI","tipo":"Munic\u00edpio","url":"\/dashboard\/details-assets\/fd992524-b386-46cb-9538-07149324ec03"},"geometry":{"type":"Point","coordinates":[-43.6606463,-22.6439978]}},{"type":"Feature","properties":{"municipio":"f7916ad3-283b-4ace-a20d-20b341e65b1f","title":"RJ - NOVA IGUACU","name":"RJ - NOVA IGUACU","tipo":"Munic\u00edpio","url":"\/dashboard\/details-assets\/f7916ad3-283b-4ace-a20d-20b341e65b1f"},"geometry":{"type":"Point","coordinates":[-43.4607419,-22.7561319]}},{"type":"Feature","properties":{"municipio":"744b3b7c-8402-4bef-b187-63dba72232d0","title":"RJ - MAGE","name":"RJ - MAGE","tipo":"Munic\u00edpio","url":"\/dashboard\/details-assets\/744b3b7c-8402-4bef-b187-63dba72232d0"},"geometry":{"type":"Point","coordinates":[-43.0398345,-22.6566022]}},{"type":"Feature","properties":{"municipio":"1d6180a7-0c9e-4c9a-9acd-c9bca215e86c","title":"RJ - RIO DE JANEIRO","name":"RJ - RIO DE JANEIRO","tipo":"Munic\u00edpio","url":"\/dashboard\/details-assets\/1d6180a7-0c9e-4c9a-9acd-c9bca215e86c"},"geometry":{"type":"Point","coordinates":[-43.16743575,-22.8361572211111]}},{"type":"Feature","properties":{"municipio":"32462bdc-467a-4807-a857-d0624a4b1318","title":"RJ - NITEROI","name":"RJ - NITEROI","tipo":"Munic\u00edpio","url":"\/dashboard\/details-assets\/32462bdc-467a-4807-a857-d0624a4b1318"},"geometry":{"type":"Point","coordinates":[-43.1152211,-22.8858975]}},{"type":"Feature","properties":{"municipio":"2e8d0bf7-d021-475f-b991-215604e6a0db","title":"RJ - SAO GONCALO","name":"RJ - SAO GONCALO","tipo":"Munic\u00edpio","url":"\/dashboard\/details-assets\/2e8d0bf7-d021-475f-b991-215604e6a0db"},"geometry":{"type":"Point","coordinates":[-43.0637646,-22.8272883]}},{"type":"Feature","properties":{"municipio":"6518ea02-742f-4831-b5f4-4e11afb37e8f","title":"PR - JANDAIA DO SUL","name":"PR - JANDAIA DO SUL","tipo":"Munic\u00edpio","url":"\/dashboard\/details-assets\/6518ea02-742f-4831-b5f4-4e11afb37e8f"},"geometry":{"type":"Point","coordinates":[-51.643333,-23.603333]}},{"type":"Feature","properties":{"municipio":"ae17be98-e69c-471d-8e68-18cd5d648dc8","title":"PR - LOANDA","name":"PR - LOANDA","tipo":"Munic\u00edpio","url":"\/dashboard\/details-assets\/ae17be98-e69c-471d-8e68-18cd5d648dc8"},"geometry":{"type":"Point","coordinates":[-53.136111,-22.922778]}},{"type":"Feature","properties":{"municipio":"6d642597-7f0b-462e-b2c4-146ca63c09ec","title":"PR - ARAUCARIA","name":"PR - ARAUCARIA","tipo":"Munic\u00edpio","url":"\/dashboard\/details-assets\/6d642597-7f0b-462e-b2c4-146ca63c09ec"},"geometry":{"type":"Point","coordinates":[-49.4019396967087,-25.5916449992644]}},{"type":"Feature","properties":{"municipio":"ca6d9ea8-8e53-47b9-866a-ef61568b358d","title":"PR - CRUZEIRO DO OESTE","name":"PR - CRUZEIRO DO OESTE","tipo":"Munic\u00edpio","url":"\/dashboard\/details-assets\/ca6d9ea8-8e53-47b9-866a-ef61568b358d"},"geometry":{"type":"Point","coordinates":[-53.0762805,-23.7834562]}},{"type":"Feature","properties":{"municipio":"b276d2c6-b3bd-4b60-9416-d038af658331","title":"PR - IBAITI","name":"PR - IBAITI","tipo":"Munic\u00edpio","url":"\/dashboard\/details-assets\/b276d2c6-b3bd-4b60-9416-d038af658331"},"geometry":{"type":"Point","coordinates":[-50.190833,-23.848889]}},{"type":"Feature","properties":{"municipio":"791a5ff3-5a8c-4d04-8c45-a7517fc50cc7","title":"PR - NOVA LONDRINA","name":"PR - NOVA LONDRINA","tipo":"Munic\u00edpio","url":"\/dashboard\/details-assets\/791a5ff3-5a8c-4d04-8c45-a7517fc50cc7"},"geometry":{"type":"Point","coordinates":[-52.990278,-22.765]}},{"type":"Feature","properties":{"municipio":"5cbc94f1-57c7-4a15-8de9-fe0db398ebc1","title":"PR - SENGES","name":"PR - SENGES","tipo":"Munic\u00edpio","url":"\/dashboard\/details-assets\/5cbc94f1-57c7-4a15-8de9-fe0db398ebc1"},"geometry":{"type":"Point","coordinates":[-49.462778,-24.113056]}},{"type":"Feature","properties":{"municipio":"55171f76-7cec-41ba-b192-92a725ad42df","title":"PR - ARAPONGAS","name":"PR - ARAPONGAS","tipo":"Munic\u00edpio","url":"\/dashboard\/details-assets\/55171f76-7cec-41ba-b192-92a725ad42df"},"geometry":{"type":"Point","coordinates":[-51.424444,-23.419444]}},{"type":"Feature","properties":{"municipio":"034b1e1e-3635-4e00-9a20-0dba75f81a4e","title":"PR - CAMBE","name":"PR - CAMBE","tipo":"Munic\u00edpio","url":"\/dashboard\/details-assets\/034b1e1e-3635-4e00-9a20-0dba75f81a4e"},"geometry":{"type":"Point","coordinates":[-51.278333,-23.275833]}},{"type":"Feature","properties":{"municipio":"7583b501-b483-4bbe-a1b0-70eda4b3496e","title":"PR - PITANGA","name":"PR - PITANGA","tipo":"Munic\u00edpio","url":"\/dashboard\/details-assets\/7583b501-b483-4bbe-a1b0-70eda4b3496e"},"geometry":{"type":"Point","coordinates":[-51.758333,-24.759167]}},{"type":"Feature","properties":{"municipio":"17d4badf-4810-4e1d-92e9-09d77872cc55","title":"PR - BANDEIRANTES","name":"PR - BANDEIRANTES","tipo":"Munic\u00edpio","url":"\/dashboard\/details-assets\/17d4badf-4810-4e1d-92e9-09d77872cc55"},"geometry":{"type":"Point","coordinates":[-50.370556,-23.109167]}},{"type":"Feature","properties":{"municipio":"c32477e3-47bc-4e4e-bc99-7b19be5fa2e9","title":"PR - ARAPOTI","name":"PR - ARAPOTI","tipo":"Munic\u00edpio","url":"\/dashboard\/details-assets\/c32477e3-47bc-4e4e-bc99-7b19be5fa2e9"},"geometry":{"type":"Point","coordinates":[-49.828611,-24.156667]}},{"type":"Feature","properties":{"municipio":"9553512b-e793-4328-85ab-3e4b8ee6ad44","title":"PR - PALMAS","name":"PR - PALMAS","tipo":"Munic\u00edpio","url":"\/dashboard\/details-assets\/9553512b-e793-4328-85ab-3e4b8ee6ad44"},"geometry":{"type":"Point","coordinates":[-51.991111,-26.484444]}},{"type":"Feature","properties":{"municipio":"6139dc40-4919-482d-a8da-286eee4bc6e3","title":"PR - ROLANDIA","name":"PR - ROLANDIA","tipo":"Munic\u00edpio","url":"\/dashboard\/details-assets\/6139dc40-4919-482d-a8da-286eee4bc6e3"},"geometry":{"type":"Point","coordinates":[-51.3675,-23.310556]}},{"type":"Feature","properties":{"municipio":"843e288a-580b-4cfc-8321-0f65071af7bc","title":"PR - GOIOERE","name":"PR - GOIOERE","tipo":"Munic\u00edpio","url":"\/dashboard\/details-assets\/843e288a-580b-4cfc-8321-0f65071af7bc"},"geometry":{"type":"Point","coordinates":[-53.0275,-24.183889]}},{"type":"Feature","properties":{"municipio":"96c5a6a8-2392-4a83-b9e4-8796198d0dc9","title":"PR - WENCESLAU BRAZ","name":"PR - WENCESLAU BRAZ","tipo":"Munic\u00edpio","url":"\/dashboard\/details-assets\/96c5a6a8-2392-4a83-b9e4-8796198d0dc9"},"geometry":{"type":"Point","coordinates":[-49.80298478237,-23.8704228521509]}},{"type":"Feature","properties":{"municipio":"65c76434-3b55-463d-9cd1-3585e8c9eee4","title":"PR - CIANORTE","name":"PR - CIANORTE","tipo":"Munic\u00edpio","url":"\/dashboard\/details-assets\/65c76434-3b55-463d-9cd1-3585e8c9eee4"},"geometry":{"type":"Point","coordinates":[-52.605,-23.663056]}},{"type":"Feature","properties":{"municipio":"e6fb5e07-8509-4ac3-a0f4-a7ecb38c8662","title":"PR - CORNELIO PROCOPIO","name":"PR - CORNELIO PROCOPIO","tipo":"Munic\u00edpio","url":"\/dashboard\/details-assets\/e6fb5e07-8509-4ac3-a0f4-a7ecb38c8662"},"geometry":{"type":"Point","coordinates":[-50.6475,-23.181389]}},{"type":"Feature","properties":{"municipio":"a545159c-0c5e-4710-a36e-d862071df5ed","title":"PR - COLORADO","name":"PR - COLORADO","tipo":"Munic\u00edpio","url":"\/dashboard\/details-assets\/a545159c-0c5e-4710-a36e-d862071df5ed"},"geometry":{"type":"Point","coordinates":[-51.973333,-22.836111]}},{"type":"Feature","properties":{"municipio":"8c9a326a-9923-4d9e-9528-c1766a9654ae","title":"PR - CAPANEMA","name":"PR - CAPANEMA","tipo":"Munic\u00edpio","url":"\/dashboard\/details-assets\/8c9a326a-9923-4d9e-9528-c1766a9654ae"},"geometry":{"type":"Point","coordinates":[-53.806667,-25.669444]}},{"type":"Feature","properties":{"municipio":"8c41d528-981b-4fa6-981f-1487d6de8df7","title":"PR - CARLOPOLIS","name":"PR - CARLOPOLIS","tipo":"Munic\u00edpio","url":"\/dashboard\/details-assets\/8c41d528-981b-4fa6-981f-1487d6de8df7"},"geometry":{"type":"Point","coordinates":[-49.721944,-23.428333]}},{"type":"Feature","properties":{"municipio":"ce0e00c4-6a98-4591-9e4e-2113b5a552fc","title":"PR - ALTO PARANA","name":"PR - ALTO PARANA","tipo":"Munic\u00edpio","url":"\/dashboard\/details-assets\/ce0e00c4-6a98-4591-9e4e-2113b5a552fc"},"geometry":{"type":"Point","coordinates":[-52.316944,-23.129444]}},{"type":"Feature","properties":{"municipio":"fe9a5199-7bf1-4330-9b1f-b606f4b642c8","title":"PR - PALOTINA","name":"PR - PALOTINA","tipo":"Munic\u00edpio","url":"\/dashboard\/details-assets\/fe9a5199-7bf1-4330-9b1f-b606f4b642c8"},"geometry":{"type":"Point","coordinates":[-53.843056,-24.285833]}},{"type":"Feature","properties":{"municipio":"2fdd5f07-4091-41a7-9d16-9cb0ea2e65fe","title":"PR - SARANDI","name":"PR - SARANDI","tipo":"Munic\u00edpio","url":"\/dashboard\/details-assets\/2fdd5f07-4091-41a7-9d16-9cb0ea2e65fe"},"geometry":{"type":"Point","coordinates":[-51.873889,-23.443611]}},{"type":"Feature","properties":{"municipio":"5a530acf-d9fe-4ec6-872d-19f74d3e3a5d","title":"PR - CASTRO","name":"PR - CASTRO","tipo":"Munic\u00edpio","url":"\/dashboard\/details-assets\/5a530acf-d9fe-4ec6-872d-19f74d3e3a5d"},"geometry":{"type":"Point","coordinates":[-50.0028111277611,-24.7954174992811]}},{"type":"Feature","properties":{"municipio":"874135ad-bb34-4eb1-8442-61ebaf682756","title":"PR - PATO BRANCO","name":"PR - PATO BRANCO","tipo":"Munic\u00edpio","url":"\/dashboard\/details-assets\/874135ad-bb34-4eb1-8442-61ebaf682756"},"geometry":{"type":"Point","coordinates":[-52.6773619976723,-26.2299585142514]}},{"type":"Feature","properties":{"municipio":"503fe474-932c-4743-8a8f-2e62c1f14719","title":"PR - CIDADE GAUCHA","name":"PR - CIDADE GAUCHA","tipo":"Munic\u00edpio","url":"\/dashboard\/details-assets\/503fe474-932c-4743-8a8f-2e62c1f14719"},"geometry":{"type":"Point","coordinates":[-52.936667,-23.385]}},{"type":"Feature","properties":{"municipio":"ee1d7938-c036-4972-ad0d-1b420598114a","title":"PR - LAPA","name":"PR - LAPA","tipo":"Munic\u00edpio","url":"\/dashboard\/details-assets\/ee1d7938-c036-4972-ad0d-1b420598114a"},"geometry":{"type":"Point","coordinates":[-49.7172529,-25.7675725]}},{"type":"Feature","properties":{"municipio":"832a6513-deba-47c3-afe2-642f345b9d63","title":"PR - IBIPORA","name":"PR - IBIPORA","tipo":"Munic\u00edpio","url":"\/dashboard\/details-assets\/832a6513-deba-47c3-afe2-642f345b9d63"},"geometry":{"type":"Point","coordinates":[-51.053889,-23.268889]}},{"type":"Feature","properties":{"municipio":"7c0d2370-1dcd-4ecf-9ead-93fa5cf19e8f","title":"PR - ASTORGA","name":"PR - ASTORGA","tipo":"Munic\u00edpio","url":"\/dashboard\/details-assets\/7c0d2370-1dcd-4ecf-9ead-93fa5cf19e8f"},"geometry":{"type":"Point","coordinates":[-51.666944,-23.2325]}},{"type":"Feature","properties":{"municipio":"805cc632-2574-4beb-88e8-4dc87de76f5c","title":"PR - APUCARANA","name":"PR - APUCARANA","tipo":"Munic\u00edpio","url":"\/dashboard\/details-assets\/805cc632-2574-4beb-88e8-4dc87de76f5c"},"geometry":{"type":"Point","coordinates":[-51.460833,-23.550833]}},{"type":"Feature","properties":{"municipio":"125f240f-cbc6-4cac-9500-f178069dd54c","title":"PR - JAGUARIAIVA","name":"PR - JAGUARIAIVA","tipo":"Munic\u00edpio","url":"\/dashboard\/details-assets\/125f240f-cbc6-4cac-9500-f178069dd54c"},"geometry":{"type":"Point","coordinates":[-49.704722,-24.251944]}},{"type":"Feature","properties":{"municipio":"f9652d96-2c53-456e-a695-078003271982","title":"PR - FAXINAL","name":"PR - FAXINAL","tipo":"Munic\u00edpio","url":"\/dashboard\/details-assets\/f9652d96-2c53-456e-a695-078003271982"},"geometry":{"type":"Point","coordinates":[-51.321667,-24]}},{"type":"Feature","properties":{"municipio":"34279ba5-6c60-4d80-a168-c04377abbc5b","title":"PR - CAMBARA","name":"PR - CAMBARA","tipo":"Munic\u00edpio","url":"\/dashboard\/details-assets\/34279ba5-6c60-4d80-a168-c04377abbc5b"},"geometry":{"type":"Point","coordinates":[-50.073611,-23.045278]}},{"type":"Feature","properties":{"municipio":"012b2e78-bc9c-472b-a073-9b72ab4309bc","title":"PR - ENGENHEIRO BELTRAO","name":"PR - ENGENHEIRO BELTRAO","tipo":"Munic\u00edpio","url":"\/dashboard\/details-assets\/012b2e78-bc9c-472b-a073-9b72ab4309bc"},"geometry":{"type":"Point","coordinates":[-52.268333,-23.797222]}},{"type":"Feature","properties":{"municipio":"d8da17db-4abd-4a7a-9183-63f262bb794e","title":"PR - SAO JORGE DO PATROCINIO","name":"PR - SAO JORGE DO PATROCINIO","tipo":"Munic\u00edpio","url":"\/dashboard\/details-assets\/d8da17db-4abd-4a7a-9183-63f262bb794e"},"geometry":{"type":"Point","coordinates":[-53.901944,-23.776667]}},{"type":"Feature","properties":{"municipio":"efabab1c-cedc-4364-8f85-717baa2f3bc2","title":"PR - QUEDAS DO IGUACU","name":"PR - QUEDAS DO IGUACU","tipo":"Munic\u00edpio","url":"\/dashboard\/details-assets\/efabab1c-cedc-4364-8f85-717baa2f3bc2"},"geometry":{"type":"Point","coordinates":[-52.909444,-25.454444]}},{"type":"Feature","properties":{"municipio":"beb19042-d05d-44a4-9f8e-a70d55a4edf4","title":"PR - GUAIRA","name":"PR - GUAIRA","tipo":"Munic\u00edpio","url":"\/dashboard\/details-assets\/beb19042-d05d-44a4-9f8e-a70d55a4edf4"},"geometry":{"type":"Point","coordinates":[-54.256111,-24.08]}},{"type":"Feature","properties":{"municipio":"0234d047-9220-4566-b821-3e57d25b827f","title":"PR - CORBELIA","name":"PR - CORBELIA","tipo":"Munic\u00edpio","url":"\/dashboard\/details-assets\/0234d047-9220-4566-b821-3e57d25b827f"},"geometry":{"type":"Point","coordinates":[-53.298889,-24.798611]}},{"type":"Feature","properties":{"municipio":"6f797731-db5b-49c1-89cb-8d6859ed79d3","title":"PR - MANDAGUACU","name":"PR - MANDAGUACU","tipo":"Munic\u00edpio","url":"\/dashboard\/details-assets\/6f797731-db5b-49c1-89cb-8d6859ed79d3"},"geometry":{"type":"Point","coordinates":[-52.091944,-23.342778]}},{"type":"Feature","properties":{"municipio":"47d72c90-3fb1-4973-94ce-a90074921b01","title":"PR - FRANCISCO BELTRAO","name":"PR - FRANCISCO BELTRAO","tipo":"Munic\u00edpio","url":"\/dashboard\/details-assets\/47d72c90-3fb1-4973-94ce-a90074921b01"},"geometry":{"type":"Point","coordinates":[-53.0561357214894,-26.0784499992544]}},{"type":"Feature","properties":{"municipio":"595b3a4d-a2ef-40f2-bcf9-ed6cb4d65c94","title":"PR - PINHAIS","name":"PR - PINHAIS","tipo":"Munic\u00edpio","url":"\/dashboard\/details-assets\/595b3a4d-a2ef-40f2-bcf9-ed6cb4d65c94"},"geometry":{"type":"Point","coordinates":[-49.1931448,-25.4434411]}},{"type":"Feature","properties":{"municipio":"a3a45667-8a36-43a5-881d-3c15559c7b88","title":"PR - SANTO ANTONIO DA PLATINA","name":"PR - SANTO ANTONIO DA PLATINA","tipo":"Munic\u00edpio","url":"\/dashboard\/details-assets\/a3a45667-8a36-43a5-881d-3c15559c7b88"},"geometry":{"type":"Point","coordinates":[-50.0726882,-23.2980974]}},{"type":"Feature","properties":{"municipio":"b326784f-3961-4c0a-b659-926d7e69d84c","title":"PR - LARANJEIRAS DO SUL","name":"PR - LARANJEIRAS DO SUL","tipo":"Munic\u00edpio","url":"\/dashboard\/details-assets\/b326784f-3961-4c0a-b659-926d7e69d84c"},"geometry":{"type":"Point","coordinates":[-52.4134746,-25.4079504]}},{"type":"Feature","properties":{"municipio":"f3c66802-73e6-44e5-8411-774bc90090a2","title":"PR - UNIAO DA VITORIA","name":"PR - UNIAO DA VITORIA","tipo":"Munic\u00edpio","url":"\/dashboard\/details-assets\/f3c66802-73e6-44e5-8411-774bc90090a2"},"geometry":{"type":"Point","coordinates":[-51.086389,-26.229444]}},{"type":"Feature","properties":{"municipio":"95fb4f68-ed04-42b2-b0ef-e7cb496756c3","title":"PR - MEDIANEIRA","name":"PR - MEDIANEIRA","tipo":"Munic\u00edpio","url":"\/dashboard\/details-assets\/95fb4f68-ed04-42b2-b0ef-e7cb496756c3"},"geometry":{"type":"Point","coordinates":[-54.093889,-25.2975]}},{"type":"Feature","properties":{"municipio":"8091c7f8-b1f8-435c-878b-433356fa3e33","title":"PR - MARIALVA","name":"PR - MARIALVA","tipo":"Munic\u00edpio","url":"\/dashboard\/details-assets\/8091c7f8-b1f8-435c-878b-433356fa3e33"},"geometry":{"type":"Point","coordinates":[-51.7925,-23.486944]}},{"type":"Feature","properties":{"municipio":"f85760db-4c4a-4d59-9177-715bd40768a6","title":"PR - PARANAVAI","name":"PR - PARANAVAI","tipo":"Munic\u00edpio","url":"\/dashboard\/details-assets\/f85760db-4c4a-4d59-9177-715bd40768a6"},"geometry":{"type":"Point","coordinates":[-48.5247328366567,-25.5068414992661]}},{"type":"Feature","properties":{"municipio":"da9b822b-1124-44b8-8f96-7ec0450b2aec","title":"PR - IVAIPORA","name":"PR - IVAIPORA","tipo":"Munic\u00edpio","url":"\/dashboard\/details-assets\/da9b822b-1124-44b8-8f96-7ec0450b2aec"},"geometry":{"type":"Point","coordinates":[-51.652778,-24.3975]}},{"type":"Feature","properties":{"municipio":"aee2c66b-1839-49a2-8a15-6521a0c1bb8b","title":"PR - ORTIGUEIRA","name":"PR - ORTIGUEIRA","tipo":"Munic\u00edpio","url":"\/dashboard\/details-assets\/aee2c66b-1839-49a2-8a15-6521a0c1bb8b"},"geometry":{"type":"Point","coordinates":[-50.95,-24.208056]}},{"type":"Feature","properties":{"municipio":"2feeeeb5-808d-4d7e-880a-6c60e5c54b71","title":"PR - CATANDUVAS","name":"PR - CATANDUVAS","tipo":"Munic\u00edpio","url":"\/dashboard\/details-assets\/2feeeeb5-808d-4d7e-880a-6c60e5c54b71"},"geometry":{"type":"Point","coordinates":[-53.1553309,-25.204834]}},{"type":"Feature","properties":{"municipio":"f577dc03-5497-4ad8-8187-d5cffe6dd3e5","title":"PR - PORECATU","name":"PR - PORECATU","tipo":"Munic\u00edpio","url":"\/dashboard\/details-assets\/f577dc03-5497-4ad8-8187-d5cffe6dd3e5"},"geometry":{"type":"Point","coordinates":[-51.378611,-22.753889]}},{"type":"Feature","properties":{"municipio":"794ff0aa-1aed-4f17-8823-eff2a261b925","title":"PR - PARANACITY","name":"PR - PARANACITY","tipo":"Munic\u00edpio","url":"\/dashboard\/details-assets\/794ff0aa-1aed-4f17-8823-eff2a261b925"},"geometry":{"type":"Point","coordinates":[-52.155833,-23.468889]}},{"type":"Feature","properties":{"municipio":"35e676f4-915d-40dd-a026-74ac696ccc6f","title":"PR - SAO JOSE DOS PINHAIS","name":"PR - SAO JOSE DOS PINHAIS","tipo":"Munic\u00edpio","url":"\/dashboard\/details-assets\/35e676f4-915d-40dd-a026-74ac696ccc6f"},"geometry":{"type":"Point","coordinates":[-53.7256129,-26.074187]}},{"type":"Feature","properties":{"municipio":"aa9099c0-86fb-4828-b523-f9465e8669f3","title":"PR - ASSAI","name":"PR - ASSAI","tipo":"Munic\u00edpio","url":"\/dashboard\/details-assets\/aa9099c0-86fb-4828-b523-f9465e8669f3"},"geometry":{"type":"Point","coordinates":[-50.842778,-23.369444]}},{"type":"Feature","properties":{"municipio":"4430dfcb-f883-4f31-9f52-252de3057c9d","title":"PR - TELEMACO BORBA","name":"PR - TELEMACO BORBA","tipo":"Munic\u00edpio","url":"\/dashboard\/details-assets\/4430dfcb-f883-4f31-9f52-252de3057c9d"},"geometry":{"type":"Point","coordinates":[-50.615833,-24.326389]}},{"type":"Feature","properties":{"municipio":"28e98199-04d0-463c-b99b-2f99927fbfd1","title":"PR - CASCAVEL","name":"PR - CASCAVEL","tipo":"Munic\u00edpio","url":"\/dashboard\/details-assets\/28e98199-04d0-463c-b99b-2f99927fbfd1"},"geometry":{"type":"Point","coordinates":[-53.4595112,-24.9577771]}},{"type":"Feature","properties":{"municipio":"6b421e9f-487f-42e9-a8f0-c8535b9f3a0a","title":"PR - FAZENDA RIO GRANDE","name":"PR - FAZENDA RIO GRANDE","tipo":"Munic\u00edpio","url":"\/dashboard\/details-assets\/6b421e9f-487f-42e9-a8f0-c8535b9f3a0a"},"geometry":{"type":"Point","coordinates":[-49.3077648,-25.6628343]}},{"type":"Feature","properties":{"municipio":"22600198-31ea-41a2-863c-bf99123a2ba3","title":"PR - UMUARAMA","name":"PR - UMUARAMA","tipo":"Munic\u00edpio","url":"\/dashboard\/details-assets\/22600198-31ea-41a2-863c-bf99123a2ba3"},"geometry":{"type":"Point","coordinates":[-53.32,-23.76]}},{"type":"Feature","properties":{"municipio":"64800c80-3e28-4d06-b844-2eb6dab65475","title":"PR - DOIS VIZINHOS","name":"PR - DOIS VIZINHOS","tipo":"Munic\u00edpio","url":"\/dashboard\/details-assets\/64800c80-3e28-4d06-b844-2eb6dab65475"},"geometry":{"type":"Point","coordinates":[-53.056389,-25.733056]}},{"type":"Feature","properties":{"municipio":"ca4a8877-dfbb-4c7a-8a08-8a7886ea9603","title":"PR - BARRACAO","name":"PR - BARRACAO","tipo":"Munic\u00edpio","url":"\/dashboard\/details-assets\/ca4a8877-dfbb-4c7a-8a08-8a7886ea9603"},"geometry":{"type":"Point","coordinates":[-53.63,-26.25]}},{"type":"Feature","properties":{"municipio":"8c80d5a2-bba2-4d6f-aa1d-6adbcbc41749","title":"PR - LONDRINA","name":"PR - LONDRINA","tipo":"Munic\u00edpio","url":"\/dashboard\/details-assets\/8c80d5a2-bba2-4d6f-aa1d-6adbcbc41749"},"geometry":{"type":"Point","coordinates":[-51.1627734238781,-23.3121559993137]}},{"type":"Feature","properties":{"municipio":"afbe820d-66a6-49a3-ab92-438f0faa2f8a","title":"PR - MANDAGUARI","name":"PR - MANDAGUARI","tipo":"Munic\u00edpio","url":"\/dashboard\/details-assets\/afbe820d-66a6-49a3-ab92-438f0faa2f8a"},"geometry":{"type":"Point","coordinates":[-51.669444,-23.545278]}},{"type":"Feature","properties":{"municipio":"12d3ba3f-162f-4dbf-81be-9120da91a3bc","title":"PR - SANTO ANTONIO DO SUDOESTE","name":"PR - SANTO ANTONIO DO SUDOESTE","tipo":"Munic\u00edpio","url":"\/dashboard\/details-assets\/12d3ba3f-162f-4dbf-81be-9120da91a3bc"},"geometry":{"type":"Point","coordinates":[-53.725,-26.071667]}},{"type":"Feature","properties":{"municipio":"1e77c263-6aed-4549-9ef2-1b5429509bf0","title":"PR - IPORA","name":"PR - IPORA","tipo":"Munic\u00edpio","url":"\/dashboard\/details-assets\/1e77c263-6aed-4549-9ef2-1b5429509bf0"},"geometry":{"type":"Point","coordinates":[-53.708056,-24.008889]}},{"type":"Feature","properties":{"municipio":"fee2735d-65e5-4cac-b1d7-5a362581ee55","title":"PR - PIRAQUARA","name":"PR - PIRAQUARA","tipo":"Munic\u00edpio","url":"\/dashboard\/details-assets\/fee2735d-65e5-4cac-b1d7-5a362581ee55"},"geometry":{"type":"Point","coordinates":[-49.0653056139231,-25.4465503557216]}},{"type":"Feature","properties":{"municipio":"29aeaef7-1b68-4682-ab66-28682408586b","title":"PR - CAMPO LARGO","name":"PR - CAMPO LARGO","tipo":"Munic\u00edpio","url":"\/dashboard\/details-assets\/29aeaef7-1b68-4682-ab66-28682408586b"},"geometry":{"type":"Point","coordinates":[-49.528333,-25.458611]}},{"type":"Feature","properties":{"municipio":"68f70a0a-baf0-4a68-a162-d2c22a750a31","title":"PR - PONTA GROSSA","name":"PR - PONTA GROSSA","tipo":"Munic\u00edpio","url":"\/dashboard\/details-assets\/68f70a0a-baf0-4a68-a162-d2c22a750a31"},"geometry":{"type":"Point","coordinates":[-50.1614420592942,-25.0925469992748]}},{"type":"Feature","properties":{"municipio":"234739a0-ac9f-495c-81e0-c5d4e6e411c4","title":"PR - NOVA ESPERANCA","name":"PR - NOVA ESPERANCA","tipo":"Munic\u00edpio","url":"\/dashboard\/details-assets\/234739a0-ac9f-495c-81e0-c5d4e6e411c4"},"geometry":{"type":"Point","coordinates":[-52.204167,-23.184444]}},{"type":"Feature","properties":{"municipio":"bcb60a61-cc1a-4784-bc55-4bcf0705bd27","title":"PR - JACAREZINHO","name":"PR - JACAREZINHO","tipo":"Munic\u00edpio","url":"\/dashboard\/details-assets\/bcb60a61-cc1a-4784-bc55-4bcf0705bd27"},"geometry":{"type":"Point","coordinates":[-49.9725,-23.159167]}},{"type":"Feature","properties":{"municipio":"746f4a94-44a4-4dfa-ad6d-eaa3cf60c49d","title":"PR - CAMPO MOURAO","name":"PR - CAMPO MOURAO","tipo":"Munic\u00edpio","url":"\/dashboard\/details-assets\/746f4a94-44a4-4dfa-ad6d-eaa3cf60c49d"},"geometry":{"type":"Point","coordinates":[-52.3811150855647,-24.0412231960172]}},{"type":"Feature","properties":{"municipio":"d7d04af1-4fe9-4ec1-8ef0-2a03ba32ccc7","title":"PR - TOLEDO","name":"PR - TOLEDO","tipo":"Munic\u00edpio","url":"\/dashboard\/details-assets\/d7d04af1-4fe9-4ec1-8ef0-2a03ba32ccc7"},"geometry":{"type":"Point","coordinates":[-53.7414114911568,-24.7320769992824]}},{"type":"Feature","properties":{"municipio":"64295ea8-1f7d-4334-8c0f-2dcba29c6bac","title":"PR - MARINGA","name":"PR - MARINGA","tipo":"Munic\u00edpio","url":"\/dashboard\/details-assets\/64295ea8-1f7d-4334-8c0f-2dcba29c6bac"},"geometry":{"type":"Point","coordinates":[-51.9398818702521,-23.4222799993112]}},{"type":"Feature","properties":{"municipio":"a325235a-ba53-44a9-adba-6f570bd3e103","title":"PR - GUARAPUAVA","name":"PR - GUARAPUAVA","tipo":"Munic\u00edpio","url":"\/dashboard\/details-assets\/a325235a-ba53-44a9-adba-6f570bd3e103"},"geometry":{"type":"Point","coordinates":[-48.5757259604424,-25.8742419742585]}},{"type":"Feature","properties":{"municipio":"3cf95dbc-9ad3-4843-887a-e98f3ffa8548","title":"PR - MARECHAL CANDIDO RONDON","name":"PR - MARECHAL CANDIDO RONDON","tipo":"Munic\u00edpio","url":"\/dashboard\/details-assets\/3cf95dbc-9ad3-4843-887a-e98f3ffa8548"},"geometry":{"type":"Point","coordinates":[-54.056667,-24.555833]}},{"type":"Feature","properties":{"municipio":"0f892c54-9ef6-4096-a88b-b1e3cc33cd16","title":"PR - FOZ DO IGUACU","name":"PR - FOZ DO IGUACU","tipo":"Munic\u00edpio","url":"\/dashboard\/details-assets\/0f892c54-9ef6-4096-a88b-b1e3cc33cd16"},"geometry":{"type":"Point","coordinates":[-54.5871024886046,-25.5424932787946]}},{"type":"Feature","properties":{"municipio":"74b00e8d-0fe5-4460-a90d-3ad4db2edfa7","title":"PR - CURITIBA","name":"PR - CURITIBA","tipo":"Munic\u00edpio","url":"\/dashboard\/details-assets\/74b00e8d-0fe5-4460-a90d-3ad4db2edfa7"},"geometry":{"type":"Point","coordinates":[-49.2718478850774,-25.4329559992677]}},{"type":"Feature","properties":{"municipio":"50cde7f0-fa46-42c8-b1f0-058bc9deac14","title":"PI - PICOS","name":"PI - PICOS","tipo":"Munic\u00edpio","url":"\/dashboard\/details-assets\/50cde7f0-fa46-42c8-b1f0-058bc9deac14"},"geometry":{"type":"Point","coordinates":[-41.4688267146679,-7.0813739119682]}},{"type":"Feature","properties":{"municipio":"680d63a4-1a4a-4eda-adb2-d3a191ad36d2","title":"PI - BURITI DOS LOPES","name":"PI - BURITI DOS LOPES","tipo":"Munic\u00edpio","url":"\/dashboard\/details-assets\/680d63a4-1a4a-4eda-adb2-d3a191ad36d2"},"geometry":{"type":"Point","coordinates":[-41.871667,-3.175]}},{"type":"Feature","properties":{"municipio":"e50cd003-2881-44d3-ad8f-f1bd9c55c80e","title":"PI - FLORIANO","name":"PI - FLORIANO","tipo":"Munic\u00edpio","url":"\/dashboard\/details-assets\/e50cd003-2881-44d3-ad8f-f1bd9c55c80e"},"geometry":{"type":"Point","coordinates":[-43.0206447383255,-6.76967243356518]}},{"type":"Feature","properties":{"municipio":"f6a911fe-0276-4401-b41b-95c5bbda1300","title":"PI - OEIRAS","name":"PI - OEIRAS","tipo":"Munic\u00edpio","url":"\/dashboard\/details-assets\/f6a911fe-0276-4401-b41b-95c5bbda1300"},"geometry":{"type":"Point","coordinates":[-42.1314056604251,-7.0164180057338]}},{"type":"Feature","properties":{"municipio":"e85c046e-f73f-4a1e-b9dc-cfd9c5a9d86f","title":"PI - ESPERANTINA","name":"PI - ESPERANTINA","tipo":"Munic\u00edpio","url":"\/dashboard\/details-assets\/e85c046e-f73f-4a1e-b9dc-cfd9c5a9d86f"},"geometry":{"type":"Point","coordinates":[-42.2342203,-3.8945585]}},{"type":"Feature","properties":{"municipio":"39cab28d-a4dc-42f4-a744-f50a2ee56337","title":"PI - ALTOS","name":"PI - ALTOS","tipo":"Munic\u00edpio","url":"\/dashboard\/details-assets\/39cab28d-a4dc-42f4-a744-f50a2ee56337"},"geometry":{"type":"Point","coordinates":[-42.4609480355568,-5.03654643417531]}},{"type":"Feature","properties":{"municipio":"8f9671b9-fbb5-4a20-80e8-fd42263f5246","title":"PI - PARNAIBA","name":"PI - PARNAIBA","tipo":"Munic\u00edpio","url":"\/dashboard\/details-assets\/8f9671b9-fbb5-4a20-80e8-fd42263f5246"},"geometry":{"type":"Point","coordinates":[-41.7781705920245,-2.90336014441333]}},{"type":"Feature","properties":{"municipio":"fd9dc0ce-cb72-4702-8a10-f24bb9dfc66c","title":"PI - TERESINA","name":"PI - TERESINA","tipo":"Munic\u00edpio","url":"\/dashboard\/details-assets\/fd9dc0ce-cb72-4702-8a10-f24bb9dfc66c"},"geometry":{"type":"Point","coordinates":[-42.8052704582233,-5.08634195215484]}},{"type":"Feature","properties":{"municipio":"27cc1c44-aec4-4c98-aa1e-259317ccd2c0","title":"PI - SAO RAIMUNDO NONATO","name":"PI - SAO RAIMUNDO NONATO","tipo":"Munic\u00edpio","url":"\/dashboard\/details-assets\/27cc1c44-aec4-4c98-aa1e-259317ccd2c0"},"geometry":{"type":"Point","coordinates":[-42.6922851641908,-9.0153604820623]}},{"type":"Feature","properties":{"municipio":"48a24002-74f0-475c-84a6-2a5c1a374816","title":"PI - CAMPO MAIOR","name":"PI - CAMPO MAIOR","tipo":"Munic\u00edpio","url":"\/dashboard\/details-assets\/48a24002-74f0-475c-84a6-2a5c1a374816"},"geometry":{"type":"Point","coordinates":[-42.16,-4.82]}},{"type":"Feature","properties":{"municipio":"06252a2f-e3e3-47fe-89a9-93099a80d29b","title":"PI - BOM JESUS","name":"PI - BOM JESUS","tipo":"Munic\u00edpio","url":"\/dashboard\/details-assets\/06252a2f-e3e3-47fe-89a9-93099a80d29b"},"geometry":{"type":"Point","coordinates":[-44.357392,-9.074637]}},{"type":"Feature","properties":{"municipio":"15dbb885-80c6-436a-98d5-c09266f9f8f9","title":"PE - ARCOVERDE","name":"PE - ARCOVERDE","tipo":"Munic\u00edpio","url":"\/dashboard\/details-assets\/15dbb885-80c6-436a-98d5-c09266f9f8f9"},"geometry":{"type":"Point","coordinates":[-37.0565055646245,-8.42394049972621]}},{"type":"Feature","properties":{"municipio":"2333a45b-1fb2-4f6a-836c-0ca348447280","title":"PE - VITORIA DE SANTO ANTAO","name":"PE - VITORIA DE SANTO ANTAO","tipo":"Munic\u00edpio","url":"\/dashboard\/details-assets\/2333a45b-1fb2-4f6a-836c-0ca348447280"},"geometry":{"type":"Point","coordinates":[-35.2938642410814,-8.11874799973584]}},{"type":"Feature","properties":{"municipio":"39bad719-e03a-461a-ad87-ab65b9342dd9","title":"PE - LAGOA DO CARRO","name":"PE - LAGOA DO CARRO","tipo":"Munic\u00edpio","url":"\/dashboard\/details-assets\/39bad719-e03a-461a-ad87-ab65b9342dd9"},"geometry":{"type":"Point","coordinates":[-35.311667,-7.863333]}},{"type":"Feature","properties":{"municipio":"16e2368c-6bc1-4efe-a072-495c8b75eb7e","title":"PE - CABO DE SANTO AGOSTINHO","name":"PE - CABO DE SANTO AGOSTINHO","tipo":"Munic\u00edpio","url":"\/dashboard\/details-assets\/16e2368c-6bc1-4efe-a072-495c8b75eb7e"},"geometry":{"type":"Point","coordinates":[-35.0384889718131,-8.2898642300283]}},{"type":"Feature","properties":{"municipio":"271035f6-aabe-4595-8b5a-40eb6ef541a7","title":"PE - NAZARE DA MATA","name":"PE - NAZARE DA MATA","tipo":"Munic\u00edpio","url":"\/dashboard\/details-assets\/271035f6-aabe-4595-8b5a-40eb6ef541a7"},"geometry":{"type":"Point","coordinates":[-35.226667,-7.742222]}},{"type":"Feature","properties":{"municipio":"e164a09f-3df0-41a2-b484-e71e441c3311","title":"PE - IGARASSU","name":"PE - IGARASSU","tipo":"Munic\u00edpio","url":"\/dashboard\/details-assets\/e164a09f-3df0-41a2-b484-e71e441c3311"},"geometry":{"type":"Point","coordinates":[-34.9105833875875,-7.82837198974503]}},{"type":"Feature","properties":{"municipio":"3e79a27b-8644-4185-9151-abe6abbcebb4","title":"PE - VICENCIA","name":"PE - VICENCIA","tipo":"Munic\u00edpio","url":"\/dashboard\/details-assets\/3e79a27b-8644-4185-9151-abe6abbcebb4"},"geometry":{"type":"Point","coordinates":[-35.324444,-7.656944]}},{"type":"Feature","properties":{"municipio":"e61550e3-32fb-4603-80f8-3c4e622a3d37","title":"PE - GOIANA","name":"PE - GOIANA","tipo":"Munic\u00edpio","url":"\/dashboard\/details-assets\/e61550e3-32fb-4603-80f8-3c4e622a3d37"},"geometry":{"type":"Point","coordinates":[-35.002222,-7.560556]}},{"type":"Feature","properties":{"municipio":"61fce07c-60c5-496f-b576-c5c5e0f311d0","title":"PE - SANTA CRUZ DO CAPIBARIBE","name":"PE - SANTA CRUZ DO CAPIBARIBE","tipo":"Munic\u00edpio","url":"\/dashboard\/details-assets\/61fce07c-60c5-496f-b576-c5c5e0f311d0"},"geometry":{"type":"Point","coordinates":[-36.2039500171458,-7.95518949974102]}},{"type":"Feature","properties":{"municipio":"a10374f9-974e-4386-b8d5-37852fb06dff","title":"PE - TACAIMBO","name":"PE - TACAIMBO","tipo":"Munic\u00edpio","url":"\/dashboard\/details-assets\/a10374f9-974e-4386-b8d5-37852fb06dff"},"geometry":{"type":"Point","coordinates":[-36.299167,-8.326389]}},{"type":"Feature","properties":{"municipio":"dee1cb5c-38cd-4879-b43c-474f59b5c80c","title":"PE - SALOA","name":"PE - SALOA","tipo":"Munic\u00edpio","url":"\/dashboard\/details-assets\/dee1cb5c-38cd-4879-b43c-474f59b5c80c"},"geometry":{"type":"Point","coordinates":[-36.675,-8.963333]}},{"type":"Feature","properties":{"municipio":"f93db7a7-2530-4db6-9575-9f7425929d13","title":"PE - BOM CONSELHO","name":"PE - BOM CONSELHO","tipo":"Munic\u00edpio","url":"\/dashboard\/details-assets\/f93db7a7-2530-4db6-9575-9f7425929d13"},"geometry":{"type":"Point","coordinates":[-36.679722,-9.171389]}},{"type":"Feature","properties":{"municipio":"bf6aecef-d009-45fd-8406-d5b3ca075035","title":"PE - LAJEDO","name":"PE - LAJEDO","tipo":"Munic\u00edpio","url":"\/dashboard\/details-assets\/bf6aecef-d009-45fd-8406-d5b3ca075035"},"geometry":{"type":"Point","coordinates":[-36.321111,-8.663611]}},{"type":"Feature","properties":{"municipio":"c9b63472-bc56-42a6-a8df-f06a5d1769fc","title":"PE - ITAQUITINGA","name":"PE - ITAQUITINGA","tipo":"Munic\u00edpio","url":"\/dashboard\/details-assets\/c9b63472-bc56-42a6-a8df-f06a5d1769fc"},"geometry":{"type":"Point","coordinates":[-35.101667,-7.67]}},{"type":"Feature","properties":{"municipio":"3193f9e0-b31e-4b9b-8713-e65f808eae86","title":"PE - GARANHUNS","name":"PE - GARANHUNS","tipo":"Munic\u00edpio","url":"\/dashboard\/details-assets\/3193f9e0-b31e-4b9b-8713-e65f808eae86"},"geometry":{"type":"Point","coordinates":[-36.4930502821005,-8.88890552971159]}},{"type":"Feature","properties":{"municipio":"dee70bdc-7b4b-4d78-98c7-d585e30874e6","title":"PE - SALGUEIRO","name":"PE - SALGUEIRO","tipo":"Munic\u00edpio","url":"\/dashboard\/details-assets\/dee70bdc-7b4b-4d78-98c7-d585e30874e6"},"geometry":{"type":"Point","coordinates":[-39.121111,-8.073333]}},{"type":"Feature","properties":{"municipio":"285b5f08-81a4-4b38-a526-629bc303fa09","title":"PE - ILHA DE ITAMARACA","name":"PE - ILHA DE ITAMARACA","tipo":"Munic\u00edpio","url":"\/dashboard\/details-assets\/285b5f08-81a4-4b38-a526-629bc303fa09"},"geometry":{"type":"Point","coordinates":[-34.8306327,-7.7480776]}},{"type":"Feature","properties":{"municipio":"54f20dab-1bc1-45a0-b362-e8e5028b4067","title":"PE - BUIQUE","name":"PE - BUIQUE","tipo":"Munic\u00edpio","url":"\/dashboard\/details-assets\/54f20dab-1bc1-45a0-b362-e8e5028b4067"},"geometry":{"type":"Point","coordinates":[-37.0829593,-8.6165115]}},{"type":"Feature","properties":{"municipio":"9c5f8398-5453-4c00-af16-1cf77fc95542","title":"PE - CANHOTINHO","name":"PE - CANHOTINHO","tipo":"Munic\u00edpio","url":"\/dashboard\/details-assets\/9c5f8398-5453-4c00-af16-1cf77fc95542"},"geometry":{"type":"Point","coordinates":[-36.1998590035156,-8.87051388232918]}},{"type":"Feature","properties":{"municipio":"200b3c36-dbda-46e1-8e2b-5f950171d72a","title":"PE - LIMOEIRO","name":"PE - LIMOEIRO","tipo":"Munic\u00edpio","url":"\/dashboard\/details-assets\/200b3c36-dbda-46e1-8e2b-5f950171d72a"},"geometry":{"type":"Point","coordinates":[-35.4552610509597,-7.88019799974339]}},{"type":"Feature","properties":{"municipio":"46e71ca2-5e2f-4bf9-9c14-f93523c62090","title":"PE - TIMBAUBA","name":"PE - TIMBAUBA","tipo":"Munic\u00edpio","url":"\/dashboard\/details-assets\/46e71ca2-5e2f-4bf9-9c14-f93523c62090"},"geometry":{"type":"Point","coordinates":[-35.3168703,-7.512005]}},{"type":"Feature","properties":{"municipio":"f6e21eb1-ab0c-4534-ae3e-7162365cc7bd","title":"PE - VERDEJANTE","name":"PE - VERDEJANTE","tipo":"Munic\u00edpio","url":"\/dashboard\/details-assets\/f6e21eb1-ab0c-4534-ae3e-7162365cc7bd"},"geometry":{"type":"Point","coordinates":[-38.971667,-7.93]}},{"type":"Feature","properties":{"municipio":"bd018818-6f0f-4128-ab96-c65bca9c4eed","title":"PE - ABREU E LIMA","name":"PE - ABREU E LIMA","tipo":"Munic\u00edpio","url":"\/dashboard\/details-assets\/bd018818-6f0f-4128-ab96-c65bca9c4eed"},"geometry":{"type":"Point","coordinates":[-34.8987086,-7.9011493]}},{"type":"Feature","properties":{"municipio":"20569722-924c-4752-8175-5063f19e828c","title":"PE - PESQUEIRA","name":"PE - PESQUEIRA","tipo":"Munic\u00edpio","url":"\/dashboard\/details-assets\/20569722-924c-4752-8175-5063f19e828c"},"geometry":{"type":"Point","coordinates":[-36.69,-8.35]}},{"type":"Feature","properties":{"municipio":"29d4450b-17e7-4c35-89d6-56bfb4c6a974","title":"PE - SERRA TALHADA","name":"PE - SERRA TALHADA","tipo":"Munic\u00edpio","url":"\/dashboard\/details-assets\/29d4450b-17e7-4c35-89d6-56bfb4c6a974"},"geometry":{"type":"Point","coordinates":[-38.297222,-7.990278]}},{"type":"Feature","properties":{"municipio":"bd649617-727c-4d54-9469-d006ce71b762","title":"PE - RECIFE","name":"PE - RECIFE","tipo":"Munic\u00edpio","url":"\/dashboard\/details-assets\/bd649617-727c-4d54-9469-d006ce71b762"},"geometry":{"type":"Point","coordinates":[-34.8889419445777,-8.06276248279001]}},{"type":"Feature","properties":{"municipio":"33099604-0db5-4147-82a5-d32be325f804","title":"PE - PETROLINA","name":"PE - PETROLINA","tipo":"Munic\u00edpio","url":"\/dashboard\/details-assets\/33099604-0db5-4147-82a5-d32be325f804"},"geometry":{"type":"Point","coordinates":[-40.4999993346523,-9.39737551469565]}},{"type":"Feature","properties":{"municipio":"e38948df-6b19-4899-8e1a-18c76011259b","title":"PE - CARUARU","name":"PE - CARUARU","tipo":"Munic\u00edpio","url":"\/dashboard\/details-assets\/e38948df-6b19-4899-8e1a-18c76011259b"},"geometry":{"type":"Point","coordinates":[-35.9670733600535,-8.28589799973057]}},{"type":"Feature","properties":{"municipio":"180f8702-d003-4880-9e8f-2f6511572de6","title":"PE - PALMARES","name":"PE - PALMARES","tipo":"Munic\u00edpio","url":"\/dashboard\/details-assets\/180f8702-d003-4880-9e8f-2f6511572de6"},"geometry":{"type":"Point","coordinates":[-35.5883359937581,-8.67908249971815]}},{"type":"Feature","properties":{"municipio":"f4b9061b-0568-440a-97c5-1e26fbb747db","title":"PE - MACAPARANA","name":"PE - MACAPARANA","tipo":"Munic\u00edpio","url":"\/dashboard\/details-assets\/f4b9061b-0568-440a-97c5-1e26fbb747db"},"geometry":{"type":"Point","coordinates":[-35.456667,-7.551667]}},{"type":"Feature","properties":{"municipio":"e8f74c0a-8a8a-431b-bb0a-fd2dfac807fa","title":"PE - CARPINA","name":"PE - CARPINA","tipo":"Munic\u00edpio","url":"\/dashboard\/details-assets\/e8f74c0a-8a8a-431b-bb0a-fd2dfac807fa"},"geometry":{"type":"Point","coordinates":[-35.253611,-7.848333]}},{"type":"Feature","properties":{"municipio":"66df4eb7-241b-426b-981c-1e2f6e935157","title":"PE - JABOATAO DOS GUARARAPES","name":"PE - JABOATAO DOS GUARARAPES","tipo":"Munic\u00edpio","url":"\/dashboard\/details-assets\/66df4eb7-241b-426b-981c-1e2f6e935157"},"geometry":{"type":"Point","coordinates":[-34.9988568957031,-8.16802124239862]}},{"type":"Feature","properties":{"municipio":"e1a7cb37-0dcb-4077-8bb0-93c9134bd170","title":"PB - SOLANEA","name":"PB - SOLANEA","tipo":"Munic\u00edpio","url":"\/dashboard\/details-assets\/e1a7cb37-0dcb-4077-8bb0-93c9134bd170"},"geometry":{"type":"Point","coordinates":[-35.6595757,-6.758019]}},{"type":"Feature","properties":{"municipio":"86d5eca0-cf42-4cae-8225-36c6116843e0","title":"PB - QUEIMADAS","name":"PB - QUEIMADAS","tipo":"Munic\u00edpio","url":"\/dashboard\/details-assets\/86d5eca0-cf42-4cae-8225-36c6116843e0"},"geometry":{"type":"Point","coordinates":[-35.902741,-7.348847]}},{"type":"Feature","properties":{"municipio":"56eb3004-91fb-404f-88de-7cfe2d7806d5","title":"PB - PRINCESA ISABEL","name":"PB - PRINCESA ISABEL","tipo":"Munic\u00edpio","url":"\/dashboard\/details-assets\/56eb3004-91fb-404f-88de-7cfe2d7806d5"},"geometry":{"type":"Point","coordinates":[-37.9916987,-7.7362124]}},{"type":"Feature","properties":{"municipio":"c2e3090d-cfbe-4849-95b9-dec38efdf51d","title":"PB - CUBATI","name":"PB - CUBATI","tipo":"Munic\u00edpio","url":"\/dashboard\/details-assets\/c2e3090d-cfbe-4849-95b9-dec38efdf51d"},"geometry":{"type":"Point","coordinates":[-36.355,-6.848333]}},{"type":"Feature","properties":{"municipio":"8df62bde-23f2-4c92-9923-1c34d8465685","title":"PB - ITAPORANGA","name":"PB - ITAPORANGA","tipo":"Munic\u00edpio","url":"\/dashboard\/details-assets\/8df62bde-23f2-4c92-9923-1c34d8465685"},"geometry":{"type":"Point","coordinates":[-49.4843963120808,-23.7034999424681]}},{"type":"Feature","properties":{"municipio":"5a3ae9b7-e7a7-4942-9c3d-161a83897abd","title":"PB - SAO JOSE DE PIRANHAS","name":"PB - SAO JOSE DE PIRANHAS","tipo":"Munic\u00edpio","url":"\/dashboard\/details-assets\/5a3ae9b7-e7a7-4942-9c3d-161a83897abd"},"geometry":{"type":"Point","coordinates":[-38.4993817,-7.1191546]}},{"type":"Feature","properties":{"municipio":"8cc5fd2a-8d46-4f7d-9d3e-a5568e3603f0","title":"PB - COREMAS","name":"PB - COREMAS","tipo":"Munic\u00edpio","url":"\/dashboard\/details-assets\/8cc5fd2a-8d46-4f7d-9d3e-a5568e3603f0"},"geometry":{"type":"Point","coordinates":[-37.9446335,-7.0174314]}},{"type":"Feature","properties":{"municipio":"0dda83be-8d14-421f-bad8-cd80ccdee6fd","title":"PB - SOLEDADE","name":"PB - SOLEDADE","tipo":"Munic\u00edpio","url":"\/dashboard\/details-assets\/0dda83be-8d14-421f-bad8-cd80ccdee6fd"},"geometry":{"type":"Point","coordinates":[-36.36,-7.05]}},{"type":"Feature","properties":{"municipio":"1451c412-c96b-4c06-a606-67b2d0fddf74","title":"PB - ALAGOA GRANDE","name":"PB - ALAGOA GRANDE","tipo":"Munic\u00edpio","url":"\/dashboard\/details-assets\/1451c412-c96b-4c06-a606-67b2d0fddf74"},"geometry":{"type":"Point","coordinates":[-35.631667,-7.049444]}},{"type":"Feature","properties":{"municipio":"b7cb4fc9-0039-4c2d-aab6-40cfda12be02","title":"PB - CUITE","name":"PB - CUITE","tipo":"Munic\u00edpio","url":"\/dashboard\/details-assets\/b7cb4fc9-0039-4c2d-aab6-40cfda12be02"},"geometry":{"type":"Point","coordinates":[-36.1532081655002,-6.48555530094224]}},{"type":"Feature","properties":{"municipio":"4b0ba7c6-ed97-4fe2-8b46-211c41bd8204","title":"PB - ALAGOA NOVA","name":"PB - ALAGOA NOVA","tipo":"Munic\u00edpio","url":"\/dashboard\/details-assets\/4b0ba7c6-ed97-4fe2-8b46-211c41bd8204"},"geometry":{"type":"Point","coordinates":[-35.7625241,-7.063447]}},{"type":"Feature","properties":{"municipio":"9e1670fe-85c3-4872-a740-86bdc62136df","title":"PB - SANTA LUZIA","name":"PB - SANTA LUZIA","tipo":"Munic\u00edpio","url":"\/dashboard\/details-assets\/9e1670fe-85c3-4872-a740-86bdc62136df"},"geometry":{"type":"Point","coordinates":[-36.925263,-6.83917]}},{"type":"Feature","properties":{"municipio":"11ead980-eb6b-4329-8517-e4993d1c9264","title":"PB - ALAGOINHA","name":"PB - ALAGOINHA","tipo":"Munic\u00edpio","url":"\/dashboard\/details-assets\/11ead980-eb6b-4329-8517-e4993d1c9264"},"geometry":{"type":"Point","coordinates":[-35.5110513,-6.9502454]}},{"type":"Feature","properties":{"municipio":"221508ab-c800-4983-9430-920b94b0e1ed","title":"PB - CONCEICAO","name":"PB - CONCEICAO","tipo":"Munic\u00edpio","url":"\/dashboard\/details-assets\/221508ab-c800-4983-9430-920b94b0e1ed"},"geometry":{"type":"Point","coordinates":[-38.5,-7.56]}},{"type":"Feature","properties":{"municipio":"c7dcb7bb-be6b-4bc4-b356-20df2c57f043","title":"PB - PATOS","name":"PB - PATOS","tipo":"Munic\u00edpio","url":"\/dashboard\/details-assets\/c7dcb7bb-be6b-4bc4-b356-20df2c57f043"},"geometry":{"type":"Point","coordinates":[-37.2769133372926,-7.02449166798991]}},{"type":"Feature","properties":{"municipio":"2456470c-d8ee-4b07-84e2-f84a1a93a300","title":"PB - POMBAL","name":"PB - POMBAL","tipo":"Munic\u00edpio","url":"\/dashboard\/details-assets\/2456470c-d8ee-4b07-84e2-f84a1a93a300"},"geometry":{"type":"Point","coordinates":[-37.7973839,-6.7708458]}},{"type":"Feature","properties":{"municipio":"7907758a-8156-4a49-8ad4-484254e8ccb8","title":"PB - REMIGIO","name":"PB - REMIGIO","tipo":"Munic\u00edpio","url":"\/dashboard\/details-assets\/7907758a-8156-4a49-8ad4-484254e8ccb8"},"geometry":{"type":"Point","coordinates":[-35.795833,-6.959444]}},{"type":"Feature","properties":{"municipio":"098e955f-0fc4-4b03-be36-6fa9b576b55f","title":"PB - ESPERANCA","name":"PB - ESPERANCA","tipo":"Munic\u00edpio","url":"\/dashboard\/details-assets\/098e955f-0fc4-4b03-be36-6fa9b576b55f"},"geometry":{"type":"Point","coordinates":[-35.8585932869695,-7.0206849997708]}},{"type":"Feature","properties":{"municipio":"0f2278f8-ecaa-4ea2-8dc1-b583ddb044e5","title":"PB - TEIXEIRA","name":"PB - TEIXEIRA","tipo":"Munic\u00edpio","url":"\/dashboard\/details-assets\/0f2278f8-ecaa-4ea2-8dc1-b583ddb044e5"},"geometry":{"type":"Point","coordinates":[-37.2523026,-7.2212062]}},{"type":"Feature","properties":{"municipio":"3a9ba944-c4c0-44d0-b456-80992ffdf388","title":"PB - PIANCO","name":"PB - PIANCO","tipo":"Munic\u00edpio","url":"\/dashboard\/details-assets\/3a9ba944-c4c0-44d0-b456-80992ffdf388"},"geometry":{"type":"Point","coordinates":[-37.92,-7.19]}},{"type":"Feature","properties":{"municipio":"5f43d09a-9c99-439d-8d20-271ae85f9204","title":"PB - JACARAU","name":"PB - JACARAU","tipo":"Munic\u00edpio","url":"\/dashboard\/details-assets\/5f43d09a-9c99-439d-8d20-271ae85f9204"},"geometry":{"type":"Point","coordinates":[-35.2911117,-6.6150571]}},{"type":"Feature","properties":{"municipio":"a0ba42df-eaff-44fe-a9a4-60f89dc77697","title":"PB - TAPEROA","name":"PB - TAPEROA","tipo":"Munic\u00edpio","url":"\/dashboard\/details-assets\/a0ba42df-eaff-44fe-a9a4-60f89dc77697"},"geometry":{"type":"Point","coordinates":[-36.825833,-7.21]}},{"type":"Feature","properties":{"municipio":"2911e4f9-88ca-4878-99a8-d726f48672a9","title":"PB - ALHANDRA","name":"PB - ALHANDRA","tipo":"Munic\u00edpio","url":"\/dashboard\/details-assets\/2911e4f9-88ca-4878-99a8-d726f48672a9"},"geometry":{"type":"Point","coordinates":[-34.9114797,-7.4347697]}},{"type":"Feature","properties":{"municipio":"84dcb680-61a1-48f1-a480-e14125a8cb30","title":"PB - CATOLE DO ROCHA","name":"PB - CATOLE DO ROCHA","tipo":"Munic\u00edpio","url":"\/dashboard\/details-assets\/84dcb680-61a1-48f1-a480-e14125a8cb30"},"geometry":{"type":"Point","coordinates":[-37.7485000905939,-6.34675299479241]}},{"type":"Feature","properties":{"municipio":"f7ee0647-e506-453b-8c97-de0a228c2060","title":"PB - SOUSA","name":"PB - SOUSA","tipo":"Munic\u00edpio","url":"\/dashboard\/details-assets\/f7ee0647-e506-453b-8c97-de0a228c2060"},"geometry":{"type":"Point","coordinates":[-38.2296050806011,-6.76337800477903]}},{"type":"Feature","properties":{"municipio":"79978920-1d97-4f2c-949e-6b564e78f212","title":"PB - PEDRAS DE FOGO","name":"PB - PEDRAS DE FOGO","tipo":"Munic\u00edpio","url":"\/dashboard\/details-assets\/79978920-1d97-4f2c-949e-6b564e78f212"},"geometry":{"type":"Point","coordinates":[-35.11,-7.4]}},{"type":"Feature","properties":{"municipio":"1c878fa6-ba71-4fa3-bc4b-c0eefce9c71f","title":"PB - LAGOA SECA","name":"PB - LAGOA SECA","tipo":"Munic\u00edpio","url":"\/dashboard\/details-assets\/1c878fa6-ba71-4fa3-bc4b-c0eefce9c71f"},"geometry":{"type":"Point","coordinates":[-35.8498078,-7.1637491]}},{"type":"Feature","properties":{"municipio":"9a828e28-9069-4225-a391-ad15c02b9a37","title":"PB - MONTEIRO","name":"PB - MONTEIRO","tipo":"Munic\u00edpio","url":"\/dashboard\/details-assets\/9a828e28-9069-4225-a391-ad15c02b9a37"},"geometry":{"type":"Point","coordinates":[-37.1171012,-7.8887727]}},{"type":"Feature","properties":{"municipio":"172d8f27-2e38-4115-92ba-df81e42b0ef4","title":"PB - MAMANGUAPE","name":"PB - MAMANGUAPE","tipo":"Munic\u00edpio","url":"\/dashboard\/details-assets\/172d8f27-2e38-4115-92ba-df81e42b0ef4"},"geometry":{"type":"Point","coordinates":[-35.1238932020901,-6.83371514670995]}},{"type":"Feature","properties":{"municipio":"9f7f727f-cbb3-48f9-ab76-17c00290b135","title":"PB - AREIA","name":"PB - AREIA","tipo":"Munic\u00edpio","url":"\/dashboard\/details-assets\/9f7f727f-cbb3-48f9-ab76-17c00290b135"},"geometry":{"type":"Point","coordinates":[-35.7033914011072,-6.96551499977257]}},{"type":"Feature","properties":{"municipio":"2892dbf1-e32d-4077-be7b-debc0fb0f92c","title":"PB - BAYEUX","name":"PB - BAYEUX","tipo":"Munic\u00edpio","url":"\/dashboard\/details-assets\/2892dbf1-e32d-4077-be7b-debc0fb0f92c"},"geometry":{"type":"Point","coordinates":[-34.9291858200857,-7.13227648476721]}},{"type":"Feature","properties":{"municipio":"c209f265-923d-42b4-b7c0-69e7018a4a1c","title":"PB - SANTA RITA","name":"PB - SANTA RITA","tipo":"Munic\u00edpio","url":"\/dashboard\/details-assets\/c209f265-923d-42b4-b7c0-69e7018a4a1c"},"geometry":{"type":"Point","coordinates":[-34.9662353,-7.135868]}},{"type":"Feature","properties":{"municipio":"c06c30f5-533b-4fe7-87cb-26ed059c1944","title":"PB - ARARUNA","name":"PB - ARARUNA","tipo":"Munic\u00edpio","url":"\/dashboard\/details-assets\/c06c30f5-533b-4fe7-87cb-26ed059c1944"},"geometry":{"type":"Point","coordinates":[-35.7524896,-6.5297363]}},{"type":"Feature","properties":{"municipio":"5cd29f3f-7018-4b63-b2fd-e8bf3c9766ab","title":"PB - INGA","name":"PB - INGA","tipo":"Munic\u00edpio","url":"\/dashboard\/details-assets\/5cd29f3f-7018-4b63-b2fd-e8bf3c9766ab"},"geometry":{"type":"Point","coordinates":[-35.61,-7.26]}},{"type":"Feature","properties":{"municipio":"47ac8a60-de6c-4ffb-962d-e66f99a27a43","title":"PB - CAJAZEIRAS","name":"PB - CAJAZEIRAS","tipo":"Munic\u00edpio","url":"\/dashboard\/details-assets\/47ac8a60-de6c-4ffb-962d-e66f99a27a43"},"geometry":{"type":"Point","coordinates":[-35.8838591147815,-7.22149703976438]}},{"type":"Feature","properties":{"municipio":"38b4fef7-d1a8-4259-824e-eed0a432b4bc","title":"PB - PILAR","name":"PB - PILAR","tipo":"Munic\u00edpio","url":"\/dashboard\/details-assets\/38b4fef7-d1a8-4259-824e-eed0a432b4bc"},"geometry":{"type":"Point","coordinates":[-35.2697802,-7.2787651]}},{"type":"Feature","properties":{"municipio":"19074991-22d1-434f-8a32-ce2a587dbb31","title":"PB - BANANEIRAS","name":"PB - BANANEIRAS","tipo":"Munic\u00edpio","url":"\/dashboard\/details-assets\/19074991-22d1-434f-8a32-ce2a587dbb31"},"geometry":{"type":"Point","coordinates":[-35.631667,-6.75]}},{"type":"Feature","properties":{"municipio":"1d485362-625a-4ef9-9793-44f9bb538494","title":"PB - UIRAUNA","name":"PB - UIRAUNA","tipo":"Munic\u00edpio","url":"\/dashboard\/details-assets\/1d485362-625a-4ef9-9793-44f9bb538494"},"geometry":{"type":"Point","coordinates":[-38.412222,-6.518611]}},{"type":"Feature","properties":{"municipio":"6933b28f-0a85-4f0c-8b33-f257dd07c666","title":"PB - SERRA BRANCA","name":"PB - SERRA BRANCA","tipo":"Munic\u00edpio","url":"\/dashboard\/details-assets\/6933b28f-0a85-4f0c-8b33-f257dd07c666"},"geometry":{"type":"Point","coordinates":[-36.6639815,-7.4828261]}},{"type":"Feature","properties":{"municipio":"e26ec9ae-b662-4270-be68-ffa2ad25d1aa","title":"PB - JUAZEIRINHO","name":"PB - JUAZEIRINHO","tipo":"Munic\u00edpio","url":"\/dashboard\/details-assets\/e26ec9ae-b662-4270-be68-ffa2ad25d1aa"},"geometry":{"type":"Point","coordinates":[-36.5794208,-7.0693466]}},{"type":"Feature","properties":{"municipio":"410fb046-0370-4c89-844d-9d50777642ca","title":"PB - GUARABIRA","name":"PB - GUARABIRA","tipo":"Munic\u00edpio","url":"\/dashboard\/details-assets\/410fb046-0370-4c89-844d-9d50777642ca"},"geometry":{"type":"Point","coordinates":[-35.4899649848849,-6.85271499977616]}},{"type":"Feature","properties":{"municipio":"db6a8d79-0537-4cf3-a4e3-34df9221ee84","title":"PB - SAO JOAO DO RIO DO PEIXE","name":"PB - SAO JOAO DO RIO DO PEIXE","tipo":"Munic\u00edpio","url":"\/dashboard\/details-assets\/db6a8d79-0537-4cf3-a4e3-34df9221ee84"},"geometry":{"type":"Point","coordinates":[-38.445453570848,-6.73443082810047]}},{"type":"Feature","properties":{"municipio":"dfc506f9-2d52-4188-a7c0-af3d4f90f144","title":"PB - CAMPINA GRANDE","name":"PB - CAMPINA GRANDE","tipo":"Munic\u00edpio","url":"\/dashboard\/details-assets\/dfc506f9-2d52-4188-a7c0-af3d4f90f144"},"geometry":{"type":"Point","coordinates":[-35.8838591147815,-7.22149703976438]}},{"type":"Feature","properties":{"municipio":"1d1028cb-fa41-48b5-8b04-d59711c03c24","title":"PB - UMBUZEIRO","name":"PB - UMBUZEIRO","tipo":"Munic\u00edpio","url":"\/dashboard\/details-assets\/1d1028cb-fa41-48b5-8b04-d59711c03c24"},"geometry":{"type":"Point","coordinates":[-35.6653832,-7.6963786]}},{"type":"Feature","properties":{"municipio":"7120110c-7e9e-46f1-a3b2-29ac35deac21","title":"PB - BELEM","name":"PB - BELEM","tipo":"Munic\u00edpio","url":"\/dashboard\/details-assets\/7120110c-7e9e-46f1-a3b2-29ac35deac21"},"geometry":{"type":"Point","coordinates":[-35.51,-6.74]}},{"type":"Feature","properties":{"municipio":"9f71c7ee-24fd-4c1f-b6c6-efb232e5b6ff","title":"PB - SAPE","name":"PB - SAPE","tipo":"Munic\u00edpio","url":"\/dashboard\/details-assets\/9f71c7ee-24fd-4c1f-b6c6-efb232e5b6ff"},"geometry":{"type":"Point","coordinates":[-35.2304326165497,-7.08711099976866]}},{"type":"Feature","properties":{"municipio":"01ab4f69-54a8-4bc0-baaa-b292b87af79a","title":"PB - MALTA","name":"PB - MALTA","tipo":"Munic\u00edpio","url":"\/dashboard\/details-assets\/01ab4f69-54a8-4bc0-baaa-b292b87af79a"},"geometry":{"type":"Point","coordinates":[-37.0225,-6.902222]}},{"type":"Feature","properties":{"municipio":"c69534d8-d603-4ec2-be0a-26b6adba27c2","title":"PB - JOAO PESSOA","name":"PB - JOAO PESSOA","tipo":"Munic\u00edpio","url":"\/dashboard\/details-assets\/c69534d8-d603-4ec2-be0a-26b6adba27c2"},"geometry":{"type":"Point","coordinates":[-34.8733848135386,-7.14938201976666]}},{"type":"Feature","properties":{"municipio":"66c6845e-960d-43c5-b394-8dafb6b9da7d","title":"PB - ITABAIANA","name":"PB - ITABAIANA","tipo":"Munic\u00edpio","url":"\/dashboard\/details-assets\/66c6845e-960d-43c5-b394-8dafb6b9da7d"},"geometry":{"type":"Point","coordinates":[-37.4268609403324,-10.6857160379744]}},{"type":"Feature","properties":{"municipio":"6f5b7d8f-be96-42f5-ada0-c28f6f4adbd7","title":"PA - SALINOPOLIS","name":"PA - SALINOPOLIS","tipo":"Munic\u00edpio","url":"\/dashboard\/details-assets\/6f5b7d8f-be96-42f5-ada0-c28f6f4adbd7"},"geometry":{"type":"Point","coordinates":[-47.3531202631536,-0.623637999979433]}},{"type":"Feature","properties":{"municipio":"3a16f26d-585d-48ce-96e9-36340fed8194","title":"PA - REDENCAO","name":"PA - REDENCAO","tipo":"Munic\u00edpio","url":"\/dashboard\/details-assets\/3a16f26d-585d-48ce-96e9-36340fed8194"},"geometry":{"type":"Point","coordinates":[-50.0296418255093,-8.02760449973873]}},{"type":"Feature","properties":{"municipio":"7d1999a5-6360-485f-ae37-2379166b9166","title":"PA - MOCAJUBA","name":"PA - MOCAJUBA","tipo":"Munic\u00edpio","url":"\/dashboard\/details-assets\/7d1999a5-6360-485f-ae37-2379166b9166"},"geometry":{"type":"Point","coordinates":[-49.5090234612729,-2.58287297318646]}},{"type":"Feature","properties":{"municipio":"74cbd90b-95a2-4a5f-9b63-13b72548eb63","title":"PA - PARAGOMINAS","name":"PA - PARAGOMINAS","tipo":"Munic\u00edpio","url":"\/dashboard\/details-assets\/74cbd90b-95a2-4a5f-9b63-13b72548eb63"},"geometry":{"type":"Point","coordinates":[-47.3569615610519,-2.99419049990143]}},{"type":"Feature","properties":{"municipio":"275b6e52-ed2e-4336-a77b-43b7bf8f8f24","title":"PA - TUCURUI","name":"PA - TUCURUI","tipo":"Munic\u00edpio","url":"\/dashboard\/details-assets\/275b6e52-ed2e-4336-a77b-43b7bf8f8f24"},"geometry":{"type":"Point","coordinates":[-49.6671843672248,-3.76688908418776]}},{"type":"Feature","properties":{"municipio":"5b877bb9-d07d-4467-9e4a-c895cea6eaa9","title":"PA - SAO FELIX DO XINGU","name":"PA - SAO FELIX DO XINGU","tipo":"Munic\u00edpio","url":"\/dashboard\/details-assets\/5b877bb9-d07d-4467-9e4a-c895cea6eaa9"},"geometry":{"type":"Point","coordinates":[-51.995833,-6.644722]}},{"type":"Feature","properties":{"municipio":"53db4312-fb96-4387-87ed-c55c60f76a80","title":"PA - ALTAMIRA","name":"PA - ALTAMIRA","tipo":"Munic\u00edpio","url":"\/dashboard\/details-assets\/53db4312-fb96-4387-87ed-c55c60f76a80"},"geometry":{"type":"Point","coordinates":[-52.2143763052078,-3.2056595098945]}},{"type":"Feature","properties":{"municipio":"131683ab-aec0-44ba-855c-b045a352150a","title":"PA - ITAITUBA","name":"PA - ITAITUBA","tipo":"Munic\u00edpio","url":"\/dashboard\/details-assets\/131683ab-aec0-44ba-855c-b045a352150a"},"geometry":{"type":"Point","coordinates":[-55.9900488572777,-4.2637294798599]}},{"type":"Feature","properties":{"municipio":"b6e98f74-9f9e-4136-bfca-9fde225fb57a","title":"PA - ABAETETUBA","name":"PA - ABAETETUBA","tipo":"Munic\u00edpio","url":"\/dashboard\/details-assets\/b6e98f74-9f9e-4136-bfca-9fde225fb57a"},"geometry":{"type":"Point","coordinates":[-48.8792245,-1.7222475]}},{"type":"Feature","properties":{"municipio":"ab668457-4bbd-4455-b060-d6cd0dc34f28","title":"PA - MARITUBA","name":"PA - MARITUBA","tipo":"Munic\u00edpio","url":"\/dashboard\/details-assets\/ab668457-4bbd-4455-b060-d6cd0dc34f28"},"geometry":{"type":"Point","coordinates":[-48.3424868,-1.3603782]}},{"type":"Feature","properties":{"municipio":"9ca75635-c799-47d6-a150-5faf8b667093","title":"PA - MARABA","name":"PA - MARABA","tipo":"Munic\u00edpio","url":"\/dashboard\/details-assets\/9ca75635-c799-47d6-a150-5faf8b667093"},"geometry":{"type":"Point","coordinates":[-49.1420253334067,-5.35260576295475]}},{"type":"Feature","properties":{"municipio":"c9aa978f-7752-4e56-8769-03f6419f260b","title":"PA - BREVES","name":"PA - BREVES","tipo":"Munic\u00edpio","url":"\/dashboard\/details-assets\/c9aa978f-7752-4e56-8769-03f6419f260b"},"geometry":{"type":"Point","coordinates":[-50.4808947990195,-1.69073649994427]}},{"type":"Feature","properties":{"municipio":"5f99cbab-597d-4dea-9f97-2b37658a6fb2","title":"PA - BRAGANCA","name":"PA - BRAGANCA","tipo":"Munic\u00edpio","url":"\/dashboard\/details-assets\/5f99cbab-597d-4dea-9f97-2b37658a6fb2"},"geometry":{"type":"Point","coordinates":[-46.765754213664,-1.0535239561709]}},{"type":"Feature","properties":{"municipio":"b7314bd4-afbe-4c40-96d7-e4806143670e","title":"PA - CASTANHAL","name":"PA - CASTANHAL","tipo":"Munic\u00edpio","url":"\/dashboard\/details-assets\/b7314bd4-afbe-4c40-96d7-e4806143670e"},"geometry":{"type":"Point","coordinates":[-47.9266431419442,-1.29575680500253]}},{"type":"Feature","properties":{"municipio":"02a87f20-ee58-492f-a4ce-22c17176d40e","title":"PA - CAMETA","name":"PA - CAMETA","tipo":"Munic\u00edpio","url":"\/dashboard\/details-assets\/02a87f20-ee58-492f-a4ce-22c17176d40e"},"geometry":{"type":"Point","coordinates":[-49.497830168997,-2.24683847992597]}},{"type":"Feature","properties":{"municipio":"54a2182e-58ce-47e5-bd02-76b378fffca9","title":"PA - PARAUAPEBAS","name":"PA - PARAUAPEBAS","tipo":"Munic\u00edpio","url":"\/dashboard\/details-assets\/54a2182e-58ce-47e5-bd02-76b378fffca9"},"geometry":{"type":"Point","coordinates":[-49.904199,-6.0682494]}},{"type":"Feature","properties":{"municipio":"51c55135-9ba6-4282-8a08-014c425012b0","title":"PA - VITORIA DO XINGU","name":"PA - VITORIA DO XINGU","tipo":"Munic\u00edpio","url":"\/dashboard\/details-assets\/51c55135-9ba6-4282-8a08-014c425012b0"},"geometry":{"type":"Point","coordinates":[-52.016667,-2.883333]}},{"type":"Feature","properties":{"municipio":"fd7e2ee0-fd77-4622-b64a-49b6bf08c522","title":"PA - SANTA IZABEL DO PARA","name":"PA - SANTA IZABEL DO PARA","tipo":"Munic\u00edpio","url":"\/dashboard\/details-assets\/fd7e2ee0-fd77-4622-b64a-49b6bf08c522"},"geometry":{"type":"Point","coordinates":[-48.161111,-1.298889]}},{"type":"Feature","properties":{"municipio":"b3e53bf0-bcdd-4cc8-9753-65c1c3fa41ee","title":"PA - BENEVIDES","name":"PA - BENEVIDES","tipo":"Munic\u00edpio","url":"\/dashboard\/details-assets\/b3e53bf0-bcdd-4cc8-9753-65c1c3fa41ee"},"geometry":{"type":"Point","coordinates":[-48.2418364505703,-1.36143751495512]}},{"type":"Feature","properties":{"municipio":"53bcbd3e-661f-4e01-b3fd-b0216914af28","title":"PA - BELEM","name":"PA - BELEM","tipo":"Munic\u00edpio","url":"\/dashboard\/details-assets\/53bcbd3e-661f-4e01-b3fd-b0216914af28"},"geometry":{"type":"Point","coordinates":[-48.4878256874876,-1.45984499995188]}},{"type":"Feature","properties":{"municipio":"f38bfcfa-1052-4ac2-83ad-d2406f6a2dfe","title":"PA - CAPANEMA","name":"PA - CAPANEMA","tipo":"Munic\u00edpio","url":"\/dashboard\/details-assets\/f38bfcfa-1052-4ac2-83ad-d2406f6a2dfe"},"geometry":{"type":"Point","coordinates":[-53.80301,-25.660096]}},{"type":"Feature","properties":{"municipio":"716771b4-4c9b-4427-899b-e293f697378c","title":"PA - TOME-ACU","name":"PA - TOME-ACU","tipo":"Munic\u00edpio","url":"\/dashboard\/details-assets\/716771b4-4c9b-4427-899b-e293f697378c"},"geometry":{"type":"Point","coordinates":[-48.146896586572,-2.41936685518763]}},{"type":"Feature","properties":{"municipio":"78626af3-7527-44ce-af19-318e41be81d8","title":"PA - ANANINDEUA","name":"PA - ANANINDEUA","tipo":"Munic\u00edpio","url":"\/dashboard\/details-assets\/78626af3-7527-44ce-af19-318e41be81d8"},"geometry":{"type":"Point","coordinates":[-48.372066654168,-1.36871356822433]}},{"type":"Feature","properties":{"municipio":"9ab0fb98-05f5-4bcb-aeb7-94b41c77c6eb","title":"PA - SANTAREM","name":"PA - SANTAREM","tipo":"Munic\u00edpio","url":"\/dashboard\/details-assets\/9ab0fb98-05f5-4bcb-aeb7-94b41c77c6eb"},"geometry":{"type":"Point","coordinates":[-54.7185701672711,-2.43621332991971]}},{"type":"Feature","properties":{"municipio":"39740c65-cf9b-41da-903d-01dabe8157da","title":"MT - ALTO ARAGUAIA","name":"MT - ALTO ARAGUAIA","tipo":"Munic\u00edpio","url":"\/dashboard\/details-assets\/39740c65-cf9b-41da-903d-01dabe8157da"},"geometry":{"type":"Point","coordinates":[-53.2186008,-17.3157794]}},{"type":"Feature","properties":{"municipio":"847abe29-9709-4f84-acb9-98578f00856d","title":"MT - SAO FELIX DO ARAGUAIA","name":"MT - SAO FELIX DO ARAGUAIA","tipo":"Munic\u00edpio","url":"\/dashboard\/details-assets\/847abe29-9709-4f84-acb9-98578f00856d"},"geometry":{"type":"Point","coordinates":[-50.6619863699344,-11.616082325566]}},{"type":"Feature","properties":{"municipio":"eee32284-4105-418a-8bea-f7c8653938c5","title":"MT - SANTA TEREZINHA","name":"MT - SANTA TEREZINHA","tipo":"Munic\u00edpio","url":"\/dashboard\/details-assets\/eee32284-4105-418a-8bea-f7c8653938c5"},"geometry":{"type":"Point","coordinates":[-50.518333,-10.471667]}},{"type":"Feature","properties":{"municipio":"784a179b-c14e-4675-acb6-49d401a181b9","title":"MT - COMODORO","name":"MT - COMODORO","tipo":"Munic\u00edpio","url":"\/dashboard\/details-assets\/784a179b-c14e-4675-acb6-49d401a181b9"},"geometry":{"type":"Point","coordinates":[-59.785278,-13.664444]}},{"type":"Feature","properties":{"municipio":"ea58defd-4a07-4369-85e0-a1efefab2ccb","title":"MT - VILA RICA","name":"MT - VILA RICA","tipo":"Munic\u00edpio","url":"\/dashboard\/details-assets\/ea58defd-4a07-4369-85e0-a1efefab2ccb"},"geometry":{"type":"Point","coordinates":[-51.115833,-10.013056]}},{"type":"Feature","properties":{"municipio":"386e7e91-476c-480b-a6ff-65c515c4077e","title":"MT - SANTO ANTONIO DO LEVERGER","name":"MT - SANTO ANTONIO DO LEVERGER","tipo":"Munic\u00edpio","url":"\/dashboard\/details-assets\/386e7e91-476c-480b-a6ff-65c515c4077e"},"geometry":{"type":"Point","coordinates":[-56.076667,-15.865]}},{"type":"Feature","properties":{"municipio":"7644c4f6-2fc4-4039-b634-e6249540736e","title":"MT - NOBRES","name":"MT - NOBRES","tipo":"Munic\u00edpio","url":"\/dashboard\/details-assets\/7644c4f6-2fc4-4039-b634-e6249540736e"},"geometry":{"type":"Point","coordinates":[-55.7578403,-14.3501113]}},{"type":"Feature","properties":{"municipio":"8e983000-9c2c-4918-a802-09e2aa165f7d","title":"MT - MIRASSOL D OESTE","name":"MT - MIRASSOL D OESTE","tipo":"Munic\u00edpio","url":"\/dashboard\/details-assets\/8e983000-9c2c-4918-a802-09e2aa165f7d"},"geometry":{"type":"Point","coordinates":[-58.093889,-15.681111]}},{"type":"Feature","properties":{"municipio":"320c29c6-1b59-4a57-87cc-2854c347f1b3","title":"MT - SORRISO","name":"MT - SORRISO","tipo":"Munic\u00edpio","url":"\/dashboard\/details-assets\/320c29c6-1b59-4a57-87cc-2854c347f1b3"},"geometry":{"type":"Point","coordinates":[-55.7259136750913,-12.5517767074447]}},{"type":"Feature","properties":{"municipio":"65d629ed-bdec-4d73-9837-8a84770b0a5b","title":"MT - AGUA BOA","name":"MT - AGUA BOA","tipo":"Munic\u00edpio","url":"\/dashboard\/details-assets\/65d629ed-bdec-4d73-9837-8a84770b0a5b"},"geometry":{"type":"Point","coordinates":[-52.1593834,-14.047489]}},{"type":"Feature","properties":{"municipio":"018300ec-4704-4981-838e-edf90f772db1","title":"MT - CHAPADA DOS GUIMARAES","name":"MT - CHAPADA DOS GUIMARAES","tipo":"Munic\u00edpio","url":"\/dashboard\/details-assets\/018300ec-4704-4981-838e-edf90f772db1"},"geometry":{"type":"Point","coordinates":[-55.75,-15.46]}},{"type":"Feature","properties":{"municipio":"2a7915c1-d136-49c1-ac83-7409a94619df","title":"MT - ARENAPOLIS","name":"MT - ARENAPOLIS","tipo":"Munic\u00edpio","url":"\/dashboard\/details-assets\/2a7915c1-d136-49c1-ac83-7409a94619df"},"geometry":{"type":"Point","coordinates":[-56.8442192,-14.4475912]}},{"type":"Feature","properties":{"municipio":"f708592a-6945-4d2f-889a-97c39128ef06","title":"MT - PORTO ALEGRE DO NORTE","name":"MT - PORTO ALEGRE DO NORTE","tipo":"Munic\u00edpio","url":"\/dashboard\/details-assets\/f708592a-6945-4d2f-889a-97c39128ef06"},"geometry":{"type":"Point","coordinates":[-51.636667,-10.870556]}},{"type":"Feature","properties":{"municipio":"fa170629-4fec-48ff-875c-44b0fab6818e","title":"MT - ALTA FLORESTA","name":"MT - ALTA FLORESTA","tipo":"Munic\u00edpio","url":"\/dashboard\/details-assets\/fa170629-4fec-48ff-875c-44b0fab6818e"},"geometry":{"type":"Point","coordinates":[-56.08,-9.87]}},{"type":"Feature","properties":{"municipio":"46fc2859-c335-493c-a769-787f5bfa5527","title":"MT - ARAPUTANGA","name":"MT - ARAPUTANGA","tipo":"Munic\u00edpio","url":"\/dashboard\/details-assets\/46fc2859-c335-493c-a769-787f5bfa5527"},"geometry":{"type":"Point","coordinates":[-53.2186041,-17.3157703]}},{"type":"Feature","properties":{"municipio":"d83de388-0bac-4570-97a0-97a934c15b1b","title":"MT - PEIXOTO DE AZEVEDO","name":"MT - PEIXOTO DE AZEVEDO","tipo":"Munic\u00edpio","url":"\/dashboard\/details-assets\/d83de388-0bac-4570-97a0-97a934c15b1b"},"geometry":{"type":"Point","coordinates":[-54.978611,-10.222222]}},{"type":"Feature","properties":{"municipio":"6babfe14-d724-4ec6-a31e-b85d35b66da5","title":"MT - BARRA DO BUGRES","name":"MT - BARRA DO BUGRES","tipo":"Munic\u00edpio","url":"\/dashboard\/details-assets\/6babfe14-d724-4ec6-a31e-b85d35b66da5"},"geometry":{"type":"Point","coordinates":[-57.1864086868428,-15.0662579398692]}},{"type":"Feature","properties":{"municipio":"a95e12c8-92a7-40af-9606-9437335ca2ab","title":"MT - PRIMAVERA DO LESTE","name":"MT - PRIMAVERA DO LESTE","tipo":"Munic\u00edpio","url":"\/dashboard\/details-assets\/a95e12c8-92a7-40af-9606-9437335ca2ab"},"geometry":{"type":"Point","coordinates":[-54.3000532591227,-15.5522935926261]}},{"type":"Feature","properties":{"municipio":"dc6cb4ba-ca70-4ab2-b29a-16c95dd3cfef","title":"MT - JACIARA","name":"MT - JACIARA","tipo":"Munic\u00edpio","url":"\/dashboard\/details-assets\/dc6cb4ba-ca70-4ab2-b29a-16c95dd3cfef"},"geometry":{"type":"Point","coordinates":[-54.9641881751901,-15.9648381836498]}},{"type":"Feature","properties":{"municipio":"3ed449a8-42a7-4916-8845-b3eac9ab5a00","title":"MT - DIAMANTINO","name":"MT - DIAMANTINO","tipo":"Munic\u00edpio","url":"\/dashboard\/details-assets\/3ed449a8-42a7-4916-8845-b3eac9ab5a00"},"geometry":{"type":"Point","coordinates":[-56.433566081512,-14.4013229617098]}},{"type":"Feature","properties":{"municipio":"8bf145bf-306f-4ee5-834d-9e86af887c06","title":"MT - JUARA","name":"MT - JUARA","tipo":"Munic\u00edpio","url":"\/dashboard\/details-assets\/8bf145bf-306f-4ee5-834d-9e86af887c06"},"geometry":{"type":"Point","coordinates":[-57.5131232183312,-11.2503599781237]}},{"type":"Feature","properties":{"municipio":"9234693a-532b-46d7-b7ee-5f7f8341e6e4","title":"MT - BARRA DO GARCAS","name":"MT - BARRA DO GARCAS","tipo":"Munic\u00edpio","url":"\/dashboard\/details-assets\/9234693a-532b-46d7-b7ee-5f7f8341e6e4"},"geometry":{"type":"Point","coordinates":[-52.2603297567721,-15.8887114511979]}},{"type":"Feature","properties":{"municipio":"29ac56e3-0c32-437f-9b92-a5a45d45debf","title":"MT - CACERES","name":"MT - CACERES","tipo":"Munic\u00edpio","url":"\/dashboard\/details-assets\/29ac56e3-0c32-437f-9b92-a5a45d45debf"},"geometry":{"type":"Point","coordinates":[-57.6747623072181,-16.074095629861]}},{"type":"Feature","properties":{"municipio":"14a30e8d-1b92-4b79-bafd-57e9ad065d28","title":"MT - CAMPO NOVO DO PARECIS","name":"MT - CAMPO NOVO DO PARECIS","tipo":"Munic\u00edpio","url":"\/dashboard\/details-assets\/14a30e8d-1b92-4b79-bafd-57e9ad065d28"},"geometry":{"type":"Point","coordinates":[-57.8885464788372,-13.6547331727689]}},{"type":"Feature","properties":{"municipio":"532d4aa7-c04c-41dc-b3fc-9cfb64cf1941","title":"MT - LUCAS DO RIO VERDE","name":"MT - LUCAS DO RIO VERDE","tipo":"Munic\u00edpio","url":"\/dashboard\/details-assets\/532d4aa7-c04c-41dc-b3fc-9cfb64cf1941"},"geometry":{"type":"Point","coordinates":[-55.9193214,-13.064847]}},{"type":"Feature","properties":{"municipio":"c0b292a5-cf0c-4c83-99fa-fa9344061844","title":"MT - VARZEA GRANDE","name":"MT - VARZEA GRANDE","tipo":"Munic\u00edpio","url":"\/dashboard\/details-assets\/c0b292a5-cf0c-4c83-99fa-fa9344061844"},"geometry":{"type":"Point","coordinates":[-56.1446637401866,-15.6580648235976]}},{"type":"Feature","properties":{"municipio":"a0032f78-2e02-40f9-9676-a86c48d6b3b3","title":"MT - PONTES E LACERDA","name":"MT - PONTES E LACERDA","tipo":"Munic\u00edpio","url":"\/dashboard\/details-assets\/a0032f78-2e02-40f9-9676-a86c48d6b3b3"},"geometry":{"type":"Point","coordinates":[-59.3322746,-15.2325772]}},{"type":"Feature","properties":{"municipio":"6ef57269-0a52-4b40-9a6e-8aedaa7e7371","title":"MT - PARANATINGA","name":"MT - PARANATINGA","tipo":"Munic\u00edpio","url":"\/dashboard\/details-assets\/6ef57269-0a52-4b40-9a6e-8aedaa7e7371"},"geometry":{"type":"Point","coordinates":[-54.050556,-14.431667]}},{"type":"Feature","properties":{"municipio":"e322d8f7-ccee-4e8c-b361-2f5a42042446","title":"MT - PORTO DOS GAUCHOS","name":"MT - PORTO DOS GAUCHOS","tipo":"Munic\u00edpio","url":"\/dashboard\/details-assets\/e322d8f7-ccee-4e8c-b361-2f5a42042446"},"geometry":{"type":"Point","coordinates":[-57.4137278,-11.53341]}},{"type":"Feature","properties":{"municipio":"eec00a3a-ffef-41ea-bc2e-37617055f967","title":"MT - SINOP","name":"MT - SINOP","tipo":"Munic\u00edpio","url":"\/dashboard\/details-assets\/eec00a3a-ffef-41ea-bc2e-37617055f967"},"geometry":{"type":"Point","coordinates":[-55.5009220023868,-11.8580053076977]}},{"type":"Feature","properties":{"municipio":"93460834-ae2f-4eb6-81bc-e706a23a8ee4","title":"MT - NORTELANDIA","name":"MT - NORTELANDIA","tipo":"Munic\u00edpio","url":"\/dashboard\/details-assets\/93460834-ae2f-4eb6-81bc-e706a23a8ee4"},"geometry":{"type":"Point","coordinates":[-56.8106870578125,-14.4293578328617]}},{"type":"Feature","properties":{"municipio":"f089a22b-411f-4bd3-aa9b-5b69c78e4c6e","title":"MT - JUINA","name":"MT - JUINA","tipo":"Munic\u00edpio","url":"\/dashboard\/details-assets\/f089a22b-411f-4bd3-aa9b-5b69c78e4c6e"},"geometry":{"type":"Point","coordinates":[-58.7571929,-11.4228495]}},{"type":"Feature","properties":{"municipio":"ec5fb871-86ba-4ec9-aae4-dbb14c15a919","title":"MT - CUIABA","name":"MT - CUIABA","tipo":"Munic\u00edpio","url":"\/dashboard\/details-assets\/ec5fb871-86ba-4ec9-aae4-dbb14c15a919"},"geometry":{"type":"Point","coordinates":[-56.0732520381911,-15.5699890126321]}},{"type":"Feature","properties":{"municipio":"b2952ad1-a3e6-4fc2-b5e2-cbb139ae0c77","title":"MT - COLNIZA","name":"MT - COLNIZA","tipo":"Munic\u00edpio","url":"\/dashboard\/details-assets\/b2952ad1-a3e6-4fc2-b5e2-cbb139ae0c77"},"geometry":{"type":"Point","coordinates":[-59.022778,-9.475]}},{"type":"Feature","properties":{"municipio":"b09fb840-4d1a-4c8d-a78a-4c2ac5a1a78f","title":"MT - COLIDER","name":"MT - COLIDER","tipo":"Munic\u00edpio","url":"\/dashboard\/details-assets\/b09fb840-4d1a-4c8d-a78a-4c2ac5a1a78f"},"geometry":{"type":"Point","coordinates":[-55.456111,-10.818889]}},{"type":"Feature","properties":{"municipio":"effdfc0d-7ebf-4718-91a1-d356a4b29c89","title":"MT - RONDONOPOLIS","name":"MT - RONDONOPOLIS","tipo":"Munic\u00edpio","url":"\/dashboard\/details-assets\/effdfc0d-7ebf-4718-91a1-d356a4b29c89"},"geometry":{"type":"Point","coordinates":[-54.6335870401784,-16.4701628729862]}},{"type":"Feature","properties":{"municipio":"a23e053a-e205-4f5c-b4be-839453bcddf2","title":"MS - COXIM","name":"MS - COXIM","tipo":"Munic\u00edpio","url":"\/dashboard\/details-assets\/a23e053a-e205-4f5c-b4be-839453bcddf2"},"geometry":{"type":"Point","coordinates":[-54.7580559501933,-18.508410538078]}},{"type":"Feature","properties":{"municipio":"912454bf-5820-43de-accf-c7bc46e1ca52","title":"MS - IVINHEMA","name":"MS - IVINHEMA","tipo":"Munic\u00edpio","url":"\/dashboard\/details-assets\/912454bf-5820-43de-accf-c7bc46e1ca52"},"geometry":{"type":"Point","coordinates":[-53.815,-22.306111]}},{"type":"Feature","properties":{"municipio":"6985df85-f58c-4885-b5bc-fed1dc8f90a8","title":"MS - JATEI","name":"MS - JATEI","tipo":"Munic\u00edpio","url":"\/dashboard\/details-assets\/6985df85-f58c-4885-b5bc-fed1dc8f90a8"},"geometry":{"type":"Point","coordinates":[-54.3080543756429,-22.4816870298604]}},{"type":"Feature","properties":{"municipio":"99e8d9c3-2a2c-4e3f-93f7-49ee2a361012","title":"MS - DOURADOS","name":"MS - DOURADOS","tipo":"Munic\u00edpio","url":"\/dashboard\/details-assets\/99e8d9c3-2a2c-4e3f-93f7-49ee2a361012"},"geometry":{"type":"Point","coordinates":[-54.8112891228926,-22.2272355362375]}},{"type":"Feature","properties":{"municipio":"71b908d0-d39f-4e9d-b52f-fcb5879380ab","title":"MS - RIO BRILHANTE","name":"MS - RIO BRILHANTE","tipo":"Munic\u00edpio","url":"\/dashboard\/details-assets\/71b908d0-d39f-4e9d-b52f-fcb5879380ab"},"geometry":{"type":"Point","coordinates":[-54.5422422224689,-21.8011952569219]}},{"type":"Feature","properties":{"municipio":"34a86ea3-b09f-403b-8ae5-f151cb4bbd12","title":"MS - AMAMBAI","name":"MS - AMAMBAI","tipo":"Munic\u00edpio","url":"\/dashboard\/details-assets\/34a86ea3-b09f-403b-8ae5-f151cb4bbd12"},"geometry":{"type":"Point","coordinates":[-55.2438276926237,-23.1005822376948]}},{"type":"Feature","properties":{"municipio":"1490b8e6-9528-464f-9516-f86bc2343a38","title":"MS - JARDIM","name":"MS - JARDIM","tipo":"Munic\u00edpio","url":"\/dashboard\/details-assets\/1490b8e6-9528-464f-9516-f86bc2343a38"},"geometry":{"type":"Point","coordinates":[-56.1458445844119,-21.479603145113]}},{"type":"Feature","properties":{"municipio":"646fa2e9-8f5a-423b-8d17-d753688dcffa","title":"MS - DOIS IRMAOS DO BURITI","name":"MS - DOIS IRMAOS DO BURITI","tipo":"Munic\u00edpio","url":"\/dashboard\/details-assets\/646fa2e9-8f5a-423b-8d17-d753688dcffa"},"geometry":{"type":"Point","coordinates":[-55.281914486329,-20.692312057615]}},{"type":"Feature","properties":{"municipio":"d4320ce9-897e-435a-bd1d-0bbd46ffda5b","title":"MS - BATAGUASSU","name":"MS - BATAGUASSU","tipo":"Munic\u00edpio","url":"\/dashboard\/details-assets\/d4320ce9-897e-435a-bd1d-0bbd46ffda5b"},"geometry":{"type":"Point","coordinates":[-52.4254366020331,-21.7152884351258]}},{"type":"Feature","properties":{"municipio":"f01512db-81e6-40c4-bc6f-ddc67da5ab78","title":"MS - NOVA ANDRADINA","name":"MS - NOVA ANDRADINA","tipo":"Munic\u00edpio","url":"\/dashboard\/details-assets\/f01512db-81e6-40c4-bc6f-ddc67da5ab78"},"geometry":{"type":"Point","coordinates":[-53.3515738148688,-22.2487593120915]}},{"type":"Feature","properties":{"municipio":"14a597a7-8123-4767-8f88-053baf5cd63c","title":"MS - SAO GABRIEL DO OESTE","name":"MS - SAO GABRIEL DO OESTE","tipo":"Munic\u00edpio","url":"\/dashboard\/details-assets\/14a597a7-8123-4767-8f88-053baf5cd63c"},"geometry":{"type":"Point","coordinates":[-54.5645690937601,-19.3955213695662]}},{"type":"Feature","properties":{"municipio":"26faeb71-5429-4841-8a8c-0d76bcc9c531","title":"MS - PONTA PORA","name":"MS - PONTA PORA","tipo":"Munic\u00edpio","url":"\/dashboard\/details-assets\/26faeb71-5429-4841-8a8c-0d76bcc9c531"},"geometry":{"type":"Point","coordinates":[-55.7108501778637,-22.4861870780929]}},{"type":"Feature","properties":{"municipio":"9c016140-1284-4c3e-9062-fb502bdcbd7d","title":"MS - NAVIRAI","name":"MS - NAVIRAI","tipo":"Munic\u00edpio","url":"\/dashboard\/details-assets\/9c016140-1284-4c3e-9062-fb502bdcbd7d"},"geometry":{"type":"Point","coordinates":[-54.1999693,-23.062277]}},{"type":"Feature","properties":{"municipio":"0cb0c0d7-96f9-4cd9-91ef-49ade7cb0e5e","title":"MS - CORUMBA","name":"MS - CORUMBA","tipo":"Munic\u00edpio","url":"\/dashboard\/details-assets\/0cb0c0d7-96f9-4cd9-91ef-49ade7cb0e5e"},"geometry":{"type":"Point","coordinates":[-57.6489854573401,-19.0063746540642]}},{"type":"Feature","properties":{"municipio":"680b3af5-b1db-4c4b-8fde-59e3cebe560b","title":"MS - CAMPO GRANDE","name":"MS - CAMPO GRANDE","tipo":"Munic\u00edpio","url":"\/dashboard\/details-assets\/680b3af5-b1db-4c4b-8fde-59e3cebe560b"},"geometry":{"type":"Point","coordinates":[-54.6157435664588,-20.4580299872454]}},{"type":"Feature","properties":{"municipio":"c12367b6-d874-44a0-9c1a-388c0962a042","title":"MS - CASSILANDIA","name":"MS - CASSILANDIA","tipo":"Munic\u00edpio","url":"\/dashboard\/details-assets\/c12367b6-d874-44a0-9c1a-388c0962a042"},"geometry":{"type":"Point","coordinates":[-51.7315768884039,-19.1094073701726]}},{"type":"Feature","properties":{"municipio":"2f4416f5-d4b0-44f5-8938-c70a9b6dfd6e","title":"MS - TRES LAGOAS","name":"MS - TRES LAGOAS","tipo":"Munic\u00edpio","url":"\/dashboard\/details-assets\/2f4416f5-d4b0-44f5-8938-c70a9b6dfd6e"},"geometry":{"type":"Point","coordinates":[-51.7100006287942,-20.7886791607647]}},{"type":"Feature","properties":{"municipio":"5e286d3f-56f9-4486-bed2-606a8b72dd9e","title":"MS - CAARAPO","name":"MS - CAARAPO","tipo":"Munic\u00edpio","url":"\/dashboard\/details-assets\/5e286d3f-56f9-4486-bed2-606a8b72dd9e"},"geometry":{"type":"Point","coordinates":[-54.821389,-22.633056]}},{"type":"Feature","properties":{"municipio":"624282f1-3705-462d-8de4-0ed8bfdb9a46","title":"MS - AQUIDAUANA","name":"MS - AQUIDAUANA","tipo":"Munic\u00edpio","url":"\/dashboard\/details-assets\/624282f1-3705-462d-8de4-0ed8bfdb9a46"},"geometry":{"type":"Point","coordinates":[-55.7906160902267,-20.4746543462973]}},{"type":"Feature","properties":{"municipio":"3f6990a3-ded2-48e0-9e1c-dc5a1dea8a47","title":"MS - PARANAIBA","name":"MS - PARANAIBA","tipo":"Munic\u00edpio","url":"\/dashboard\/details-assets\/3f6990a3-ded2-48e0-9e1c-dc5a1dea8a47"},"geometry":{"type":"Point","coordinates":[-51.1887077083698,-19.6773717326017]}},{"type":"Feature","properties":{"municipio":"6302e65b-a1d3-4273-8b15-856f1f539633","title":"MG - CARLOS CHAGAS","name":"MG - CARLOS CHAGAS","tipo":"Munic\u00edpio","url":"\/dashboard\/details-assets\/6302e65b-a1d3-4273-8b15-856f1f539633"},"geometry":{"type":"Point","coordinates":[-40.8778586,-17.7178133]}},{"type":"Feature","properties":{"municipio":"df1fe5d5-d647-4a37-b361-3cd38c910479","title":"MG - ITAJUBA","name":"MG - ITAJUBA","tipo":"Munic\u00edpio","url":"\/dashboard\/details-assets\/df1fe5d5-d647-4a37-b361-3cd38c910479"},"geometry":{"type":"Point","coordinates":[-45.4645825045044,-22.4306005738282]}},{"type":"Feature","properties":{"municipio":"6cb0d792-1a02-4bcd-b914-95ebee0636da","title":"MG - SANTOS DUMONT","name":"MG - SANTOS DUMONT","tipo":"Munic\u00edpio","url":"\/dashboard\/details-assets\/6cb0d792-1a02-4bcd-b914-95ebee0636da"},"geometry":{"type":"Point","coordinates":[-43.5537521652921,-21.4575319940584]}},{"type":"Feature","properties":{"municipio":"66aa3476-dda2-4ba7-82b6-c8e874454fbd","title":"MG - GUARANESIA","name":"MG - GUARANESIA","tipo":"Munic\u00edpio","url":"\/dashboard\/details-assets\/66aa3476-dda2-4ba7-82b6-c8e874454fbd"},"geometry":{"type":"Point","coordinates":[-46.7984745,-21.3018381]}},{"type":"Feature","properties":{"municipio":"32ed2efb-0b05-4d2f-9f47-fa97a7c32631","title":"MG - VICOSA","name":"MG - VICOSA","tipo":"Munic\u00edpio","url":"\/dashboard\/details-assets\/32ed2efb-0b05-4d2f-9f47-fa97a7c32631"},"geometry":{"type":"Point","coordinates":[-42.8794773756709,-20.7520720064035]}},{"type":"Feature","properties":{"municipio":"6e30885c-1771-46d1-adba-4a1d8416e1c8","title":"MG - NOVO CRUZEIRO","name":"MG - NOVO CRUZEIRO","tipo":"Munic\u00edpio","url":"\/dashboard\/details-assets\/6e30885c-1771-46d1-adba-4a1d8416e1c8"},"geometry":{"type":"Point","coordinates":[-41.8987215558594,-17.4512366692385]}},{"type":"Feature","properties":{"municipio":"a0047168-b20c-4807-afd6-d590f21b3dfe","title":"MG - CANAPOLIS","name":"MG - CANAPOLIS","tipo":"Munic\u00edpio","url":"\/dashboard\/details-assets\/a0047168-b20c-4807-afd6-d590f21b3dfe"},"geometry":{"type":"Point","coordinates":[-49.2435998,-18.7931976]}},{"type":"Feature","properties":{"municipio":"e6ba6854-1e77-48fe-b3f3-7a4a069bed2f","title":"MG - ABAETE","name":"MG - ABAETE","tipo":"Munic\u00edpio","url":"\/dashboard\/details-assets\/e6ba6854-1e77-48fe-b3f3-7a4a069bed2f"},"geometry":{"type":"Point","coordinates":[-45.4447859,-19.157438]}},{"type":"Feature","properties":{"municipio":"7b8d2c27-f5e2-4697-a9ef-86958f354f6d","title":"MG - CORONEL FABRICIANO","name":"MG - CORONEL FABRICIANO","tipo":"Munic\u00edpio","url":"\/dashboard\/details-assets\/7b8d2c27-f5e2-4697-a9ef-86958f354f6d"},"geometry":{"type":"Point","coordinates":[-42.628205,-19.5189968]}},{"type":"Feature","properties":{"municipio":"0d201b89-b487-4c37-91fa-2eaa35bf9af1","title":"MG - SANTA MARIA DO SUACUI","name":"MG - SANTA MARIA DO SUACUI","tipo":"Munic\u00edpio","url":"\/dashboard\/details-assets\/0d201b89-b487-4c37-91fa-2eaa35bf9af1"},"geometry":{"type":"Point","coordinates":[-42.4178024504598,-18.1922522019305]}},{"type":"Feature","properties":{"municipio":"9edc1bfc-55a4-4a16-9fb9-3f977b6d46fb","title":"MG - SANTA LUZIA","name":"MG - SANTA LUZIA","tipo":"Munic\u00edpio","url":"\/dashboard\/details-assets\/9edc1bfc-55a4-4a16-9fb9-3f977b6d46fb"},"geometry":{"type":"Point","coordinates":[-43.851111,-19.769444]}},{"type":"Feature","properties":{"municipio":"d063fb29-fa48-4ccc-975a-26671ce76254","title":"MG - DIAMANTINA","name":"MG - DIAMANTINA","tipo":"Munic\u00edpio","url":"\/dashboard\/details-assets\/d063fb29-fa48-4ccc-975a-26671ce76254"},"geometry":{"type":"Point","coordinates":[-43.5944568221762,-18.2420927236025]}},{"type":"Feature","properties":{"municipio":"5934ed5e-662a-4063-85bd-ee92eaf149e1","title":"MG - BICAS","name":"MG - BICAS","tipo":"Munic\u00edpio","url":"\/dashboard\/details-assets\/5934ed5e-662a-4063-85bd-ee92eaf149e1"},"geometry":{"type":"Point","coordinates":[-43.056944,-21.720833]}},{"type":"Feature","properties":{"municipio":"18abf8bf-6f58-425a-a1ba-9c4f719de065","title":"MG - CONGONHAS","name":"MG - CONGONHAS","tipo":"Munic\u00edpio","url":"\/dashboard\/details-assets\/18abf8bf-6f58-425a-a1ba-9c4f719de065"},"geometry":{"type":"Point","coordinates":[-43.8613566,-20.4993469]}},{"type":"Feature","properties":{"municipio":"3cb5d1ce-76e1-459c-9e94-992b947511b6","title":"MG - PORTEIRINHA","name":"MG - PORTEIRINHA","tipo":"Munic\u00edpio","url":"\/dashboard\/details-assets\/3cb5d1ce-76e1-459c-9e94-992b947511b6"},"geometry":{"type":"Point","coordinates":[-43.0275,-15.744444]}},{"type":"Feature","properties":{"municipio":"99ec461c-f092-4c2b-b5a4-adfe61e6572f","title":"MG - BOA ESPERANCA","name":"MG - BOA ESPERANCA","tipo":"Munic\u00edpio","url":"\/dashboard\/details-assets\/99ec461c-f092-4c2b-b5a4-adfe61e6572f"},"geometry":{"type":"Point","coordinates":[-45.576997,-21.069123]}},{"type":"Feature","properties":{"municipio":"88be6dd9-fe73-4b77-a839-43e9fe7bed37","title":"MG - PECANHA","name":"MG - PECANHA","tipo":"Munic\u00edpio","url":"\/dashboard\/details-assets\/88be6dd9-fe73-4b77-a839-43e9fe7bed37"},"geometry":{"type":"Point","coordinates":[-42.559167,-18.544722]}},{"type":"Feature","properties":{"municipio":"613391c1-5da7-465e-b12b-ec488ee6b754","title":"MG - BOCAIUVA","name":"MG - BOCAIUVA","tipo":"Munic\u00edpio","url":"\/dashboard\/details-assets\/613391c1-5da7-465e-b12b-ec488ee6b754"},"geometry":{"type":"Point","coordinates":[-43.8203315,-17.1113356]}},{"type":"Feature","properties":{"municipio":"f2ce0aeb-f56e-4059-9b9f-5e920a1a745e","title":"MG - JANAUBA","name":"MG - JANAUBA","tipo":"Munic\u00edpio","url":"\/dashboard\/details-assets\/f2ce0aeb-f56e-4059-9b9f-5e920a1a745e"},"geometry":{"type":"Point","coordinates":[-43.308333,-15.803333]}},{"type":"Feature","properties":{"municipio":"dbfb4fe5-2359-468a-9e64-29a7368b599b","title":"MG - CORINTO","name":"MG - CORINTO","tipo":"Munic\u00edpio","url":"\/dashboard\/details-assets\/dbfb4fe5-2359-468a-9e64-29a7368b599b"},"geometry":{"type":"Point","coordinates":[-44.455,-18.381667]}},{"type":"Feature","properties":{"municipio":"354b93ff-1660-4b1b-9c1b-1ae28186e270","title":"MG - ITAUNA","name":"MG - ITAUNA","tipo":"Munic\u00edpio","url":"\/dashboard\/details-assets\/354b93ff-1660-4b1b-9c1b-1ae28186e270"},"geometry":{"type":"Point","coordinates":[-44.5782765780477,-20.0744355861985]}},{"type":"Feature","properties":{"municipio":"1e802401-e889-4eca-b928-257f2f5a7da8","title":"MG - TRES PONTAS","name":"MG - TRES PONTAS","tipo":"Munic\u00edpio","url":"\/dashboard\/details-assets\/1e802401-e889-4eca-b928-257f2f5a7da8"},"geometry":{"type":"Point","coordinates":[-45.5113164,-21.3699248]}},{"type":"Feature","properties":{"municipio":"7126eb49-ca19-436e-9587-2b03a6c90772","title":"MG - IPABA","name":"MG - IPABA","tipo":"Munic\u00edpio","url":"\/dashboard\/details-assets\/7126eb49-ca19-436e-9587-2b03a6c90772"},"geometry":{"type":"Point","coordinates":[-42.4150592,-19.4143627]}},{"type":"Feature","properties":{"municipio":"0b96dedb-1a52-43d6-ac3e-c7c4cc447186","title":"MG - CARATINGA","name":"MG - CARATINGA","tipo":"Munic\u00edpio","url":"\/dashboard\/details-assets\/0b96dedb-1a52-43d6-ac3e-c7c4cc447186"},"geometry":{"type":"Point","coordinates":[-42.1437070451993,-19.7896349224647]}},{"type":"Feature","properties":{"municipio":"6621e744-938e-4da1-8101-97157e69c544","title":"MG - VISCONDE DO RIO BRANCO","name":"MG - VISCONDE DO RIO BRANCO","tipo":"Munic\u00edpio","url":"\/dashboard\/details-assets\/6621e744-938e-4da1-8101-97157e69c544"},"geometry":{"type":"Point","coordinates":[-42.8393893910016,-21.011989576499]}},{"type":"Feature","properties":{"municipio":"e3eed048-f945-4d28-be9b-b8aeca9d5e93","title":"MG - ITAMARANDIBA","name":"MG - ITAMARANDIBA","tipo":"Munic\u00edpio","url":"\/dashboard\/details-assets\/e3eed048-f945-4d28-be9b-b8aeca9d5e93"},"geometry":{"type":"Point","coordinates":[-42.859444,-17.854722]}},{"type":"Feature","properties":{"municipio":"c7a79717-b3ec-4616-939f-9fce11d83fda","title":"MG - TARUMIRIM","name":"MG - TARUMIRIM","tipo":"Munic\u00edpio","url":"\/dashboard\/details-assets\/c7a79717-b3ec-4616-939f-9fce11d83fda"},"geometry":{"type":"Point","coordinates":[-42.022778,-19.011667]}},{"type":"Feature","properties":{"municipio":"5540cd13-201c-4558-9639-b26d82d01151","title":"MG - JABOTICATUBAS","name":"MG - JABOTICATUBAS","tipo":"Munic\u00edpio","url":"\/dashboard\/details-assets\/5540cd13-201c-4558-9639-b26d82d01151"},"geometry":{"type":"Point","coordinates":[-43.74,-19.51]}},{"type":"Feature","properties":{"municipio":"52f10413-87e1-4d54-8803-afd63070b7ea","title":"MG - MANTENA","name":"MG - MANTENA","tipo":"Munic\u00edpio","url":"\/dashboard\/details-assets\/52f10413-87e1-4d54-8803-afd63070b7ea"},"geometry":{"type":"Point","coordinates":[-40.9877527,-18.7765523]}},{"type":"Feature","properties":{"municipio":"0d61edd9-c882-4afb-9d6e-79b8d52c0fb5","title":"MG - BURITIS","name":"MG - BURITIS","tipo":"Munic\u00edpio","url":"\/dashboard\/details-assets\/0d61edd9-c882-4afb-9d6e-79b8d52c0fb5"},"geometry":{"type":"Point","coordinates":[-46.423333,-15.618056]}},{"type":"Feature","properties":{"municipio":"b7ed9906-25aa-4b90-9c6e-56d3b22df300","title":"MG - MANGA","name":"MG - MANGA","tipo":"Munic\u00edpio","url":"\/dashboard\/details-assets\/b7ed9906-25aa-4b90-9c6e-56d3b22df300"},"geometry":{"type":"Point","coordinates":[-43.9367615223531,-14.7559221139646]}},{"type":"Feature","properties":{"municipio":"47002a11-9fd5-4c67-970a-a272e608f411","title":"MG - CURVELO","name":"MG - CURVELO","tipo":"Munic\u00edpio","url":"\/dashboard\/details-assets\/47002a11-9fd5-4c67-970a-a272e608f411"},"geometry":{"type":"Point","coordinates":[-44.4283989683234,-18.7554807210556]}},{"type":"Feature","properties":{"municipio":"aa765c93-bfb2-47c3-9d79-710fce7b9e52","title":"MG - TURMALINA","name":"MG - TURMALINA","tipo":"Munic\u00edpio","url":"\/dashboard\/details-assets\/aa765c93-bfb2-47c3-9d79-710fce7b9e52"},"geometry":{"type":"Point","coordinates":[-42.730278,-17.286389]}},{"type":"Feature","properties":{"municipio":"c8df6095-ac50-4202-b58e-1132eecbbe93","title":"MG - PATOS DE MINAS","name":"MG - PATOS DE MINAS","tipo":"Munic\u00edpio","url":"\/dashboard\/details-assets\/c8df6095-ac50-4202-b58e-1132eecbbe93"},"geometry":{"type":"Point","coordinates":[-46.5159156766059,-18.5925708193526]}},{"type":"Feature","properties":{"municipio":"b58858c4-7e58-4508-847f-2b3fb43a6b4d","title":"MG - CONSELHEIRO LAFAIETE","name":"MG - CONSELHEIRO LAFAIETE","tipo":"Munic\u00edpio","url":"\/dashboard\/details-assets\/b58858c4-7e58-4508-847f-2b3fb43a6b4d"},"geometry":{"type":"Point","coordinates":[-43.7884446647199,-20.6608517988206]}},{"type":"Feature","properties":{"municipio":"f80d6d57-c47c-4114-a1ec-57625e9bc647","title":"MG - MONTE SANTO DE MINAS","name":"MG - MONTE SANTO DE MINAS","tipo":"Munic\u00edpio","url":"\/dashboard\/details-assets\/f80d6d57-c47c-4114-a1ec-57625e9bc647"},"geometry":{"type":"Point","coordinates":[-46.979444,-21.191667]}},{"type":"Feature","properties":{"municipio":"231cd2bb-3345-44b2-9c88-c9482894107e","title":"MG - MONTE CARMELO","name":"MG - MONTE CARMELO","tipo":"Munic\u00edpio","url":"\/dashboard\/details-assets\/231cd2bb-3345-44b2-9c88-c9482894107e"},"geometry":{"type":"Point","coordinates":[-47.4959724312194,-18.7290384395177]}},{"type":"Feature","properties":{"municipio":"ff13cb8e-0f6f-4fb2-acf9-f29a7dccb61e","title":"MG - ALFENAS","name":"MG - ALFENAS","tipo":"Munic\u00edpio","url":"\/dashboard\/details-assets\/ff13cb8e-0f6f-4fb2-acf9-f29a7dccb61e"},"geometry":{"type":"Point","coordinates":[-45.9489181992359,-21.4281781222768]}},{"type":"Feature","properties":{"municipio":"2ae803e8-40ee-4fb7-bc8b-a47c92464045","title":"MG - SANTA VITORIA","name":"MG - SANTA VITORIA","tipo":"Munic\u00edpio","url":"\/dashboard\/details-assets\/2ae803e8-40ee-4fb7-bc8b-a47c92464045"},"geometry":{"type":"Point","coordinates":[-50.121389,-18.841944]}},{"type":"Feature","properties":{"municipio":"b1cded5b-c874-4ff8-b28c-39ab7772ed29","title":"MG - JEQUITINHONHA","name":"MG - JEQUITINHONHA","tipo":"Munic\u00edpio","url":"\/dashboard\/details-assets\/b1cded5b-c874-4ff8-b28c-39ab7772ed29"},"geometry":{"type":"Point","coordinates":[-41.0586503,-16.402401]}},{"type":"Feature","properties":{"municipio":"b42d7a25-6ea2-4856-a6fb-0af9820140d3","title":"MG - ABRE CAMPO","name":"MG - ABRE CAMPO","tipo":"Munic\u00edpio","url":"\/dashboard\/details-assets\/b42d7a25-6ea2-4856-a6fb-0af9820140d3"},"geometry":{"type":"Point","coordinates":[-42.4747054,-20.3001336]}},{"type":"Feature","properties":{"municipio":"d25bad22-7daa-43aa-9b0b-77addd29cab1","title":"MG - PARA DE MINAS","name":"MG - PARA DE MINAS","tipo":"Munic\u00edpio","url":"\/dashboard\/details-assets\/d25bad22-7daa-43aa-9b0b-77addd29cab1"},"geometry":{"type":"Point","coordinates":[-44.6053801878937,-19.8647379633427]}},{"type":"Feature","properties":{"municipio":"d677aec7-775d-4fbc-809f-f6210a05b369","title":"MG - BETIM","name":"MG - BETIM","tipo":"Munic\u00edpio","url":"\/dashboard\/details-assets\/d677aec7-775d-4fbc-809f-f6210a05b369"},"geometry":{"type":"Point","coordinates":[-44.19,-19.96]}},{"type":"Feature","properties":{"municipio":"a9586eb6-fce5-4855-a16b-909ba116a1f0","title":"MG - ARAXA","name":"MG - ARAXA","tipo":"Munic\u00edpio","url":"\/dashboard\/details-assets\/a9586eb6-fce5-4855-a16b-909ba116a1f0"},"geometry":{"type":"Point","coordinates":[-46.9400098900213,-19.5913298021871]}},{"type":"Feature","properties":{"municipio":"76ce713b-ef27-4399-a90d-fa0fd30a0200","title":"MG - ARAGUARI","name":"MG - ARAGUARI","tipo":"Munic\u00edpio","url":"\/dashboard\/details-assets\/76ce713b-ef27-4399-a90d-fa0fd30a0200"},"geometry":{"type":"Point","coordinates":[-48.1916053790292,-18.6482695262416]}},{"type":"Feature","properties":{"municipio":"7a300c19-54d2-4c98-959b-90d04af92329","title":"MG - LAVRAS","name":"MG - LAVRAS","tipo":"Munic\u00edpio","url":"\/dashboard\/details-assets\/7a300c19-54d2-4c98-959b-90d04af92329"},"geometry":{"type":"Point","coordinates":[-44.9999311091152,-21.242870236663]}},{"type":"Feature","properties":{"municipio":"b51c70cd-d451-4f34-b938-2dd1c289066d","title":"MG - MANHUACU","name":"MG - MANHUACU","tipo":"Munic\u00edpio","url":"\/dashboard\/details-assets\/b51c70cd-d451-4f34-b938-2dd1c289066d"},"geometry":{"type":"Point","coordinates":[-42.0338482904372,-20.2586800826688]}},{"type":"Feature","properties":{"municipio":"85c10525-ec75-439e-bfea-900549a52c63","title":"MG - TUPACIGUARA","name":"MG - TUPACIGUARA","tipo":"Munic\u00edpio","url":"\/dashboard\/details-assets\/85c10525-ec75-439e-bfea-900549a52c63"},"geometry":{"type":"Point","coordinates":[-48.7718332,-18.5796933]}},{"type":"Feature","properties":{"municipio":"9ba422a2-0ab0-4ac0-80a7-7cbde127a2aa","title":"MG - SAO SEBASTIAO DO PARAISO","name":"MG - SAO SEBASTIAO DO PARAISO","tipo":"Munic\u00edpio","url":"\/dashboard\/details-assets\/9ba422a2-0ab0-4ac0-80a7-7cbde127a2aa"},"geometry":{"type":"Point","coordinates":[-46.988611,-20.915]}},{"type":"Feature","properties":{"municipio":"48ebf30b-e05e-44f4-8e95-ccd33bdfc7b8","title":"MG - GUANHAES","name":"MG - GUANHAES","tipo":"Munic\u00edpio","url":"\/dashboard\/details-assets\/48ebf30b-e05e-44f4-8e95-ccd33bdfc7b8"},"geometry":{"type":"Point","coordinates":[-42.9318193,-18.7710458]}},{"type":"Feature","properties":{"municipio":"36dc03e5-7425-4283-b656-f72637c00b74","title":"MG - IBIRITE","name":"MG - IBIRITE","tipo":"Munic\u00edpio","url":"\/dashboard\/details-assets\/36dc03e5-7425-4283-b656-f72637c00b74"},"geometry":{"type":"Point","coordinates":[-44.058333,-19.998611]}},{"type":"Feature","properties":{"municipio":"7f30c7a2-f955-4aff-a12a-67b0802e6422","title":"MG - OLIVEIRA","name":"MG - OLIVEIRA","tipo":"Munic\u00edpio","url":"\/dashboard\/details-assets\/7f30c7a2-f955-4aff-a12a-67b0802e6422"},"geometry":{"type":"Point","coordinates":[-44.826410866482,-20.69751577556]}},{"type":"Feature","properties":{"municipio":"4cf9183e-940b-434d-93d1-315586084e96","title":"MG - ANDRADAS","name":"MG - ANDRADAS","tipo":"Munic\u00edpio","url":"\/dashboard\/details-assets\/4cf9183e-940b-434d-93d1-315586084e96"},"geometry":{"type":"Point","coordinates":[-46.575583000941,-22.0728073434513]}},{"type":"Feature","properties":{"municipio":"11b59cc1-ef2c-437c-8a87-77607c465036","title":"MG - DIVINOPOLIS","name":"MG - DIVINOPOLIS","tipo":"Munic\u00edpio","url":"\/dashboard\/details-assets\/11b59cc1-ef2c-437c-8a87-77607c465036"},"geometry":{"type":"Point","coordinates":[-44.8938855338723,-20.1420739739714]}},{"type":"Feature","properties":{"municipio":"323ea0de-4f08-486a-9a6a-ba350d259ec3","title":"MG - ARCOS","name":"MG - ARCOS","tipo":"Munic\u00edpio","url":"\/dashboard\/details-assets\/323ea0de-4f08-486a-9a6a-ba350d259ec3"},"geometry":{"type":"Point","coordinates":[-45.5436318712363,-20.2825631193226]}},{"type":"Feature","properties":{"municipio":"df297cee-a3eb-4912-bc55-e2780b99c58e","title":"MG - SANTA BARBARA","name":"MG - SANTA BARBARA","tipo":"Munic\u00edpio","url":"\/dashboard\/details-assets\/df297cee-a3eb-4912-bc55-e2780b99c58e"},"geometry":{"type":"Point","coordinates":[-43.4105526,-19.9608408]}},{"type":"Feature","properties":{"municipio":"3d90f445-b761-489e-863c-30017c0fd71b","title":"MG - PONTE NOVA","name":"MG - PONTE NOVA","tipo":"Munic\u00edpio","url":"\/dashboard\/details-assets\/3d90f445-b761-489e-863c-30017c0fd71b"},"geometry":{"type":"Point","coordinates":[-42.9096842699379,-20.4166434218704]}},{"type":"Feature","properties":{"municipio":"94c7ce5e-cab7-4385-a6cb-47f495b9af52","title":"MG - BARBACENA","name":"MG - BARBACENA","tipo":"Munic\u00edpio","url":"\/dashboard\/details-assets\/94c7ce5e-cab7-4385-a6cb-47f495b9af52"},"geometry":{"type":"Point","coordinates":[-43.4848824690371,-19.9358474336638]}},{"type":"Feature","properties":{"municipio":"a2d983cc-88ae-4f0e-823c-af97c48a374b","title":"MG - PIUMHI","name":"MG - PIUMHI","tipo":"Munic\u00edpio","url":"\/dashboard\/details-assets\/a2d983cc-88ae-4f0e-823c-af97c48a374b"},"geometry":{"type":"Point","coordinates":[-45.9605686667875,-20.4708828670034]}},{"type":"Feature","properties":{"municipio":"da0e5afd-055d-4b80-b800-2ba56caf87c0","title":"MG - FRANCISCO SA","name":"MG - FRANCISCO SA","tipo":"Munic\u00edpio","url":"\/dashboard\/details-assets\/da0e5afd-055d-4b80-b800-2ba56caf87c0"},"geometry":{"type":"Point","coordinates":[-43.488735281491,-16.4756808651741]}},{"type":"Feature","properties":{"municipio":"994f12cc-4daa-4fca-9286-dc4ea379424d","title":"MG - LAGOA DA PRATA","name":"MG - LAGOA DA PRATA","tipo":"Munic\u00edpio","url":"\/dashboard\/details-assets\/994f12cc-4daa-4fca-9286-dc4ea379424d"},"geometry":{"type":"Point","coordinates":[-45.5416920320703,-20.0237653287134]}},{"type":"Feature","properties":{"municipio":"6df67b3c-2c0e-4b44-808c-f802d3136058","title":"MG - CARMO DO PARANAIBA","name":"MG - CARMO DO PARANAIBA","tipo":"Munic\u00edpio","url":"\/dashboard\/details-assets\/6df67b3c-2c0e-4b44-808c-f802d3136058"},"geometry":{"type":"Point","coordinates":[-46.3142888776277,-18.9972890245603]}},{"type":"Feature","properties":{"municipio":"96d9b06a-81cc-4673-b661-83ebfe6e221a","title":"MG - MURIAE","name":"MG - MURIAE","tipo":"Munic\u00edpio","url":"\/dashboard\/details-assets\/96d9b06a-81cc-4673-b661-83ebfe6e221a"},"geometry":{"type":"Point","coordinates":[-42.3610748978923,-21.132046790875]}},{"type":"Feature","properties":{"municipio":"3d4231ae-3371-4b17-a28b-13e7cce61526","title":"MG - POCOS DE CALDAS","name":"MG - POCOS DE CALDAS","tipo":"Munic\u00edpio","url":"\/dashboard\/details-assets\/3d4231ae-3371-4b17-a28b-13e7cce61526"},"geometry":{"type":"Point","coordinates":[-46.561389,-21.787778]}},{"type":"Feature","properties":{"municipio":"e2a5da69-ebd2-45cf-af0c-dc06443493fa","title":"MG - LEOPOLDINA","name":"MG - LEOPOLDINA","tipo":"Munic\u00edpio","url":"\/dashboard\/details-assets\/e2a5da69-ebd2-45cf-af0c-dc06443493fa"},"geometry":{"type":"Point","coordinates":[-42.6418441295043,-21.5307293638842]}},{"type":"Feature","properties":{"municipio":"e8fb5159-95a7-441b-a085-82e004b10ad6","title":"MG - IPATINGA","name":"MG - IPATINGA","tipo":"Munic\u00edpio","url":"\/dashboard\/details-assets\/e8fb5159-95a7-441b-a085-82e004b10ad6"},"geometry":{"type":"Point","coordinates":[-42.5203511114107,-19.4810320966711]}},{"type":"Feature","properties":{"municipio":"6295c328-f459-40ad-8e89-f79577d3a426","title":"MG - UBA","name":"MG - UBA","tipo":"Munic\u00edpio","url":"\/dashboard\/details-assets\/6295c328-f459-40ad-8e89-f79577d3a426"},"geometry":{"type":"Point","coordinates":[-42.936786464392,-21.118596950863]}},{"type":"Feature","properties":{"municipio":"1f8e0501-b229-4d49-a261-3c3a2bf9ac93","title":"MG - NOVA ERA","name":"MG - NOVA ERA","tipo":"Munic\u00edpio","url":"\/dashboard\/details-assets\/1f8e0501-b229-4d49-a261-3c3a2bf9ac93"},"geometry":{"type":"Point","coordinates":[0,0]}},{"type":"Feature","properties":{"municipio":"23d8bdfc-6a43-4499-8526-2c824a56aad4","title":"MG - CATAGUASES","name":"MG - CATAGUASES","tipo":"Munic\u00edpio","url":"\/dashboard\/details-assets\/23d8bdfc-6a43-4499-8526-2c824a56aad4"},"geometry":{"type":"Point","coordinates":[-42.6920846108201,-21.3892484225714]}},{"type":"Feature","properties":{"municipio":"230affe5-4298-4174-a55f-894f3483f91a","title":"MG - SAO LOURENCO","name":"MG - SAO LOURENCO","tipo":"Munic\u00edpio","url":"\/dashboard\/details-assets\/230affe5-4298-4174-a55f-894f3483f91a"},"geometry":{"type":"Point","coordinates":[-45.0533731031445,-22.1177686707015]}},{"type":"Feature","properties":{"municipio":"008c0ef0-8a2f-4c96-9bfb-c4ab855cc272","title":"MG - COROMANDEL","name":"MG - COROMANDEL","tipo":"Munic\u00edpio","url":"\/dashboard\/details-assets\/008c0ef0-8a2f-4c96-9bfb-c4ab855cc272"},"geometry":{"type":"Point","coordinates":[-47.2015477282097,-18.4738505970211]}},{"type":"Feature","properties":{"municipio":"a5be2479-84b0-4f97-a5c7-8c0379ba258c","title":"MG - EUGENOPOLIS","name":"MG - EUGENOPOLIS","tipo":"Munic\u00edpio","url":"\/dashboard\/details-assets\/a5be2479-84b0-4f97-a5c7-8c0379ba258c"},"geometry":{"type":"Point","coordinates":[-42.2559685,-21.0159418]}},{"type":"Feature","properties":{"municipio":"7f2af391-581b-4bab-af11-368a2c21393c","title":"MG - GOVERNADOR VALADARES","name":"MG - GOVERNADOR VALADARES","tipo":"Munic\u00edpio","url":"\/dashboard\/details-assets\/7f2af391-581b-4bab-af11-368a2c21393c"},"geometry":{"type":"Point","coordinates":[-41.9470813340288,-18.8528824027326]}},{"type":"Feature","properties":{"municipio":"249e01de-e7f4-44ff-bead-7b1e22a4cd74","title":"MG - TRES MARIAS","name":"MG - TRES MARIAS","tipo":"Munic\u00edpio","url":"\/dashboard\/details-assets\/249e01de-e7f4-44ff-bead-7b1e22a4cd74"},"geometry":{"type":"Point","coordinates":[-45.2257352467415,-18.2059212234568]}},{"type":"Feature","properties":{"municipio":"7b35949b-e053-4b00-96d4-fc420e7ab0cb","title":"MG - FRUTAL","name":"MG - FRUTAL","tipo":"Munic\u00edpio","url":"\/dashboard\/details-assets\/7b35949b-e053-4b00-96d4-fc420e7ab0cb"},"geometry":{"type":"Point","coordinates":[-48.9391537102571,-20.0258978744646]}},{"type":"Feature","properties":{"municipio":"a11b0fea-de79-48eb-8bc8-b7528b3700cc","title":"MG - SERRO","name":"MG - SERRO","tipo":"Munic\u00edpio","url":"\/dashboard\/details-assets\/a11b0fea-de79-48eb-8bc8-b7528b3700cc"},"geometry":{"type":"Point","coordinates":[-43.378889,-18.605278]}},{"type":"Feature","properties":{"municipio":"a62b8492-490e-489d-9a5c-04789fe2dde1","title":"MG - SAO JOAQUIM DE BICAS","name":"MG - SAO JOAQUIM DE BICAS","tipo":"Munic\u00edpio","url":"\/dashboard\/details-assets\/a62b8492-490e-489d-9a5c-04789fe2dde1"},"geometry":{"type":"Point","coordinates":[-44.27,-20.04]}},{"type":"Feature","properties":{"municipio":"70a9433c-6d63-42a9-9c6d-de2e8d6e4135","title":"MG - JUIZ DE FORA","name":"MG - JUIZ DE FORA","tipo":"Munic\u00edpio","url":"\/dashboard\/details-assets\/70a9433c-6d63-42a9-9c6d-de2e8d6e4135"},"geometry":{"type":"Point","coordinates":[-43.3488172724747,-21.760924308024]}},{"type":"Feature","properties":{"municipio":"9ade0b8d-6128-473a-a23e-a8618f5ed01e","title":"MG - RESENDE COSTA","name":"MG - RESENDE COSTA","tipo":"Munic\u00edpio","url":"\/dashboard\/details-assets\/9ade0b8d-6128-473a-a23e-a8618f5ed01e"},"geometry":{"type":"Point","coordinates":[-44.230556,-20.915]}},{"type":"Feature","properties":{"municipio":"392b01cb-e433-467d-adb9-6fae7340099e","title":"MG - CONTAGEM","name":"MG - CONTAGEM","tipo":"Munic\u00edpio","url":"\/dashboard\/details-assets\/392b01cb-e433-467d-adb9-6fae7340099e"},"geometry":{"type":"Point","coordinates":[-44.0663446487239,-19.9434459050578]}},{"type":"Feature","properties":{"municipio":"6e015408-28c9-479e-9d5c-1a3582d8acb3","title":"MG - FORMIGA","name":"MG - FORMIGA","tipo":"Munic\u00edpio","url":"\/dashboard\/details-assets\/6e015408-28c9-479e-9d5c-1a3582d8acb3"},"geometry":{"type":"Point","coordinates":[-45.4272185,-20.4623459]}},{"type":"Feature","properties":{"municipio":"54fccf69-23ad-476d-95f1-0f83bb1ca29b","title":"MG - PERDOES","name":"MG - PERDOES","tipo":"Munic\u00edpio","url":"\/dashboard\/details-assets\/54fccf69-23ad-476d-95f1-0f83bb1ca29b"},"geometry":{"type":"Point","coordinates":[-45.0879046,-21.0964587]}},{"type":"Feature","properties":{"municipio":"f9af425f-8720-4b24-95db-dd89e9cdd81c","title":"MG - BELO HORIZONTE","name":"MG - BELO HORIZONTE","tipo":"Munic\u00edpio","url":"\/dashboard\/details-assets\/f9af425f-8720-4b24-95db-dd89e9cdd81c"},"geometry":{"type":"Point","coordinates":[-43.9264531735305,-19.9375242931696]}},{"type":"Feature","properties":{"municipio":"270332fd-8b7d-46a7-98c1-949eaf20e45e","title":"MG - POUSO ALEGRE","name":"MG - POUSO ALEGRE","tipo":"Munic\u00edpio","url":"\/dashboard\/details-assets\/270332fd-8b7d-46a7-98c1-949eaf20e45e"},"geometry":{"type":"Point","coordinates":[-45.9371442758265,-22.2303029944934]}},{"type":"Feature","properties":{"municipio":"ba641d70-3e45-463b-a390-fafa71f139a6","title":"MG - OURO PRETO","name":"MG - OURO PRETO","tipo":"Munic\u00edpio","url":"\/dashboard\/details-assets\/ba641d70-3e45-463b-a390-fafa71f139a6"},"geometry":{"type":"Point","coordinates":[-43.5035777,-20.3855743]}},{"type":"Feature","properties":{"municipio":"89b5030a-d6f5-4b02-b5be-20d16a57c0bd","title":"MG - UBERLANDIA","name":"MG - UBERLANDIA","tipo":"Munic\u00edpio","url":"\/dashboard\/details-assets\/89b5030a-d6f5-4b02-b5be-20d16a57c0bd"},"geometry":{"type":"Point","coordinates":[-48.2779501847345,-18.9189986087263]}},{"type":"Feature","properties":{"municipio":"d715588b-2be3-4d1b-a3ae-3fd8506443a3","title":"MG - CAPELINHA","name":"MG - CAPELINHA","tipo":"Munic\u00edpio","url":"\/dashboard\/details-assets\/d715588b-2be3-4d1b-a3ae-3fd8506443a3"},"geometry":{"type":"Point","coordinates":[-42.513333,-17.691389]}},{"type":"Feature","properties":{"municipio":"d8a203c5-8cad-449f-993b-040bc1708d12","title":"MG - CAETE","name":"MG - CAETE","tipo":"Munic\u00edpio","url":"\/dashboard\/details-assets\/d8a203c5-8cad-449f-993b-040bc1708d12"},"geometry":{"type":"Point","coordinates":[-43.6644238,-19.8852788]}},{"type":"Feature","properties":{"municipio":"eecea462-ea1a-465f-a60b-6c27926567cb","title":"MG - SAO FRANCISCO","name":"MG - SAO FRANCISCO","tipo":"Munic\u00edpio","url":"\/dashboard\/details-assets\/eecea462-ea1a-465f-a60b-6c27926567cb"},"geometry":{"type":"Point","coordinates":[-50.7000971572879,-20.3584138169931]}},{"type":"Feature","properties":{"municipio":"7f58a3cf-141f-4e14-9a61-3a5b93cf8d87","title":"MG - INHAPIM","name":"MG - INHAPIM","tipo":"Munic\u00edpio","url":"\/dashboard\/details-assets\/7f58a3cf-141f-4e14-9a61-3a5b93cf8d87"},"geometry":{"type":"Point","coordinates":[-42.1151174,-19.480333]}},{"type":"Feature","properties":{"municipio":"d6910505-5d22-4367-a501-f6e474c3c8bb","title":"MG - LAGOA SANTA","name":"MG - LAGOA SANTA","tipo":"Munic\u00edpio","url":"\/dashboard\/details-assets\/d6910505-5d22-4367-a501-f6e474c3c8bb"},"geometry":{"type":"Point","coordinates":[-43.89,-19.62]}},{"type":"Feature","properties":{"municipio":"c7c833f5-6877-4079-9852-a27e080aeb99","title":"MG - PASSOS","name":"MG - PASSOS","tipo":"Munic\u00edpio","url":"\/dashboard\/details-assets\/c7c833f5-6877-4079-9852-a27e080aeb99"},"geometry":{"type":"Point","coordinates":[-46.6114125680355,-20.7192119012384]}},{"type":"Feature","properties":{"municipio":"13331dfd-4e15-41de-a746-70c6be206996","title":"MG - PATROCINIO","name":"MG - PATROCINIO","tipo":"Munic\u00edpio","url":"\/dashboard\/details-assets\/13331dfd-4e15-41de-a746-70c6be206996"},"geometry":{"type":"Point","coordinates":[-46.9974382401645,-18.9408129607698]}},{"type":"Feature","properties":{"municipio":"dbc9e1ed-3afa-4dac-9dbf-24bee46e1c66","title":"MG - VESPASIANO","name":"MG - VESPASIANO","tipo":"Munic\u00edpio","url":"\/dashboard\/details-assets\/dbc9e1ed-3afa-4dac-9dbf-24bee46e1c66"},"geometry":{"type":"Point","coordinates":[-43.9199151867379,-19.693030439172]}},{"type":"Feature","properties":{"municipio":"b95c4041-726b-4f3b-9e27-a47124040ef9","title":"MG - CONCEICAO DAS ALAGOAS","name":"MG - CONCEICAO DAS ALAGOAS","tipo":"Munic\u00edpio","url":"\/dashboard\/details-assets\/b95c4041-726b-4f3b-9e27-a47124040ef9"},"geometry":{"type":"Point","coordinates":[-48.3811173,-19.9241693]}},{"type":"Feature","properties":{"municipio":"b918977e-aa5d-423d-b3e1-36d2b909a756","title":"MG - TAIOBEIRAS","name":"MG - TAIOBEIRAS","tipo":"Munic\u00edpio","url":"\/dashboard\/details-assets\/b918977e-aa5d-423d-b3e1-36d2b909a756"},"geometry":{"type":"Point","coordinates":[-42.228889,-15.808056]}},{"type":"Feature","properties":{"municipio":"9293a963-b654-4b4b-a41c-3a5e68726277","title":"MG - ITURAMA","name":"MG - ITURAMA","tipo":"Munic\u00edpio","url":"\/dashboard\/details-assets\/9293a963-b654-4b4b-a41c-3a5e68726277"},"geometry":{"type":"Point","coordinates":[-50.2019735753731,-19.7319475236369]}},{"type":"Feature","properties":{"municipio":"afc8d79b-a282-45d1-99e3-7e1b9bb7eb20","title":"MG - RIO PIRACICABA","name":"MG - RIO PIRACICABA","tipo":"Munic\u00edpio","url":"\/dashboard\/details-assets\/afc8d79b-a282-45d1-99e3-7e1b9bb7eb20"},"geometry":{"type":"Point","coordinates":[-43.1771529304688,-19.9222226319822]}},{"type":"Feature","properties":{"municipio":"53f94e0e-9308-43a0-82ae-b9f953a4f515","title":"MG - ITUIUTABA","name":"MG - ITUIUTABA","tipo":"Munic\u00edpio","url":"\/dashboard\/details-assets\/53f94e0e-9308-43a0-82ae-b9f953a4f515"},"geometry":{"type":"Point","coordinates":[-49.4622351892104,-18.9730676803352]}},{"type":"Feature","properties":{"municipio":"17e6c891-cdda-4983-bff3-1fa0d3a01916","title":"MG - SAO JOAO DEL REI","name":"MG - SAO JOAO DEL REI","tipo":"Munic\u00edpio","url":"\/dashboard\/details-assets\/17e6c891-cdda-4983-bff3-1fa0d3a01916"},"geometry":{"type":"Point","coordinates":[-44.2609727347292,-21.1355089736821]}},{"type":"Feature","properties":{"municipio":"145a2191-26f2-48b7-b3bb-eee75b4d3bfe","title":"MG - PRATA","name":"MG - PRATA","tipo":"Munic\u00edpio","url":"\/dashboard\/details-assets\/145a2191-26f2-48b7-b3bb-eee75b4d3bfe"},"geometry":{"type":"Point","coordinates":[-48.9277508,-19.3100889]}},{"type":"Feature","properties":{"municipio":"28a5d16f-0552-4141-8047-49dd64aec3cb","title":"MG - ITABIRA","name":"MG - ITABIRA","tipo":"Munic\u00edpio","url":"\/dashboard\/details-assets\/28a5d16f-0552-4141-8047-49dd64aec3cb"},"geometry":{"type":"Point","coordinates":[-43.2239516190304,-19.6381694919856]}},{"type":"Feature","properties":{"municipio":"72d70411-24fa-4df3-847a-a77bc22aeb14","title":"MG - ERVALIA","name":"MG - ERVALIA","tipo":"Munic\u00edpio","url":"\/dashboard\/details-assets\/72d70411-24fa-4df3-847a-a77bc22aeb14"},"geometry":{"type":"Point","coordinates":[-42.6562703,-20.8375261]}},{"type":"Feature","properties":{"municipio":"c03ca12c-0351-452e-9d33-e61f30a3dcaf","title":"MG - VARGINHA","name":"MG - VARGINHA","tipo":"Munic\u00edpio","url":"\/dashboard\/details-assets\/c03ca12c-0351-452e-9d33-e61f30a3dcaf"},"geometry":{"type":"Point","coordinates":[-45.4318861442786,-21.557080038418]}},{"type":"Feature","properties":{"municipio":"3fbd2a48-cd9e-4419-a9bb-47038cc93d3d","title":"MG - JANUARIA","name":"MG - JANUARIA","tipo":"Munic\u00edpio","url":"\/dashboard\/details-assets\/3fbd2a48-cd9e-4419-a9bb-47038cc93d3d"},"geometry":{"type":"Point","coordinates":[-44.3598053349032,-15.4878728135018]}},{"type":"Feature","properties":{"municipio":"3d2c1b7c-266b-4ccc-b73b-eef032687a62","title":"MG - SANTA RITA DO SAPUCAI","name":"MG - SANTA RITA DO SAPUCAI","tipo":"Munic\u00edpio","url":"\/dashboard\/details-assets\/3d2c1b7c-266b-4ccc-b73b-eef032687a62"},"geometry":{"type":"Point","coordinates":[-45.7039881925124,-22.2533298257077]}},{"type":"Feature","properties":{"municipio":"8d998100-4ffb-4bf7-b266-2b907f37ec08","title":"MG - NEPOMUCENO","name":"MG - NEPOMUCENO","tipo":"Munic\u00edpio","url":"\/dashboard\/details-assets\/8d998100-4ffb-4bf7-b266-2b907f37ec08"},"geometry":{"type":"Point","coordinates":[-45.236111,-21.233056]}},{"type":"Feature","properties":{"municipio":"03a206e7-6429-4792-952a-bd959873dfcd","title":"MG - ITABIRITO","name":"MG - ITABIRITO","tipo":"Munic\u00edpio","url":"\/dashboard\/details-assets\/03a206e7-6429-4792-952a-bd959873dfcd"},"geometry":{"type":"Point","coordinates":[-43.801667,-20.253056]}},{"type":"Feature","properties":{"municipio":"bc00352f-3bf6-4a5c-8b3f-9478b205ef55","title":"MG - SETE LAGOAS","name":"MG - SETE LAGOAS","tipo":"Munic\u00edpio","url":"\/dashboard\/details-assets\/bc00352f-3bf6-4a5c-8b3f-9478b205ef55"},"geometry":{"type":"Point","coordinates":[-44.239594615621,-19.4582874181575]}},{"type":"Feature","properties":{"municipio":"dd810cdf-161e-4bf4-ba25-603bc6f7cf9c","title":"MG - RIO POMBA","name":"MG - RIO POMBA","tipo":"Munic\u00edpio","url":"\/dashboard\/details-assets\/dd810cdf-161e-4bf4-ba25-603bc6f7cf9c"},"geometry":{"type":"Point","coordinates":[-43.178889,-21.275833]}},{"type":"Feature","properties":{"municipio":"faca3b57-f196-47d4-b7b0-1fcad30347ba","title":"MG - JOAO PINHEIRO","name":"MG - JOAO PINHEIRO","tipo":"Munic\u00edpio","url":"\/dashboard\/details-assets\/faca3b57-f196-47d4-b7b0-1fcad30347ba"},"geometry":{"type":"Point","coordinates":[-46.1754635512703,-17.7418529390152]}},{"type":"Feature","properties":{"municipio":"d9020f08-1429-431e-bf12-dbd1949832ad","title":"MG - ALMENARA","name":"MG - ALMENARA","tipo":"Munic\u00edpio","url":"\/dashboard\/details-assets\/d9020f08-1429-431e-bf12-dbd1949832ad"},"geometry":{"type":"Point","coordinates":[-40.6953223,-16.1796844]}},{"type":"Feature","properties":{"municipio":"3f58cce3-82ec-48b4-9731-d7cc333f261c","title":"MG - MALACACHETA","name":"MG - MALACACHETA","tipo":"Munic\u00edpio","url":"\/dashboard\/details-assets\/3f58cce3-82ec-48b4-9731-d7cc333f261c"},"geometry":{"type":"Point","coordinates":[-42.078889,-17.841944]}},{"type":"Feature","properties":{"municipio":"440f8d29-ed3c-4fe0-a040-11ffabec4fd8","title":"MG - PRESIDENTE OLEGARIO","name":"MG - PRESIDENTE OLEGARIO","tipo":"Munic\u00edpio","url":"\/dashboard\/details-assets\/440f8d29-ed3c-4fe0-a040-11ffabec4fd8"},"geometry":{"type":"Point","coordinates":[-46.4168827,-18.4100897]}},{"type":"Feature","properties":{"municipio":"7e796522-726b-4118-b6bd-8a68a504735b","title":"MG - SACRAMENTO","name":"MG - SACRAMENTO","tipo":"Munic\u00edpio","url":"\/dashboard\/details-assets\/7e796522-726b-4118-b6bd-8a68a504735b"},"geometry":{"type":"Point","coordinates":[0,0]}},{"type":"Feature","properties":{"municipio":"851362a1-9ebb-4683-9994-b0c818387f57","title":"MG - SALINAS","name":"MG - SALINAS","tipo":"Munic\u00edpio","url":"\/dashboard\/details-assets\/851362a1-9ebb-4683-9994-b0c818387f57"},"geometry":{"type":"Point","coordinates":[-42.2978984,-16.167456]}},{"type":"Feature","properties":{"municipio":"ed7d7895-aa22-421d-af04-708912cbb800","title":"MG - TEOFILO OTONI","name":"MG - TEOFILO OTONI","tipo":"Munic\u00edpio","url":"\/dashboard\/details-assets\/ed7d7895-aa22-421d-af04-708912cbb800"},"geometry":{"type":"Point","coordinates":[-41.5096351657897,-17.8625398074625]}},{"type":"Feature","properties":{"municipio":"1533e271-29d5-4550-a66a-d0ec5e515bad","title":"MG - BARAO DE COCAIS","name":"MG - BARAO DE COCAIS","tipo":"Munic\u00edpio","url":"\/dashboard\/details-assets\/1533e271-29d5-4550-a66a-d0ec5e515bad"},"geometry":{"type":"Point","coordinates":[-43.4848824690371,-19.9358474336638]}},{"type":"Feature","properties":{"municipio":"c22aefd6-0baf-48ed-aa81-c1391e5ea55a","title":"MG - MONTES CLAROS","name":"MG - MONTES CLAROS","tipo":"Munic\u00edpio","url":"\/dashboard\/details-assets\/c22aefd6-0baf-48ed-aa81-c1391e5ea55a"},"geometry":{"type":"Point","coordinates":[-43.8654224343832,-16.7227066394632]}},{"type":"Feature","properties":{"municipio":"97eff284-34fc-4045-9a31-7c0d4ca1a36a","title":"MG - PARACATU","name":"MG - PARACATU","tipo":"Munic\u00edpio","url":"\/dashboard\/details-assets\/97eff284-34fc-4045-9a31-7c0d4ca1a36a"},"geometry":{"type":"Point","coordinates":[-46.8754188909564,-17.2197419096529]}},{"type":"Feature","properties":{"municipio":"31161057-ef33-43b2-99d2-9db950140da4","title":"MG - TRES CORACOES","name":"MG - TRES CORACOES","tipo":"Munic\u00edpio","url":"\/dashboard\/details-assets\/31161057-ef33-43b2-99d2-9db950140da4"},"geometry":{"type":"Point","coordinates":[-45.2549368731671,-21.6959657762606]}},{"type":"Feature","properties":{"municipio":"97baef6c-d2a5-429f-a8b9-89b483611daf","title":"MG - CAMPO BELO","name":"MG - CAMPO BELO","tipo":"Munic\u00edpio","url":"\/dashboard\/details-assets\/97baef6c-d2a5-429f-a8b9-89b483611daf"},"geometry":{"type":"Point","coordinates":[-45.2721363,-20.8938356]}},{"type":"Feature","properties":{"municipio":"cfc2784b-39e4-472c-8e4f-a49db2969411","title":"MG - CONSELHEIRO PENA","name":"MG - CONSELHEIRO PENA","tipo":"Munic\u00edpio","url":"\/dashboard\/details-assets\/cfc2784b-39e4-472c-8e4f-a49db2969411"},"geometry":{"type":"Point","coordinates":[-41.4733731,-19.1739275]}},{"type":"Feature","properties":{"municipio":"5384a2a8-b223-41c2-887a-42c95a5ea760","title":"MG - PEDRA AZUL","name":"MG - PEDRA AZUL","tipo":"Munic\u00edpio","url":"\/dashboard\/details-assets\/5384a2a8-b223-41c2-887a-42c95a5ea760"},"geometry":{"type":"Point","coordinates":[-41.2817406,-16.003696]}},{"type":"Feature","properties":{"municipio":"f9d5b7c6-dd4a-4688-891f-31c964b8c2c8","title":"MG - JACINTO","name":"MG - JACINTO","tipo":"Munic\u00edpio","url":"\/dashboard\/details-assets\/f9d5b7c6-dd4a-4688-891f-31c964b8c2c8"},"geometry":{"type":"Point","coordinates":[-40.298056,-16.066111]}},{"type":"Feature","properties":{"municipio":"a5bd1336-5a09-4854-8a02-9be637661233","title":"MG - MARIANA","name":"MG - MARIANA","tipo":"Munic\u00edpio","url":"\/dashboard\/details-assets\/a5bd1336-5a09-4854-8a02-9be637661233"},"geometry":{"type":"Point","coordinates":[-43.4161404121375,-20.3744932302769]}},{"type":"Feature","properties":{"municipio":"2c3bb3b3-02de-4131-8416-9d1d589205f6","title":"MG - ITAOBIM","name":"MG - ITAOBIM","tipo":"Munic\u00edpio","url":"\/dashboard\/details-assets\/2c3bb3b3-02de-4131-8416-9d1d589205f6"},"geometry":{"type":"Point","coordinates":[-41.4989769803723,-16.5595259164787]}},{"type":"Feature","properties":{"municipio":"4b14c6f3-9730-463d-a3de-117cb255afe0","title":"MG - MANHUMIRIM","name":"MG - MANHUMIRIM","tipo":"Munic\u00edpio","url":"\/dashboard\/details-assets\/4b14c6f3-9730-463d-a3de-117cb255afe0"},"geometry":{"type":"Point","coordinates":[-41.9626798073714,-20.3639991108356]}},{"type":"Feature","properties":{"municipio":"f51a93f6-7b73-46fa-94f7-15661a46e398","title":"MG - UBERABA","name":"MG - UBERABA","tipo":"Munic\u00edpio","url":"\/dashboard\/details-assets\/f51a93f6-7b73-46fa-94f7-15661a46e398"},"geometry":{"type":"Point","coordinates":[-47.9836248955742,-19.7135346065023]}},{"type":"Feature","properties":{"municipio":"ad71c5d0-e72b-48ea-908a-a87fc50dcced","title":"MG - ALEM PARAIBA","name":"MG - ALEM PARAIBA","tipo":"Munic\u00edpio","url":"\/dashboard\/details-assets\/ad71c5d0-e72b-48ea-908a-a87fc50dcced"},"geometry":{"type":"Point","coordinates":[-42.703611,-21.886389]}},{"type":"Feature","properties":{"municipio":"0d041668-d964-4f0c-83c5-93addfe7f156","title":"MG - VARZEA DA PALMA","name":"MG - VARZEA DA PALMA","tipo":"Munic\u00edpio","url":"\/dashboard\/details-assets\/0d041668-d964-4f0c-83c5-93addfe7f156"},"geometry":{"type":"Point","coordinates":[-44.729722,-17.596667]}},{"type":"Feature","properties":{"municipio":"5bd27d31-1b4d-4389-9716-7845fcdb5a07","title":"MG - UNAI","name":"MG - UNAI","tipo":"Munic\u00edpio","url":"\/dashboard\/details-assets\/5bd27d31-1b4d-4389-9716-7845fcdb5a07"},"geometry":{"type":"Point","coordinates":[-46.899956595285,-16.3590084919872]}},{"type":"Feature","properties":{"municipio":"f9c47572-75dd-417a-9b3c-56ab675c2f9c","title":"MG - JOAO MONLEVADE","name":"MG - JOAO MONLEVADE","tipo":"Munic\u00edpio","url":"\/dashboard\/details-assets\/f9c47572-75dd-417a-9b3c-56ab675c2f9c"},"geometry":{"type":"Point","coordinates":[-43.1738765,-19.8131282]}},{"type":"Feature","properties":{"municipio":"4a508cd9-4a43-4575-9ca8-e17c9a3a1ba3","title":"MG - NOVA LIMA","name":"MG - NOVA LIMA","tipo":"Munic\u00edpio","url":"\/dashboard\/details-assets\/4a508cd9-4a43-4575-9ca8-e17c9a3a1ba3"},"geometry":{"type":"Point","coordinates":[-43.8497833626163,-19.98389299326]}},{"type":"Feature","properties":{"municipio":"42ae468b-cf8c-4e41-9db8-2ec76ec0b1bd","title":"MG - TIMOTEO","name":"MG - TIMOTEO","tipo":"Munic\u00edpio","url":"\/dashboard\/details-assets\/42ae468b-cf8c-4e41-9db8-2ec76ec0b1bd"},"geometry":{"type":"Point","coordinates":[-42.6439423108068,-19.5840503579113]}},{"type":"Feature","properties":{"municipio":"a7b66d7b-7c07-4a9e-8b4d-69104ff8c489","title":"MG - PIRAPORA","name":"MG - PIRAPORA","tipo":"Munic\u00edpio","url":"\/dashboard\/details-assets\/a7b66d7b-7c07-4a9e-8b4d-69104ff8c489"},"geometry":{"type":"Point","coordinates":[-44.9510653804875,-17.3495820950721]}},{"type":"Feature","properties":{"municipio":"5801b16c-7469-4610-9e9a-c0f092c9e081","title":"MG - RIBEIRAO DAS NEVES","name":"MG - RIBEIRAO DAS NEVES","tipo":"Munic\u00edpio","url":"\/dashboard\/details-assets\/5801b16c-7469-4610-9e9a-c0f092c9e081"},"geometry":{"type":"Point","coordinates":[-44.085823649141,-19.7660220148969]}},{"type":"Feature","properties":{"municipio":"b40b66e4-c877-4001-88d7-b4830d39f03d","title":"MA - PINHEIRO","name":"MA - PINHEIRO","tipo":"Munic\u00edpio","url":"\/dashboard\/details-assets\/b40b66e4-c877-4001-88d7-b4830d39f03d"},"geometry":{"type":"Point","coordinates":[-45.0797821,-2.5176989]}},{"type":"Feature","properties":{"municipio":"1acdfef3-4f90-491f-a777-d23509bcc8c7","title":"MA - CODO","name":"MA - CODO","tipo":"Munic\u00edpio","url":"\/dashboard\/details-assets\/1acdfef3-4f90-491f-a777-d23509bcc8c7"},"geometry":{"type":"Point","coordinates":[-43.8860802350324,-4.4513375]}},{"type":"Feature","properties":{"municipio":"17480f79-fdfb-4f97-bc17-69547fe5beaa","title":"MA - GODOFREDO VIANA","name":"MA - GODOFREDO VIANA","tipo":"Munic\u00edpio","url":"\/dashboard\/details-assets\/17480f79-fdfb-4f97-bc17-69547fe5beaa"},"geometry":{"type":"Point","coordinates":[-45.968333,-1.411667]}},{"type":"Feature","properties":{"municipio":"ff6e2ab6-7dfb-45de-9937-3d40fe340198","title":"MA - BREJO","name":"MA - BREJO","tipo":"Munic\u00edpio","url":"\/dashboard\/details-assets\/ff6e2ab6-7dfb-45de-9937-3d40fe340198"},"geometry":{"type":"Point","coordinates":[-42.748333,-3.685]}},{"type":"Feature","properties":{"municipio":"68b3b375-3dc0-498e-b9dd-877796b06e74","title":"MA - CAROLINA","name":"MA - CAROLINA","tipo":"Munic\u00edpio","url":"\/dashboard\/details-assets\/68b3b375-3dc0-498e-b9dd-877796b06e74"},"geometry":{"type":"Point","coordinates":[-47.469722,-7.336111]}},{"type":"Feature","properties":{"municipio":"637300c4-13c7-41fa-9867-23a37142887b","title":"MA - ITAPECURU MIRIM","name":"MA - ITAPECURU MIRIM","tipo":"Munic\u00edpio","url":"\/dashboard\/details-assets\/637300c4-13c7-41fa-9867-23a37142887b"},"geometry":{"type":"Point","coordinates":[-44.354263390434,-3.39904548]}},{"type":"Feature","properties":{"municipio":"97157183-7d26-4957-858d-a4380c815d0c","title":"MA - SAO JOAO DOS PATOS","name":"MA - SAO JOAO DOS PATOS","tipo":"Munic\u00edpio","url":"\/dashboard\/details-assets\/97157183-7d26-4957-858d-a4380c815d0c"},"geometry":{"type":"Point","coordinates":[-43.701667,-6.495]}},{"type":"Feature","properties":{"municipio":"d7429724-f759-4e4e-8da5-859ee0c313a8","title":"MA - PACO DO LUMIAR","name":"MA - PACO DO LUMIAR","tipo":"Munic\u00edpio","url":"\/dashboard\/details-assets\/d7429724-f759-4e4e-8da5-859ee0c313a8"},"geometry":{"type":"Point","coordinates":[-44.0986923548405,-2.52806299991673]}},{"type":"Feature","properties":{"municipio":"3c996a1e-3946-4590-b66d-1008fe878559","title":"MA - SANTA INES","name":"MA - SANTA INES","tipo":"Munic\u00edpio","url":"\/dashboard\/details-assets\/3c996a1e-3946-4590-b66d-1008fe878559"},"geometry":{"type":"Point","coordinates":[-45.38,-3.66]}},{"type":"Feature","properties":{"municipio":"3099cd1a-7dd0-4e57-a432-dc1c2862a1bd","title":"MA - GRAJAU","name":"MA - GRAJAU","tipo":"Munic\u00edpio","url":"\/dashboard\/details-assets\/3099cd1a-7dd0-4e57-a432-dc1c2862a1bd"},"geometry":{"type":"Point","coordinates":[-46.1594921,-5.8248093]}},{"type":"Feature","properties":{"municipio":"3d14952d-bf54-4271-b60f-4a0f131bf689","title":"MA - BARRA DO CORDA","name":"MA - BARRA DO CORDA","tipo":"Munic\u00edpio","url":"\/dashboard\/details-assets\/3d14952d-bf54-4271-b60f-4a0f131bf689"},"geometry":{"type":"Point","coordinates":[-45.244167,-5.503056]}},{"type":"Feature","properties":{"municipio":"2be6e4de-225a-4de1-a8f7-8dd37b9ff260","title":"MA - GOVERNADOR NUNES FREIRE","name":"MA - GOVERNADOR NUNES FREIRE","tipo":"Munic\u00edpio","url":"\/dashboard\/details-assets\/2be6e4de-225a-4de1-a8f7-8dd37b9ff260"},"geometry":{"type":"Point","coordinates":[-45.88,-2.12]}},{"type":"Feature","properties":{"municipio":"1fc83c78-3d97-4a3a-8ff0-8aefc2bfbc30","title":"MA - COROATA","name":"MA - COROATA","tipo":"Munic\u00edpio","url":"\/dashboard\/details-assets\/1fc83c78-3d97-4a3a-8ff0-8aefc2bfbc30"},"geometry":{"type":"Point","coordinates":[-44.1255992014644,-4.1289759998643]}},{"type":"Feature","properties":{"municipio":"cf8c80eb-bc52-4317-8bee-581895bf5653","title":"MA - DAVINOPOLIS","name":"MA - DAVINOPOLIS","tipo":"Munic\u00edpio","url":"\/dashboard\/details-assets\/cf8c80eb-bc52-4317-8bee-581895bf5653"},"geometry":{"type":"Point","coordinates":[-47.3119448,-5.5939018]}},{"type":"Feature","properties":{"municipio":"d7116bcd-bc4a-4239-a5a5-7c214926d8c4","title":"MA - PORTO FRANCO","name":"MA - PORTO FRANCO","tipo":"Munic\u00edpio","url":"\/dashboard\/details-assets\/d7116bcd-bc4a-4239-a5a5-7c214926d8c4"},"geometry":{"type":"Point","coordinates":[-47.39,-6.33]}},{"type":"Feature","properties":{"municipio":"ee18eaf3-3f45-43a4-9e15-0d3ded83f79e","title":"MA - IMPERATRIZ","name":"MA - IMPERATRIZ","tipo":"Munic\u00edpio","url":"\/dashboard\/details-assets\/ee18eaf3-3f45-43a4-9e15-0d3ded83f79e"},"geometry":{"type":"Point","coordinates":[-47.4798108057682,-5.52652402500001]}},{"type":"Feature","properties":{"municipio":"5eaa731c-2f32-4ae6-a974-0f23fcdf1e0a","title":"MA - ROSARIO","name":"MA - ROSARIO","tipo":"Munic\u00edpio","url":"\/dashboard\/details-assets\/5eaa731c-2f32-4ae6-a974-0f23fcdf1e0a"},"geometry":{"type":"Point","coordinates":[-44.2493388,-2.9410215]}},{"type":"Feature","properties":{"municipio":"c6fc5a88-e3f0-4462-a739-3d5b30fcddaf","title":"MA - CHAPADINHA","name":"MA - CHAPADINHA","tipo":"Munic\u00edpio","url":"\/dashboard\/details-assets\/c6fc5a88-e3f0-4462-a739-3d5b30fcddaf"},"geometry":{"type":"Point","coordinates":[-43.361120781752,-3.74002451987701]}},{"type":"Feature","properties":{"municipio":"0659d42c-74ef-4b32-a05e-a7919bd878f4","title":"MA - BACABAL","name":"MA - BACABAL","tipo":"Munic\u00edpio","url":"\/dashboard\/details-assets\/0659d42c-74ef-4b32-a05e-a7919bd878f4"},"geometry":{"type":"Point","coordinates":[-44.7855844,-4.2221443]}},{"type":"Feature","properties":{"municipio":"22735a80-a15f-4b93-8905-66ed61d39eea","title":"MA - CAXIAS","name":"MA - CAXIAS","tipo":"Munic\u00edpio","url":"\/dashboard\/details-assets\/22735a80-a15f-4b93-8905-66ed61d39eea"},"geometry":{"type":"Point","coordinates":[-43.3619983,-4.8654138]}},{"type":"Feature","properties":{"municipio":"f6956fd2-cccc-43ff-b7a4-024e06f7297a","title":"MA - ZE DOCA","name":"MA - ZE DOCA","tipo":"Munic\u00edpio","url":"\/dashboard\/details-assets\/f6956fd2-cccc-43ff-b7a4-024e06f7297a"},"geometry":{"type":"Point","coordinates":[-46.1326778,-3.2329855]}},{"type":"Feature","properties":{"municipio":"561bbd05-320a-4f59-9cbc-039d0c0eb14f","title":"MA - SAO LUIS","name":"MA - SAO LUIS","tipo":"Munic\u00edpio","url":"\/dashboard\/details-assets\/561bbd05-320a-4f59-9cbc-039d0c0eb14f"},"geometry":{"type":"Point","coordinates":[-44.2979185642444,-2.531885985]}},{"type":"Feature","properties":{"municipio":"463ebb47-2aaf-467d-8452-8f7a6b2d7cc7","title":"MA - VIANA","name":"MA - VIANA","tipo":"Munic\u00edpio","url":"\/dashboard\/details-assets\/463ebb47-2aaf-467d-8452-8f7a6b2d7cc7"},"geometry":{"type":"Point","coordinates":[-40.4956243354911,-20.3908625105493]}},{"type":"Feature","properties":{"municipio":"b50e91c9-8872-4ad9-bc5b-21d433bf321a","title":"MA - ACAILANDIA","name":"MA - ACAILANDIA","tipo":"Munic\u00edpio","url":"\/dashboard\/details-assets\/b50e91c9-8872-4ad9-bc5b-21d433bf321a"},"geometry":{"type":"Point","coordinates":[-47.5066645931119,-4.951377]}},{"type":"Feature","properties":{"municipio":"dfddf03d-299c-46a2-9c82-7c3572249b51","title":"MA - TIMON","name":"MA - TIMON","tipo":"Munic\u00edpio","url":"\/dashboard\/details-assets\/dfddf03d-299c-46a2-9c82-7c3572249b51"},"geometry":{"type":"Point","coordinates":[-42.8337278988597,-5.10068110996202]}},{"type":"Feature","properties":{"municipio":"10bb8c46-1a84-437a-9112-de9399f64ced","title":"MA - BALSAS","name":"MA - BALSAS","tipo":"Munic\u00edpio","url":"\/dashboard\/details-assets\/10bb8c46-1a84-437a-9112-de9399f64ced"},"geometry":{"type":"Point","coordinates":[-46.035885,-7.5330309]}},{"type":"Feature","properties":{"municipio":"de22d47c-c3fe-44bc-b485-10f416961ee7","title":"MA - PEDREIRAS","name":"MA - PEDREIRAS","tipo":"Munic\u00edpio","url":"\/dashboard\/details-assets\/de22d47c-c3fe-44bc-b485-10f416961ee7"},"geometry":{"type":"Point","coordinates":[-44.6009717,-4.5719163]}},{"type":"Feature","properties":{"municipio":"1bed1cf3-5d4f-4408-b3cb-09241061c51a","title":"MA - COLINAS","name":"MA - COLINAS","tipo":"Munic\u00edpio","url":"\/dashboard\/details-assets\/1bed1cf3-5d4f-4408-b3cb-09241061c51a"},"geometry":{"type":"Point","coordinates":[-44.24,-6.02]}},{"type":"Feature","properties":{"municipio":"a86ce23b-7344-4109-ba87-d01c80e4ea67","title":"MA - PRESIDENTE DUTRA","name":"MA - PRESIDENTE DUTRA","tipo":"Munic\u00edpio","url":"\/dashboard\/details-assets\/a86ce23b-7344-4109-ba87-d01c80e4ea67"},"geometry":{"type":"Point","coordinates":[-44.4929188624246,-5.28237425758561]}},{"type":"Feature","properties":{"municipio":"18ed6f3c-ec80-42c2-8d9d-d7fa0ff23aec","title":"GO - IPAMERI","name":"GO - IPAMERI","tipo":"Munic\u00edpio","url":"\/dashboard\/details-assets\/18ed6f3c-ec80-42c2-8d9d-d7fa0ff23aec"},"geometry":{"type":"Point","coordinates":[-48.16,-17.721944]}},{"type":"Feature","properties":{"municipio":"9343ac3a-5c1d-4c45-bb60-402ec7989bca","title":"GO - IPORA","name":"GO - IPORA","tipo":"Munic\u00edpio","url":"\/dashboard\/details-assets\/9343ac3a-5c1d-4c45-bb60-402ec7989bca"},"geometry":{"type":"Point","coordinates":[0,0]}},{"type":"Feature","properties":{"municipio":"2f10b710-fd2e-4557-bf89-fc464223a644","title":"GO - RUBIATABA","name":"GO - RUBIATABA","tipo":"Munic\u00edpio","url":"\/dashboard\/details-assets\/2f10b710-fd2e-4557-bf89-fc464223a644"},"geometry":{"type":"Point","coordinates":[-49.8052085,-15.1662376]}},{"type":"Feature","properties":{"municipio":"a80c2a36-c786-4cc4-bb89-748b95af97ed","title":"GO - ORIZONA","name":"GO - ORIZONA","tipo":"Munic\u00edpio","url":"\/dashboard\/details-assets\/a80c2a36-c786-4cc4-bb89-748b95af97ed"},"geometry":{"type":"Point","coordinates":[-48.29,-17.03]}},{"type":"Feature","properties":{"municipio":"4ef97aef-177b-463b-aafb-195e721340b2","title":"GO - CAIAPONIA","name":"GO - CAIAPONIA","tipo":"Munic\u00edpio","url":"\/dashboard\/details-assets\/4ef97aef-177b-463b-aafb-195e721340b2"},"geometry":{"type":"Point","coordinates":[-51.809444,-16.956111]}},{"type":"Feature","properties":{"municipio":"5904dbc5-2678-4b5b-a28d-421874d2f0d9","title":"GO - NOVO GAMA","name":"GO - NOVO GAMA","tipo":"Munic\u00edpio","url":"\/dashboard\/details-assets\/5904dbc5-2678-4b5b-a28d-421874d2f0d9"},"geometry":{"type":"Point","coordinates":[-48.0386119,-16.0571065]}},{"type":"Feature","properties":{"municipio":"ca146b8b-0abd-46f6-883d-93ac282d81ee","title":"GO - GOIAS","name":"GO - GOIAS","tipo":"Munic\u00edpio","url":"\/dashboard\/details-assets\/ca146b8b-0abd-46f6-883d-93ac282d81ee"},"geometry":{"type":"Point","coordinates":[0,0]}},{"type":"Feature","properties":{"municipio":"ad2e4d55-8a1a-490e-aac3-0fc5c5e8eca1","title":"GO - EDEIA","name":"GO - EDEIA","tipo":"Munic\u00edpio","url":"\/dashboard\/details-assets\/ad2e4d55-8a1a-490e-aac3-0fc5c5e8eca1"},"geometry":{"type":"Point","coordinates":[-49.930833,-17.338611]}},{"type":"Feature","properties":{"municipio":"294cfedc-aee1-4ba3-a38d-f8ab409ed3fa","title":"GO - URUANA","name":"GO - URUANA","tipo":"Munic\u00edpio","url":"\/dashboard\/details-assets\/294cfedc-aee1-4ba3-a38d-f8ab409ed3fa"},"geometry":{"type":"Point","coordinates":[-49.686944,-15.496944]}},{"type":"Feature","properties":{"municipio":"e78d43db-685a-467b-9645-479252fc01b7","title":"GO - POSSE","name":"GO - POSSE","tipo":"Munic\u00edpio","url":"\/dashboard\/details-assets\/e78d43db-685a-467b-9645-479252fc01b7"},"geometry":{"type":"Point","coordinates":[-46.369444,-14.093056]}},{"type":"Feature","properties":{"municipio":"b11898a4-6c3f-47d5-8a66-cc3668404214","title":"GO - VALPARAISO DE GOIAS","name":"GO - VALPARAISO DE GOIAS","tipo":"Munic\u00edpio","url":"\/dashboard\/details-assets\/b11898a4-6c3f-47d5-8a66-cc3668404214"},"geometry":{"type":"Point","coordinates":[-47.978611,-16.065556]}},{"type":"Feature","properties":{"municipio":"9e05386c-e59e-4637-8bc8-b489441bdb09","title":"GO - CIDADE OCIDENTAL","name":"GO - CIDADE OCIDENTAL","tipo":"Munic\u00edpio","url":"\/dashboard\/details-assets\/9e05386c-e59e-4637-8bc8-b489441bdb09"},"geometry":{"type":"Point","coordinates":[-47.925,-16.115]}},{"type":"Feature","properties":{"municipio":"bf9a707d-188d-48ba-b9f4-66d8e8f2670c","title":"GO - CERES","name":"GO - CERES","tipo":"Munic\u00edpio","url":"\/dashboard\/details-assets\/bf9a707d-188d-48ba-b9f4-66d8e8f2670c"},"geometry":{"type":"Point","coordinates":[-49.598056,-15.308056]}},{"type":"Feature","properties":{"municipio":"606a9500-e733-4db7-8781-d5dc0044f601","title":"GO - ALTO PARAISO DE GOIAS","name":"GO - ALTO PARAISO DE GOIAS","tipo":"Munic\u00edpio","url":"\/dashboard\/details-assets\/606a9500-e733-4db7-8781-d5dc0044f601"},"geometry":{"type":"Point","coordinates":[-47.510833,-14.133056]}},{"type":"Feature","properties":{"municipio":"79bb2c5e-35bd-4023-872d-d3d7a02bad99","title":"GO - QUIRINOPOLIS","name":"GO - QUIRINOPOLIS","tipo":"Munic\u00edpio","url":"\/dashboard\/details-assets\/79bb2c5e-35bd-4023-872d-d3d7a02bad99"},"geometry":{"type":"Point","coordinates":[-50.451667,-18.448056]}},{"type":"Feature","properties":{"municipio":"341c7a79-f015-4745-961b-0734fd41c333","title":"GO - CATALAO","name":"GO - CATALAO","tipo":"Munic\u00edpio","url":"\/dashboard\/details-assets\/341c7a79-f015-4745-961b-0734fd41c333"},"geometry":{"type":"Point","coordinates":[-47.945278,-18.169167]}},{"type":"Feature","properties":{"municipio":"60ea0cbd-e243-4af4-b1e7-3dcfaf1609c8","title":"GO - JATAI","name":"GO - JATAI","tipo":"Munic\u00edpio","url":"\/dashboard\/details-assets\/60ea0cbd-e243-4af4-b1e7-3dcfaf1609c8"},"geometry":{"type":"Point","coordinates":[-51.714444,-17.881389]}},{"type":"Feature","properties":{"municipio":"c5c91f40-8e06-4708-a2dc-e6d6fd7257f8","title":"GO - PLANALTINA","name":"GO - PLANALTINA","tipo":"Munic\u00edpio","url":"\/dashboard\/details-assets\/c5c91f40-8e06-4708-a2dc-e6d6fd7257f8"},"geometry":{"type":"Point","coordinates":[-47.615,-15.453333]}},{"type":"Feature","properties":{"municipio":"4b75d7c8-c83f-4848-bfde-15ba2c19fcb8","title":"GO - ACREUNA","name":"GO - ACREUNA","tipo":"Munic\u00edpio","url":"\/dashboard\/details-assets\/4b75d7c8-c83f-4848-bfde-15ba2c19fcb8"},"geometry":{"type":"Point","coordinates":[-50.375,-17.3975]}},{"type":"Feature","properties":{"municipio":"849fa435-065d-405b-b845-2ec1b1bc1e90","title":"GO - SANTA HELENA DE GOIAS","name":"GO - SANTA HELENA DE GOIAS","tipo":"Munic\u00edpio","url":"\/dashboard\/details-assets\/849fa435-065d-405b-b845-2ec1b1bc1e90"},"geometry":{"type":"Point","coordinates":[-50.596111,-17.813056]}},{"type":"Feature","properties":{"municipio":"d5469e23-d129-4e32-871b-8beca17ed82d","title":"GO - SIMOLANDIA","name":"GO - SIMOLANDIA","tipo":"Munic\u00edpio","url":"\/dashboard\/details-assets\/d5469e23-d129-4e32-871b-8beca17ed82d"},"geometry":{"type":"Point","coordinates":[-46.471667,-14.475]}},{"type":"Feature","properties":{"municipio":"81a539e9-40ef-431e-b112-01ba48427f39","title":"GO - PIRES DO RIO","name":"GO - PIRES DO RIO","tipo":"Munic\u00edpio","url":"\/dashboard\/details-assets\/81a539e9-40ef-431e-b112-01ba48427f39"},"geometry":{"type":"Point","coordinates":[-48.279444,-17.300556]}},{"type":"Feature","properties":{"municipio":"f1f0267a-7501-4ea5-8be9-6ef6b966ef11","title":"GO - ALEXANIA","name":"GO - ALEXANIA","tipo":"Munic\u00edpio","url":"\/dashboard\/details-assets\/f1f0267a-7501-4ea5-8be9-6ef6b966ef11"},"geometry":{"type":"Point","coordinates":[-48.5074307,-16.0821361]}},{"type":"Feature","properties":{"municipio":"5c263fb6-524c-4327-a69c-d2e748465954","title":"GO - JARAGUA","name":"GO - JARAGUA","tipo":"Munic\u00edpio","url":"\/dashboard\/details-assets\/5c263fb6-524c-4327-a69c-d2e748465954"},"geometry":{"type":"Point","coordinates":[-49.335,-15.7575]}},{"type":"Feature","properties":{"municipio":"704ff1e7-af51-4720-bcd4-eb519c8bce35","title":"GO - MINACU","name":"GO - MINACU","tipo":"Munic\u00edpio","url":"\/dashboard\/details-assets\/704ff1e7-af51-4720-bcd4-eb519c8bce35"},"geometry":{"type":"Point","coordinates":[-48.22,-13.53]}},{"type":"Feature","properties":{"municipio":"b87fff1b-1fde-4d15-8a77-8fd1baff7d05","title":"GO - ITAUCU","name":"GO - ITAUCU","tipo":"Munic\u00edpio","url":"\/dashboard\/details-assets\/b87fff1b-1fde-4d15-8a77-8fd1baff7d05"},"geometry":{"type":"Point","coordinates":[-49.6047459,-16.2039364]}},{"type":"Feature","properties":{"municipio":"a27161ab-2003-4d58-a2bc-e8f565bde1e7","title":"GO - INHUMAS","name":"GO - INHUMAS","tipo":"Munic\u00edpio","url":"\/dashboard\/details-assets\/a27161ab-2003-4d58-a2bc-e8f565bde1e7"},"geometry":{"type":"Point","coordinates":[-49.496111,-16.357778]}},{"type":"Feature","properties":{"municipio":"22d48c0a-3121-46a8-a5c0-f38e9c7a72c7","title":"GO - URUACU","name":"GO - URUACU","tipo":"Munic\u00edpio","url":"\/dashboard\/details-assets\/22d48c0a-3121-46a8-a5c0-f38e9c7a72c7"},"geometry":{"type":"Point","coordinates":[-49.1474856222181,-14.5202197623662]}},{"type":"Feature","properties":{"municipio":"7a4e5f77-199f-40fb-96d8-bb3edc1069ac","title":"GO - BARRO ALTO","name":"GO - BARRO ALTO","tipo":"Munic\u00edpio","url":"\/dashboard\/details-assets\/7a4e5f77-199f-40fb-96d8-bb3edc1069ac"},"geometry":{"type":"Point","coordinates":[-48.916104,-14.9718831]}},{"type":"Feature","properties":{"municipio":"5bff47f9-d7b3-422b-9b69-175763a481ca","title":"GO - ARAGARCAS","name":"GO - ARAGARCAS","tipo":"Munic\u00edpio","url":"\/dashboard\/details-assets\/5bff47f9-d7b3-422b-9b69-175763a481ca"},"geometry":{"type":"Point","coordinates":[-52.25,-15.89]}},{"type":"Feature","properties":{"municipio":"ed5f5ac8-d26c-430c-b5bb-b3b44ef0e000","title":"GO - PONTALINA","name":"GO - PONTALINA","tipo":"Munic\u00edpio","url":"\/dashboard\/details-assets\/ed5f5ac8-d26c-430c-b5bb-b3b44ef0e000"},"geometry":{"type":"Point","coordinates":[-49.445278,-17.525556]}},{"type":"Feature","properties":{"municipio":"431d28ea-a46d-414c-a32f-2944d45604fe","title":"GO - SANTO ANTONIO DO DESCOBERTO","name":"GO - SANTO ANTONIO DO DESCOBERTO","tipo":"Munic\u00edpio","url":"\/dashboard\/details-assets\/431d28ea-a46d-414c-a32f-2944d45604fe"},"geometry":{"type":"Point","coordinates":[-48.2560064258403,-15.9442235095011]}},{"type":"Feature","properties":{"municipio":"fcefb50b-297d-4f8d-a4d7-0ffb90973f87","title":"GO - PALMEIRAS DE GOIAS","name":"GO - PALMEIRAS DE GOIAS","tipo":"Munic\u00edpio","url":"\/dashboard\/details-assets\/fcefb50b-297d-4f8d-a4d7-0ffb90973f87"},"geometry":{"type":"Point","coordinates":[-49.925556,-16.805]}},{"type":"Feature","properties":{"municipio":"a9f55d2a-99fb-40c4-9cff-c1293dda52ec","title":"GO - ITABERAI","name":"GO - ITABERAI","tipo":"Munic\u00edpio","url":"\/dashboard\/details-assets\/a9f55d2a-99fb-40c4-9cff-c1293dda52ec"},"geometry":{"type":"Point","coordinates":[-49.81,-16.02]}},{"type":"Feature","properties":{"municipio":"975bdacb-51c2-4e75-b7b6-c8808a6c9bab","title":"GO - NIQUELANDIA","name":"GO - NIQUELANDIA","tipo":"Munic\u00edpio","url":"\/dashboard\/details-assets\/975bdacb-51c2-4e75-b7b6-c8808a6c9bab"},"geometry":{"type":"Point","coordinates":[-48.459722,-14.473889]}},{"type":"Feature","properties":{"municipio":"c76d6ab1-b793-4155-8011-15ea958f84c3","title":"GO - SAO MIGUEL DO ARAGUAIA","name":"GO - SAO MIGUEL DO ARAGUAIA","tipo":"Munic\u00edpio","url":"\/dashboard\/details-assets\/c76d6ab1-b793-4155-8011-15ea958f84c3"},"geometry":{"type":"Point","coordinates":[-50.162778,-13.275]}},{"type":"Feature","properties":{"municipio":"cbf29a0a-9676-456c-9cea-f70e1dff20e9","title":"GO - APARECIDA DE GOIANIA","name":"GO - APARECIDA DE GOIANIA","tipo":"Munic\u00edpio","url":"\/dashboard\/details-assets\/cbf29a0a-9676-456c-9cea-f70e1dff20e9"},"geometry":{"type":"Point","coordinates":[-49.2473044,-16.820257]}},{"type":"Feature","properties":{"municipio":"d882a7a1-c3ae-4eb6-853f-be5b166619e2","title":"GO - CRISTALINA","name":"GO - CRISTALINA","tipo":"Munic\u00edpio","url":"\/dashboard\/details-assets\/d882a7a1-c3ae-4eb6-853f-be5b166619e2"},"geometry":{"type":"Point","coordinates":[-47.614167,-16.768611]}},{"type":"Feature","properties":{"municipio":"f34e2589-fece-4796-9dce-3ea4dc4332ae","title":"GO - JUSSARA","name":"GO - JUSSARA","tipo":"Munic\u00edpio","url":"\/dashboard\/details-assets\/f34e2589-fece-4796-9dce-3ea4dc4332ae"},"geometry":{"type":"Point","coordinates":[-50.866944,-15.961944]}},{"type":"Feature","properties":{"municipio":"93eda714-1738-4cdd-8e32-3db7b9fc6ee3","title":"GO - SENADOR CANEDO","name":"GO - SENADOR CANEDO","tipo":"Munic\u00edpio","url":"\/dashboard\/details-assets\/93eda714-1738-4cdd-8e32-3db7b9fc6ee3"},"geometry":{"type":"Point","coordinates":[-49.091111,-16.708056]}},{"type":"Feature","properties":{"municipio":"fb0da90b-58b0-4e41-8210-925ea0b89763","title":"GO - MORRINHOS","name":"GO - MORRINHOS","tipo":"Munic\u00edpio","url":"\/dashboard\/details-assets\/fb0da90b-58b0-4e41-8210-925ea0b89763"},"geometry":{"type":"Point","coordinates":[-49.100278,-17.731667]}},{"type":"Feature","properties":{"municipio":"7cdf3b80-aab9-433b-88dd-2595db26aeee","title":"GO - BELA VISTA DE GOIAS","name":"GO - BELA VISTA DE GOIAS","tipo":"Munic\u00edpio","url":"\/dashboard\/details-assets\/7cdf3b80-aab9-433b-88dd-2595db26aeee"},"geometry":{"type":"Point","coordinates":[-48.9550267,-16.9725565]}},{"type":"Feature","properties":{"municipio":"8ac5b713-0c5c-498e-914c-f473e981d244","title":"GO - PORANGATU","name":"GO - PORANGATU","tipo":"Munic\u00edpio","url":"\/dashboard\/details-assets\/8ac5b713-0c5c-498e-914c-f473e981d244"},"geometry":{"type":"Point","coordinates":[-49.1424295,-13.432847]}},{"type":"Feature","properties":{"municipio":"703ba849-28d6-472a-b85b-b81d98e2a624","title":"GO - SILVANIA","name":"GO - SILVANIA","tipo":"Munic\u00edpio","url":"\/dashboard\/details-assets\/703ba849-28d6-472a-b85b-b81d98e2a624"},"geometry":{"type":"Point","coordinates":[-48.6,-16.65]}},{"type":"Feature","properties":{"municipio":"bb61b220-4f2e-49fd-b4c8-07a35641e8d3","title":"GO - GOIANAPOLIS","name":"GO - GOIANAPOLIS","tipo":"Munic\u00edpio","url":"\/dashboard\/details-assets\/bb61b220-4f2e-49fd-b4c8-07a35641e8d3"},"geometry":{"type":"Point","coordinates":[-49.020278,-16.513056]}},{"type":"Feature","properties":{"municipio":"d0fe0b84-6c65-4c2c-af24-318abde90699","title":"GO - LUZIANIA","name":"GO - LUZIANIA","tipo":"Munic\u00edpio","url":"\/dashboard\/details-assets\/d0fe0b84-6c65-4c2c-af24-318abde90699"},"geometry":{"type":"Point","coordinates":[-47.9178219,-16.2514682]}},{"type":"Feature","properties":{"municipio":"31554fbe-44df-41dc-a499-ed1d611bc5d9","title":"GO - TRINDADE","name":"GO - TRINDADE","tipo":"Munic\u00edpio","url":"\/dashboard\/details-assets\/31554fbe-44df-41dc-a499-ed1d611bc5d9"},"geometry":{"type":"Point","coordinates":[-49.489167,-16.649722]}},{"type":"Feature","properties":{"municipio":"ed7e026c-8196-492f-9553-0d608ede1e13","title":"GO - ISRAELANDIA","name":"GO - ISRAELANDIA","tipo":"Munic\u00edpio","url":"\/dashboard\/details-assets\/ed7e026c-8196-492f-9553-0d608ede1e13"},"geometry":{"type":"Point","coordinates":[-51.018333,-16.326389]}},{"type":"Feature","properties":{"municipio":"bbbf4f62-5b64-4e73-9799-a0e173bf98d3","title":"GO - INDIARA","name":"GO - INDIARA","tipo":"Munic\u00edpio","url":"\/dashboard\/details-assets\/bbbf4f62-5b64-4e73-9799-a0e173bf98d3"},"geometry":{"type":"Point","coordinates":[-49.986667,-17.145556]}},{"type":"Feature","properties":{"municipio":"a1d56255-46ba-4685-a84a-82c5c205b585","title":"GO - PADRE BERNARDO","name":"GO - PADRE BERNARDO","tipo":"Munic\u00edpio","url":"\/dashboard\/details-assets\/a1d56255-46ba-4685-a84a-82c5c205b585"},"geometry":{"type":"Point","coordinates":[-48.283889,-15.353611]}},{"type":"Feature","properties":{"municipio":"f9de2b01-84a5-4d41-84d5-d676c160ddfb","title":"GO - MOZARLANDIA","name":"GO - MOZARLANDIA","tipo":"Munic\u00edpio","url":"\/dashboard\/details-assets\/f9de2b01-84a5-4d41-84d5-d676c160ddfb"},"geometry":{"type":"Point","coordinates":[-50.570556,-14.744722]}},{"type":"Feature","properties":{"municipio":"c81fe261-a11a-4bae-a5bc-862efeac7d9e","title":"GO - ITUMBIARA","name":"GO - ITUMBIARA","tipo":"Munic\u00edpio","url":"\/dashboard\/details-assets\/c81fe261-a11a-4bae-a5bc-862efeac7d9e"},"geometry":{"type":"Point","coordinates":[-49.2162908,-18.4097245]}},{"type":"Feature","properties":{"municipio":"8af688ad-00b5-40d4-87c3-6a8c5af2e311","title":"GO - RIO VERDE","name":"GO - RIO VERDE","tipo":"Munic\u00edpio","url":"\/dashboard\/details-assets\/8af688ad-00b5-40d4-87c3-6a8c5af2e311"},"geometry":{"type":"Point","coordinates":[-50.925556,-17.796389]}},{"type":"Feature","properties":{"municipio":"e4d83c6e-6400-4f5e-bf4f-ba6c2f5d7ffe","title":"GO - ITAPURANGA","name":"GO - ITAPURANGA","tipo":"Munic\u00edpio","url":"\/dashboard\/details-assets\/e4d83c6e-6400-4f5e-bf4f-ba6c2f5d7ffe"},"geometry":{"type":"Point","coordinates":[-49.950556,-15.560833]}},{"type":"Feature","properties":{"municipio":"1c1bb299-e801-4646-adb1-2ef2d62d84dd","title":"GO - CALDAS NOVAS","name":"GO - CALDAS NOVAS","tipo":"Munic\u00edpio","url":"\/dashboard\/details-assets\/1c1bb299-e801-4646-adb1-2ef2d62d84dd"},"geometry":{"type":"Point","coordinates":[-48.625833,-17.744444]}},{"type":"Feature","properties":{"municipio":"050275e1-03d7-438d-bb5a-32b9c4595f1c","title":"GO - GOIANIA","name":"GO - GOIANIA","tipo":"Munic\u00edpio","url":"\/dashboard\/details-assets\/050275e1-03d7-438d-bb5a-32b9c4595f1c"},"geometry":{"type":"Point","coordinates":[-49.2558142758158,-16.6733097733198]}},{"type":"Feature","properties":{"municipio":"123ef410-8f16-431c-8061-0fdf4669cc42","title":"GO - SANCLERLANDIA","name":"GO - SANCLERLANDIA","tipo":"Munic\u00edpio","url":"\/dashboard\/details-assets\/123ef410-8f16-431c-8061-0fdf4669cc42"},"geometry":{"type":"Point","coordinates":[-50.315556,-16.196944]}},{"type":"Feature","properties":{"municipio":"edc259ee-49c8-4412-9960-0fab8f4773aa","title":"GO - AGUAS LINDAS DE GOIAS","name":"GO - AGUAS LINDAS DE GOIAS","tipo":"Munic\u00edpio","url":"\/dashboard\/details-assets\/edc259ee-49c8-4412-9960-0fab8f4773aa"},"geometry":{"type":"Point","coordinates":[-48.2834444362151,-15.73793885579]}},{"type":"Feature","properties":{"municipio":"7a40e408-1c1f-42c7-9de1-8cfd34b39bcc","title":"GO - CAMPOS BELOS","name":"GO - CAMPOS BELOS","tipo":"Munic\u00edpio","url":"\/dashboard\/details-assets\/7a40e408-1c1f-42c7-9de1-8cfd34b39bcc"},"geometry":{"type":"Point","coordinates":[-46.77,-13.03]}},{"type":"Feature","properties":{"municipio":"a81c3295-db9f-4794-afa2-a3d682e15824","title":"GO - ANAPOLIS","name":"GO - ANAPOLIS","tipo":"Munic\u00edpio","url":"\/dashboard\/details-assets\/a81c3295-db9f-4794-afa2-a3d682e15824"},"geometry":{"type":"Point","coordinates":[-48.953403,-16.328546]}},{"type":"Feature","properties":{"municipio":"6350b7e9-3b45-45df-882e-6555e8d51791","title":"GO - GOIANESIA","name":"GO - GOIANESIA","tipo":"Munic\u00edpio","url":"\/dashboard\/details-assets\/6350b7e9-3b45-45df-882e-6555e8d51791"},"geometry":{"type":"Point","coordinates":[-49.1158101507744,-15.3222887520069]}},{"type":"Feature","properties":{"municipio":"fe0ddce2-6dad-46c9-8c78-40e19cd8e035","title":"GO - SAO LUIS DE MONTES BELOS","name":"GO - SAO LUIS DE MONTES BELOS","tipo":"Munic\u00edpio","url":"\/dashboard\/details-assets\/fe0ddce2-6dad-46c9-8c78-40e19cd8e035"},"geometry":{"type":"Point","coordinates":[-50.3730843,-16.521513]}},{"type":"Feature","properties":{"municipio":"5afa249d-6081-435a-8074-309c6b54bf6d","title":"GO - FORMOSA","name":"GO - FORMOSA","tipo":"Munic\u00edpio","url":"\/dashboard\/details-assets\/5afa249d-6081-435a-8074-309c6b54bf6d"},"geometry":{"type":"Point","coordinates":[-47.3374297,-15.5404411]}},{"type":"Feature","properties":{"municipio":"42e85764-e03f-4598-ba90-4e90b9918719","title":"ES - SAO DOMINGOS DO NORTE","name":"ES - SAO DOMINGOS DO NORTE","tipo":"Munic\u00edpio","url":"\/dashboard\/details-assets\/42e85764-e03f-4598-ba90-4e90b9918719"},"geometry":{"type":"Point","coordinates":[-40.5737316,-19.0940049]}},{"type":"Feature","properties":{"municipio":"f355da86-0450-459c-b790-144ab2c297f8","title":"ES - ARACRUZ","name":"ES - ARACRUZ","tipo":"Munic\u00edpio","url":"\/dashboard\/details-assets\/f355da86-0450-459c-b790-144ab2c297f8"},"geometry":{"type":"Point","coordinates":[-40.2762233763624,-19.8232777398441]}},{"type":"Feature","properties":{"municipio":"7384de85-9bc7-4618-b2a4-f1545b49c4df","title":"ES - GUARAPARI","name":"ES - GUARAPARI","tipo":"Munic\u00edpio","url":"\/dashboard\/details-assets\/7384de85-9bc7-4618-b2a4-f1545b49c4df"},"geometry":{"type":"Point","coordinates":[-40.4950210194579,-20.6659745790205]}},{"type":"Feature","properties":{"municipio":"8eab1259-85b1-4730-8aa6-b42a9882a72d","title":"ES - MARATAIZES","name":"ES - MARATAIZES","tipo":"Munic\u00edpio","url":"\/dashboard\/details-assets\/8eab1259-85b1-4730-8aa6-b42a9882a72d"},"geometry":{"type":"Point","coordinates":[-40.8301872856744,-21.0429962746583]}},{"type":"Feature","properties":{"municipio":"1e2cfa99-d362-4436-bed1-493786af153e","title":"ES - SERRA","name":"ES - SERRA","tipo":"Munic\u00edpio","url":"\/dashboard\/details-assets\/1e2cfa99-d362-4436-bed1-493786af153e"},"geometry":{"type":"Point","coordinates":[-40.2752170367085,-20.1567698418207]}},{"type":"Feature","properties":{"municipio":"8d96c53b-42fb-412a-a1b5-dcc0ec470b89","title":"ES - LINHARES","name":"ES - LINHARES","tipo":"Munic\u00edpio","url":"\/dashboard\/details-assets\/8d96c53b-42fb-412a-a1b5-dcc0ec470b89"},"geometry":{"type":"Point","coordinates":[-40.0653057986955,-19.3981059338732]}},{"type":"Feature","properties":{"municipio":"10dedb95-ff5f-416d-aa60-4c3c4a8509e4","title":"ES - VIANA","name":"ES - VIANA","tipo":"Munic\u00edpio","url":"\/dashboard\/details-assets\/10dedb95-ff5f-416d-aa60-4c3c4a8509e4"},"geometry":{"type":"Point","coordinates":[-40.4956243354911,-20.3908625105493]}},{"type":"Feature","properties":{"municipio":"74ab13a9-92ab-4d39-b414-1062218c3ecb","title":"ES - BARRA DE SAO FRANCISCO","name":"ES - BARRA DE SAO FRANCISCO","tipo":"Munic\u00edpio","url":"\/dashboard\/details-assets\/74ab13a9-92ab-4d39-b414-1062218c3ecb"},"geometry":{"type":"Point","coordinates":[-40.89039862396,-18.7590890527561]}},{"type":"Feature","properties":{"municipio":"295ba196-1049-4f10-848a-02d0db47b0c6","title":"ES - VILA VELHA","name":"ES - VILA VELHA","tipo":"Munic\u00edpio","url":"\/dashboard\/details-assets\/295ba196-1049-4f10-848a-02d0db47b0c6"},"geometry":{"type":"Point","coordinates":[-40.2939566369471,-20.3383741035983]}},{"type":"Feature","properties":{"municipio":"9df566e4-7cfa-4e79-8c85-bdf0d9e67ad3","title":"ES - COLATINA","name":"ES - COLATINA","tipo":"Munic\u00edpio","url":"\/dashboard\/details-assets\/9df566e4-7cfa-4e79-8c85-bdf0d9e67ad3"},"geometry":{"type":"Point","coordinates":[-40.6303175540319,-19.5362700830264]}},{"type":"Feature","properties":{"municipio":"fd431050-2718-4dea-910b-8755e9655a70","title":"ES - CACHOEIRO DE ITAPEMIRIM","name":"ES - CACHOEIRO DE ITAPEMIRIM","tipo":"Munic\u00edpio","url":"\/dashboard\/details-assets\/fd431050-2718-4dea-910b-8755e9655a70"},"geometry":{"type":"Point","coordinates":[-41.1119188104426,-20.8501123490638]}},{"type":"Feature","properties":{"municipio":"4b3651cb-df63-48b7-ac8b-14e9b83c19b8","title":"ES - CARIACICA","name":"ES - CARIACICA","tipo":"Munic\u00edpio","url":"\/dashboard\/details-assets\/4b3651cb-df63-48b7-ac8b-14e9b83c19b8"},"geometry":{"type":"Point","coordinates":[-40.3905591046775,-20.2946777959027]}},{"type":"Feature","properties":{"municipio":"9629cb50-1fcf-4186-91ed-6b87a508080c","title":"ES - SAO MATEUS","name":"ES - SAO MATEUS","tipo":"Munic\u00edpio","url":"\/dashboard\/details-assets\/9629cb50-1fcf-4186-91ed-6b87a508080c"},"geometry":{"type":"Point","coordinates":[-39.856734,-18.7190705]}},{"type":"Feature","properties":{"municipio":"eebdac9c-75d5-40f8-b456-55bcc57f0d6c","title":"DF - BRASILIA","name":"DF - BRASILIA","tipo":"Munic\u00edpio","url":"\/dashboard\/details-assets\/eebdac9c-75d5-40f8-b456-55bcc57f0d6c"},"geometry":{"type":"Point","coordinates":[-47.8821658,-15.7942287]}},{"type":"Feature","properties":{"municipio":"867f537e-8c42-43cc-ae3b-6e69c1fcff73","title":"CE - MARACANAU","name":"CE - MARACANAU","tipo":"Munic\u00edpio","url":"\/dashboard\/details-assets\/867f537e-8c42-43cc-ae3b-6e69c1fcff73"},"geometry":{"type":"Point","coordinates":[-38.6244186465865,-3.87696445089289]}},{"type":"Feature","properties":{"municipio":"381e5b7c-bf1f-4852-8831-d56a278f5062","title":"CE - BARBALHA","name":"CE - BARBALHA","tipo":"Munic\u00edpio","url":"\/dashboard\/details-assets\/381e5b7c-bf1f-4852-8831-d56a278f5062"},"geometry":{"type":"Point","coordinates":[-39.3023163692257,-7.3071721266743]}},{"type":"Feature","properties":{"municipio":"6875d3f5-a132-43b9-a8a3-2f1f6dd0e9e0","title":"CE - PACATUBA","name":"CE - PACATUBA","tipo":"Munic\u00edpio","url":"\/dashboard\/details-assets\/6875d3f5-a132-43b9-a8a3-2f1f6dd0e9e0"},"geometry":{"type":"Point","coordinates":[-36.6479863948283,-10.4498997625924]}},{"type":"Feature","properties":{"municipio":"b6a227cd-a26d-4092-a1b0-31fd9f75e5b6","title":"CE - CRATO","name":"CE - CRATO","tipo":"Munic\u00edpio","url":"\/dashboard\/details-assets\/b6a227cd-a26d-4092-a1b0-31fd9f75e5b6"},"geometry":{"type":"Point","coordinates":[-39.4083902977886,-7.23175278969449]}},{"type":"Feature","properties":{"municipio":"7b910590-212d-4bb2-aeec-0e7f63d9e643","title":"CE - CEDRO","name":"CE - CEDRO","tipo":"Munic\u00edpio","url":"\/dashboard\/details-assets\/7b910590-212d-4bb2-aeec-0e7f63d9e643"},"geometry":{"type":"Point","coordinates":[-39.06,-6.6]}},{"type":"Feature","properties":{"municipio":"27663319-cc64-47ff-bd00-2415659330d8","title":"CE - FORTIM","name":"CE - FORTIM","tipo":"Munic\u00edpio","url":"\/dashboard\/details-assets\/27663319-cc64-47ff-bd00-2415659330d8"},"geometry":{"type":"Point","coordinates":[-37.7984447,-4.4508709]}},{"type":"Feature","properties":{"municipio":"a89dc8fd-f387-4ea4-aba1-6f307568822e","title":"CE - ICO","name":"CE - ICO","tipo":"Munic\u00edpio","url":"\/dashboard\/details-assets\/a89dc8fd-f387-4ea4-aba1-6f307568822e"},"geometry":{"type":"Point","coordinates":[-38.8630851788798,-6.40303125172099]}},{"type":"Feature","properties":{"municipio":"d1da73a9-2b8b-4e23-91e0-fadb6e33de0e","title":"CE - IGUATU","name":"CE - IGUATU","tipo":"Munic\u00edpio","url":"\/dashboard\/details-assets\/d1da73a9-2b8b-4e23-91e0-fadb6e33de0e"},"geometry":{"type":"Point","coordinates":[-39.298059,-6.3587958]}},{"type":"Feature","properties":{"municipio":"8ac054f5-3249-4b6d-b013-3a5fa3fd4576","title":"CE - AQUIRAZ","name":"CE - AQUIRAZ","tipo":"Munic\u00edpio","url":"\/dashboard\/details-assets\/8ac054f5-3249-4b6d-b013-3a5fa3fd4576"},"geometry":{"type":"Point","coordinates":[-38.3898029588509,-3.90619449987157]}},{"type":"Feature","properties":{"municipio":"0933b1cd-21c2-4a36-ba70-9cbc7a278c2c","title":"CE - CAUCAIA","name":"CE - CAUCAIA","tipo":"Munic\u00edpio","url":"\/dashboard\/details-assets\/0933b1cd-21c2-4a36-ba70-9cbc7a278c2c"},"geometry":{"type":"Point","coordinates":[-38.9132305,-3.6824047]}},{"type":"Feature","properties":{"municipio":"80562cf5-16f4-411a-b52b-d4868863f875","title":"CE - CRATEUS","name":"CE - CRATEUS","tipo":"Munic\u00edpio","url":"\/dashboard\/details-assets\/80562cf5-16f4-411a-b52b-d4868863f875"},"geometry":{"type":"Point","coordinates":[-40.6695522,-5.178204]}},{"type":"Feature","properties":{"municipio":"1306caa2-3543-4701-9697-3339f575cac6","title":"CE - SOBRAL","name":"CE - SOBRAL","tipo":"Munic\u00edpio","url":"\/dashboard\/details-assets\/1306caa2-3543-4701-9697-3339f575cac6"},"geometry":{"type":"Point","coordinates":[-40.3486680336582,-3.68803768364313]}},{"type":"Feature","properties":{"municipio":"e4ffdefb-bed7-4489-9841-6340e9dfc6b6","title":"CE - ITAITINGA","name":"CE - ITAITINGA","tipo":"Munic\u00edpio","url":"\/dashboard\/details-assets\/e4ffdefb-bed7-4489-9841-6340e9dfc6b6"},"geometry":{"type":"Point","coordinates":[-38.5264051494908,-3.97045901617492]}},{"type":"Feature","properties":{"municipio":"b38d86d2-8cd7-49a0-9d84-45ea0ac850f6","title":"CE - TIANGUA","name":"CE - TIANGUA","tipo":"Munic\u00edpio","url":"\/dashboard\/details-assets\/b38d86d2-8cd7-49a0-9d84-45ea0ac850f6"},"geometry":{"type":"Point","coordinates":[-40.991111,-3.731667]}},{"type":"Feature","properties":{"municipio":"a4f120aa-b814-4d74-87e0-661bedca8b0f","title":"CE - JUAZEIRO DO NORTE","name":"CE - JUAZEIRO DO NORTE","tipo":"Munic\u00edpio","url":"\/dashboard\/details-assets\/a4f120aa-b814-4d74-87e0-661bedca8b0f"},"geometry":{"type":"Point","coordinates":[-39.3169933556143,-7.21076599976472]}},{"type":"Feature","properties":{"municipio":"19646c97-054c-45a8-b89e-e91cc5a1936c","title":"CE - FORTALEZA","name":"CE - FORTALEZA","tipo":"Munic\u00edpio","url":"\/dashboard\/details-assets\/19646c97-054c-45a8-b89e-e91cc5a1936c"},"geometry":{"type":"Point","coordinates":[-38.5899275550432,-3.72380503487754]}},{"type":"Feature","properties":{"municipio":"8b894b79-d4d4-40b9-9341-d51204090c05","title":"BA - CAMACARI","name":"BA - CAMACARI","tipo":"Munic\u00edpio","url":"\/dashboard\/details-assets\/8b894b79-d4d4-40b9-9341-d51204090c05"},"geometry":{"type":"Point","coordinates":[-38.324167,-12.697778]}},{"type":"Feature","properties":{"municipio":"4c3904ad-1310-44be-9b5e-81988a32b451","title":"BA - IRECE","name":"BA - IRECE","tipo":"Munic\u00edpio","url":"\/dashboard\/details-assets\/4c3904ad-1310-44be-9b5e-81988a32b451"},"geometry":{"type":"Point","coordinates":[-41.855833,-11.304167]}},{"type":"Feature","properties":{"municipio":"d000cb04-d25c-458c-a6a1-26e341306162","title":"BA - CAETITE","name":"BA - CAETITE","tipo":"Munic\u00edpio","url":"\/dashboard\/details-assets\/d000cb04-d25c-458c-a6a1-26e341306162"},"geometry":{"type":"Point","coordinates":[-42.48,-14.068333]}},{"type":"Feature","properties":{"municipio":"8d8b0773-f448-4475-a236-bad0adabe965","title":"BA - TEIXEIRA DE FREITAS","name":"BA - TEIXEIRA DE FREITAS","tipo":"Munic\u00edpio","url":"\/dashboard\/details-assets\/8d8b0773-f448-4475-a236-bad0adabe965"},"geometry":{"type":"Point","coordinates":[-39.7445176868085,-17.5377498811383]}},{"type":"Feature","properties":{"municipio":"9409d007-6a38-4cf2-95d0-91e1af0dd448","title":"BA - LAURO DE FREITAS","name":"BA - LAURO DE FREITAS","tipo":"Munic\u00edpio","url":"\/dashboard\/details-assets\/9409d007-6a38-4cf2-95d0-91e1af0dd448"},"geometry":{"type":"Point","coordinates":[-38.3234616102514,-12.8967176085135]}},{"type":"Feature","properties":{"municipio":"b595e65a-f33c-448d-9e7e-faa7568b320f","title":"BA - EUNAPOLIS","name":"BA - EUNAPOLIS","tipo":"Munic\u00edpio","url":"\/dashboard\/details-assets\/b595e65a-f33c-448d-9e7e-faa7568b320f"},"geometry":{"type":"Point","coordinates":[-39.5841719409864,-16.3751672317454]}},{"type":"Feature","properties":{"municipio":"7e728373-1a68-4847-8ee1-af989d53655a","title":"BA - JEQUIE","name":"BA - JEQUIE","tipo":"Munic\u00edpio","url":"\/dashboard\/details-assets\/7e728373-1a68-4847-8ee1-af989d53655a"},"geometry":{"type":"Point","coordinates":[-40.0886073274763,-13.8556640072248]}},{"type":"Feature","properties":{"municipio":"f57c83db-8af5-4a38-8071-755103ed282b","title":"BA - ITABUNA","name":"BA - ITABUNA","tipo":"Munic\u00edpio","url":"\/dashboard\/details-assets\/f57c83db-8af5-4a38-8071-755103ed282b"},"geometry":{"type":"Point","coordinates":[-39.2731089520081,-14.7890395481367]}},{"type":"Feature","properties":{"municipio":"0f0d1780-d263-4ecb-9ced-2a236ff29c12","title":"BA - FEIRA DE SANTANA","name":"BA - FEIRA DE SANTANA","tipo":"Munic\u00edpio","url":"\/dashboard\/details-assets\/0f0d1780-d263-4ecb-9ced-2a236ff29c12"},"geometry":{"type":"Point","coordinates":[-38.9600330963214,-12.2292842520889]}},{"type":"Feature","properties":{"municipio":"afd41691-f67e-4fca-9da2-fef8a0fe82c8","title":"BA - ILHEUS","name":"BA - ILHEUS","tipo":"Munic\u00edpio","url":"\/dashboard\/details-assets\/afd41691-f67e-4fca-9da2-fef8a0fe82c8"},"geometry":{"type":"Point","coordinates":[-39.0431842869426,-14.7933202692588]}},{"type":"Feature","properties":{"municipio":"bf0bffec-5e68-4775-aaef-426e96b1a189","title":"BA - PAULO AFONSO","name":"BA - PAULO AFONSO","tipo":"Munic\u00edpio","url":"\/dashboard\/details-assets\/bf0bffec-5e68-4775-aaef-426e96b1a189"},"geometry":{"type":"Point","coordinates":[-38.221944,-9.407778]}},{"type":"Feature","properties":{"municipio":"4776d3c0-aee5-411b-a979-2a15e65e1564","title":"BA - VALENCA","name":"BA - VALENCA","tipo":"Munic\u00edpio","url":"\/dashboard\/details-assets\/4776d3c0-aee5-411b-a979-2a15e65e1564"},"geometry":{"type":"Point","coordinates":[-39.072909,-13.3708767]}},{"type":"Feature","properties":{"municipio":"8911bfa6-83d6-425c-8f6b-be68801ff355","title":"BA - SERRINHA","name":"BA - SERRINHA","tipo":"Munic\u00edpio","url":"\/dashboard\/details-assets\/8911bfa6-83d6-425c-8f6b-be68801ff355"},"geometry":{"type":"Point","coordinates":[-39.0081326287559,-11.6595317239904]}},{"type":"Feature","properties":{"municipio":"4633a2f8-1c7a-40c8-b157-3097c86ef8df","title":"BA - VITORIA DA CONQUISTA","name":"BA - VITORIA DA CONQUISTA","tipo":"Munic\u00edpio","url":"\/dashboard\/details-assets\/4633a2f8-1c7a-40c8-b157-3097c86ef8df"},"geometry":{"type":"Point","coordinates":[-40.8398095371781,-14.8480048111177]}},{"type":"Feature","properties":{"municipio":"eaffa704-c72c-4fd3-932a-55625ee40559","title":"BA - BARREIRAS","name":"BA - BARREIRAS","tipo":"Munic\u00edpio","url":"\/dashboard\/details-assets\/eaffa704-c72c-4fd3-932a-55625ee40559"},"geometry":{"type":"Point","coordinates":[-44.99,-12.15]}},{"type":"Feature","properties":{"municipio":"908e0c6c-e8b8-427b-8a55-ef01e7d51cdf","title":"BA - JUAZEIRO","name":"BA - JUAZEIRO","tipo":"Munic\u00edpio","url":"\/dashboard\/details-assets\/908e0c6c-e8b8-427b-8a55-ef01e7d51cdf"},"geometry":{"type":"Point","coordinates":[-40.5035521594434,-9.41071709592309]}},{"type":"Feature","properties":{"municipio":"76c029c2-32a4-48c2-a4d2-c98fed987aea","title":"BA - SIMOES FILHO","name":"BA - SIMOES FILHO","tipo":"Munic\u00edpio","url":"\/dashboard\/details-assets\/76c029c2-32a4-48c2-a4d2-c98fed987aea"},"geometry":{"type":"Point","coordinates":[-38.4115191932451,-12.7839414829601]}},{"type":"Feature","properties":{"municipio":"c3cd6dd1-8bec-4006-9356-7d929fac8d1f","title":"BA - SALVADOR","name":"BA - SALVADOR","tipo":"Munic\u00edpio","url":"\/dashboard\/details-assets\/c3cd6dd1-8bec-4006-9356-7d929fac8d1f"},"geometry":{"type":"Point","coordinates":[-38.4894342910156,-12.9906865792986]}},{"type":"Feature","properties":{"municipio":"f8ffb230-cc87-4e22-b075-632a116f1e85","title":"AP - MACAPA","name":"AP - MACAPA","tipo":"Munic\u00edpio","url":"\/dashboard\/details-assets\/f8ffb230-cc87-4e22-b075-632a116f1e85"},"geometry":{"type":"Point","coordinates":[-51.057405457036,0.0389510099987162]}},{"type":"Feature","properties":{"municipio":"9eb9aa5e-aac1-4881-9b04-8510927aadcf","title":"AM - PARINTINS","name":"AM - PARINTINS","tipo":"Munic\u00edpio","url":"\/dashboard\/details-assets\/9eb9aa5e-aac1-4881-9b04-8510927aadcf"},"geometry":{"type":"Point","coordinates":[-56.7362921451951,-2.62705258575071]}},{"type":"Feature","properties":{"municipio":"67b13745-3f2f-4b9e-a026-926c0dda3d79","title":"AM - TABATINGA","name":"AM - TABATINGA","tipo":"Munic\u00edpio","url":"\/dashboard\/details-assets\/67b13745-3f2f-4b9e-a026-926c0dda3d79"},"geometry":{"type":"Point","coordinates":[-69.9462443752272,-4.23188367550759]}},{"type":"Feature","properties":{"municipio":"6f0a7596-fe62-4644-b2d1-926da083ce7d","title":"AM - MAUES","name":"AM - MAUES","tipo":"Munic\u00edpio","url":"\/dashboard\/details-assets\/6f0a7596-fe62-4644-b2d1-926da083ce7d"},"geometry":{"type":"Point","coordinates":[-57.7150343867525,-3.38642792609963]}},{"type":"Feature","properties":{"municipio":"ab98a791-4bfa-4e01-bebb-54e8284fad4c","title":"AM - TEFE","name":"AM - TEFE","tipo":"Munic\u00edpio","url":"\/dashboard\/details-assets\/ab98a791-4bfa-4e01-bebb-54e8284fad4c"},"geometry":{"type":"Point","coordinates":[-64.71,-3.35]}},{"type":"Feature","properties":{"municipio":"2f026186-16c0-46d7-89fe-85d25b223f91","title":"AM - COARI","name":"AM - COARI","tipo":"Munic\u00edpio","url":"\/dashboard\/details-assets\/2f026186-16c0-46d7-89fe-85d25b223f91"},"geometry":{"type":"Point","coordinates":[-63.14,-4.08]}},{"type":"Feature","properties":{"municipio":"32b8c8cf-60c9-4d45-9bc8-bdf3a5b5c165","title":"AM - ITACOATIARA","name":"AM - ITACOATIARA","tipo":"Munic\u00edpio","url":"\/dashboard\/details-assets\/32b8c8cf-60c9-4d45-9bc8-bdf3a5b5c165"},"geometry":{"type":"Point","coordinates":[-58.4401754367572,-3.14037880381298]}},{"type":"Feature","properties":{"municipio":"20a02fd3-0cc6-4cf5-b247-8d7e19c89cd6","title":"AM - HUMAITA","name":"AM - HUMAITA","tipo":"Munic\u00edpio","url":"\/dashboard\/details-assets\/20a02fd3-0cc6-4cf5-b247-8d7e19c89cd6"},"geometry":{"type":"Point","coordinates":[-63.02,-7.5]}},{"type":"Feature","properties":{"municipio":"254c8928-b52b-4c5a-93fd-6452f1a109ed","title":"AM - MANACAPURU","name":"AM - MANACAPURU","tipo":"Munic\u00edpio","url":"\/dashboard\/details-assets\/254c8928-b52b-4c5a-93fd-6452f1a109ed"},"geometry":{"type":"Point","coordinates":[-60.620556,-3.299722]}},{"type":"Feature","properties":{"municipio":"9db0d2ec-75b4-4d7f-841a-cd49e1ff1015","title":"AM - MANAUS","name":"AM - MANAUS","tipo":"Munic\u00edpio","url":"\/dashboard\/details-assets\/9db0d2ec-75b4-4d7f-841a-cd49e1ff1015"},"geometry":{"type":"Point","coordinates":[-60.023335181061,-3.13469149109877]}},{"type":"Feature","properties":{"municipio":"cf0045cf-5e3a-4f1b-8da5-3e520f2a5f10","title":"AL - PILAR","name":"AL - PILAR","tipo":"Munic\u00edpio","url":"\/dashboard\/details-assets\/cf0045cf-5e3a-4f1b-8da5-3e520f2a5f10"},"geometry":{"type":"Point","coordinates":[-35.956667,-9.597222]}},{"type":"Feature","properties":{"municipio":"598ac4bc-17a1-49b3-b963-6cac132fc5d9","title":"AL - GIRAU DO PONCIANO","name":"AL - GIRAU DO PONCIANO","tipo":"Munic\u00edpio","url":"\/dashboard\/details-assets\/598ac4bc-17a1-49b3-b963-6cac132fc5d9"},"geometry":{"type":"Point","coordinates":[-36.8303139029901,-9.88736415183859]}},{"type":"Feature","properties":{"municipio":"69665cb0-aab0-4fa9-9f0a-1c9f4f4ca146","title":"AL - RIO LARGO","name":"AL - RIO LARGO","tipo":"Munic\u00edpio","url":"\/dashboard\/details-assets\/69665cb0-aab0-4fa9-9f0a-1c9f4f4ca146"},"geometry":{"type":"Point","coordinates":[-35.8390322748047,-9.4737469028904]}},{"type":"Feature","properties":{"municipio":"3d2e6267-5e99-45ff-aee8-f02b0da7433e","title":"AC - FEIJO","name":"AC - FEIJO","tipo":"Munic\u00edpio","url":"\/dashboard\/details-assets\/3d2e6267-5e99-45ff-aee8-f02b0da7433e"},"geometry":{"type":"Point","coordinates":[-70.3539836082165,-8.16024752973451]}},{"type":"Feature","properties":{"municipio":"b31152b4-51a6-4c8f-8aac-74eb21ce90bc","title":"AL - MACEIO","name":"AL - MACEIO","tipo":"Munic\u00edpio","url":"\/dashboard\/details-assets\/b31152b4-51a6-4c8f-8aac-74eb21ce90bc"},"geometry":{"type":"Point","coordinates":[-35.7016299134895,-9.66082215131856]}},{"type":"Feature","properties":{"municipio":"6a801a71-a99b-45b8-9a12-290da615311f","title":"AC - TARAUACA","name":"AC - TARAUACA","tipo":"Munic\u00edpio","url":"\/dashboard\/details-assets\/6a801a71-a99b-45b8-9a12-290da615311f"},"geometry":{"type":"Point","coordinates":[-70.76,-8.16]}},{"type":"Feature","properties":{"municipio":"597bf17d-2bda-4192-b001-a4c8847182f3","title":"AC - BRASILEIA","name":"AC - BRASILEIA","tipo":"Munic\u00edpio","url":"\/dashboard\/details-assets\/597bf17d-2bda-4192-b001-a4c8847182f3"},"geometry":{"type":"Point","coordinates":[-68.749167,-11.051389]}},{"type":"Feature","properties":{"municipio":"cbe85de5-b0a5-4661-ba34-10486270dcfa","title":"AC - SENA MADUREIRA","name":"AC - SENA MADUREIRA","tipo":"Munic\u00edpio","url":"\/dashboard\/details-assets\/cbe85de5-b0a5-4661-ba34-10486270dcfa"},"geometry":{"type":"Point","coordinates":[-68.655684061692,-9.06533950470602]}},{"type":"Feature","properties":{"municipio":"70c6b1da-c736-42ed-81fd-c8219be03e0b","title":"AC - CRUZEIRO DO SUL","name":"AC - CRUZEIRO DO SUL","tipo":"Munic\u00edpio","url":"\/dashboard\/details-assets\/70c6b1da-c736-42ed-81fd-c8219be03e0b"},"geometry":{"type":"Point","coordinates":[-72.6725313174358,-7.63069000476114]}},{"type":"Feature","properties":{"municipio":"e8624847-5da1-4d97-ae27-13e858d0d14d","title":"AC - RIO BRANCO","name":"AC - RIO BRANCO","tipo":"Munic\u00edpio","url":"\/dashboard\/details-assets\/e8624847-5da1-4d97-ae27-13e858d0d14d"},"geometry":{"type":"Point","coordinates":[-67.8298530625,-9.97343719016406]}},{"type":"Feature","properties":{"municipio":"6b4f674f-20a5-4087-9c86-d909c995605a","title":"AC - SENADOR GUIOMARD","name":"AC - SENADOR GUIOMARD","tipo":"Munic\u00edpio","url":"\/dashboard\/details-assets\/6b4f674f-20a5-4087-9c86-d909c995605a"},"geometry":{"type":"Point","coordinates":[-67.73,-10.15]}}]}