{"type":"FeatureCollection","features":[{"type":"Feature","properties":{"municipio":"4879dd11-ef98-44fd-9c30-5c90d6c83ed9","title":"SP - VOTUPORANGA","tipo":"Cebraspe","url":"\/dashboard\/details-assets\/4879dd11-ef98-44fd-9c30-5c90d6c83ed9"},"geometry":{"type":"Point","coordinates":[-49.9781,-20.4237]}},{"type":"Feature","properties":{"municipio":"19b09d6d-1c2e-4275-bcb8-91210f92ea13","title":"SP - TIETE","tipo":"Cebraspe","url":"\/dashboard\/details-assets\/19b09d6d-1c2e-4275-bcb8-91210f92ea13"},"geometry":{"type":"Point","coordinates":[-47.7164,-23.1101]}},{"type":"Feature","properties":{"municipio":"f0de3ef2-758f-45f7-89d4-dfce617ffb07","title":"SP - TABOAO DA SERRA","tipo":"Cebraspe","url":"\/dashboard\/details-assets\/f0de3ef2-758f-45f7-89d4-dfce617ffb07"},"geometry":{"type":"Point","coordinates":[-46.7526,-23.6019]}},{"type":"Feature","properties":{"municipio":"ebd9aa7b-1c61-4d3f-b876-fa8193d58cd3","title":"SP - TATUI","tipo":"Cebraspe","url":"\/dashboard\/details-assets\/ebd9aa7b-1c61-4d3f-b876-fa8193d58cd3"},"geometry":{"type":"Point","coordinates":[-47.8461,-23.3487]}},{"type":"Feature","properties":{"municipio":"2b1e7aa6-29c4-4ab8-bb28-c6e8c9f9eddb","title":"SP - SAO MANUEL","tipo":"Cebraspe","url":"\/dashboard\/details-assets\/2b1e7aa6-29c4-4ab8-bb28-c6e8c9f9eddb"},"geometry":{"type":"Point","coordinates":[-48.5723,-22.7321]}},{"type":"Feature","properties":{"municipio":"32d916ab-9b61-4585-8715-e2a41ccca9e6","title":"SP - SAO CARLOS","tipo":"Cebraspe","url":"\/dashboard\/details-assets\/32d916ab-9b61-4585-8715-e2a41ccca9e6"},"geometry":{"type":"Point","coordinates":[-47.886,-22.0174]}},{"type":"Feature","properties":{"municipio":"e8ae7d6a-25c7-4c07-8c87-b78d54f94842","title":"SP - SAO CAETANO DO SUL","tipo":"Cebraspe","url":"\/dashboard\/details-assets\/e8ae7d6a-25c7-4c07-8c87-b78d54f94842"},"geometry":{"type":"Point","coordinates":[-46.5548,-23.6229]}},{"type":"Feature","properties":{"municipio":"026e4968-66ee-4ec9-922f-ee81247c736b","title":"SP - SANTOS","tipo":"Cebraspe","url":"\/dashboard\/details-assets\/026e4968-66ee-4ec9-922f-ee81247c736b"},"geometry":{"type":"Point","coordinates":[-46.335,-23.9535]}},{"type":"Feature","properties":{"municipio":"97943193-0d98-4562-bda8-7e906f0d18fd","title":"SP - RIO GRANDE DA SERRA","tipo":"Cebraspe","url":"\/dashboard\/details-assets\/97943193-0d98-4562-bda8-7e906f0d18fd"},"geometry":{"type":"Point","coordinates":[-46.3971,-23.7437]}},{"type":"Feature","properties":{"municipio":"6312e32b-f9f8-47ed-b447-de5a07a0e5a1","title":"SP - RIBEIRAO PIRES","tipo":"Cebraspe","url":"\/dashboard\/details-assets\/6312e32b-f9f8-47ed-b447-de5a07a0e5a1"},"geometry":{"type":"Point","coordinates":[-46.4058,-23.7067]}},{"type":"Feature","properties":{"municipio":"70b57ea4-c9c0-43f0-8a22-879499f0e304","title":"SP - GUARATINGUETA","tipo":"Cebraspe","url":"\/dashboard\/details-assets\/70b57ea4-c9c0-43f0-8a22-879499f0e304"},"geometry":{"type":"Point","coordinates":[-45.1938,-22.8075]}},{"type":"Feature","properties":{"municipio":"cb54b208-d4f0-4983-af91-7132f2feeed0","title":"SP - FERNANDOPOLIS","tipo":"Cebraspe","url":"\/dashboard\/details-assets\/cb54b208-d4f0-4983-af91-7132f2feeed0"},"geometry":{"type":"Point","coordinates":[-50.2471,-20.2806]}},{"type":"Feature","properties":{"municipio":"b35efd33-b02c-48ed-a592-b6510263c385","title":"SP - EMBU DAS ARTES","tipo":"Cebraspe","url":"\/dashboard\/details-assets\/b35efd33-b02c-48ed-a592-b6510263c385"},"geometry":{"type":"Point","coordinates":[-46.8579,-23.6437]}},{"type":"Feature","properties":{"municipio":"ffc453e4-09e4-4e7f-a046-c9d5b46b2923","title":"SP - EMBU-GUACU","tipo":"Cebraspe","url":"\/dashboard\/details-assets\/ffc453e4-09e4-4e7f-a046-c9d5b46b2923"},"geometry":{"type":"Point","coordinates":[-46.8136,-23.8297]}},{"type":"Feature","properties":{"municipio":"b475f5f4-3640-462b-9078-473e4ca82f21","title":"SP - CRUZEIRO","tipo":"Cebraspe","url":"\/dashboard\/details-assets\/b475f5f4-3640-462b-9078-473e4ca82f21"},"geometry":{"type":"Point","coordinates":[-44.969,-22.5728]}},{"type":"Feature","properties":{"municipio":"6d7abcc7-3615-410a-9376-c604fa8c632b","title":"SP - COSMOPOLIS","tipo":"Cebraspe","url":"\/dashboard\/details-assets\/6d7abcc7-3615-410a-9376-c604fa8c632b"},"geometry":{"type":"Point","coordinates":[-47.1926,-22.6419]}},{"type":"Feature","properties":{"municipio":"b2f74641-9926-4ff1-9905-60922255d8a5","title":"SP - CATANDUVA","tipo":"Cebraspe","url":"\/dashboard\/details-assets\/b2f74641-9926-4ff1-9905-60922255d8a5"},"geometry":{"type":"Point","coordinates":[-48.977,-21.1314]}},{"type":"Feature","properties":{"municipio":"37dd786f-1cfd-4033-8f60-da2d8386d09c","title":"SP - CARAPICUIBA","tipo":"Cebraspe","url":"\/dashboard\/details-assets\/37dd786f-1cfd-4033-8f60-da2d8386d09c"},"geometry":{"type":"Point","coordinates":[-46.8407,-23.5235]}},{"type":"Feature","properties":{"municipio":"ab943a3c-e1af-49f5-9ce6-613a8bbd4494","title":"SP - CAPIVARI","tipo":"Cebraspe","url":"\/dashboard\/details-assets\/ab943a3c-e1af-49f5-9ce6-613a8bbd4494"},"geometry":{"type":"Point","coordinates":[-47.5071,-22.9951]}},{"type":"Feature","properties":{"municipio":"2b46927d-475c-41b2-837a-e128c85e0315","title":"SP - CAJAMAR","tipo":"Cebraspe","url":"\/dashboard\/details-assets\/2b46927d-475c-41b2-837a-e128c85e0315"},"geometry":{"type":"Point","coordinates":[-46.8781,-23.355]}},{"type":"Feature","properties":{"municipio":"b4a8bed8-87cc-4745-b860-5655c07b2ad4","title":"SP - CAIEIRAS","tipo":"Cebraspe","url":"\/dashboard\/details-assets\/b4a8bed8-87cc-4745-b860-5655c07b2ad4"},"geometry":{"type":"Point","coordinates":[-46.7397,-23.3607]}},{"type":"Feature","properties":{"municipio":"ae476ec3-a268-40fa-bc86-7022186ee7ba","title":"SP - CABREUVA","tipo":"Cebraspe","url":"\/dashboard\/details-assets\/ae476ec3-a268-40fa-bc86-7022186ee7ba"},"geometry":{"type":"Point","coordinates":[-47.1362,-23.3053]}},{"type":"Feature","properties":{"municipio":"f0402356-c10e-4572-9317-4b3d705b3fb1","title":"SP - BARUERI","tipo":"Cebraspe","url":"\/dashboard\/details-assets\/f0402356-c10e-4572-9317-4b3d705b3fb1"},"geometry":{"type":"Point","coordinates":[-46.879,-23.5057]}},{"type":"Feature","properties":{"municipio":"3f427889-e56f-4329-98bd-b69bb580cb47","title":"SP - ARUJA","tipo":"Cebraspe","url":"\/dashboard\/details-assets\/3f427889-e56f-4329-98bd-b69bb580cb47"},"geometry":{"type":"Point","coordinates":[-46.32,-23.3965]}},{"type":"Feature","properties":{"municipio":"86fe3a2c-d12b-4be4-aa00-8ccbff0594ab","title":"SP - ARARAS","tipo":"Cebraspe","url":"\/dashboard\/details-assets\/86fe3a2c-d12b-4be4-aa00-8ccbff0594ab"},"geometry":{"type":"Point","coordinates":[-47.3842,-22.3572]}},{"type":"Feature","properties":{"municipio":"a9969b4d-4e63-4680-ae8d-faddd7312958","title":"SE - SIMAO DIAS","tipo":"Cebraspe","url":"\/dashboard\/details-assets\/a9969b4d-4e63-4680-ae8d-faddd7312958"},"geometry":{"type":"Point","coordinates":[-37.8097,-10.7387]}},{"type":"Feature","properties":{"municipio":"f1989d93-1f08-49b9-8e62-9f0c5f7b48af","title":"SE - PROPRIA","tipo":"Cebraspe","url":"\/dashboard\/details-assets\/f1989d93-1f08-49b9-8e62-9f0c5f7b48af"},"geometry":{"type":"Point","coordinates":[-36.8442,-10.2138]}},{"type":"Feature","properties":{"municipio":"efcbbca7-b0a3-4029-bb19-7b9e5ba7486a","title":"SE - PORTO DA FOLHA","tipo":"Cebraspe","url":"\/dashboard\/details-assets\/efcbbca7-b0a3-4029-bb19-7b9e5ba7486a"},"geometry":{"type":"Point","coordinates":[-37.2842,-9.91626]}},{"type":"Feature","properties":{"municipio":"8e513066-d6d8-4a1e-8791-1a45612ea22b","title":"SE - JAPARATUBA","tipo":"Cebraspe","url":"\/dashboard\/details-assets\/8e513066-d6d8-4a1e-8791-1a45612ea22b"},"geometry":{"type":"Point","coordinates":[-36.9418,-10.5849]}},{"type":"Feature","properties":{"municipio":"95880bad-fa89-428b-ad00-7e08210b5a2b","title":"SE - ITABAIANA","tipo":"Cebraspe","url":"\/dashboard\/details-assets\/95880bad-fa89-428b-ad00-7e08210b5a2b"},"geometry":{"type":"Point","coordinates":[-37.4273,-10.6826]}},{"type":"Feature","properties":{"municipio":"e95a9e4a-185f-496e-83bf-bbf9c202bc30","title":"RS - SAPUCAIA DO SUL","tipo":"Cebraspe","url":"\/dashboard\/details-assets\/e95a9e4a-185f-496e-83bf-bbf9c202bc30"},"geometry":{"type":"Point","coordinates":[-51.145,-29.8276]}},{"type":"Feature","properties":{"municipio":"8daa32c6-5412-41c5-b23f-feba66812b3f","title":"RS - VIAMAO","tipo":"Cebraspe","url":"\/dashboard\/details-assets\/8daa32c6-5412-41c5-b23f-feba66812b3f"},"geometry":{"type":"Point","coordinates":[-51.0194,-30.0819]}},{"type":"Feature","properties":{"municipio":"e1b5df07-9a95-42ab-ada1-23ee16fb4e20","title":"RS - FARROUPILHA","tipo":"Cebraspe","url":"\/dashboard\/details-assets\/e1b5df07-9a95-42ab-ada1-23ee16fb4e20"},"geometry":{"type":"Point","coordinates":[-51.3419,-29.2227]}},{"type":"Feature","properties":{"municipio":"ac2ca5d5-590f-4faf-972f-4c26d08f78fe","title":"RS - ELDORADO DO SUL","tipo":"Cebraspe","url":"\/dashboard\/details-assets\/ac2ca5d5-590f-4faf-972f-4c26d08f78fe"},"geometry":{"type":"Point","coordinates":[-51.6187,-30.0847]}},{"type":"Feature","properties":{"municipio":"0cd61e79-0011-4160-9233-a1cd754acbf2","title":"RS - CARAZINHO","tipo":"Cebraspe","url":"\/dashboard\/details-assets\/0cd61e79-0011-4160-9233-a1cd754acbf2"},"geometry":{"type":"Point","coordinates":[-52.7933,-28.2958]}},{"type":"Feature","properties":{"municipio":"1390b6d1-413c-437d-a9ba-5f4dd2f59aa4","title":"RN - SAO GONCALO DO AMARANTE","tipo":"Cebraspe","url":"\/dashboard\/details-assets\/1390b6d1-413c-437d-a9ba-5f4dd2f59aa4"},"geometry":{"type":"Point","coordinates":[-35.3257,-5.79068]}},{"type":"Feature","properties":{"municipio":"afa64fd8-b8eb-4aa6-a4d2-3530ee6ea9ee","title":"RN - ALEXANDRIA","tipo":"Cebraspe","url":"\/dashboard\/details-assets\/afa64fd8-b8eb-4aa6-a4d2-3530ee6ea9ee"},"geometry":{"type":"Point","coordinates":[-38.0142,-6.40533]}},{"type":"Feature","properties":{"municipio":"c290b9c8-eca5-4d79-bdc0-0e5b3ab4d9fa","title":"RJ - VALENCA","tipo":"Cebraspe","url":"\/dashboard\/details-assets\/c290b9c8-eca5-4d79-bdc0-0e5b3ab4d9fa"},"geometry":{"type":"Point","coordinates":[-43.7129,-22.2445]}},{"type":"Feature","properties":{"municipio":"39b72923-c8e5-41c7-9fe7-beada8346ed2","title":"RN - ACU","tipo":"Cebraspe","url":"\/dashboard\/details-assets\/39b72923-c8e5-41c7-9fe7-beada8346ed2"},"geometry":{"type":"Point","coordinates":[-36.914,-5.58362]}},{"type":"Feature","properties":{"municipio":"4a11ebca-13b8-4178-a6d2-1772e5281382","title":"RJ - SEROPEDICA","tipo":"Cebraspe","url":"\/dashboard\/details-assets\/4a11ebca-13b8-4178-a6d2-1772e5281382"},"geometry":{"type":"Point","coordinates":[-43.7155,-22.7526]}},{"type":"Feature","properties":{"municipio":"448730f0-f17e-4654-adec-fb7397325b90","title":"RJ - SAO JOAO DE MERITI","tipo":"Cebraspe","url":"\/dashboard\/details-assets\/448730f0-f17e-4654-adec-fb7397325b90"},"geometry":{"type":"Point","coordinates":[-43.3729,-22.8058]}},{"type":"Feature","properties":{"municipio":"de7b9290-f933-45f6-9a82-5366e90dd8d4","title":"RJ - RIO DAS OSTRAS","tipo":"Cebraspe","url":"\/dashboard\/details-assets\/de7b9290-f933-45f6-9a82-5366e90dd8d4"},"geometry":{"type":"Point","coordinates":[-41.9475,-22.5174]}},{"type":"Feature","properties":{"municipio":"2687773d-2e4c-40ba-80f1-86128b3e4335","title":"RJ - QUEIMADOS","tipo":"Cebraspe","url":"\/dashboard\/details-assets\/2687773d-2e4c-40ba-80f1-86128b3e4335"},"geometry":{"type":"Point","coordinates":[-43.5518,-22.7102]}},{"type":"Feature","properties":{"municipio":"2dd58493-57d0-40cb-abbe-87ec7d65bc91","title":"RJ - PETROPOLIS","tipo":"Cebraspe","url":"\/dashboard\/details-assets\/2dd58493-57d0-40cb-abbe-87ec7d65bc91"},"geometry":{"type":"Point","coordinates":[-43.1926,-22.52]}},{"type":"Feature","properties":{"municipio":"ccc017bf-c3d0-4b21-834a-71b2c8cffccc","title":"PR - REALEZA","tipo":"Cebraspe","url":"\/dashboard\/details-assets\/ccc017bf-c3d0-4b21-834a-71b2c8cffccc"},"geometry":{"type":"Point","coordinates":[-53.526,-25.7711]}},{"type":"Feature","properties":{"municipio":"adc2c709-d6c1-4ae1-bfc9-49160ac5aa0d","title":"PR - MATINHOS","tipo":"Cebraspe","url":"\/dashboard\/details-assets\/adc2c709-d6c1-4ae1-bfc9-49160ac5aa0d"},"geometry":{"type":"Point","coordinates":[-48.549,-25.8237]}},{"type":"Feature","properties":{"municipio":"05c9c1a2-e550-40d8-bdd1-c157699d0a7b","title":"PR - COLOMBO","tipo":"Cebraspe","url":"\/dashboard\/details-assets\/05c9c1a2-e550-40d8-bdd1-c157699d0a7b"},"geometry":{"type":"Point","coordinates":[-49.2262,-25.2925]}},{"type":"Feature","properties":{"municipio":"baec747c-f5cb-4575-b1f2-7f7178590597","title":"PR - ALVORADA DO SUL","tipo":"Cebraspe","url":"\/dashboard\/details-assets\/baec747c-f5cb-4575-b1f2-7f7178590597"},"geometry":{"type":"Point","coordinates":[-51.2297,-22.7813]}},{"type":"Feature","properties":{"municipio":"94f34b0d-5799-494e-a308-e808f6a8f956","title":"PI - VALENCA DO PIAUI","tipo":"Cebraspe","url":"\/dashboard\/details-assets\/94f34b0d-5799-494e-a308-e808f6a8f956"},"geometry":{"type":"Point","coordinates":[-41.7375,-6.40301]}},{"type":"Feature","properties":{"municipio":"8a559552-f7d7-4dd7-b8f3-c21fade9d201","title":"PE - SANTA MARIA DA BOA VISTA","tipo":"Cebraspe","url":"\/dashboard\/details-assets\/8a559552-f7d7-4dd7-b8f3-c21fade9d201"},"geometry":{"type":"Point","coordinates":[-39.8241,-8.79766]}},{"type":"Feature","properties":{"municipio":"ae740492-f205-4167-b668-df3c9cbe3e99","title":"PE - MACAPARANA","tipo":"Cebraspe","url":"\/dashboard\/details-assets\/ae740492-f205-4167-b668-df3c9cbe3e99"},"geometry":{"type":"Point","coordinates":[-35.4425,-7.55564]}},{"type":"Feature","properties":{"municipio":"3714df12-03bb-4a18-bb8e-153695e32889","title":"PE - PAULISTA","tipo":"Cebraspe","url":"\/dashboard\/details-assets\/3714df12-03bb-4a18-bb8e-153695e32889"},"geometry":{"type":"Point","coordinates":[-34.8684,-7.93401]}},{"type":"Feature","properties":{"municipio":"a0f2e92f-dc1c-4090-9e4d-6a74283bacde","title":"PE - ITAMBE","tipo":"Cebraspe","url":"\/dashboard\/details-assets\/a0f2e92f-dc1c-4090-9e4d-6a74283bacde"},"geometry":{"type":"Point","coordinates":[-35.0963,-7.41403]}},{"type":"Feature","properties":{"municipio":"bc86ca1d-66e8-4fb8-a374-56f25bfb1ba8","title":"PE - EXU","tipo":"Cebraspe","url":"\/dashboard\/details-assets\/bc86ca1d-66e8-4fb8-a374-56f25bfb1ba8"},"geometry":{"type":"Point","coordinates":[-39.7238,-7.50364]}},{"type":"Feature","properties":{"municipio":"3f7834c4-e458-4ac8-bfa5-aed78d1c68e1","title":"PE - BONITO","tipo":"Cebraspe","url":"\/dashboard\/details-assets\/3f7834c4-e458-4ac8-bfa5-aed78d1c68e1"},"geometry":{"type":"Point","coordinates":[-35.7292,-8.47163]}},{"type":"Feature","properties":{"municipio":"4b71672b-4c7a-4c12-846c-7df2f9301b35","title":"PE - ARARIPINA","tipo":"Cebraspe","url":"\/dashboard\/details-assets\/4b71672b-4c7a-4c12-846c-7df2f9301b35"},"geometry":{"type":"Point","coordinates":[-40.494,-7.57073]}},{"type":"Feature","properties":{"municipio":"a36a4a99-976e-49aa-8ad8-68862f60a039","title":"PE - AGUAS BELAS","tipo":"Cebraspe","url":"\/dashboard\/details-assets\/a36a4a99-976e-49aa-8ad8-68862f60a039"},"geometry":{"type":"Point","coordinates":[-37.1226,-9.11125]}},{"type":"Feature","properties":{"municipio":"749d6ba1-743b-4022-894d-36ead716a42d","title":"PB - CABEDELO","tipo":"Cebraspe","url":"\/dashboard\/details-assets\/749d6ba1-743b-4022-894d-36ead716a42d"},"geometry":{"type":"Point","coordinates":[-34.8284,-6.98731]}},{"type":"Feature","properties":{"municipio":"c3f081c6-7efe-4413-8bc6-c1348faeaa12","title":"PA - PONTA DE PEDRAS","tipo":"Cebraspe","url":"\/dashboard\/details-assets\/c3f081c6-7efe-4413-8bc6-c1348faeaa12"},"geometry":{"type":"Point","coordinates":[-48.8661,-1.39587]}},{"type":"Feature","properties":{"municipio":"0b8b25ea-6816-499c-bdbb-e702f5532d0a","title":"PA - ORIXIMINA","tipo":"Cebraspe","url":"\/dashboard\/details-assets\/0b8b25ea-6816-499c-bdbb-e702f5532d0a"},"geometry":{"type":"Point","coordinates":[-55.8579,-1.75989]}},{"type":"Feature","properties":{"municipio":"ae164261-a607-4509-a9d8-b128d4fa0382","title":"PA - CAPITAO POCO","tipo":"Cebraspe","url":"\/dashboard\/details-assets\/ae164261-a607-4509-a9d8-b128d4fa0382"},"geometry":{"type":"Point","coordinates":[-47.0629,-1.74785]}},{"type":"Feature","properties":{"municipio":"a89fdafc-be60-4d3b-b38e-8fb08f0e7a12","title":"PA - CANAA DOS CARAJAS","tipo":"Cebraspe","url":"\/dashboard\/details-assets\/a89fdafc-be60-4d3b-b38e-8fb08f0e7a12"},"geometry":{"type":"Point","coordinates":[-49.8776,-6.49659]}},{"type":"Feature","properties":{"municipio":"32b9aaca-cd0f-4017-8fcb-821ba2cdef88","title":"PA - BARCARENA","tipo":"Cebraspe","url":"\/dashboard\/details-assets\/32b9aaca-cd0f-4017-8fcb-821ba2cdef88"},"geometry":{"type":"Point","coordinates":[-48.6195,-1.51187]}},{"type":"Feature","properties":{"municipio":"0a241a42-ffad-457e-9cfe-44d9dd6e0a4e","title":"PA - ALTAMIRA","tipo":"Cebraspe","url":"\/dashboard\/details-assets\/0a241a42-ffad-457e-9cfe-44d9dd6e0a4e"},"geometry":{"type":"Point","coordinates":[-52.21,-3.20407]}},{"type":"Feature","properties":{"municipio":"a8712fe8-3e38-4108-89de-072eb3946009","title":"PA - ACARA","tipo":"Cebraspe","url":"\/dashboard\/details-assets\/a8712fe8-3e38-4108-89de-072eb3946009"},"geometry":{"type":"Point","coordinates":[-48.1985,-1.95383]}},{"type":"Feature","properties":{"municipio":"bd63f7bc-6077-4e0b-834f-1d5ae308f0de","title":"MS - RIBAS DO RIO PARDO","tipo":"Cebraspe","url":"\/dashboard\/details-assets\/bd63f7bc-6077-4e0b-834f-1d5ae308f0de"},"geometry":{"type":"Point","coordinates":[-53.7588,-20.4445]}},{"type":"Feature","properties":{"municipio":"40a5b6f7-4566-4ef8-88fe-f78f62590d1b","title":"MS - CHAPADAO DO SUL","tipo":"Cebraspe","url":"\/dashboard\/details-assets\/40a5b6f7-4566-4ef8-88fe-f78f62590d1b"},"geometry":{"type":"Point","coordinates":[-52.6263,-18.788]}},{"type":"Feature","properties":{"municipio":"9b6219a2-e1a7-4407-8bde-a2cdc64d28fb","title":"MG - PITANGUI","tipo":"Cebraspe","url":"\/dashboard\/details-assets\/9b6219a2-e1a7-4407-8bde-a2cdc64d28fb"},"geometry":{"type":"Point","coordinates":[-44.8964,-19.6741]}},{"type":"Feature","properties":{"municipio":"ee6e2294-7150-43ac-a918-860164869594","title":"MG - NOVA SERRANA","tipo":"Cebraspe","url":"\/dashboard\/details-assets\/ee6e2294-7150-43ac-a918-860164869594"},"geometry":{"type":"Point","coordinates":[-44.9847,-19.8713]}},{"type":"Feature","properties":{"municipio":"112d977c-8e83-4e43-82fa-0718aeb8bd20","title":"MG - OURO BRANCO","tipo":"Cebraspe","url":"\/dashboard\/details-assets\/112d977c-8e83-4e43-82fa-0718aeb8bd20"},"geometry":{"type":"Point","coordinates":[-43.6962,-20.5263]}},{"type":"Feature","properties":{"municipio":"1111aff5-f974-413b-890f-bcf8095c970c","title":"MG - MATEUS LEME","tipo":"Cebraspe","url":"\/dashboard\/details-assets\/1111aff5-f974-413b-890f-bcf8095c970c"},"geometry":{"type":"Point","coordinates":[-44.4318,-19.9794]}},{"type":"Feature","properties":{"municipio":"a662de83-0b95-46d9-a3a9-d4afa34f16e9","title":"MG - ENTRE RIOS DE MINAS","tipo":"Cebraspe","url":"\/dashboard\/details-assets\/a662de83-0b95-46d9-a3a9-d4afa34f16e9"},"geometry":{"type":"Point","coordinates":[-44.0654,-20.6706]}},{"type":"Feature","properties":{"municipio":"bea20252-5ed0-4af6-93bb-8106565d3580","title":"MG - CONCEICAO DO MATO DENTRO","tipo":"Cebraspe","url":"\/dashboard\/details-assets\/bea20252-5ed0-4af6-93bb-8106565d3580"},"geometry":{"type":"Point","coordinates":[-43.4221,-19.0344]}},{"type":"Feature","properties":{"municipio":"f0f3dad3-d867-40b7-bf10-a73fd6b36ebb","title":"MG - ANDRELANDIA","tipo":"Cebraspe","url":"\/dashboard\/details-assets\/f0f3dad3-d867-40b7-bf10-a73fd6b36ebb"},"geometry":{"type":"Point","coordinates":[-44.3117,-21.7411]}},{"type":"Feature","properties":{"municipio":"67206c3a-1d92-4bdd-9002-edfa8793056c","title":"MA - TUTOIA","tipo":"Cebraspe","url":"\/dashboard\/details-assets\/67206c3a-1d92-4bdd-9002-edfa8793056c"},"geometry":{"type":"Point","coordinates":[-42.2755,-2.76141]}},{"type":"Feature","properties":{"municipio":"8ebf9c8d-3af6-4b22-8992-54386bb8c5aa","title":"MG - ALEM PARAIBA","tipo":"Cebraspe","url":"\/dashboard\/details-assets\/8ebf9c8d-3af6-4b22-8992-54386bb8c5aa"},"geometry":{"type":"Point","coordinates":[-42.7176,-21.8797]}},{"type":"Feature","properties":{"municipio":"0a270179-f5f6-4656-9292-f99a1e714131","title":"MA - SAO MATEUS DO MARANHAO","tipo":"Cebraspe","url":"\/dashboard\/details-assets\/0a270179-f5f6-4656-9292-f99a1e714131"},"geometry":{"type":"Point","coordinates":[-44.4707,-4.03736]}},{"type":"Feature","properties":{"municipio":"64e0ca49-10d1-482e-849f-482388a7a8c0","title":"MA - TUNTUM","tipo":"Cebraspe","url":"\/dashboard\/details-assets\/64e0ca49-10d1-482e-849f-482388a7a8c0"},"geometry":{"type":"Point","coordinates":[-44.6444,-5.25476]}},{"type":"Feature","properties":{"municipio":"712ea28e-e39b-4ae8-9060-7dd20082af0b","title":"MA - SAO BENTO","tipo":"Cebraspe","url":"\/dashboard\/details-assets\/712ea28e-e39b-4ae8-9060-7dd20082af0b"},"geometry":{"type":"Point","coordinates":[-44.8289,-2.69781]}},{"type":"Feature","properties":{"municipio":"c30cdb28-d0a9-41fc-9aa6-2f4c4c7f5fa7","title":"MA - SANTA LUZIA","tipo":"Cebraspe","url":"\/dashboard\/details-assets\/c30cdb28-d0a9-41fc-9aa6-2f4c4c7f5fa7"},"geometry":{"type":"Point","coordinates":[-45.69,-4.06873]}},{"type":"Feature","properties":{"municipio":"8738b95f-34c1-409a-939b-800e68908b92","title":"MA - PINDARE-MIRIM","tipo":"Cebraspe","url":"\/dashboard\/details-assets\/8738b95f-34c1-409a-939b-800e68908b92"},"geometry":{"type":"Point","coordinates":[-45.342,-3.60985]}},{"type":"Feature","properties":{"municipio":"3070a188-7b6f-41d5-a4c4-4050b73fea14","title":"ES - VENDA NOVA DO IMIGRANTE","tipo":"Cebraspe","url":"\/dashboard\/details-assets\/3070a188-7b6f-41d5-a4c4-4050b73fea14"},"geometry":{"type":"Point","coordinates":[-41.1355,-20.327]}},{"type":"Feature","properties":{"municipio":"a559c7a9-1821-42a1-ac09-b845965225ef","title":"ES - NOVA VENECIA","tipo":"Cebraspe","url":"\/dashboard\/details-assets\/a559c7a9-1821-42a1-ac09-b845965225ef"},"geometry":{"type":"Point","coordinates":[-40.4053,-18.715]}},{"type":"Feature","properties":{"municipio":"91d7efa6-4675-4d3d-8a10-a5b69dc3e42d","title":"CE - SOLONOPOLE","tipo":"Cebraspe","url":"\/dashboard\/details-assets\/91d7efa6-4675-4d3d-8a10-a5b69dc3e42d"},"geometry":{"type":"Point","coordinates":[-39.0107,-5.71894]}},{"type":"Feature","properties":{"municipio":"288f7e4f-d1f0-46a9-a320-f936106a6bc0","title":"CE - SENADOR POMPEU","tipo":"Cebraspe","url":"\/dashboard\/details-assets\/288f7e4f-d1f0-46a9-a320-f936106a6bc0"},"geometry":{"type":"Point","coordinates":[-39.3704,-5.58244]}},{"type":"Feature","properties":{"municipio":"4ee24df9-c216-431e-950f-86886af889e4","title":"CE - QUIXADA","tipo":"Cebraspe","url":"\/dashboard\/details-assets\/4ee24df9-c216-431e-950f-86886af889e4"},"geometry":{"type":"Point","coordinates":[-39.0155,-4.9663]}},{"type":"Feature","properties":{"municipio":"bbec5bbe-54b9-4217-8575-f9145adb0ec8","title":"CE - NOVA OLINDA","tipo":"Cebraspe","url":"\/dashboard\/details-assets\/bbec5bbe-54b9-4217-8575-f9145adb0ec8"},"geometry":{"type":"Point","coordinates":[-39.6713,-7.08415]}},{"type":"Feature","properties":{"municipio":"df8238a0-6e0f-495b-8712-c076c68ba205","title":"CE - MISSAO VELHA","tipo":"Cebraspe","url":"\/dashboard\/details-assets\/df8238a0-6e0f-495b-8712-c076c68ba205"},"geometry":{"type":"Point","coordinates":[-39.143,-7.23522]}},{"type":"Feature","properties":{"municipio":"0a180486-5286-4c7c-bf26-1046ab63f3fc","title":"CE - MOMBACA","tipo":"Cebraspe","url":"\/dashboard\/details-assets\/0a180486-5286-4c7c-bf26-1046ab63f3fc"},"geometry":{"type":"Point","coordinates":[-39.63,-5.73844]}},{"type":"Feature","properties":{"municipio":"9f028438-7fbf-4f94-abff-9931ce9c1c56","title":"CE - MILAGRES","tipo":"Cebraspe","url":"\/dashboard\/details-assets\/9f028438-7fbf-4f94-abff-9931ce9c1c56"},"geometry":{"type":"Point","coordinates":[-38.9378,-7.29749]}},{"type":"Feature","properties":{"municipio":"26d01517-828a-4c50-bd93-ec32d68fbd20","title":"CE - MAURITI","tipo":"Cebraspe","url":"\/dashboard\/details-assets\/26d01517-828a-4c50-bd93-ec32d68fbd20"},"geometry":{"type":"Point","coordinates":[-38.7708,-7.38597]}},{"type":"Feature","properties":{"municipio":"7c706fd3-ea85-4ea9-89bc-56e928166b46","title":"CE - JUCAS","tipo":"Cebraspe","url":"\/dashboard\/details-assets\/7c706fd3-ea85-4ea9-89bc-56e928166b46"},"geometry":{"type":"Point","coordinates":[-39.5187,-6.51523]}},{"type":"Feature","properties":{"municipio":"2da339a9-39da-491b-87ec-8b7e7be42cf8","title":"CE - JARDIM","tipo":"Cebraspe","url":"\/dashboard\/details-assets\/2da339a9-39da-491b-87ec-8b7e7be42cf8"},"geometry":{"type":"Point","coordinates":[-39.2826,-7.57599]}},{"type":"Feature","properties":{"municipio":"b1594b4f-d9da-4f2e-9838-aae4093852cb","title":"CE - JAGUARIBE","tipo":"Cebraspe","url":"\/dashboard\/details-assets\/b1594b4f-d9da-4f2e-9838-aae4093852cb"},"geometry":{"type":"Point","coordinates":[-38.6227,-5.90213]}},{"type":"Feature","properties":{"municipio":"066d747f-8d5c-4dfc-92d6-91e3fa660134","title":"CE - ITAPIPOCA","tipo":"Cebraspe","url":"\/dashboard\/details-assets\/066d747f-8d5c-4dfc-92d6-91e3fa660134"},"geometry":{"type":"Point","coordinates":[-39.5836,-3.49933]}},{"type":"Feature","properties":{"municipio":"2437a61c-bdeb-4330-b16f-7854e26af67e","title":"CE - FARIAS BRITO","tipo":"Cebraspe","url":"\/dashboard\/details-assets\/2437a61c-bdeb-4330-b16f-7854e26af67e"},"geometry":{"type":"Point","coordinates":[-39.5651,-6.92146]}},{"type":"Feature","properties":{"municipio":"2736ca52-b1f7-4a1d-8804-76b46265033b","title":"CE - BELA CRUZ","tipo":"Cebraspe","url":"\/dashboard\/details-assets\/2736ca52-b1f7-4a1d-8804-76b46265033b"},"geometry":{"type":"Point","coordinates":[-40.1671,-3.04996]}},{"type":"Feature","properties":{"municipio":"cb0ffa6d-85eb-4b3d-bfaa-045028e41d91","title":"CE - BARROQUINHA","tipo":"Cebraspe","url":"\/dashboard\/details-assets\/cb0ffa6d-85eb-4b3d-bfaa-045028e41d91"},"geometry":{"type":"Point","coordinates":[-41.1358,-3.02051]}},{"type":"Feature","properties":{"municipio":"47b702ed-3c3a-4897-b4a7-d105d7eeb2e7","title":"CE - BARRO","tipo":"Cebraspe","url":"\/dashboard\/details-assets\/47b702ed-3c3a-4897-b4a7-d105d7eeb2e7"},"geometry":{"type":"Point","coordinates":[-38.7741,-7.17188]}},{"type":"Feature","properties":{"municipio":"e3e6b87b-d1ed-4fa5-9cb5-87e102f52caf","title":"CE - ACOPIARA","tipo":"Cebraspe","url":"\/dashboard\/details-assets\/e3e6b87b-d1ed-4fa5-9cb5-87e102f52caf"},"geometry":{"type":"Point","coordinates":[-39.448,-6.08911]}},{"type":"Feature","properties":{"municipio":"fd4cdbe5-b27e-443a-ae82-591f2efb0f23","title":"BA - XIQUE-XIQUE","tipo":"Cebraspe","url":"\/dashboard\/details-assets\/fd4cdbe5-b27e-443a-ae82-591f2efb0f23"},"geometry":{"type":"Point","coordinates":[-42.7245,-10.823]}},{"type":"Feature","properties":{"municipio":"cd6f72e5-12d2-42fd-a500-b7f368e94ef5","title":"BA - POCOES","tipo":"Cebraspe","url":"\/dashboard\/details-assets\/cd6f72e5-12d2-42fd-a500-b7f368e94ef5"},"geometry":{"type":"Point","coordinates":[-40.3634,-14.5234]}},{"type":"Feature","properties":{"municipio":"2f38d640-8f55-4da7-ab1e-9ca7e997d748","title":"BA - RIACHAO DO JACUIPE","tipo":"Cebraspe","url":"\/dashboard\/details-assets\/2f38d640-8f55-4da7-ab1e-9ca7e997d748"},"geometry":{"type":"Point","coordinates":[-39.3818,-11.8067]}},{"type":"Feature","properties":{"municipio":"5352b9d2-abe0-4d69-9d80-2b02d1b4b503","title":"BA - PIATA","tipo":"Cebraspe","url":"\/dashboard\/details-assets\/5352b9d2-abe0-4d69-9d80-2b02d1b4b503"},"geometry":{"type":"Point","coordinates":[-41.7702,-13.1465]}},{"type":"Feature","properties":{"municipio":"71a72bf3-20a5-450f-977d-6d2a141bb575","title":"BA - MARAGOGIPE","tipo":"Cebraspe","url":"\/dashboard\/details-assets\/71a72bf3-20a5-450f-977d-6d2a141bb575"},"geometry":{"type":"Point","coordinates":[-38.9175,-12.776]}},{"type":"Feature","properties":{"municipio":"762d430e-df9b-4579-ad8c-a960743ad741","title":"BA - JAGUAQUARA","tipo":"Cebraspe","url":"\/dashboard\/details-assets\/762d430e-df9b-4579-ad8c-a960743ad741"},"geometry":{"type":"Point","coordinates":[-39.964,-13.5248]}},{"type":"Feature","properties":{"municipio":"5ca72af9-63c1-4cd5-be6a-11e81b831107","title":"BA - JACOBINA","tipo":"Cebraspe","url":"\/dashboard\/details-assets\/5ca72af9-63c1-4cd5-be6a-11e81b831107"},"geometry":{"type":"Point","coordinates":[-40.5117,-11.1812]}},{"type":"Feature","properties":{"municipio":"a7f84dfc-8fc2-4543-8168-92b3614abf8f","title":"BA - IBICARAI","tipo":"Cebraspe","url":"\/dashboard\/details-assets\/a7f84dfc-8fc2-4543-8168-92b3614abf8f"},"geometry":{"type":"Point","coordinates":[-39.5914,-14.8579]}},{"type":"Feature","properties":{"municipio":"7e49b4b5-bd19-4573-9c76-e3404a2b614a","title":"BA - IPIRA","tipo":"Cebraspe","url":"\/dashboard\/details-assets\/7e49b4b5-bd19-4573-9c76-e3404a2b614a"},"geometry":{"type":"Point","coordinates":[-39.7359,-12.1561]}},{"type":"Feature","properties":{"municipio":"8f4375a1-f11f-4b39-8836-c232d2790178","title":"BA - CRUZ DAS ALMAS","tipo":"Cebraspe","url":"\/dashboard\/details-assets\/8f4375a1-f11f-4b39-8836-c232d2790178"},"geometry":{"type":"Point","coordinates":[-39.1008,-12.6675]}},{"type":"Feature","properties":{"municipio":"81b5b077-428d-4843-8f8f-980af88f2b5d","title":"BA - EUCLIDES DA CUNHA","tipo":"Cebraspe","url":"\/dashboard\/details-assets\/81b5b077-428d-4843-8f8f-980af88f2b5d"},"geometry":{"type":"Point","coordinates":[-39.0153,-10.5078]}},{"type":"Feature","properties":{"municipio":"f8cb6be4-dac0-4968-a57b-26af3f18a691","title":"BA - CORDEIROS","tipo":"Cebraspe","url":"\/dashboard\/details-assets\/f8cb6be4-dac0-4968-a57b-26af3f18a691"},"geometry":{"type":"Point","coordinates":[-41.9308,-15.0356]}},{"type":"Feature","properties":{"municipio":"ae5ebcc1-5e81-4da9-a8bd-7da7dca7a226","title":"BA - CORACAO DE MARIA","tipo":"Cebraspe","url":"\/dashboard\/details-assets\/ae5ebcc1-5e81-4da9-a8bd-7da7dca7a226"},"geometry":{"type":"Point","coordinates":[-38.7487,-12.2333]}},{"type":"Feature","properties":{"municipio":"4d46a54c-318b-446e-bab2-5bdd2b53b23f","title":"BA - CONCEICAO DO COITE","tipo":"Cebraspe","url":"\/dashboard\/details-assets\/4d46a54c-318b-446e-bab2-5bdd2b53b23f"},"geometry":{"type":"Point","coordinates":[-39.2808,-11.56]}},{"type":"Feature","properties":{"municipio":"0fb051de-2d19-4df7-9234-d5fa558e03ea","title":"BA - CAPIM GROSSO","tipo":"Cebraspe","url":"\/dashboard\/details-assets\/0fb051de-2d19-4df7-9234-d5fa558e03ea"},"geometry":{"type":"Point","coordinates":[-40.0089,-11.3797]}},{"type":"Feature","properties":{"municipio":"a639e6e8-76e9-4780-a18e-75d6020c0906","title":"BA - CANDIDO SALES","tipo":"Cebraspe","url":"\/dashboard\/details-assets\/a639e6e8-76e9-4780-a18e-75d6020c0906"},"geometry":{"type":"Point","coordinates":[-41.2414,-15.4993]}},{"type":"Feature","properties":{"municipio":"9381f43b-19ea-4b6e-a5f1-99f49392489d","title":"BA - CANDEIAS","tipo":"Cebraspe","url":"\/dashboard\/details-assets\/9381f43b-19ea-4b6e-a5f1-99f49392489d"},"geometry":{"type":"Point","coordinates":[-38.5472,-12.6716]}},{"type":"Feature","properties":{"municipio":"8a583fb0-2c56-4233-9e44-50c1b76f24a2","title":"BA - CANAVIEIRAS","tipo":"Cebraspe","url":"\/dashboard\/details-assets\/8a583fb0-2c56-4233-9e44-50c1b76f24a2"},"geometry":{"type":"Point","coordinates":[-38.9536,-15.6722]}},{"type":"Feature","properties":{"municipio":"3b10fd41-b4db-4891-bc3a-19c89a68f87c","title":"BA - CANARANA","tipo":"Cebraspe","url":"\/dashboard\/details-assets\/3b10fd41-b4db-4891-bc3a-19c89a68f87c"},"geometry":{"type":"Point","coordinates":[-41.7677,-11.6858]}},{"type":"Feature","properties":{"municipio":"0b0cb177-9258-4433-ba64-faa6a30b107f","title":"BA - ANDORINHA","tipo":"Cebraspe","url":"\/dashboard\/details-assets\/0b0cb177-9258-4433-ba64-faa6a30b107f"},"geometry":{"type":"Point","coordinates":[-39.8391,-10.3482]}},{"type":"Feature","properties":{"municipio":"b6adfcb0-7f50-4b6b-8115-03904ce5ab7e","title":"BA - AMARGOSA","tipo":"Cebraspe","url":"\/dashboard\/details-assets\/b6adfcb0-7f50-4b6b-8115-03904ce5ab7e"},"geometry":{"type":"Point","coordinates":[-39.602,-13.0215]}},{"type":"Feature","properties":{"municipio":"eeb174d1-1a2e-437b-bd46-4e6494d78bf0","title":"AP - SANTANA","tipo":"Cebraspe","url":"\/dashboard\/details-assets\/eeb174d1-1a2e-437b-bd46-4e6494d78bf0"},"geometry":{"type":"Point","coordinates":[-51.1729,-0.045434]}},{"type":"Feature","properties":{"municipio":"fb6719b7-27bb-4e54-ac84-85d51a1ef2a3","title":"AM - TONANTINS","tipo":"Cebraspe","url":"\/dashboard\/details-assets\/fb6719b7-27bb-4e54-ac84-85d51a1ef2a3"},"geometry":{"type":"Point","coordinates":[-67.7919,-2.86582]}},{"type":"Feature","properties":{"municipio":"6ad30fbe-01fa-4b74-a431-4f9b3e3ad640","title":"AP - AMAPA","tipo":"Cebraspe","url":"\/dashboard\/details-assets\/6ad30fbe-01fa-4b74-a431-4f9b3e3ad640"},"geometry":{"type":"Point","coordinates":[-50.7957,2.05267]}},{"type":"Feature","properties":{"municipio":"a42a79d7-2dfb-4a94-ad53-4f4cb9af6980","title":"AM - SAO PAULO DE OLIVENCA","tipo":"Cebraspe","url":"\/dashboard\/details-assets\/a42a79d7-2dfb-4a94-ad53-4f4cb9af6980"},"geometry":{"type":"Point","coordinates":[-68.9646,-3.47292]}},{"type":"Feature","properties":{"municipio":"4b583bbc-e5c1-40a2-a96e-b357155246cb","title":"AM - PRESIDENTE FIGUEIREDO","tipo":"Cebraspe","url":"\/dashboard\/details-assets\/4b583bbc-e5c1-40a2-a96e-b357155246cb"},"geometry":{"type":"Point","coordinates":[-60.0234,-2.02981]}},{"type":"Feature","properties":{"municipio":"d410d6c5-84a4-4ac0-99d0-cc8a970bf111","title":"AM - CAREIRO","tipo":"Cebraspe","url":"\/dashboard\/details-assets\/d410d6c5-84a4-4ac0-99d0-cc8a970bf111"},"geometry":{"type":"Point","coordinates":[-60.369,-3.76803]}},{"type":"Feature","properties":{"municipio":"4d3d43e4-a929-4015-b9ea-bd4fcad8b7b3","title":"AM - ANAMA","tipo":"Cebraspe","url":"\/dashboard\/details-assets\/4d3d43e4-a929-4015-b9ea-bd4fcad8b7b3"},"geometry":{"type":"Point","coordinates":[-61.3963,-3.56697]}},{"type":"Feature","properties":{"municipio":"b9266859-0b94-4719-bb1b-976d6987a811","title":"AL - SAO LUIS DO QUITUNDE","tipo":"Cebraspe","url":"\/dashboard\/details-assets\/b9266859-0b94-4719-bb1b-976d6987a811"},"geometry":{"type":"Point","coordinates":[-35.5606,-9.31816]}},{"type":"Feature","properties":{"municipio":"50f5bbd4-f262-4cf0-acfd-67509b06be93","title":"AL - PENEDO","tipo":"Cebraspe","url":"\/dashboard\/details-assets\/50f5bbd4-f262-4cf0-acfd-67509b06be93"},"geometry":{"type":"Point","coordinates":[-36.5819,-10.2874]}},{"type":"Feature","properties":{"municipio":"78f7c0d4-e3c8-4d55-967d-f4f256c7b8bc","title":"AL - ARAPIRACA","tipo":"Cebraspe","url":"\/dashboard\/details-assets\/78f7c0d4-e3c8-4d55-967d-f4f256c7b8bc"},"geometry":{"type":"Point","coordinates":[-36.6615,-9.75487]}},{"type":"Feature","properties":{"municipio":"0e8168e8-40a7-49f4-b7a1-10c60c77fc6b","title":"TO - TOCANTINOPOLIS","tipo":"Cebraspe","url":"\/dashboard\/details-assets\/0e8168e8-40a7-49f4-b7a1-10c60c77fc6b"},"geometry":{"type":"Point","coordinates":[-47.4224,-6.32447]}},{"type":"Feature","properties":{"municipio":"d686f535-9a8a-438b-a026-49ff5f8ed344","title":"AC - PLACIDO DE CASTRO","tipo":"Cebraspe","url":"\/dashboard\/details-assets\/d686f535-9a8a-438b-a026-49ff5f8ed344"},"geometry":{"type":"Point","coordinates":[-67.1371,-10.2806]}},{"type":"Feature","properties":{"municipio":"e4e6085f-b85e-4709-b11b-f871dd9d7812","title":"TO - PALMAS","tipo":"Cebraspe","url":"\/dashboard\/details-assets\/e4e6085f-b85e-4709-b11b-f871dd9d7812"},"geometry":{"type":"Point","coordinates":[-48.3558,-10.24]}},{"type":"Feature","properties":{"municipio":"f8ffb87b-1dc4-4aa7-8412-85183bd49bb8","title":"TO - TAGUATINGA","tipo":"Cebraspe","url":"\/dashboard\/details-assets\/f8ffb87b-1dc4-4aa7-8412-85183bd49bb8"},"geometry":{"type":"Point","coordinates":[-46.437,-12.4026]}},{"type":"Feature","properties":{"municipio":"8403b4e0-e640-42a0-94ee-922eb243d679","title":"TO - PORTO NACIONAL","tipo":"Cebraspe","url":"\/dashboard\/details-assets\/8403b4e0-e640-42a0-94ee-922eb243d679"},"geometry":{"type":"Point","coordinates":[-48.408,-10.7027]}},{"type":"Feature","properties":{"municipio":"d0570d81-5a85-4716-8270-4f8799548fc3","title":"TO - COLMEIA","tipo":"Cebraspe","url":"\/dashboard\/details-assets\/d0570d81-5a85-4716-8270-4f8799548fc3"},"geometry":{"type":"Point","coordinates":[-48.7638,-8.72463]}},{"type":"Feature","properties":{"municipio":"0cb14240-d7ce-4fad-8db2-46a6d56697f8","title":"TO - PARAISO DO TOCANTINS","tipo":"Cebraspe","url":"\/dashboard\/details-assets\/0cb14240-d7ce-4fad-8db2-46a6d56697f8"},"geometry":{"type":"Point","coordinates":[-48.8823,-10.175]}},{"type":"Feature","properties":{"municipio":"2d724f6d-631e-4d15-b0be-394c306290cc","title":"TO - PALMEIROPOLIS","tipo":"Cebraspe","url":"\/dashboard\/details-assets\/2d724f6d-631e-4d15-b0be-394c306290cc"},"geometry":{"type":"Point","coordinates":[-48.4026,-13.0447]}},{"type":"Feature","properties":{"municipio":"b8d0ea0d-e94f-4979-a848-8f01c5a592e5","title":"TO - NATIVIDADE","tipo":"Cebraspe","url":"\/dashboard\/details-assets\/b8d0ea0d-e94f-4979-a848-8f01c5a592e5"},"geometry":{"type":"Point","coordinates":[-47.7223,-11.7034]}},{"type":"Feature","properties":{"municipio":"9694726e-093f-4538-9440-1303d978d948","title":"TO - MIRANORTE","tipo":"Cebraspe","url":"\/dashboard\/details-assets\/9694726e-093f-4538-9440-1303d978d948"},"geometry":{"type":"Point","coordinates":[-48.5922,-9.52907]}},{"type":"Feature","properties":{"municipio":"2c849734-d054-467d-8cd6-3ced528b9b3e","title":"TO - MIRACEMA DO TOCANTINS","tipo":"Cebraspe","url":"\/dashboard\/details-assets\/2c849734-d054-467d-8cd6-3ced528b9b3e"},"geometry":{"type":"Point","coordinates":[-48.393,-9.56556]}},{"type":"Feature","properties":{"municipio":"9e951973-9512-4f63-a236-e7e7f5ac57fa","title":"TO - GURUPI","tipo":"Cebraspe","url":"\/dashboard\/details-assets\/9e951973-9512-4f63-a236-e7e7f5ac57fa"},"geometry":{"type":"Point","coordinates":[-49.068,-11.7279]}},{"type":"Feature","properties":{"municipio":"0caebe77-ec47-4150-a9a6-e44460997eb8","title":"TO - GUARAI","tipo":"Cebraspe","url":"\/dashboard\/details-assets\/0caebe77-ec47-4150-a9a6-e44460997eb8"},"geometry":{"type":"Point","coordinates":[-48.5114,-8.83543]}},{"type":"Feature","properties":{"municipio":"46b1c2f6-4dab-4473-aead-11e2b0354da8","title":"TO - FORMOSO DO ARAGUAIA","tipo":"Cebraspe","url":"\/dashboard\/details-assets\/46b1c2f6-4dab-4473-aead-11e2b0354da8"},"geometry":{"type":"Point","coordinates":[-49.5316,-11.7976]}},{"type":"Feature","properties":{"municipio":"6c1c064c-73e0-4810-962d-a9afe337e25a","title":"TO - DIANOPOLIS","tipo":"Cebraspe","url":"\/dashboard\/details-assets\/6c1c064c-73e0-4810-962d-a9afe337e25a"},"geometry":{"type":"Point","coordinates":[-46.8198,-11.624]}},{"type":"Feature","properties":{"municipio":"50db845d-c1f1-48ac-b02f-0f978e334b98","title":"TO - COLINAS DO TOCANTINS","tipo":"Cebraspe","url":"\/dashboard\/details-assets\/50db845d-c1f1-48ac-b02f-0f978e334b98"},"geometry":{"type":"Point","coordinates":[-48.4757,-8.05764]}},{"type":"Feature","properties":{"municipio":"1860b1db-765c-402d-b24a-57d8362afcbf","title":"TO - CARIRI DO TOCANTINS","tipo":"Cebraspe","url":"\/dashboard\/details-assets\/1860b1db-765c-402d-b24a-57d8362afcbf"},"geometry":{"type":"Point","coordinates":[-49.1609,-11.8881]}},{"type":"Feature","properties":{"municipio":"95f194f8-f171-41fc-99ac-2463443eaa7f","title":"TO - ARRAIAS","tipo":"Cebraspe","url":"\/dashboard\/details-assets\/95f194f8-f171-41fc-99ac-2463443eaa7f"},"geometry":{"type":"Point","coordinates":[-46.9359,-12.9287]}},{"type":"Feature","properties":{"municipio":"ae737b91-20b1-4f65-8530-0c6c66867307","title":"TO - AUGUSTINOPOLIS","tipo":"Cebraspe","url":"\/dashboard\/details-assets\/ae737b91-20b1-4f65-8530-0c6c66867307"},"geometry":{"type":"Point","coordinates":[-47.8863,-5.46863]}},{"type":"Feature","properties":{"municipio":"b1ba3f3c-6a3e-438e-9f48-5e256504b472","title":"TO - ARAGUATINS","tipo":"Cebraspe","url":"\/dashboard\/details-assets\/b1ba3f3c-6a3e-438e-9f48-5e256504b472"},"geometry":{"type":"Point","coordinates":[-48.1232,-5.64659]}},{"type":"Feature","properties":{"municipio":"2325a7fd-aae4-49b7-963c-31812d639f57","title":"TO - ARAGUAINA","tipo":"Cebraspe","url":"\/dashboard\/details-assets\/2325a7fd-aae4-49b7-963c-31812d639f57"},"geometry":{"type":"Point","coordinates":[-48.2044,-7.19238]}},{"type":"Feature","properties":{"municipio":"83a81f0d-09ef-4829-a38b-2317faaa3d38","title":"TO - ANANAS","tipo":"Cebraspe","url":"\/dashboard\/details-assets\/83a81f0d-09ef-4829-a38b-2317faaa3d38"},"geometry":{"type":"Point","coordinates":[-48.0735,-6.36437]}},{"type":"Feature","properties":{"municipio":"6574fe6a-1ac3-490a-b97e-c25bc7836bbc","title":"SP - VOTORANTIM","tipo":"Cebraspe","url":"\/dashboard\/details-assets\/6574fe6a-1ac3-490a-b97e-c25bc7836bbc"},"geometry":{"type":"Point","coordinates":[-47.4388,-23.5446]}},{"type":"Feature","properties":{"municipio":"39aa26de-92d3-4dce-b025-0904364beaf0","title":"SP - TUPI PAULISTA","tipo":"Cebraspe","url":"\/dashboard\/details-assets\/39aa26de-92d3-4dce-b025-0904364beaf0"},"geometry":{"type":"Point","coordinates":[-51.575,-21.3825]}},{"type":"Feature","properties":{"municipio":"5c8385d0-4957-41a1-90b5-cbdf1afd67fd","title":"SP - VALPARAISO","tipo":"Cebraspe","url":"\/dashboard\/details-assets\/5c8385d0-4957-41a1-90b5-cbdf1afd67fd"},"geometry":{"type":"Point","coordinates":[-50.8699,-21.2229]}},{"type":"Feature","properties":{"municipio":"17f8b811-af74-4c16-91f4-04c9fd82bf55","title":"SP - TREMEMBE","tipo":"Cebraspe","url":"\/dashboard\/details-assets\/17f8b811-af74-4c16-91f4-04c9fd82bf55"},"geometry":{"type":"Point","coordinates":[-45.5475,-22.9571]}},{"type":"Feature","properties":{"municipio":"8b1eec0a-5384-4761-974d-a3ba5585d4e6","title":"SP - TAUBATE","tipo":"Cebraspe","url":"\/dashboard\/details-assets\/8b1eec0a-5384-4761-974d-a3ba5585d4e6"},"geometry":{"type":"Point","coordinates":[-45.5593,-23.0104]}},{"type":"Feature","properties":{"municipio":"2ef27bfc-8ae6-41a3-a45d-703475b89a5a","title":"SP - TAQUARITUBA","tipo":"Cebraspe","url":"\/dashboard\/details-assets\/2ef27bfc-8ae6-41a3-a45d-703475b89a5a"},"geometry":{"type":"Point","coordinates":[-49.241,-23.5307]}},{"type":"Feature","properties":{"municipio":"48d0e9e2-85e3-4eeb-a89b-3560e563d9c7","title":"SP - TAIUVA","tipo":"Cebraspe","url":"\/dashboard\/details-assets\/48d0e9e2-85e3-4eeb-a89b-3560e563d9c7"},"geometry":{"type":"Point","coordinates":[-48.4528,-21.1223]}},{"type":"Feature","properties":{"municipio":"acbb75f3-222e-41a7-8c75-59fe7623a153","title":"SP - SUZANO","tipo":"Cebraspe","url":"\/dashboard\/details-assets\/acbb75f3-222e-41a7-8c75-59fe7623a153"},"geometry":{"type":"Point","coordinates":[-46.3112,-23.5448]}},{"type":"Feature","properties":{"municipio":"e93528c9-d592-4912-b846-b0df1afcd586","title":"SP - SUMARE","tipo":"Cebraspe","url":"\/dashboard\/details-assets\/e93528c9-d592-4912-b846-b0df1afcd586"},"geometry":{"type":"Point","coordinates":[-47.2728,-22.8204]}},{"type":"Feature","properties":{"municipio":"5a9815fc-3ecb-4fef-bb24-ea514835a85a","title":"SP - SERTAOZINHO","tipo":"Cebraspe","url":"\/dashboard\/details-assets\/5a9815fc-3ecb-4fef-bb24-ea514835a85a"},"geometry":{"type":"Point","coordinates":[-47.9875,-21.1316]}},{"type":"Feature","properties":{"municipio":"c0336408-134c-4147-a5d8-1023c69802d3","title":"SP - SOROCABA","tipo":"Cebraspe","url":"\/dashboard\/details-assets\/c0336408-134c-4147-a5d8-1023c69802d3"},"geometry":{"type":"Point","coordinates":[-47.4451,-23.4969]}},{"type":"Feature","properties":{"municipio":"e2590d67-e6c5-4d5d-a8b8-1469555b5d72","title":"SP - SERRA AZUL","tipo":"Cebraspe","url":"\/dashboard\/details-assets\/e2590d67-e6c5-4d5d-a8b8-1469555b5d72"},"geometry":{"type":"Point","coordinates":[-47.5602,-21.3074]}},{"type":"Feature","properties":{"municipio":"7076e7d3-04d8-4088-907e-681f9a9c17e7","title":"SP - SAO VICENTE","tipo":"Cebraspe","url":"\/dashboard\/details-assets\/7076e7d3-04d8-4088-907e-681f9a9c17e7"},"geometry":{"type":"Point","coordinates":[-46.3883,-23.9574]}},{"type":"Feature","properties":{"municipio":"7a58f3b3-00a1-4f37-bedc-3f920b745554","title":"SP - SAO PAULO","tipo":"Cebraspe","url":"\/dashboard\/details-assets\/7a58f3b3-00a1-4f37-bedc-3f920b745554"},"geometry":{"type":"Point","coordinates":[-46.6395,-23.5329]}},{"type":"Feature","properties":{"municipio":"af70df79-7197-475b-a568-322b0f610088","title":"SP - SAO JOSE DO RIO PRETO","tipo":"Cebraspe","url":"\/dashboard\/details-assets\/af70df79-7197-475b-a568-322b0f610088"},"geometry":{"type":"Point","coordinates":[-49.3758,-20.8113]}},{"type":"Feature","properties":{"municipio":"d0628a32-e4a1-46d6-b14e-78aec4273adb","title":"SP - SAO JOSE DOS CAMPOS","tipo":"Cebraspe","url":"\/dashboard\/details-assets\/d0628a32-e4a1-46d6-b14e-78aec4273adb"},"geometry":{"type":"Point","coordinates":[-45.8841,-23.1896]}},{"type":"Feature","properties":{"municipio":"f4ffac86-2de9-4df9-a2af-ed6848b64965","title":"SP - SAO BERNARDO DO CAMPO","tipo":"Cebraspe","url":"\/dashboard\/details-assets\/f4ffac86-2de9-4df9-a2af-ed6848b64965"},"geometry":{"type":"Point","coordinates":[-46.5646,-23.6914]}},{"type":"Feature","properties":{"municipio":"6e34e128-e44e-458e-866a-5adbd889404e","title":"SP - SANTO ANDRE","tipo":"Cebraspe","url":"\/dashboard\/details-assets\/6e34e128-e44e-458e-866a-5adbd889404e"},"geometry":{"type":"Point","coordinates":[-46.5432,-23.6737]}},{"type":"Feature","properties":{"municipio":"1728160a-ba04-48ad-a3de-d74ba3ac1a02","title":"SP - RIOLANDIA","tipo":"Cebraspe","url":"\/dashboard\/details-assets\/1728160a-ba04-48ad-a3de-d74ba3ac1a02"},"geometry":{"type":"Point","coordinates":[-49.6836,-19.9868]}},{"type":"Feature","properties":{"municipio":"aa507f44-f004-442d-ba99-2ce137fffe0b","title":"SP - RIO CLARO","tipo":"Cebraspe","url":"\/dashboard\/details-assets\/aa507f44-f004-442d-ba99-2ce137fffe0b"},"geometry":{"type":"Point","coordinates":[-47.5546,-22.3984]}},{"type":"Feature","properties":{"municipio":"0dd62a81-4305-4d8b-901f-956d5670a4f7","title":"SP - REGISTRO","tipo":"Cebraspe","url":"\/dashboard\/details-assets\/0dd62a81-4305-4d8b-901f-956d5670a4f7"},"geometry":{"type":"Point","coordinates":[-47.8449,-24.4979]}},{"type":"Feature","properties":{"municipio":"cf645d18-2426-4389-9ee5-c7038ed946f1","title":"SP - RIBEIRAO PRETO","tipo":"Cebraspe","url":"\/dashboard\/details-assets\/cf645d18-2426-4389-9ee5-c7038ed946f1"},"geometry":{"type":"Point","coordinates":[-47.8099,-21.1699]}},{"type":"Feature","properties":{"municipio":"0cdb029f-dfae-494d-b744-af052ddcce04","title":"SP - REGINOPOLIS","tipo":"Cebraspe","url":"\/dashboard\/details-assets\/0cdb029f-dfae-494d-b744-af052ddcce04"},"geometry":{"type":"Point","coordinates":[-49.2268,-21.8914]}},{"type":"Feature","properties":{"municipio":"b36c0f51-2d1a-4956-b45d-08e9c7ca6bf3","title":"SP - PRESIDENTE VENCESLAU","tipo":"Cebraspe","url":"\/dashboard\/details-assets\/b36c0f51-2d1a-4956-b45d-08e9c7ca6bf3"},"geometry":{"type":"Point","coordinates":[-51.8447,-21.8732]}},{"type":"Feature","properties":{"municipio":"d209af4f-a7b1-4574-ac3e-1e1f6b93e978","title":"SP - PRESIDENTE PRUDENTE","tipo":"Cebraspe","url":"\/dashboard\/details-assets\/d209af4f-a7b1-4574-ac3e-1e1f6b93e978"},"geometry":{"type":"Point","coordinates":[-51.3925,-22.1207]}},{"type":"Feature","properties":{"municipio":"d4719270-004f-44ab-85d5-46aeda8c5f30","title":"SP - PRESIDENTE BERNARDES","tipo":"Cebraspe","url":"\/dashboard\/details-assets\/d4719270-004f-44ab-85d5-46aeda8c5f30"},"geometry":{"type":"Point","coordinates":[-51.5565,-22.0082]}},{"type":"Feature","properties":{"municipio":"29ef8492-0b39-45e8-aae1-53b182141b23","title":"SP - PRACINHA","tipo":"Cebraspe","url":"\/dashboard\/details-assets\/29ef8492-0b39-45e8-aae1-53b182141b23"},"geometry":{"type":"Point","coordinates":[-51.0868,-21.8496]}},{"type":"Feature","properties":{"municipio":"3d8856c7-0455-4ff1-9c3c-9cdeffd069ab","title":"SP - POTIM","tipo":"Cebraspe","url":"\/dashboard\/details-assets\/3d8856c7-0455-4ff1-9c3c-9cdeffd069ab"},"geometry":{"type":"Point","coordinates":[-45.2552,-22.8343]}},{"type":"Feature","properties":{"municipio":"dc55e0e6-03c7-40e0-8dc8-880c1d92ebd6","title":"SP - PORTO FELIZ","tipo":"Cebraspe","url":"\/dashboard\/details-assets\/dc55e0e6-03c7-40e0-8dc8-880c1d92ebd6"},"geometry":{"type":"Point","coordinates":[-47.5251,-23.2093]}},{"type":"Feature","properties":{"municipio":"6c8f822b-dfba-4636-8546-b8dc5358add4","title":"SP - PONTAL","tipo":"Cebraspe","url":"\/dashboard\/details-assets\/6c8f822b-dfba-4636-8546-b8dc5358add4"},"geometry":{"type":"Point","coordinates":[-48.0423,-21.0216]}},{"type":"Feature","properties":{"municipio":"77b23171-6d32-449f-b3d6-ee1ef29e25af","title":"SP - PIRAJUI","tipo":"Cebraspe","url":"\/dashboard\/details-assets\/77b23171-6d32-449f-b3d6-ee1ef29e25af"},"geometry":{"type":"Point","coordinates":[-49.4608,-21.999]}},{"type":"Feature","properties":{"municipio":"c987ad0e-9434-4e1c-addb-d4a71858a3bb","title":"SP - PERUIBE","tipo":"Cebraspe","url":"\/dashboard\/details-assets\/c987ad0e-9434-4e1c-addb-d4a71858a3bb"},"geometry":{"type":"Point","coordinates":[-47.0012,-24.312]}},{"type":"Feature","properties":{"municipio":"23a0c4a5-df95-41f0-a58f-f6d966ff910a","title":"SP - PIRACICABA","tipo":"Cebraspe","url":"\/dashboard\/details-assets\/23a0c4a5-df95-41f0-a58f-f6d966ff910a"},"geometry":{"type":"Point","coordinates":[-47.6476,-22.7338]}},{"type":"Feature","properties":{"municipio":"ff0f3bb3-48f2-4099-af61-e20c7150fc5f","title":"SP - PARAGUACU PAULISTA","tipo":"Cebraspe","url":"\/dashboard\/details-assets\/ff0f3bb3-48f2-4099-af61-e20c7150fc5f"},"geometry":{"type":"Point","coordinates":[-50.5732,-22.4114]}},{"type":"Feature","properties":{"municipio":"e5d58954-b313-4732-9c0d-a2d436af5d03","title":"SP - PACAEMBU","tipo":"Cebraspe","url":"\/dashboard\/details-assets\/e5d58954-b313-4732-9c0d-a2d436af5d03"},"geometry":{"type":"Point","coordinates":[-51.2654,-21.5627]}},{"type":"Feature","properties":{"municipio":"a6e84ffe-d84c-4cb8-b4aa-25293aa25269","title":"SP - OURINHOS","tipo":"Cebraspe","url":"\/dashboard\/details-assets\/a6e84ffe-d84c-4cb8-b4aa-25293aa25269"},"geometry":{"type":"Point","coordinates":[-49.8697,-22.9797]}},{"type":"Feature","properties":{"municipio":"8a5c85b5-59d6-49c2-8f25-fb411b66910f","title":"SP - OSVALDO CRUZ","tipo":"Cebraspe","url":"\/dashboard\/details-assets\/8a5c85b5-59d6-49c2-8f25-fb411b66910f"},"geometry":{"type":"Point","coordinates":[-50.8793,-21.7968]}},{"type":"Feature","properties":{"municipio":"7ada177b-7faf-44f7-a0e3-3dfa5e4dca5a","title":"SP - OSASCO","tipo":"Cebraspe","url":"\/dashboard\/details-assets\/7ada177b-7faf-44f7-a0e3-3dfa5e4dca5a"},"geometry":{"type":"Point","coordinates":[-46.7916,-23.5324]}},{"type":"Feature","properties":{"municipio":"9182bf90-0ff8-443b-9434-99414cd0737d","title":"SP - NOVA INDEPENDENCIA","tipo":"Cebraspe","url":"\/dashboard\/details-assets\/9182bf90-0ff8-443b-9434-99414cd0737d"},"geometry":{"type":"Point","coordinates":[-51.4905,-21.1026]}},{"type":"Feature","properties":{"municipio":"446f07bb-66b2-4a44-8891-91786167b9f4","title":"SP - MONGAGUA","tipo":"Cebraspe","url":"\/dashboard\/details-assets\/446f07bb-66b2-4a44-8891-91786167b9f4"},"geometry":{"type":"Point","coordinates":[-46.6265,-24.0809]}},{"type":"Feature","properties":{"municipio":"e50389fa-21b6-48ef-b205-903ff5c3cfef","title":"SP - MOGI MIRIM","tipo":"Cebraspe","url":"\/dashboard\/details-assets\/e50389fa-21b6-48ef-b205-903ff5c3cfef"},"geometry":{"type":"Point","coordinates":[-46.9532,-22.4332]}},{"type":"Feature","properties":{"municipio":"850f124c-1c60-4a7d-b970-e2b21c420da2","title":"SP - MOGI GUACU","tipo":"Cebraspe","url":"\/dashboard\/details-assets\/850f124c-1c60-4a7d-b970-e2b21c420da2"},"geometry":{"type":"Point","coordinates":[-46.9428,-22.3675]}},{"type":"Feature","properties":{"municipio":"2acee39e-7a28-4e75-adb7-cb0399ed9e6f","title":"SP - MOGI DAS CRUZES","tipo":"Cebraspe","url":"\/dashboard\/details-assets\/2acee39e-7a28-4e75-adb7-cb0399ed9e6f"},"geometry":{"type":"Point","coordinates":[-46.1854,-23.5208]}},{"type":"Feature","properties":{"municipio":"944702e0-e8c2-4285-98e3-bc707c053b03","title":"SP - MOCOCA","tipo":"Cebraspe","url":"\/dashboard\/details-assets\/944702e0-e8c2-4285-98e3-bc707c053b03"},"geometry":{"type":"Point","coordinates":[-47.0024,-21.4647]}},{"type":"Feature","properties":{"municipio":"8ebf094b-80c2-42aa-aadf-b4afcf87e444","title":"SP - MIRANDOPOLIS","tipo":"Cebraspe","url":"\/dashboard\/details-assets\/8ebf094b-80c2-42aa-aadf-b4afcf87e444"},"geometry":{"type":"Point","coordinates":[-51.1035,-21.1313]}},{"type":"Feature","properties":{"municipio":"cbe6314a-2580-451c-a359-80097a3b45e1","title":"SP - MAUA","tipo":"Cebraspe","url":"\/dashboard\/details-assets\/cbe6314a-2580-451c-a359-80097a3b45e1"},"geometry":{"type":"Point","coordinates":[-46.4613,-23.6677]}},{"type":"Feature","properties":{"municipio":"c5c4b1dd-9a76-4bc5-97d2-a86de488ff19","title":"SP - MARTINOPOLIS","tipo":"Cebraspe","url":"\/dashboard\/details-assets\/c5c4b1dd-9a76-4bc5-97d2-a86de488ff19"},"geometry":{"type":"Point","coordinates":[-51.1709,-22.1462]}},{"type":"Feature","properties":{"municipio":"99a87e88-7b36-4973-9d98-0b83ed1e1dca","title":"SP - MARILIA","tipo":"Cebraspe","url":"\/dashboard\/details-assets\/99a87e88-7b36-4973-9d98-0b83ed1e1dca"},"geometry":{"type":"Point","coordinates":[-49.9501,-22.2171]}},{"type":"Feature","properties":{"municipio":"cb3246f4-a959-4086-a3ae-36c6ae7bf154","title":"SP - MARABA PAULISTA","tipo":"Cebraspe","url":"\/dashboard\/details-assets\/cb3246f4-a959-4086-a3ae-36c6ae7bf154"},"geometry":{"type":"Point","coordinates":[-51.9617,-22.1068]}},{"type":"Feature","properties":{"municipio":"95efda95-754e-4569-bb94-cc10efa660f4","title":"SP - MAIRINQUE","tipo":"Cebraspe","url":"\/dashboard\/details-assets\/95efda95-754e-4569-bb94-cc10efa660f4"},"geometry":{"type":"Point","coordinates":[-47.185,-23.5398]}},{"type":"Feature","properties":{"municipio":"6e43007a-7b3a-4da7-8b16-4167f3c6e80b","title":"SP - LUCELIA","tipo":"Cebraspe","url":"\/dashboard\/details-assets\/6e43007a-7b3a-4da7-8b16-4167f3c6e80b"},"geometry":{"type":"Point","coordinates":[-51.0215,-21.7182]}},{"type":"Feature","properties":{"municipio":"7c0fdead-7611-4e73-af6f-00a78062f02a","title":"SP - LORENA","tipo":"Cebraspe","url":"\/dashboard\/details-assets\/7c0fdead-7611-4e73-af6f-00a78062f02a"},"geometry":{"type":"Point","coordinates":[-45.1197,-22.7334]}},{"type":"Feature","properties":{"municipio":"634323c4-542b-433e-8f8f-88867edab3fa","title":"SP - LINS","tipo":"Cebraspe","url":"\/dashboard\/details-assets\/634323c4-542b-433e-8f8f-88867edab3fa"},"geometry":{"type":"Point","coordinates":[-49.7526,-21.6718]}},{"type":"Feature","properties":{"municipio":"2b606fee-7c46-4f82-a03b-be984f5a4e2d","title":"SP - LIMEIRA","tipo":"Cebraspe","url":"\/dashboard\/details-assets\/2b606fee-7c46-4f82-a03b-be984f5a4e2d"},"geometry":{"type":"Point","coordinates":[-47.397,-22.566]}},{"type":"Feature","properties":{"municipio":"867dc2b3-e1d8-48fb-ae04-c25e39c9942f","title":"SP - LAVINIA","tipo":"Cebraspe","url":"\/dashboard\/details-assets\/867dc2b3-e1d8-48fb-ae04-c25e39c9942f"},"geometry":{"type":"Point","coordinates":[-51.0412,-21.1639]}},{"type":"Feature","properties":{"municipio":"385fa21b-d353-49b6-b1a1-d933ce71abef","title":"SP - JUNDIAI","tipo":"Cebraspe","url":"\/dashboard\/details-assets\/385fa21b-d353-49b6-b1a1-d933ce71abef"},"geometry":{"type":"Point","coordinates":[-46.8974,-23.1852]}},{"type":"Feature","properties":{"municipio":"6d37ac70-86eb-4fdb-8744-d01971f335e0","title":"SP - JUNQUEIROPOLIS","tipo":"Cebraspe","url":"\/dashboard\/details-assets\/6d37ac70-86eb-4fdb-8744-d01971f335e0"},"geometry":{"type":"Point","coordinates":[-51.4342,-21.5103]}},{"type":"Feature","properties":{"municipio":"ef189e1f-11f2-4d86-a31c-4926158c6df5","title":"SP - JAU","tipo":"Cebraspe","url":"\/dashboard\/details-assets\/ef189e1f-11f2-4d86-a31c-4926158c6df5"},"geometry":{"type":"Point","coordinates":[-48.5592,-22.2936]}},{"type":"Feature","properties":{"municipio":"17936ab8-8990-41a1-809e-b3782827673d","title":"SP - JARDINOPOLIS","tipo":"Cebraspe","url":"\/dashboard\/details-assets\/17936ab8-8990-41a1-809e-b3782827673d"},"geometry":{"type":"Point","coordinates":[-47.7606,-21.0176]}},{"type":"Feature","properties":{"municipio":"df408645-1ad2-4bd4-9e1b-0631d95b11ab","title":"SP - JACAREI","tipo":"Cebraspe","url":"\/dashboard\/details-assets\/df408645-1ad2-4bd4-9e1b-0631d95b11ab"},"geometry":{"type":"Point","coordinates":[-45.9658,-23.2983]}},{"type":"Feature","properties":{"municipio":"86eea6a8-49fc-4e72-8e64-aec67bb96515","title":"SP - ITIRAPINA","tipo":"Cebraspe","url":"\/dashboard\/details-assets\/86eea6a8-49fc-4e72-8e64-aec67bb96515"},"geometry":{"type":"Point","coordinates":[-47.8166,-22.2562]}},{"type":"Feature","properties":{"municipio":"ca58867d-0a92-4104-b139-361d20f5b45a","title":"SP - ITATINGA","tipo":"Cebraspe","url":"\/dashboard\/details-assets\/ca58867d-0a92-4104-b139-361d20f5b45a"},"geometry":{"type":"Point","coordinates":[-48.6157,-23.1047]}},{"type":"Feature","properties":{"municipio":"021ed40a-6ba1-4dd4-8225-457a5e5d25a2","title":"SP - ITAQUAQUECETUBA","tipo":"Cebraspe","url":"\/dashboard\/details-assets\/021ed40a-6ba1-4dd4-8225-457a5e5d25a2"},"geometry":{"type":"Point","coordinates":[-46.3457,-23.4835]}},{"type":"Feature","properties":{"municipio":"c908ff55-f1bf-404a-bdd6-6d4e44dffd8a","title":"SP - ITAPETININGA","tipo":"Cebraspe","url":"\/dashboard\/details-assets\/c908ff55-f1bf-404a-bdd6-6d4e44dffd8a"},"geometry":{"type":"Point","coordinates":[-48.0483,-23.5886]}},{"type":"Feature","properties":{"municipio":"16e6b8da-7603-4bea-8cb4-869dd365be6f","title":"SP - ITAI","tipo":"Cebraspe","url":"\/dashboard\/details-assets\/16e6b8da-7603-4bea-8cb4-869dd365be6f"},"geometry":{"type":"Point","coordinates":[-49.092,-23.4213]}},{"type":"Feature","properties":{"municipio":"5574fc87-5110-46d6-b85a-9b84fabc704a","title":"SP - ITAPECERICA DA SERRA","tipo":"Cebraspe","url":"\/dashboard\/details-assets\/5574fc87-5110-46d6-b85a-9b84fabc704a"},"geometry":{"type":"Point","coordinates":[-46.8572,-23.7161]}},{"type":"Feature","properties":{"municipio":"0d187aca-ae4a-4b8a-844f-f3240516f27f","title":"SP - IRAPURU","tipo":"Cebraspe","url":"\/dashboard\/details-assets\/0d187aca-ae4a-4b8a-844f-f3240516f27f"},"geometry":{"type":"Point","coordinates":[-51.3472,-21.5684]}},{"type":"Feature","properties":{"municipio":"43e7e0ef-492d-4b1f-a129-32f75af33a7e","title":"SP - IPERO","tipo":"Cebraspe","url":"\/dashboard\/details-assets\/43e7e0ef-492d-4b1f-a129-32f75af33a7e"},"geometry":{"type":"Point","coordinates":[-47.6927,-23.3513]}},{"type":"Feature","properties":{"municipio":"0c501c83-e2c3-483f-8c95-b4218c41835f","title":"SP - ICEM","tipo":"Cebraspe","url":"\/dashboard\/details-assets\/0c501c83-e2c3-483f-8c95-b4218c41835f"},"geometry":{"type":"Point","coordinates":[-49.1915,-20.3391]}},{"type":"Feature","properties":{"municipio":"81a65037-0341-4e24-b1d0-a9e746b4f03f","title":"SP - IARAS","tipo":"Cebraspe","url":"\/dashboard\/details-assets\/81a65037-0341-4e24-b1d0-a9e746b4f03f"},"geometry":{"type":"Point","coordinates":[-49.1634,-22.8682]}},{"type":"Feature","properties":{"municipio":"fdf57d0d-2a95-4ae3-8353-38d28afe5f76","title":"SP - HORTOLANDIA","tipo":"Cebraspe","url":"\/dashboard\/details-assets\/fdf57d0d-2a95-4ae3-8353-38d28afe5f76"},"geometry":{"type":"Point","coordinates":[-47.2143,-22.8529]}},{"type":"Feature","properties":{"municipio":"277a3dd6-42c6-43b2-b3bf-e1656f585c87","title":"SP - GUARULHOS","tipo":"Cebraspe","url":"\/dashboard\/details-assets\/277a3dd6-42c6-43b2-b3bf-e1656f585c87"},"geometry":{"type":"Point","coordinates":[-46.5333,-23.4538]}},{"type":"Feature","properties":{"municipio":"34707a7e-ca95-4019-a213-4cf316f5eb50","title":"SP - GUARIBA","tipo":"Cebraspe","url":"\/dashboard\/details-assets\/34707a7e-ca95-4019-a213-4cf316f5eb50"},"geometry":{"type":"Point","coordinates":[-48.2316,-21.3594]}},{"type":"Feature","properties":{"municipio":"ac2e5c0c-2586-4019-97d8-780aa9f2413c","title":"SP - GUAREI","tipo":"Cebraspe","url":"\/dashboard\/details-assets\/ac2e5c0c-2586-4019-97d8-780aa9f2413c"},"geometry":{"type":"Point","coordinates":[-48.1837,-23.3714]}},{"type":"Feature","properties":{"municipio":"fd5890fb-6344-4bf5-b143-e4ebb9d20619","title":"SP - GETULINA","tipo":"Cebraspe","url":"\/dashboard\/details-assets\/fd5890fb-6344-4bf5-b143-e4ebb9d20619"},"geometry":{"type":"Point","coordinates":[-49.9312,-21.7961]}},{"type":"Feature","properties":{"municipio":"c4a4d8d7-df5d-48b0-b8de-f444dbc7fb12","title":"SP - GALIA","tipo":"Cebraspe","url":"\/dashboard\/details-assets\/c4a4d8d7-df5d-48b0-b8de-f444dbc7fb12"},"geometry":{"type":"Point","coordinates":[-49.5504,-22.2918]}},{"type":"Feature","properties":{"municipio":"1d1d87e4-be23-4b3f-b83f-099f919fced7","title":"SP - FRANCO DA ROCHA","tipo":"Cebraspe","url":"\/dashboard\/details-assets\/1d1d87e4-be23-4b3f-b83f-099f919fced7"},"geometry":{"type":"Point","coordinates":[-46.729,-23.3229]}},{"type":"Feature","properties":{"municipio":"b135a81e-ea2e-4cb9-b176-70a176cdffb6","title":"SP - FLORINIA","tipo":"Cebraspe","url":"\/dashboard\/details-assets\/b135a81e-ea2e-4cb9-b176-70a176cdffb6"},"geometry":{"type":"Point","coordinates":[-50.6814,-22.868]}},{"type":"Feature","properties":{"municipio":"92576f58-cb1c-4c50-a89d-8f7f8547f1ab","title":"SP - FRANCA","tipo":"Cebraspe","url":"\/dashboard\/details-assets\/92576f58-cb1c-4c50-a89d-8f7f8547f1ab"},"geometry":{"type":"Point","coordinates":[-47.4039,-20.5352]}},{"type":"Feature","properties":{"municipio":"7c1217ff-4d4b-40f2-9f16-5d0dcfb250bd","title":"SP - FLORIDA PAULISTA","tipo":"Cebraspe","url":"\/dashboard\/details-assets\/7c1217ff-4d4b-40f2-9f16-5d0dcfb250bd"},"geometry":{"type":"Point","coordinates":[-51.1724,-21.6127]}},{"type":"Feature","properties":{"municipio":"8a14a795-f479-4ef6-94d6-d3245a5f8998","title":"SP - DRACENA","tipo":"Cebraspe","url":"\/dashboard\/details-assets\/8a14a795-f479-4ef6-94d6-d3245a5f8998"},"geometry":{"type":"Point","coordinates":[-51.535,-21.4843]}},{"type":"Feature","properties":{"municipio":"919de881-40b1-444e-aef8-a40cb926df82","title":"SP - DIADEMA","tipo":"Cebraspe","url":"\/dashboard\/details-assets\/919de881-40b1-444e-aef8-a40cb926df82"},"geometry":{"type":"Point","coordinates":[-46.6205,-23.6813]}},{"type":"Feature","properties":{"municipio":"21532e9a-b140-4eb4-9b07-b996db188c2e","title":"SP - CERQUEIRA CESAR","tipo":"Cebraspe","url":"\/dashboard\/details-assets\/21532e9a-b140-4eb4-9b07-b996db188c2e"},"geometry":{"type":"Point","coordinates":[-49.1655,-23.038]}},{"type":"Feature","properties":{"municipio":"077cfc8d-2cd3-4b62-9b10-70fcad9aa866","title":"SP - CASA BRANCA","tipo":"Cebraspe","url":"\/dashboard\/details-assets\/077cfc8d-2cd3-4b62-9b10-70fcad9aa866"},"geometry":{"type":"Point","coordinates":[-47.0852,-21.7708]}},{"type":"Feature","properties":{"municipio":"0848a572-0d34-4dd2-a490-1e872c9208bb","title":"SP - CARAGUATATUBA","tipo":"Cebraspe","url":"\/dashboard\/details-assets\/0848a572-0d34-4dd2-a490-1e872c9208bb"},"geometry":{"type":"Point","coordinates":[-45.4125,-23.6125]}},{"type":"Feature","properties":{"municipio":"e064c7fb-fc9f-4c71-ab35-8b20f1e7ae7a","title":"SP - CAPELA DO ALTO","tipo":"Cebraspe","url":"\/dashboard\/details-assets\/e064c7fb-fc9f-4c71-ab35-8b20f1e7ae7a"},"geometry":{"type":"Point","coordinates":[-47.7388,-23.4685]}},{"type":"Feature","properties":{"municipio":"535ab0ef-81fe-450b-8372-433d9f39b453","title":"SP - CAMPINAS","tipo":"Cebraspe","url":"\/dashboard\/details-assets\/535ab0ef-81fe-450b-8372-433d9f39b453"},"geometry":{"type":"Point","coordinates":[-47.0659,-22.9053]}},{"type":"Feature","properties":{"municipio":"137ecd6d-d976-4da2-9ef5-e12bc67f683f","title":"SP - BRAGANCA PAULISTA","tipo":"Cebraspe","url":"\/dashboard\/details-assets\/137ecd6d-d976-4da2-9ef5-e12bc67f683f"},"geometry":{"type":"Point","coordinates":[-46.5419,-22.9527]}},{"type":"Feature","properties":{"municipio":"e1a4ac7d-fcfb-460e-a965-ea61cf46799c","title":"SP - CAIUA","tipo":"Cebraspe","url":"\/dashboard\/details-assets\/e1a4ac7d-fcfb-460e-a965-ea61cf46799c"},"geometry":{"type":"Point","coordinates":[-51.9969,-21.8322]}},{"type":"Feature","properties":{"municipio":"67b576f9-f874-4e67-82cc-5a69d3dec56f","title":"SP - BOTUCATU","tipo":"Cebraspe","url":"\/dashboard\/details-assets\/67b576f9-f874-4e67-82cc-5a69d3dec56f"},"geometry":{"type":"Point","coordinates":[-48.4437,-22.8837]}},{"type":"Feature","properties":{"municipio":"1a8f4571-09a3-426a-9f38-8623b5cccd1e","title":"SP - BIRIGUI","tipo":"Cebraspe","url":"\/dashboard\/details-assets\/1a8f4571-09a3-426a-9f38-8623b5cccd1e"},"geometry":{"type":"Point","coordinates":[-50.3432,-21.291]}},{"type":"Feature","properties":{"municipio":"503ee098-1c99-4f38-9c51-55b2a772f828","title":"SP - BERNARDINO DE CAMPOS","tipo":"Cebraspe","url":"\/dashboard\/details-assets\/503ee098-1c99-4f38-9c51-55b2a772f828"},"geometry":{"type":"Point","coordinates":[-49.4679,-23.0164]}},{"type":"Feature","properties":{"municipio":"a8a59fbb-b061-4ac3-bda1-53040041cc22","title":"SP - BAURU","tipo":"Cebraspe","url":"\/dashboard\/details-assets\/a8a59fbb-b061-4ac3-bda1-53040041cc22"},"geometry":{"type":"Point","coordinates":[-49.0871,-22.3246]}},{"type":"Feature","properties":{"municipio":"2a53a9f6-cce3-42bb-955d-fd23f54b84fe","title":"SP - BALBINOS","tipo":"Cebraspe","url":"\/dashboard\/details-assets\/2a53a9f6-cce3-42bb-955d-fd23f54b84fe"},"geometry":{"type":"Point","coordinates":[-49.3619,-21.8963]}},{"type":"Feature","properties":{"municipio":"d983e700-7f46-4f6d-9adf-7f3b3c6f025c","title":"SP - AVARE","tipo":"Cebraspe","url":"\/dashboard\/details-assets\/d983e700-7f46-4f6d-9adf-7f3b3c6f025c"},"geometry":{"type":"Point","coordinates":[-48.9251,-23.1067]}},{"type":"Feature","properties":{"municipio":"79e73561-9e2e-4074-a137-64bde1580113","title":"SP - AVANHANDAVA","tipo":"Cebraspe","url":"\/dashboard\/details-assets\/79e73561-9e2e-4074-a137-64bde1580113"},"geometry":{"type":"Point","coordinates":[-49.9509,-21.4584]}},{"type":"Feature","properties":{"municipio":"a871bd8a-6a8e-411d-b37e-95269c171617","title":"SP - ATIBAIA","tipo":"Cebraspe","url":"\/dashboard\/details-assets\/a871bd8a-6a8e-411d-b37e-95269c171617"},"geometry":{"type":"Point","coordinates":[-46.5563,-23.1171]}},{"type":"Feature","properties":{"municipio":"16679b10-2763-4ba5-b84d-b397f92e2c50","title":"SP - ASSIS","tipo":"Cebraspe","url":"\/dashboard\/details-assets\/16679b10-2763-4ba5-b84d-b397f92e2c50"},"geometry":{"type":"Point","coordinates":[-50.4183,-22.66]}},{"type":"Feature","properties":{"municipio":"a0a0ec27-a84a-4c3c-b5b6-3132ddb2ce37","title":"SP - ARARAQUARA","tipo":"Cebraspe","url":"\/dashboard\/details-assets\/a0a0ec27-a84a-4c3c-b5b6-3132ddb2ce37"},"geometry":{"type":"Point","coordinates":[-48.178,-21.7845]}},{"type":"Feature","properties":{"municipio":"4fe36832-dc0b-4b47-a2de-2ad07170f097","title":"SP - ARACATUBA","tipo":"Cebraspe","url":"\/dashboard\/details-assets\/4fe36832-dc0b-4b47-a2de-2ad07170f097"},"geometry":{"type":"Point","coordinates":[-50.4401,-21.2076]}},{"type":"Feature","properties":{"municipio":"e445c434-7d59-4c57-baec-1b69294f5a2a","title":"SP - ANDRADINA","tipo":"Cebraspe","url":"\/dashboard\/details-assets\/e445c434-7d59-4c57-baec-1b69294f5a2a"},"geometry":{"type":"Point","coordinates":[-51.3786,-20.8948]}},{"type":"Feature","properties":{"municipio":"00d05869-79d6-4816-b37a-d9f9c7f04c93","title":"SP - ALVARO DE CARVALHO","tipo":"Cebraspe","url":"\/dashboard\/details-assets\/00d05869-79d6-4816-b37a-d9f9c7f04c93"},"geometry":{"type":"Point","coordinates":[-49.719,-22.0841]}},{"type":"Feature","properties":{"municipio":"86a92069-060e-4bc6-a395-a6a6f6b7ca49","title":"SP - AMERICANA","tipo":"Cebraspe","url":"\/dashboard\/details-assets\/86a92069-060e-4bc6-a395-a6a6f6b7ca49"},"geometry":{"type":"Point","coordinates":[-47.3331,-22.7374]}},{"type":"Feature","properties":{"municipio":"2ed3a72f-4cf3-494e-908d-5034a9a43ea6","title":"SP - AGUAI","tipo":"Cebraspe","url":"\/dashboard\/details-assets\/2ed3a72f-4cf3-494e-908d-5034a9a43ea6"},"geometry":{"type":"Point","coordinates":[-46.9735,-22.0572]}},{"type":"Feature","properties":{"municipio":"e495b451-b67b-4fb7-9583-36f33b47d7d0","title":"SE - TOBIAS BARRETO","tipo":"Cebraspe","url":"\/dashboard\/details-assets\/e495b451-b67b-4fb7-9583-36f33b47d7d0"},"geometry":{"type":"Point","coordinates":[-37.9995,-11.1798]}},{"type":"Feature","properties":{"municipio":"1217590a-9761-4c70-8dc7-ed184f5722bc","title":"SE - SAO CRISTOVAO","tipo":"Cebraspe","url":"\/dashboard\/details-assets\/1217590a-9761-4c70-8dc7-ed184f5722bc"},"geometry":{"type":"Point","coordinates":[-37.2044,-11.0084]}},{"type":"Feature","properties":{"municipio":"46f0d9ad-ddf2-4a02-8e14-48c2ed582fed","title":"SE - NOSSA SENHORA DO SOCORRO","tipo":"Cebraspe","url":"\/dashboard\/details-assets\/46f0d9ad-ddf2-4a02-8e14-48c2ed582fed"},"geometry":{"type":"Point","coordinates":[-37.1231,-10.8468]}},{"type":"Feature","properties":{"municipio":"3fc87157-38d5-44d8-b3e8-ff543814615e","title":"SE - ESTANCIA","tipo":"Cebraspe","url":"\/dashboard\/details-assets\/3fc87157-38d5-44d8-b3e8-ff543814615e"},"geometry":{"type":"Point","coordinates":[-37.4484,-11.2659]}},{"type":"Feature","properties":{"municipio":"391800a3-e9f5-4ca8-8af9-cbdf7302774d","title":"SE - AREIA BRANCA","tipo":"Cebraspe","url":"\/dashboard\/details-assets\/391800a3-e9f5-4ca8-8af9-cbdf7302774d"},"geometry":{"type":"Point","coordinates":[-37.3251,-10.758]}},{"type":"Feature","properties":{"municipio":"c4c92c3c-48bd-4eca-ae0b-43be584cb39d","title":"SE - ARACAJU","tipo":"Cebraspe","url":"\/dashboard\/details-assets\/c4c92c3c-48bd-4eca-ae0b-43be584cb39d"},"geometry":{"type":"Point","coordinates":[-37.0677,-10.9091]}},{"type":"Feature","properties":{"municipio":"3cf2e3f0-ed84-4f2c-ae53-c3fcb9783092","title":"SC - VIDEIRA","tipo":"Cebraspe","url":"\/dashboard\/details-assets\/3cf2e3f0-ed84-4f2c-ae53-c3fcb9783092"},"geometry":{"type":"Point","coordinates":[-51.1543,-27.0086]}},{"type":"Feature","properties":{"municipio":"bdd34cb4-1faa-43f5-9245-0c1cad5f50dd","title":"SC - XANXERE","tipo":"Cebraspe","url":"\/dashboard\/details-assets\/bdd34cb4-1faa-43f5-9245-0c1cad5f50dd"},"geometry":{"type":"Point","coordinates":[-52.4036,-26.8747]}},{"type":"Feature","properties":{"municipio":"a4f88fae-2ac6-4d79-ac6f-302658b0d7da","title":"SC - TUBARAO","tipo":"Cebraspe","url":"\/dashboard\/details-assets\/a4f88fae-2ac6-4d79-ac6f-302658b0d7da"},"geometry":{"type":"Point","coordinates":[-49.0144,-28.4713]}},{"type":"Feature","properties":{"municipio":"d8e3bb5b-bb92-4dbb-aa3d-3277ea42b7bb","title":"SC - TIJUCAS","tipo":"Cebraspe","url":"\/dashboard\/details-assets\/d8e3bb5b-bb92-4dbb-aa3d-3277ea42b7bb"},"geometry":{"type":"Point","coordinates":[-48.6322,-27.2354]}},{"type":"Feature","properties":{"municipio":"ecc53019-0cf3-4946-bf85-35df51b89189","title":"SC - SAO PEDRO DE ALCANTARA","tipo":"Cebraspe","url":"\/dashboard\/details-assets\/ecc53019-0cf3-4946-bf85-35df51b89189"},"geometry":{"type":"Point","coordinates":[-48.8048,-27.5665]}},{"type":"Feature","properties":{"municipio":"4748ed4c-ceae-477e-b71a-19e32ca6a0f6","title":"SC - SAO MIGUEL DO OESTE","tipo":"Cebraspe","url":"\/dashboard\/details-assets\/4748ed4c-ceae-477e-b71a-19e32ca6a0f6"},"geometry":{"type":"Point","coordinates":[-53.5163,-26.7242]}},{"type":"Feature","properties":{"municipio":"cddb0a3e-4d14-46ad-923e-0c7616ccbd53","title":"SC - SAO JOSE DO CEDRO","tipo":"Cebraspe","url":"\/dashboard\/details-assets\/cddb0a3e-4d14-46ad-923e-0c7616ccbd53"},"geometry":{"type":"Point","coordinates":[-53.4955,-26.4561]}},{"type":"Feature","properties":{"municipio":"0712ae69-56a0-4e20-bd22-cef8c32db56d","title":"SC - SAO JOSE","tipo":"Cebraspe","url":"\/dashboard\/details-assets\/0712ae69-56a0-4e20-bd22-cef8c32db56d"},"geometry":{"type":"Point","coordinates":[-48.6366,-27.6136]}},{"type":"Feature","properties":{"municipio":"0ba0c0ac-03a2-4d59-8cde-787221f5466e","title":"SC - SAO FRANCISCO DO SUL","tipo":"Cebraspe","url":"\/dashboard\/details-assets\/0ba0c0ac-03a2-4d59-8cde-787221f5466e"},"geometry":{"type":"Point","coordinates":[-48.6344,-26.2579]}},{"type":"Feature","properties":{"municipio":"c3c6cf45-f398-407c-9437-15bf0b95fde9","title":"SC - SAO CRISTOVAO DO SUL","tipo":"Cebraspe","url":"\/dashboard\/details-assets\/c3c6cf45-f398-407c-9437-15bf0b95fde9"},"geometry":{"type":"Point","coordinates":[-50.4388,-27.2666]}},{"type":"Feature","properties":{"municipio":"e15ae6e4-898a-4b18-a96b-f8448859f93a","title":"SC - SAO BENTO DO SUL","tipo":"Cebraspe","url":"\/dashboard\/details-assets\/e15ae6e4-898a-4b18-a96b-f8448859f93a"},"geometry":{"type":"Point","coordinates":[-49.3831,-26.2495]}},{"type":"Feature","properties":{"municipio":"0d9af098-ce10-4b8d-bbdb-13b6ad0cd91e","title":"SC - RIO DO SUL","tipo":"Cebraspe","url":"\/dashboard\/details-assets\/0d9af098-ce10-4b8d-bbdb-13b6ad0cd91e"},"geometry":{"type":"Point","coordinates":[-49.643,-27.2156]}},{"type":"Feature","properties":{"municipio":"1b2b0308-f21d-4007-af71-a8155a37fdc2","title":"SC - PORTO UNIAO","tipo":"Cebraspe","url":"\/dashboard\/details-assets\/1b2b0308-f21d-4007-af71-a8155a37fdc2"},"geometry":{"type":"Point","coordinates":[-51.0759,-26.2451]}},{"type":"Feature","properties":{"municipio":"e0f20cea-6c40-4849-b24a-3e9947bb0ee8","title":"SC - PALHOCA","tipo":"Cebraspe","url":"\/dashboard\/details-assets\/e0f20cea-6c40-4849-b24a-3e9947bb0ee8"},"geometry":{"type":"Point","coordinates":[-48.6697,-27.6455]}},{"type":"Feature","properties":{"municipio":"c4f6d066-364e-4c9a-9add-b68d6f3ce6e2","title":"SC - MAFRA","tipo":"Cebraspe","url":"\/dashboard\/details-assets\/c4f6d066-364e-4c9a-9add-b68d6f3ce6e2"},"geometry":{"type":"Point","coordinates":[-49.8086,-26.1159]}},{"type":"Feature","properties":{"municipio":"1418b201-7f64-4d3a-9f64-bcb72db75c7e","title":"SC - MARAVILHA","tipo":"Cebraspe","url":"\/dashboard\/details-assets\/1418b201-7f64-4d3a-9f64-bcb72db75c7e"},"geometry":{"type":"Point","coordinates":[-53.1737,-26.7665]}},{"type":"Feature","properties":{"municipio":"d8306f0f-c9b1-4a48-ba3c-c8c4a710215c","title":"SC - LAGUNA","tipo":"Cebraspe","url":"\/dashboard\/details-assets\/d8306f0f-c9b1-4a48-ba3c-c8c4a710215c"},"geometry":{"type":"Point","coordinates":[-48.7772,-28.4843]}},{"type":"Feature","properties":{"municipio":"7a8e025a-5355-4347-b7ff-3b71aada6328","title":"SC - LAGES","tipo":"Cebraspe","url":"\/dashboard\/details-assets\/7a8e025a-5355-4347-b7ff-3b71aada6328"},"geometry":{"type":"Point","coordinates":[-50.3259,-27.815]}},{"type":"Feature","properties":{"municipio":"60ba4771-0ffc-495b-bb21-8dd93afe2a01","title":"SC - JOINVILLE","tipo":"Cebraspe","url":"\/dashboard\/details-assets\/60ba4771-0ffc-495b-bb21-8dd93afe2a01"},"geometry":{"type":"Point","coordinates":[-48.8487,-26.3045]}},{"type":"Feature","properties":{"municipio":"b6cd662c-bc81-4bff-9021-08545be3579b","title":"SC - JOACABA","tipo":"Cebraspe","url":"\/dashboard\/details-assets\/b6cd662c-bc81-4bff-9021-08545be3579b"},"geometry":{"type":"Point","coordinates":[-51.5108,-27.1721]}},{"type":"Feature","properties":{"municipio":"6bcce74b-f1f2-4b02-9817-d0f3c42d8947","title":"SC - JARAGUA DO SUL","tipo":"Cebraspe","url":"\/dashboard\/details-assets\/6bcce74b-f1f2-4b02-9817-d0f3c42d8947"},"geometry":{"type":"Point","coordinates":[-49.0713,-26.4851]}},{"type":"Feature","properties":{"municipio":"ceef495a-f0ab-4a95-98e1-28f5330e8e90","title":"SC - ITUPORANGA","tipo":"Cebraspe","url":"\/dashboard\/details-assets\/ceef495a-f0ab-4a95-98e1-28f5330e8e90"},"geometry":{"type":"Point","coordinates":[-49.5963,-27.4101]}},{"type":"Feature","properties":{"municipio":"972b1fc5-a38d-4d16-9815-831c57f2a1cf","title":"SC - ITAPEMA","tipo":"Cebraspe","url":"\/dashboard\/details-assets\/972b1fc5-a38d-4d16-9815-831c57f2a1cf"},"geometry":{"type":"Point","coordinates":[-48.616,-27.0861]}},{"type":"Feature","properties":{"municipio":"e5701b42-a1bd-47e5-aff0-9dbccc21365f","title":"SC - ITAJAI","tipo":"Cebraspe","url":"\/dashboard\/details-assets\/e5701b42-a1bd-47e5-aff0-9dbccc21365f"},"geometry":{"type":"Point","coordinates":[-48.6705,-26.9101]}},{"type":"Feature","properties":{"municipio":"925733bd-83cb-4eef-a9ec-216fdf705cb9","title":"SC - INDAIAL","tipo":"Cebraspe","url":"\/dashboard\/details-assets\/925733bd-83cb-4eef-a9ec-216fdf705cb9"},"geometry":{"type":"Point","coordinates":[-49.2354,-26.8992]}},{"type":"Feature","properties":{"municipio":"d590701f-73a1-4fb2-9bc1-13c621a3092a","title":"SC - IMBITUBA","tipo":"Cebraspe","url":"\/dashboard\/details-assets\/d590701f-73a1-4fb2-9bc1-13c621a3092a"},"geometry":{"type":"Point","coordinates":[-48.6659,-28.2284]}},{"type":"Feature","properties":{"municipio":"dcaa14f7-bbad-445b-864b-0710bb1eb4b9","title":"SC - FLORIANOPOLIS","tipo":"Cebraspe","url":"\/dashboard\/details-assets\/dcaa14f7-bbad-445b-864b-0710bb1eb4b9"},"geometry":{"type":"Point","coordinates":[-48.5477,-27.5945]}},{"type":"Feature","properties":{"municipio":"94907c77-b2a1-4860-8d69-3717cd8ac800","title":"SC - CURITIBANOS","tipo":"Cebraspe","url":"\/dashboard\/details-assets\/94907c77-b2a1-4860-8d69-3717cd8ac800"},"geometry":{"type":"Point","coordinates":[-50.5816,-27.2824]}},{"type":"Feature","properties":{"municipio":"a57ae22a-bd07-4964-8ba2-e31d656f497a","title":"SC - CRICIUMA","tipo":"Cebraspe","url":"\/dashboard\/details-assets\/a57ae22a-bd07-4964-8ba2-e31d656f497a"},"geometry":{"type":"Point","coordinates":[-49.3729,-28.6723]}},{"type":"Feature","properties":{"municipio":"c0712854-6f22-4f12-a317-52d76180c665","title":"SC - CONCORDIA","tipo":"Cebraspe","url":"\/dashboard\/details-assets\/c0712854-6f22-4f12-a317-52d76180c665"},"geometry":{"type":"Point","coordinates":[-52.026,-27.2335]}},{"type":"Feature","properties":{"municipio":"1b67e592-7c94-4ee0-b748-6d9e05a5768a","title":"SC - CHAPECO","tipo":"Cebraspe","url":"\/dashboard\/details-assets\/1b67e592-7c94-4ee0-b748-6d9e05a5768a"},"geometry":{"type":"Point","coordinates":[-52.6152,-27.1004]}},{"type":"Feature","properties":{"municipio":"21831c8d-43b0-4f29-bedc-94dd9dcd4d9f","title":"SC - CANOINHAS","tipo":"Cebraspe","url":"\/dashboard\/details-assets\/21831c8d-43b0-4f29-bedc-94dd9dcd4d9f"},"geometry":{"type":"Point","coordinates":[-50.395,-26.1766]}},{"type":"Feature","properties":{"municipio":"911dc86b-b841-427e-81b4-6305e08613e1","title":"SC - CACADOR","tipo":"Cebraspe","url":"\/dashboard\/details-assets\/911dc86b-b841-427e-81b4-6305e08613e1"},"geometry":{"type":"Point","coordinates":[-51.012,-26.7757]}},{"type":"Feature","properties":{"municipio":"76335e22-2f2a-4b40-927f-d81c754c5ab0","title":"SC - CAMPOS NOVOS","tipo":"Cebraspe","url":"\/dashboard\/details-assets\/76335e22-2f2a-4b40-927f-d81c754c5ab0"},"geometry":{"type":"Point","coordinates":[-51.2276,-27.4002]}},{"type":"Feature","properties":{"municipio":"1fef198e-f2cc-4c98-bb9b-205e2e6baf88","title":"SC - BRUSQUE","tipo":"Cebraspe","url":"\/dashboard\/details-assets\/1fef198e-f2cc-4c98-bb9b-205e2e6baf88"},"geometry":{"type":"Point","coordinates":[-48.9107,-27.0977]}},{"type":"Feature","properties":{"municipio":"fbc38fa7-9e6a-4e47-bd87-c09a32d3043a","title":"SC - BLUMENAU","tipo":"Cebraspe","url":"\/dashboard\/details-assets\/fbc38fa7-9e6a-4e47-bd87-c09a32d3043a"},"geometry":{"type":"Point","coordinates":[-49.0709,-26.9155]}},{"type":"Feature","properties":{"municipio":"dc7fca8e-05ee-4aa0-be71-7ce1453a36c6","title":"SC - BIGUACU","tipo":"Cebraspe","url":"\/dashboard\/details-assets\/dc7fca8e-05ee-4aa0-be71-7ce1453a36c6"},"geometry":{"type":"Point","coordinates":[-48.6598,-27.496]}},{"type":"Feature","properties":{"municipio":"fb787062-da9d-4d32-8474-f1525be81ce6","title":"SC - BARRA VELHA","tipo":"Cebraspe","url":"\/dashboard\/details-assets\/fb787062-da9d-4d32-8474-f1525be81ce6"},"geometry":{"type":"Point","coordinates":[-48.6933,-26.637]}},{"type":"Feature","properties":{"municipio":"4a1469db-0211-4202-a215-4e94e281dca6","title":"SC - ARARANGUA","tipo":"Cebraspe","url":"\/dashboard\/details-assets\/4a1469db-0211-4202-a215-4e94e281dca6"},"geometry":{"type":"Point","coordinates":[-49.4918,-28.9356]}},{"type":"Feature","properties":{"municipio":"f249db13-3ba7-4ebf-9207-ced84eb90a15","title":"RS - VENANCIO AIRES","tipo":"Cebraspe","url":"\/dashboard\/details-assets\/f249db13-3ba7-4ebf-9207-ced84eb90a15"},"geometry":{"type":"Point","coordinates":[-52.1932,-29.6143]}},{"type":"Feature","properties":{"municipio":"c45eda87-b630-44d5-9efe-1909ab6d04cc","title":"RS - VACARIA","tipo":"Cebraspe","url":"\/dashboard\/details-assets\/c45eda87-b630-44d5-9efe-1909ab6d04cc"},"geometry":{"type":"Point","coordinates":[-50.9418,-28.5079]}},{"type":"Feature","properties":{"municipio":"d31ba77e-09b8-4137-8e67-728a9d7b64f1","title":"RS - URUGUAIANA","tipo":"Cebraspe","url":"\/dashboard\/details-assets\/d31ba77e-09b8-4137-8e67-728a9d7b64f1"},"geometry":{"type":"Point","coordinates":[-57.0853,-29.7614]}},{"type":"Feature","properties":{"municipio":"a963ab63-20df-4335-942a-200c56ccd6d7","title":"RS - TRES PASSOS","tipo":"Cebraspe","url":"\/dashboard\/details-assets\/a963ab63-20df-4335-942a-200c56ccd6d7"},"geometry":{"type":"Point","coordinates":[-53.9296,-27.4555]}},{"type":"Feature","properties":{"municipio":"5e379813-2b5c-4ea4-9c1b-498f9534df95","title":"RS - TORRES","tipo":"Cebraspe","url":"\/dashboard\/details-assets\/5e379813-2b5c-4ea4-9c1b-498f9534df95"},"geometry":{"type":"Point","coordinates":[-49.7333,-29.3334]}},{"type":"Feature","properties":{"municipio":"280007c8-4908-40e3-aca0-1fd8f8fe1c61","title":"RS - TAQUARA","tipo":"Cebraspe","url":"\/dashboard\/details-assets\/280007c8-4908-40e3-aca0-1fd8f8fe1c61"},"geometry":{"type":"Point","coordinates":[-50.7753,-29.6505]}},{"type":"Feature","properties":{"municipio":"e7685468-23c1-4147-b7ac-05121826e8e5","title":"RS - SOLEDADE","tipo":"Cebraspe","url":"\/dashboard\/details-assets\/e7685468-23c1-4147-b7ac-05121826e8e5"},"geometry":{"type":"Point","coordinates":[-52.5131,-28.8306]}},{"type":"Feature","properties":{"municipio":"f0d497c8-6070-42b3-bccf-96767389384e","title":"RS - SARANDI","tipo":"Cebraspe","url":"\/dashboard\/details-assets\/f0d497c8-6070-42b3-bccf-96767389384e"},"geometry":{"type":"Point","coordinates":[-52.9231,-27.942]}},{"type":"Feature","properties":{"municipio":"78e5eb57-4d06-4a98-9871-a18c0d4fb785","title":"RS - SOBRADINHO","tipo":"Cebraspe","url":"\/dashboard\/details-assets\/78e5eb57-4d06-4a98-9871-a18c0d4fb785"},"geometry":{"type":"Point","coordinates":[-53.0326,-29.4194]}},{"type":"Feature","properties":{"municipio":"b11302a4-1c71-44d3-9e12-9b048f493e30","title":"RS - SAO VICENTE DO SUL","tipo":"Cebraspe","url":"\/dashboard\/details-assets\/b11302a4-1c71-44d3-9e12-9b048f493e30"},"geometry":{"type":"Point","coordinates":[-54.6826,-29.6882]}},{"type":"Feature","properties":{"municipio":"392de2b6-ad87-461c-ab2a-4babeb2038ac","title":"RS - SAO SEPE","tipo":"Cebraspe","url":"\/dashboard\/details-assets\/392de2b6-ad87-461c-ab2a-4babeb2038ac"},"geometry":{"type":"Point","coordinates":[-53.5603,-30.1643]}},{"type":"Feature","properties":{"municipio":"f01fc3ef-a1d7-4b0a-8e23-4802ba3b946e","title":"RS - SAO LUIZ GONZAGA","tipo":"Cebraspe","url":"\/dashboard\/details-assets\/f01fc3ef-a1d7-4b0a-8e23-4802ba3b946e"},"geometry":{"type":"Point","coordinates":[-54.9559,-28.412]}},{"type":"Feature","properties":{"municipio":"57d95f4d-e1cc-48a0-aca8-3475d187d9fb","title":"RS - SAO LEOPOLDO","tipo":"Cebraspe","url":"\/dashboard\/details-assets\/57d95f4d-e1cc-48a0-aca8-3475d187d9fb"},"geometry":{"type":"Point","coordinates":[-51.1498,-29.7545]}},{"type":"Feature","properties":{"municipio":"b3866920-636a-4bb3-a268-08198c74ed0d","title":"RS - SAO GABRIEL","tipo":"Cebraspe","url":"\/dashboard\/details-assets\/b3866920-636a-4bb3-a268-08198c74ed0d"},"geometry":{"type":"Point","coordinates":[-54.3217,-30.3337]}},{"type":"Feature","properties":{"municipio":"30b5425e-f652-472f-9948-4b5f87a047f5","title":"RS - SAO FRANCISCO DE PAULA","tipo":"Cebraspe","url":"\/dashboard\/details-assets\/30b5425e-f652-472f-9948-4b5f87a047f5"},"geometry":{"type":"Point","coordinates":[-50.5828,-29.4404]}},{"type":"Feature","properties":{"municipio":"6e63ae3b-1bdf-48dc-84ca-bcf973cc071a","title":"RS - SAO FRANCISCO DE ASSIS","tipo":"Cebraspe","url":"\/dashboard\/details-assets\/6e63ae3b-1bdf-48dc-84ca-bcf973cc071a"},"geometry":{"type":"Point","coordinates":[-55.1253,-29.5547]}},{"type":"Feature","properties":{"municipio":"e628f4fc-7b71-4a28-8519-39cdc91168fc","title":"RS - SAO BORJA","tipo":"Cebraspe","url":"\/dashboard\/details-assets\/e628f4fc-7b71-4a28-8519-39cdc91168fc"},"geometry":{"type":"Point","coordinates":[-56.0036,-28.6578]}},{"type":"Feature","properties":{"municipio":"985cf058-793d-4ebe-a36a-5f9e9de3044c","title":"RS - SANTO CRISTO","tipo":"Cebraspe","url":"\/dashboard\/details-assets\/985cf058-793d-4ebe-a36a-5f9e9de3044c"},"geometry":{"type":"Point","coordinates":[-54.662,-27.8263]}},{"type":"Feature","properties":{"municipio":"c30273cf-8a00-42aa-9693-7001c61de245","title":"RS - SANTO ANGELO","tipo":"Cebraspe","url":"\/dashboard\/details-assets\/c30273cf-8a00-42aa-9693-7001c61de245"},"geometry":{"type":"Point","coordinates":[-54.2668,-28.3001]}},{"type":"Feature","properties":{"municipio":"2685e159-4710-445f-876c-f9a2e46adf83","title":"RS - SANTIAGO","tipo":"Cebraspe","url":"\/dashboard\/details-assets\/2685e159-4710-445f-876c-f9a2e46adf83"},"geometry":{"type":"Point","coordinates":[-54.8666,-29.1897]}},{"type":"Feature","properties":{"municipio":"a3f83d3c-b43a-4674-ad29-1fdd9b9472f8","title":"RS - SANTA VITORIA DO PALMAR","tipo":"Cebraspe","url":"\/dashboard\/details-assets\/a3f83d3c-b43a-4674-ad29-1fdd9b9472f8"},"geometry":{"type":"Point","coordinates":[-53.3717,-33.525]}},{"type":"Feature","properties":{"municipio":"f2b40dd8-5fa4-44eb-96ed-fbf90cf05c3d","title":"RS - SANTA ROSA","tipo":"Cebraspe","url":"\/dashboard\/details-assets\/f2b40dd8-5fa4-44eb-96ed-fbf90cf05c3d"},"geometry":{"type":"Point","coordinates":[-54.4796,-27.8702]}},{"type":"Feature","properties":{"municipio":"5d8d29a7-3231-4665-b91c-16d054422b9c","title":"RS - SANT'ANA DO LIVRAMENTO","tipo":"Cebraspe","url":"\/dashboard\/details-assets\/5d8d29a7-3231-4665-b91c-16d054422b9c"},"geometry":{"type":"Point","coordinates":[-55.5392,-30.8773]}},{"type":"Feature","properties":{"municipio":"571353ab-db79-46de-9b45-d9dacd5d99e1","title":"RS - SANTA CRUZ DO SUL","tipo":"Cebraspe","url":"\/dashboard\/details-assets\/571353ab-db79-46de-9b45-d9dacd5d99e1"},"geometry":{"type":"Point","coordinates":[-52.4343,-29.722]}},{"type":"Feature","properties":{"municipio":"26ed121c-5aab-49f2-b0a8-581650966642","title":"RS - SANTA MARIA","tipo":"Cebraspe","url":"\/dashboard\/details-assets\/26ed121c-5aab-49f2-b0a8-581650966642"},"geometry":{"type":"Point","coordinates":[-53.8149,-29.6868]}},{"type":"Feature","properties":{"municipio":"716272f6-345d-443f-9baa-52adabf08378","title":"RS - ROSARIO DO SUL","tipo":"Cebraspe","url":"\/dashboard\/details-assets\/716272f6-345d-443f-9baa-52adabf08378"},"geometry":{"type":"Point","coordinates":[-54.9221,-30.2515]}},{"type":"Feature","properties":{"municipio":"3070c5b6-ec9b-414d-89a4-3cca2b9b8c2b","title":"RS - RIO PARDO","tipo":"Cebraspe","url":"\/dashboard\/details-assets\/3070c5b6-ec9b-414d-89a4-3cca2b9b8c2b"},"geometry":{"type":"Point","coordinates":[-52.3711,-29.988]}},{"type":"Feature","properties":{"municipio":"e68ce9e3-fea0-4ea0-8454-b97a61d71b0c","title":"RS - RIO GRANDE","tipo":"Cebraspe","url":"\/dashboard\/details-assets\/e68ce9e3-fea0-4ea0-8454-b97a61d71b0c"},"geometry":{"type":"Point","coordinates":[-52.1071,-32.0349]}},{"type":"Feature","properties":{"municipio":"64f98ff4-65d9-473a-bbd6-34e30dd1726e","title":"RS - QUARAI","tipo":"Cebraspe","url":"\/dashboard\/details-assets\/64f98ff4-65d9-473a-bbd6-34e30dd1726e"},"geometry":{"type":"Point","coordinates":[-56.4483,-30.384]}},{"type":"Feature","properties":{"municipio":"a59b7a6a-b0c4-4319-a3d3-207c12b742eb","title":"RS - PELOTAS","tipo":"Cebraspe","url":"\/dashboard\/details-assets\/a59b7a6a-b0c4-4319-a3d3-207c12b742eb"},"geometry":{"type":"Point","coordinates":[-52.3371,-31.7649]}},{"type":"Feature","properties":{"municipio":"9e99bbbe-967d-4bb9-a7b5-fb0e912a1761","title":"RS - PORTO ALEGRE","tipo":"Cebraspe","url":"\/dashboard\/details-assets\/9e99bbbe-967d-4bb9-a7b5-fb0e912a1761"},"geometry":{"type":"Point","coordinates":[-51.2065,-30.0318]}},{"type":"Feature","properties":{"municipio":"e781a813-1548-4f7f-b685-ef337ee8d676","title":"RS - PASSO FUNDO","tipo":"Cebraspe","url":"\/dashboard\/details-assets\/e781a813-1548-4f7f-b685-ef337ee8d676"},"geometry":{"type":"Point","coordinates":[-52.4091,-28.2576]}},{"type":"Feature","properties":{"municipio":"4e71d6cb-7508-4b01-941c-ad4a889a2c0c","title":"RS - PALMEIRA DAS MISSOES","tipo":"Cebraspe","url":"\/dashboard\/details-assets\/4e71d6cb-7508-4b01-941c-ad4a889a2c0c"},"geometry":{"type":"Point","coordinates":[-53.3134,-27.9007]}},{"type":"Feature","properties":{"municipio":"f50d2c23-1033-4aee-8708-255d4871e9af","title":"RS - OSORIO","tipo":"Cebraspe","url":"\/dashboard\/details-assets\/f50d2c23-1033-4aee-8708-255d4871e9af"},"geometry":{"type":"Point","coordinates":[-50.2667,-29.8881]}},{"type":"Feature","properties":{"municipio":"dfaa201e-9242-47d9-9196-54e032bcbcff","title":"RS - NOVO HAMBURGO","tipo":"Cebraspe","url":"\/dashboard\/details-assets\/dfaa201e-9242-47d9-9196-54e032bcbcff"},"geometry":{"type":"Point","coordinates":[-51.1328,-29.6875]}},{"type":"Feature","properties":{"municipio":"04632d84-16cd-4664-a8d4-99f1d7d2c988","title":"RS - NOVA PRATA","tipo":"Cebraspe","url":"\/dashboard\/details-assets\/04632d84-16cd-4664-a8d4-99f1d7d2c988"},"geometry":{"type":"Point","coordinates":[-51.6113,-28.7799]}},{"type":"Feature","properties":{"municipio":"14c759cf-dd58-4ab6-851e-18fcb9042d03","title":"RS - MONTENEGRO","tipo":"Cebraspe","url":"\/dashboard\/details-assets\/14c759cf-dd58-4ab6-851e-18fcb9042d03"},"geometry":{"type":"Point","coordinates":[-51.4679,-29.6824]}},{"type":"Feature","properties":{"municipio":"139bc14f-2d23-4afc-9275-0cdd2231e0be","title":"RS - LAVRAS DO SUL","tipo":"Cebraspe","url":"\/dashboard\/details-assets\/139bc14f-2d23-4afc-9275-0cdd2231e0be"},"geometry":{"type":"Point","coordinates":[-53.8931,-30.8071]}},{"type":"Feature","properties":{"municipio":"ef1c5df8-b434-4c93-b14b-0d892d5acbd1","title":"RS - LAJEADO","tipo":"Cebraspe","url":"\/dashboard\/details-assets\/ef1c5df8-b434-4c93-b14b-0d892d5acbd1"},"geometry":{"type":"Point","coordinates":[-51.9644,-29.4591]}},{"type":"Feature","properties":{"municipio":"b2f644eb-1d0f-4dfd-82be-c09dcd2b4f36","title":"RS - LAGOA VERMELHA","tipo":"Cebraspe","url":"\/dashboard\/details-assets\/b2f644eb-1d0f-4dfd-82be-c09dcd2b4f36"},"geometry":{"type":"Point","coordinates":[-51.5248,-28.2093]}},{"type":"Feature","properties":{"municipio":"1fab507e-8ab1-4714-9edb-a2d5cb6dd8cf","title":"RS - JULIO DE CASTILHOS","tipo":"Cebraspe","url":"\/dashboard\/details-assets\/1fab507e-8ab1-4714-9edb-a2d5cb6dd8cf"},"geometry":{"type":"Point","coordinates":[-53.6772,-29.2299]}},{"type":"Feature","properties":{"municipio":"6e310e16-4c13-4d03-a39e-a666f7e25812","title":"RS - JAGUARI","tipo":"Cebraspe","url":"\/dashboard\/details-assets\/6e310e16-4c13-4d03-a39e-a666f7e25812"},"geometry":{"type":"Point","coordinates":[-54.703,-29.4936]}},{"type":"Feature","properties":{"municipio":"93c923f1-e80a-49d5-9e50-bc837a37a6a1","title":"RS - JAGUARAO","tipo":"Cebraspe","url":"\/dashboard\/details-assets\/93c923f1-e80a-49d5-9e50-bc837a37a6a1"},"geometry":{"type":"Point","coordinates":[-53.377,-32.5604]}},{"type":"Feature","properties":{"municipio":"8ff4131a-a8b2-4d04-a3cb-6d551e2156de","title":"RS - ITAQUI","tipo":"Cebraspe","url":"\/dashboard\/details-assets\/8ff4131a-a8b2-4d04-a3cb-6d551e2156de"},"geometry":{"type":"Point","coordinates":[-56.5515,-29.1311]}},{"type":"Feature","properties":{"municipio":"386e22c3-94ff-4618-a2d3-b4a4d7d83cd0","title":"RS - IJUI","tipo":"Cebraspe","url":"\/dashboard\/details-assets\/386e22c3-94ff-4618-a2d3-b4a4d7d83cd0"},"geometry":{"type":"Point","coordinates":[-53.92,-28.388]}},{"type":"Feature","properties":{"municipio":"2952cdec-3761-461c-884f-633a958c759d","title":"RS - GUAPORE","tipo":"Cebraspe","url":"\/dashboard\/details-assets\/2952cdec-3761-461c-884f-633a958c759d"},"geometry":{"type":"Point","coordinates":[-51.8895,-28.8399]}},{"type":"Feature","properties":{"municipio":"737a8483-ede2-481f-ad74-bfd833290927","title":"RS - GUAIBA","tipo":"Cebraspe","url":"\/dashboard\/details-assets\/737a8483-ede2-481f-ad74-bfd833290927"},"geometry":{"type":"Point","coordinates":[-51.3233,-30.1086]}},{"type":"Feature","properties":{"municipio":"25924f2b-3911-40ce-a83c-4cf58223a91f","title":"RS - GRAVATAI","tipo":"Cebraspe","url":"\/dashboard\/details-assets\/25924f2b-3911-40ce-a83c-4cf58223a91f"},"geometry":{"type":"Point","coordinates":[-50.9869,-29.9413]}},{"type":"Feature","properties":{"municipio":"48cfde42-a821-4def-8eed-7fe27784ea56","title":"RS - GETULIO VARGAS","tipo":"Cebraspe","url":"\/dashboard\/details-assets\/48cfde42-a821-4def-8eed-7fe27784ea56"},"geometry":{"type":"Point","coordinates":[-52.2294,-27.8911]}},{"type":"Feature","properties":{"municipio":"6f746a0d-2cbf-434c-9637-1eb77a4bb884","title":"RS - ESPUMOSO","tipo":"Cebraspe","url":"\/dashboard\/details-assets\/6f746a0d-2cbf-434c-9637-1eb77a4bb884"},"geometry":{"type":"Point","coordinates":[-52.8461,-28.7286]}},{"type":"Feature","properties":{"municipio":"d0a534ef-2fe7-499c-a412-6a59bff5b5e9","title":"RS - ERECHIM","tipo":"Cebraspe","url":"\/dashboard\/details-assets\/d0a534ef-2fe7-499c-a412-6a59bff5b5e9"},"geometry":{"type":"Point","coordinates":[-52.2697,-27.6364]}},{"type":"Feature","properties":{"municipio":"4fabb038-a0e7-4a2f-aa93-bdb7ad82af9a","title":"RS - ENCRUZILHADA DO SUL","tipo":"Cebraspe","url":"\/dashboard\/details-assets\/4fabb038-a0e7-4a2f-aa93-bdb7ad82af9a"},"geometry":{"type":"Point","coordinates":[-52.5204,-30.543]}},{"type":"Feature","properties":{"municipio":"3e19c121-1b83-4edd-a32b-84aaa06a51ba","title":"RS - ENCANTADO","tipo":"Cebraspe","url":"\/dashboard\/details-assets\/3e19c121-1b83-4edd-a32b-84aaa06a51ba"},"geometry":{"type":"Point","coordinates":[-51.8703,-29.2351]}},{"type":"Feature","properties":{"municipio":"56d5c0da-9146-411c-8095-f00a3531eb60","title":"RS - DOM PEDRITO","tipo":"Cebraspe","url":"\/dashboard\/details-assets\/56d5c0da-9146-411c-8095-f00a3531eb60"},"geometry":{"type":"Point","coordinates":[-54.6694,-30.9756]}},{"type":"Feature","properties":{"municipio":"ede3fc24-0bef-441e-8958-703d4ef3b13a","title":"RS - CRUZ ALTA","tipo":"Cebraspe","url":"\/dashboard\/details-assets\/ede3fc24-0bef-441e-8958-703d4ef3b13a"},"geometry":{"type":"Point","coordinates":[-53.6048,-28.645]}},{"type":"Feature","properties":{"municipio":"f3a107e2-3fe0-41b7-b9d6-ad9181d65e87","title":"RS - CHARQUEADAS","tipo":"Cebraspe","url":"\/dashboard\/details-assets\/f3a107e2-3fe0-41b7-b9d6-ad9181d65e87"},"geometry":{"type":"Point","coordinates":[-51.6289,-29.9625]}},{"type":"Feature","properties":{"municipio":"4314d967-31cb-4d1b-9d03-11c1d52b01d8","title":"RS - CERRO LARGO","tipo":"Cebraspe","url":"\/dashboard\/details-assets\/4314d967-31cb-4d1b-9d03-11c1d52b01d8"},"geometry":{"type":"Point","coordinates":[-54.7428,-28.1463]}},{"type":"Feature","properties":{"municipio":"250d7dd4-e161-462d-ba4d-ce802a4edf0b","title":"RS - CANOAS","tipo":"Cebraspe","url":"\/dashboard\/details-assets\/250d7dd4-e161-462d-ba4d-ce802a4edf0b"},"geometry":{"type":"Point","coordinates":[-51.1857,-29.9128]}},{"type":"Feature","properties":{"municipio":"56288fa5-ef4c-4d7e-b4b1-8f22088a3835","title":"RS - CAXIAS DO SUL","tipo":"Cebraspe","url":"\/dashboard\/details-assets\/56288fa5-ef4c-4d7e-b4b1-8f22088a3835"},"geometry":{"type":"Point","coordinates":[-51.1792,-29.1629]}},{"type":"Feature","properties":{"municipio":"6eb65396-1ca5-4fca-840f-b306aebc4190","title":"RS - CANGUCU","tipo":"Cebraspe","url":"\/dashboard\/details-assets\/6eb65396-1ca5-4fca-840f-b306aebc4190"},"geometry":{"type":"Point","coordinates":[-52.6783,-31.396]}},{"type":"Feature","properties":{"municipio":"04c01c6a-d970-4bb0-b0dc-66ff50bd1d61","title":"RS - CANELA","tipo":"Cebraspe","url":"\/dashboard\/details-assets\/04c01c6a-d970-4bb0-b0dc-66ff50bd1d61"},"geometry":{"type":"Point","coordinates":[-50.8119,-29.356]}},{"type":"Feature","properties":{"municipio":"5ec57664-afbe-4d56-b530-f1aef40bbc7a","title":"RS - CANDELARIA","tipo":"Cebraspe","url":"\/dashboard\/details-assets\/5ec57664-afbe-4d56-b530-f1aef40bbc7a"},"geometry":{"type":"Point","coordinates":[-52.7895,-29.6684]}},{"type":"Feature","properties":{"municipio":"830059e9-3728-4081-a4ed-d3ada7140a45","title":"RS - CAMAQUA","tipo":"Cebraspe","url":"\/dashboard\/details-assets\/830059e9-3728-4081-a4ed-d3ada7140a45"},"geometry":{"type":"Point","coordinates":[-51.8043,-30.8489]}},{"type":"Feature","properties":{"municipio":"4b754b20-7d1e-4f63-9ff5-189649206ab0","title":"RS - CACHOEIRA DO SUL","tipo":"Cebraspe","url":"\/dashboard\/details-assets\/4b754b20-7d1e-4f63-9ff5-189649206ab0"},"geometry":{"type":"Point","coordinates":[-52.8928,-30.033]}},{"type":"Feature","properties":{"municipio":"885bec29-5c1e-427b-a561-53843e03a33f","title":"RS - CACEQUI","tipo":"Cebraspe","url":"\/dashboard\/details-assets\/885bec29-5c1e-427b-a561-53843e03a33f"},"geometry":{"type":"Point","coordinates":[-54.822,-29.8883]}},{"type":"Feature","properties":{"municipio":"1ebe15c9-2085-499f-981a-a66d65341e5d","title":"RS - CACAPAVA DO SUL","tipo":"Cebraspe","url":"\/dashboard\/details-assets\/1ebe15c9-2085-499f-981a-a66d65341e5d"},"geometry":{"type":"Point","coordinates":[-53.4827,-30.5144]}},{"type":"Feature","properties":{"municipio":"a88c01ab-33ab-46f6-968e-b32944f1f3cf","title":"RS - BENTO GONCALVES","tipo":"Cebraspe","url":"\/dashboard\/details-assets\/a88c01ab-33ab-46f6-968e-b32944f1f3cf"},"geometry":{"type":"Point","coordinates":[-51.5165,-29.1662]}},{"type":"Feature","properties":{"municipio":"c91d35b7-9a54-4904-b9b3-65c0340fff3c","title":"RS - BAGE","tipo":"Cebraspe","url":"\/dashboard\/details-assets\/c91d35b7-9a54-4904-b9b3-65c0340fff3c"},"geometry":{"type":"Point","coordinates":[-54.0999,-31.3297]}},{"type":"Feature","properties":{"municipio":"98156cd2-16a1-459d-97ee-ff51bb634b8f","title":"RS - ARROIO DOS RATOS","tipo":"Cebraspe","url":"\/dashboard\/details-assets\/98156cd2-16a1-459d-97ee-ff51bb634b8f"},"geometry":{"type":"Point","coordinates":[-51.7275,-30.0875]}},{"type":"Feature","properties":{"municipio":"58d0c4e1-e166-464f-a353-6062567f7892","title":"RS - ARROIO DO MEIO","tipo":"Cebraspe","url":"\/dashboard\/details-assets\/58d0c4e1-e166-464f-a353-6062567f7892"},"geometry":{"type":"Point","coordinates":[-51.9557,-29.4014]}},{"type":"Feature","properties":{"municipio":"93ec3696-e09d-4adb-84a4-e66930991dab","title":"RS - ALEGRETE","tipo":"Cebraspe","url":"\/dashboard\/details-assets\/93ec3696-e09d-4adb-84a4-e66930991dab"},"geometry":{"type":"Point","coordinates":[-55.7949,-29.7902]}},{"type":"Feature","properties":{"municipio":"7cce6fd1-555e-43cc-b27f-cba79007fe30","title":"RS - AGUDO","tipo":"Cebraspe","url":"\/dashboard\/details-assets\/7cce6fd1-555e-43cc-b27f-cba79007fe30"},"geometry":{"type":"Point","coordinates":[-53.2515,-29.6447]}},{"type":"Feature","properties":{"municipio":"e51ed2c0-b25b-49b7-99fd-5f9f563457ba","title":"RR - RORAINOPOLIS","tipo":"Cebraspe","url":"\/dashboard\/details-assets\/e51ed2c0-b25b-49b7-99fd-5f9f563457ba"},"geometry":{"type":"Point","coordinates":[-60.4389,0.939956]}},{"type":"Feature","properties":{"municipio":"20aea15f-026c-4677-ba7f-352ba7e9e0ea","title":"RR - BOA VISTA","tipo":"Cebraspe","url":"\/dashboard\/details-assets\/20aea15f-026c-4677-ba7f-352ba7e9e0ea"},"geometry":{"type":"Point","coordinates":[-60.6753,2.82384]}},{"type":"Feature","properties":{"municipio":"f396b6b5-523f-4e01-82f2-71c5c3eea7f5","title":"RO - SAO FRANCISCO DO GUAPORE","tipo":"Cebraspe","url":"\/dashboard\/details-assets\/f396b6b5-523f-4e01-82f2-71c5c3eea7f5"},"geometry":{"type":"Point","coordinates":[-63.568,-12.052]}},{"type":"Feature","properties":{"municipio":"d7fce3bb-5b4a-4899-8749-4ab0662c1d1c","title":"RO - BURITIS","tipo":"Cebraspe","url":"\/dashboard\/details-assets\/d7fce3bb-5b4a-4899-8749-4ab0662c1d1c"},"geometry":{"type":"Point","coordinates":[-63.8324,-10.1943]}},{"type":"Feature","properties":{"municipio":"229892c1-c1a9-4278-b5c9-8b7f9017f509","title":"RO - SAO MIGUEL DO GUAPORE","tipo":"Cebraspe","url":"\/dashboard\/details-assets\/229892c1-c1a9-4278-b5c9-8b7f9017f509"},"geometry":{"type":"Point","coordinates":[-62.7192,-11.6953]}},{"type":"Feature","properties":{"municipio":"e89cb0cf-d6b2-4fd3-8543-ef275216ba90","title":"RO - ALVORADA D'OESTE","tipo":"Cebraspe","url":"\/dashboard\/details-assets\/e89cb0cf-d6b2-4fd3-8543-ef275216ba90"},"geometry":{"type":"Point","coordinates":[-62.2847,-11.3463]}},{"type":"Feature","properties":{"municipio":"8d508523-9237-4418-8ed3-b7a0419774d4","title":"RO - VILHENA","tipo":"Cebraspe","url":"\/dashboard\/details-assets\/8d508523-9237-4418-8ed3-b7a0419774d4"},"geometry":{"type":"Point","coordinates":[-60.1488,-12.7502]}},{"type":"Feature","properties":{"municipio":"3252a71a-fd7b-4eef-85b6-89f3d21ff1e3","title":"RO - ROLIM DE MOURA","tipo":"Cebraspe","url":"\/dashboard\/details-assets\/3252a71a-fd7b-4eef-85b6-89f3d21ff1e3"},"geometry":{"type":"Point","coordinates":[-61.7714,-11.7271]}},{"type":"Feature","properties":{"municipio":"d1313b9f-857a-4aa2-a8c0-7dc283f02ab7","title":"RO - PRESIDENTE MEDICI","tipo":"Cebraspe","url":"\/dashboard\/details-assets\/d1313b9f-857a-4aa2-a8c0-7dc283f02ab7"},"geometry":{"type":"Point","coordinates":[-61.8986,-11.169]}},{"type":"Feature","properties":{"municipio":"630c88bd-03d8-4d62-9089-adfd39bc330c","title":"RO - PORTO VELHO","tipo":"Cebraspe","url":"\/dashboard\/details-assets\/630c88bd-03d8-4d62-9089-adfd39bc330c"},"geometry":{"type":"Point","coordinates":[-63.8999,-8.76077]}},{"type":"Feature","properties":{"municipio":"0afc98c0-43e8-44f7-b5d5-ad62d74dd688","title":"RO - PIMENTA BUENO","tipo":"Cebraspe","url":"\/dashboard\/details-assets\/0afc98c0-43e8-44f7-b5d5-ad62d74dd688"},"geometry":{"type":"Point","coordinates":[-61.198,-11.672]}},{"type":"Feature","properties":{"municipio":"241f0f41-206a-4ca7-b49a-e529bd793f21","title":"RO - MACHADINHO D'OESTE","tipo":"Cebraspe","url":"\/dashboard\/details-assets\/241f0f41-206a-4ca7-b49a-e529bd793f21"},"geometry":{"type":"Point","coordinates":[-61.9818,-9.44363]}},{"type":"Feature","properties":{"municipio":"bf59d406-96f0-4d25-8f71-6c9e02d4c540","title":"RO - JI-PARANA","tipo":"Cebraspe","url":"\/dashboard\/details-assets\/bf59d406-96f0-4d25-8f71-6c9e02d4c540"},"geometry":{"type":"Point","coordinates":[-61.9322,-10.8777]}},{"type":"Feature","properties":{"municipio":"a0379d6f-29e6-45db-8796-8d913ab54ecb","title":"RO - JARU","tipo":"Cebraspe","url":"\/dashboard\/details-assets\/a0379d6f-29e6-45db-8796-8d913ab54ecb"},"geometry":{"type":"Point","coordinates":[-62.4788,-10.4318]}},{"type":"Feature","properties":{"municipio":"77b6475e-8e32-49fd-ac18-5b7f7e5f517e","title":"RO - GUAJARA-MIRIM","tipo":"Cebraspe","url":"\/dashboard\/details-assets\/77b6475e-8e32-49fd-ac18-5b7f7e5f517e"},"geometry":{"type":"Point","coordinates":[-65.3296,-10.7889]}},{"type":"Feature","properties":{"municipio":"3bbc2ce6-c341-4d8c-9444-6e168e6593fe","title":"RO - COSTA MARQUES","tipo":"Cebraspe","url":"\/dashboard\/details-assets\/3bbc2ce6-c341-4d8c-9444-6e168e6593fe"},"geometry":{"type":"Point","coordinates":[-64.228,-12.4367]}},{"type":"Feature","properties":{"municipio":"3c61f248-4dbb-4cf5-8256-8eb46e2f3bd1","title":"RO - COLORADO DO OESTE","tipo":"Cebraspe","url":"\/dashboard\/details-assets\/3c61f248-4dbb-4cf5-8256-8eb46e2f3bd1"},"geometry":{"type":"Point","coordinates":[-60.5454,-13.1174]}},{"type":"Feature","properties":{"municipio":"c3e33670-1366-4f17-ac67-8e308f4c71b3","title":"RO - CEREJEIRAS","tipo":"Cebraspe","url":"\/dashboard\/details-assets\/c3e33670-1366-4f17-ac67-8e308f4c71b3"},"geometry":{"type":"Point","coordinates":[-60.8168,-13.187]}},{"type":"Feature","properties":{"municipio":"b8fd5e38-99a5-4f30-b6d2-4259c35a977d","title":"RO - ARIQUEMES","tipo":"Cebraspe","url":"\/dashboard\/details-assets\/b8fd5e38-99a5-4f30-b6d2-4259c35a977d"},"geometry":{"type":"Point","coordinates":[-63.0325,-9.90571]}},{"type":"Feature","properties":{"municipio":"6c51775b-4cba-408c-a11c-72cf32a40959","title":"RO - CACOAL","tipo":"Cebraspe","url":"\/dashboard\/details-assets\/6c51775b-4cba-408c-a11c-72cf32a40959"},"geometry":{"type":"Point","coordinates":[-61.4562,-11.4343]}},{"type":"Feature","properties":{"municipio":"a2ebef59-5108-4ae0-be2f-1885a2dcc0f2","title":"RO - ALTA FLORESTA D'OESTE","tipo":"Cebraspe","url":"\/dashboard\/details-assets\/a2ebef59-5108-4ae0-be2f-1885a2dcc0f2"},"geometry":{"type":"Point","coordinates":[-61.9953,-11.9283]}},{"type":"Feature","properties":{"municipio":"2859c603-bb8f-4659-baee-66ea2471a041","title":"RN - PAU DOS FERROS","tipo":"Cebraspe","url":"\/dashboard\/details-assets\/2859c603-bb8f-4659-baee-66ea2471a041"},"geometry":{"type":"Point","coordinates":[-38.2077,-6.10498]}},{"type":"Feature","properties":{"municipio":"44b84969-376e-4c93-89aa-a07d6c624ef2","title":"RN - NOVA CRUZ","tipo":"Cebraspe","url":"\/dashboard\/details-assets\/44b84969-376e-4c93-89aa-a07d6c624ef2"},"geometry":{"type":"Point","coordinates":[-35.4286,-6.47511]}},{"type":"Feature","properties":{"municipio":"d2ab5ea0-6f93-4121-9a78-0eefe9998a45","title":"RN - NISIA FLORESTA","tipo":"Cebraspe","url":"\/dashboard\/details-assets\/d2ab5ea0-6f93-4121-9a78-0eefe9998a45"},"geometry":{"type":"Point","coordinates":[-35.1991,-6.09329]}},{"type":"Feature","properties":{"municipio":"9e421fac-b4d4-49fd-81dc-dcb42e340c2c","title":"RN - NATAL","tipo":"Cebraspe","url":"\/dashboard\/details-assets\/9e421fac-b4d4-49fd-81dc-dcb42e340c2c"},"geometry":{"type":"Point","coordinates":[-35.1986,-5.79357]}},{"type":"Feature","properties":{"municipio":"634fd213-434b-4457-9dba-beff41936d39","title":"RN - MOSSORO","tipo":"Cebraspe","url":"\/dashboard\/details-assets\/634fd213-434b-4457-9dba-beff41936d39"},"geometry":{"type":"Point","coordinates":[-37.3474,-5.18374]}},{"type":"Feature","properties":{"municipio":"c1afe71f-37db-40ee-aab1-b286e619d520","title":"RN - MACAU","tipo":"Cebraspe","url":"\/dashboard\/details-assets\/c1afe71f-37db-40ee-aab1-b286e619d520"},"geometry":{"type":"Point","coordinates":[-36.6318,-5.10795]}},{"type":"Feature","properties":{"municipio":"66e03823-5385-464e-8158-953028317a55","title":"RN - MACAIBA","tipo":"Cebraspe","url":"\/dashboard\/details-assets\/66e03823-5385-464e-8158-953028317a55"},"geometry":{"type":"Point","coordinates":[-35.3552,-5.85229]}},{"type":"Feature","properties":{"municipio":"5e4f13f7-a35d-4e39-aba1-2da77630957a","title":"RN - PARNAMIRIM","tipo":"Cebraspe","url":"\/dashboard\/details-assets\/5e4f13f7-a35d-4e39-aba1-2da77630957a"},"geometry":{"type":"Point","coordinates":[-35.271,-5.91116]}},{"type":"Feature","properties":{"municipio":"7393c12f-7d01-4294-b2ec-aa41ea758e08","title":"RN - CARAUBAS","tipo":"Cebraspe","url":"\/dashboard\/details-assets\/7393c12f-7d01-4294-b2ec-aa41ea758e08"},"geometry":{"type":"Point","coordinates":[-37.5586,-5.78387]}},{"type":"Feature","properties":{"municipio":"eeb97ac9-f125-4aff-9546-6eb917503fdb","title":"RN - CEARA-MIRIM","tipo":"Cebraspe","url":"\/dashboard\/details-assets\/eeb97ac9-f125-4aff-9546-6eb917503fdb"},"geometry":{"type":"Point","coordinates":[-35.4247,-5.64323]}},{"type":"Feature","properties":{"municipio":"60e0b9a3-106a-4f9e-a221-eaa3e04901ed","title":"RN - CAICO","tipo":"Cebraspe","url":"\/dashboard\/details-assets\/60e0b9a3-106a-4f9e-a221-eaa3e04901ed"},"geometry":{"type":"Point","coordinates":[-37.1067,-6.45441]}},{"type":"Feature","properties":{"municipio":"6462772d-18b8-499e-8242-a9824fc3bc48","title":"RN - APODI","tipo":"Cebraspe","url":"\/dashboard\/details-assets\/6462772d-18b8-499e-8242-a9824fc3bc48"},"geometry":{"type":"Point","coordinates":[-37.7946,-5.65349]}},{"type":"Feature","properties":{"municipio":"81cbaa2c-a5ce-44ad-9f71-2058a7a65cc7","title":"RJ - VOLTA REDONDA","tipo":"Cebraspe","url":"\/dashboard\/details-assets\/81cbaa2c-a5ce-44ad-9f71-2058a7a65cc7"},"geometry":{"type":"Point","coordinates":[-44.0996,-22.5202]}},{"type":"Feature","properties":{"municipio":"1d65f9e4-8e36-4c82-bf8c-c48b0db2541a","title":"RJ - TERESOPOLIS","tipo":"Cebraspe","url":"\/dashboard\/details-assets\/1d65f9e4-8e36-4c82-bf8c-c48b0db2541a"},"geometry":{"type":"Point","coordinates":[-42.9752,-22.4165]}},{"type":"Feature","properties":{"municipio":"5874e054-f399-4a4f-934f-9ca7568a5ea6","title":"RJ - SAO GONCALO","tipo":"Cebraspe","url":"\/dashboard\/details-assets\/5874e054-f399-4a4f-934f-9ca7568a5ea6"},"geometry":{"type":"Point","coordinates":[-43.0634,-22.8268]}},{"type":"Feature","properties":{"municipio":"21fe28d9-9d02-46e0-8147-afe99bd06693","title":"RJ - RIO DE JANEIRO","tipo":"Cebraspe","url":"\/dashboard\/details-assets\/21fe28d9-9d02-46e0-8147-afe99bd06693"},"geometry":{"type":"Point","coordinates":[-43.2003,-22.9129]}},{"type":"Feature","properties":{"municipio":"f9f1a338-61bd-406d-9498-4f8422913714","title":"RJ - RESENDE","tipo":"Cebraspe","url":"\/dashboard\/details-assets\/f9f1a338-61bd-406d-9498-4f8422913714"},"geometry":{"type":"Point","coordinates":[-44.4509,-22.4705]}},{"type":"Feature","properties":{"municipio":"78b3f14f-2db0-4c21-80ad-9a529b6a7be4","title":"RJ - NOVA IGUACU","tipo":"Cebraspe","url":"\/dashboard\/details-assets\/78b3f14f-2db0-4c21-80ad-9a529b6a7be4"},"geometry":{"type":"Point","coordinates":[-43.4603,-22.7556]}},{"type":"Feature","properties":{"municipio":"511ef575-1723-4032-982b-8640d26b5bdf","title":"RJ - NOVA FRIBURGO","tipo":"Cebraspe","url":"\/dashboard\/details-assets\/511ef575-1723-4032-982b-8640d26b5bdf"},"geometry":{"type":"Point","coordinates":[-42.5377,-22.2932]}},{"type":"Feature","properties":{"municipio":"e755eb78-479a-495d-bf80-0ca83ecc2f71","title":"RJ - NITEROI","tipo":"Cebraspe","url":"\/dashboard\/details-assets\/e755eb78-479a-495d-bf80-0ca83ecc2f71"},"geometry":{"type":"Point","coordinates":[-43.1034,-22.8832]}},{"type":"Feature","properties":{"municipio":"a7e37e65-2f9d-4324-888f-69c37ea53bff","title":"RJ - NILOPOLIS","tipo":"Cebraspe","url":"\/dashboard\/details-assets\/a7e37e65-2f9d-4324-888f-69c37ea53bff"},"geometry":{"type":"Point","coordinates":[-43.4233,-22.8057]}},{"type":"Feature","properties":{"municipio":"91c45e1a-5091-4fab-89c2-e1bc5ddc3a6c","title":"RJ - MAGE","tipo":"Cebraspe","url":"\/dashboard\/details-assets\/91c45e1a-5091-4fab-89c2-e1bc5ddc3a6c"},"geometry":{"type":"Point","coordinates":[-43.0315,-22.6632]}},{"type":"Feature","properties":{"municipio":"9852f7a1-5f43-4ed9-b1c2-7f77375a700b","title":"RJ - MACAE","tipo":"Cebraspe","url":"\/dashboard\/details-assets\/9852f7a1-5f43-4ed9-b1c2-7f77375a700b"},"geometry":{"type":"Point","coordinates":[-41.7848,-22.3768]}},{"type":"Feature","properties":{"municipio":"45efb7dc-811b-453b-84f3-c97f03e4a5aa","title":"RJ - JAPERI","tipo":"Cebraspe","url":"\/dashboard\/details-assets\/45efb7dc-811b-453b-84f3-c97f03e4a5aa"},"geometry":{"type":"Point","coordinates":[-43.6602,-22.6435]}},{"type":"Feature","properties":{"municipio":"06e324ce-250d-4161-af5c-33a258aac183","title":"RJ - ITAPERUNA","tipo":"Cebraspe","url":"\/dashboard\/details-assets\/06e324ce-250d-4161-af5c-33a258aac183"},"geometry":{"type":"Point","coordinates":[-41.8799,-21.1997]}},{"type":"Feature","properties":{"municipio":"aa45367a-a437-481a-97e4-d00846cebc07","title":"RJ - DUQUE DE CAXIAS","tipo":"Cebraspe","url":"\/dashboard\/details-assets\/aa45367a-a437-481a-97e4-d00846cebc07"},"geometry":{"type":"Point","coordinates":[-43.3049,-22.7858]}},{"type":"Feature","properties":{"municipio":"2733868f-ace3-4993-8b51-d733a7498198","title":"RJ - CAMPOS DOS GOYTACAZES","tipo":"Cebraspe","url":"\/dashboard\/details-assets\/2733868f-ace3-4993-8b51-d733a7498198"},"geometry":{"type":"Point","coordinates":[-41.3181,-21.7622]}},{"type":"Feature","properties":{"municipio":"a584cafc-de3f-4c8d-b0c4-18d0dcdf5cd4","title":"RJ - BELFORD ROXO","tipo":"Cebraspe","url":"\/dashboard\/details-assets\/a584cafc-de3f-4c8d-b0c4-18d0dcdf5cd4"},"geometry":{"type":"Point","coordinates":[-43.3992,-22.764]}},{"type":"Feature","properties":{"municipio":"3e8c4a1f-4df2-45f3-b8c4-d6d21b5454c5","title":"PR - UNIAO DA VITORIA","tipo":"Cebraspe","url":"\/dashboard\/details-assets\/3e8c4a1f-4df2-45f3-b8c4-d6d21b5454c5"},"geometry":{"type":"Point","coordinates":[-51.0873,-26.2273]}},{"type":"Feature","properties":{"municipio":"67dcad4c-78e6-43da-9f79-f3e0597db840","title":"PR - WENCESLAU BRAZ","tipo":"Cebraspe","url":"\/dashboard\/details-assets\/67dcad4c-78e6-43da-9f79-f3e0597db840"},"geometry":{"type":"Point","coordinates":[-49.8032,-23.8742]}},{"type":"Feature","properties":{"municipio":"aa79e2a7-2384-4779-be96-9b7cc3f0ff16","title":"PR - UMUARAMA","tipo":"Cebraspe","url":"\/dashboard\/details-assets\/aa79e2a7-2384-4779-be96-9b7cc3f0ff16"},"geometry":{"type":"Point","coordinates":[-53.3201,-23.7656]}},{"type":"Feature","properties":{"municipio":"6ce75a48-d39b-471c-8d5b-94c3ca1c0faa","title":"PR - TOLEDO","tipo":"Cebraspe","url":"\/dashboard\/details-assets\/6ce75a48-d39b-471c-8d5b-94c3ca1c0faa"},"geometry":{"type":"Point","coordinates":[-53.7412,-24.7246]}},{"type":"Feature","properties":{"municipio":"8eaee57e-d1e1-4965-9675-f7fa5b682e73","title":"PR - TELEMACO BORBA","tipo":"Cebraspe","url":"\/dashboard\/details-assets\/8eaee57e-d1e1-4965-9675-f7fa5b682e73"},"geometry":{"type":"Point","coordinates":[-50.6176,-24.3245]}},{"type":"Feature","properties":{"municipio":"112e2c16-e810-40ac-a0a1-463e23ebbb6f","title":"PR - SENGES","tipo":"Cebraspe","url":"\/dashboard\/details-assets\/112e2c16-e810-40ac-a0a1-463e23ebbb6f"},"geometry":{"type":"Point","coordinates":[-49.4616,-24.1129]}},{"type":"Feature","properties":{"municipio":"05c17c2e-8131-489f-b1fe-d5276b74de05","title":"PR - SARANDI","tipo":"Cebraspe","url":"\/dashboard\/details-assets\/05c17c2e-8131-489f-b1fe-d5276b74de05"},"geometry":{"type":"Point","coordinates":[-51.876,-23.4441]}},{"type":"Feature","properties":{"municipio":"d83f78e6-9fbf-477a-84d6-859e9d78993e","title":"PR - SAO JORGE DO PATROCINIO","tipo":"Cebraspe","url":"\/dashboard\/details-assets\/d83f78e6-9fbf-477a-84d6-859e9d78993e"},"geometry":{"type":"Point","coordinates":[-53.8823,-23.7647]}},{"type":"Feature","properties":{"municipio":"4b53d51c-fb5d-44d7-a031-fac940e52493","title":"PR - SAO JOSE DOS PINHAIS","tipo":"Cebraspe","url":"\/dashboard\/details-assets\/4b53d51c-fb5d-44d7-a031-fac940e52493"},"geometry":{"type":"Point","coordinates":[-49.2031,-25.5313]}},{"type":"Feature","properties":{"municipio":"8b705942-0555-4c0f-bdaf-d5ac39000c4e","title":"PR - SANTO ANTONIO DO SUDOESTE","tipo":"Cebraspe","url":"\/dashboard\/details-assets\/8b705942-0555-4c0f-bdaf-d5ac39000c4e"},"geometry":{"type":"Point","coordinates":[-53.7251,-26.0737]}},{"type":"Feature","properties":{"municipio":"39ab6ba2-8efa-45bf-a58d-6cc6954d0c4e","title":"PR - SANTO ANTONIO DA PLATINA","tipo":"Cebraspe","url":"\/dashboard\/details-assets\/39ab6ba2-8efa-45bf-a58d-6cc6954d0c4e"},"geometry":{"type":"Point","coordinates":[-50.0815,-23.2959]}},{"type":"Feature","properties":{"municipio":"e309e1dd-8d0d-4bb7-b022-253a7ce0ec94","title":"PR - ROLANDIA","tipo":"Cebraspe","url":"\/dashboard\/details-assets\/e309e1dd-8d0d-4bb7-b022-253a7ce0ec94"},"geometry":{"type":"Point","coordinates":[-51.3659,-23.3101]}},{"type":"Feature","properties":{"municipio":"74ef8989-e399-45eb-9a9a-088a0cdd0039","title":"PR - PONTA GROSSA","tipo":"Cebraspe","url":"\/dashboard\/details-assets\/74ef8989-e399-45eb-9a9a-088a0cdd0039"},"geometry":{"type":"Point","coordinates":[-50.1668,-25.0916]}},{"type":"Feature","properties":{"municipio":"9381f5f3-7d01-4bbd-ba4d-3accb9001e72","title":"PR - PORECATU","tipo":"Cebraspe","url":"\/dashboard\/details-assets\/9381f5f3-7d01-4bbd-ba4d-3accb9001e72"},"geometry":{"type":"Point","coordinates":[-51.3795,-22.7537]}},{"type":"Feature","properties":{"municipio":"23dad77b-d543-4ea9-b0f7-61fd138f8251","title":"PR - PITANGA","tipo":"Cebraspe","url":"\/dashboard\/details-assets\/23dad77b-d543-4ea9-b0f7-61fd138f8251"},"geometry":{"type":"Point","coordinates":[-51.7596,-24.7588]}},{"type":"Feature","properties":{"municipio":"a928443c-574d-4e07-b4cb-5696da215573","title":"PR - PIRAQUARA","tipo":"Cebraspe","url":"\/dashboard\/details-assets\/a928443c-574d-4e07-b4cb-5696da215573"},"geometry":{"type":"Point","coordinates":[-49.0624,-25.4422]}},{"type":"Feature","properties":{"municipio":"f6fb54a6-7ad7-4370-9e94-7b8e20dcdef1","title":"PR - PINHAIS","tipo":"Cebraspe","url":"\/dashboard\/details-assets\/f6fb54a6-7ad7-4370-9e94-7b8e20dcdef1"},"geometry":{"type":"Point","coordinates":[-49.1927,-25.4429]}},{"type":"Feature","properties":{"municipio":"6b84eddb-c77c-4d2d-b722-8784bfd4e440","title":"PR - PATO BRANCO","tipo":"Cebraspe","url":"\/dashboard\/details-assets\/6b84eddb-c77c-4d2d-b722-8784bfd4e440"},"geometry":{"type":"Point","coordinates":[-52.6706,-26.2292]}},{"type":"Feature","properties":{"municipio":"df7cb0c6-dc82-408c-94f2-22a9d3492781","title":"PR - PARANAVAI","tipo":"Cebraspe","url":"\/dashboard\/details-assets\/df7cb0c6-dc82-408c-94f2-22a9d3492781"},"geometry":{"type":"Point","coordinates":[-52.4617,-23.0816]}},{"type":"Feature","properties":{"municipio":"93d49282-dde9-4fbc-99c8-01669ca76819","title":"PR - PARANACITY","tipo":"Cebraspe","url":"\/dashboard\/details-assets\/93d49282-dde9-4fbc-99c8-01669ca76819"},"geometry":{"type":"Point","coordinates":[-52.1549,-22.9297]}},{"type":"Feature","properties":{"municipio":"cac8de4c-dc6e-4f4f-8ac3-ca5f4b7c3bf4","title":"PR - PALOTINA","tipo":"Cebraspe","url":"\/dashboard\/details-assets\/cac8de4c-dc6e-4f4f-8ac3-ca5f4b7c3bf4"},"geometry":{"type":"Point","coordinates":[-53.8404,-24.2868]}},{"type":"Feature","properties":{"municipio":"ee28ffc6-46f8-4ded-bf7c-b3d9ed1439c5","title":"PR - PALMAS","tipo":"Cebraspe","url":"\/dashboard\/details-assets\/ee28ffc6-46f8-4ded-bf7c-b3d9ed1439c5"},"geometry":{"type":"Point","coordinates":[-51.9888,-26.4839]}},{"type":"Feature","properties":{"municipio":"3e94be1d-9a44-43f2-a4b9-5f793ae095fb","title":"PR - ORTIGUEIRA","tipo":"Cebraspe","url":"\/dashboard\/details-assets\/3e94be1d-9a44-43f2-a4b9-5f793ae095fb"},"geometry":{"type":"Point","coordinates":[-50.9185,-24.2058]}},{"type":"Feature","properties":{"municipio":"04527928-10be-4cd6-a053-e7b8a09d7ab3","title":"PR - MEDIANEIRA","tipo":"Cebraspe","url":"\/dashboard\/details-assets\/04527928-10be-4cd6-a053-e7b8a09d7ab3"},"geometry":{"type":"Point","coordinates":[-54.0943,-25.2977]}},{"type":"Feature","properties":{"municipio":"8661750b-10c9-4965-afe7-f0cf24bc4e2d","title":"PR - MARINGA","tipo":"Cebraspe","url":"\/dashboard\/details-assets\/8661750b-10c9-4965-afe7-f0cf24bc4e2d"},"geometry":{"type":"Point","coordinates":[-51.9333,-23.4205]}},{"type":"Feature","properties":{"municipio":"39b73bb7-2ad3-4015-b5d3-27818d585d80","title":"PR - MARIALVA","tipo":"Cebraspe","url":"\/dashboard\/details-assets\/39b73bb7-2ad3-4015-b5d3-27818d585d80"},"geometry":{"type":"Point","coordinates":[-51.7928,-23.4843]}},{"type":"Feature","properties":{"municipio":"c1d9441e-5844-490f-9afe-bf28b4d11c66","title":"PR - MARECHAL CANDIDO RONDON","tipo":"Cebraspe","url":"\/dashboard\/details-assets\/c1d9441e-5844-490f-9afe-bf28b4d11c66"},"geometry":{"type":"Point","coordinates":[-54.0571,-24.557]}},{"type":"Feature","properties":{"municipio":"c70c73ef-0a51-4729-8d8f-dad737074753","title":"PR - MANDAGUARI","tipo":"Cebraspe","url":"\/dashboard\/details-assets\/c70c73ef-0a51-4729-8d8f-dad737074753"},"geometry":{"type":"Point","coordinates":[-51.671,-23.5446]}},{"type":"Feature","properties":{"municipio":"97c69b61-f2b1-4d1f-8540-a5964c1df8cf","title":"PR - MANDAGUACU","tipo":"Cebraspe","url":"\/dashboard\/details-assets\/97c69b61-f2b1-4d1f-8540-a5964c1df8cf"},"geometry":{"type":"Point","coordinates":[-52.0944,-23.3458]}},{"type":"Feature","properties":{"municipio":"4ab38297-d6bb-4ebb-8171-46d6c7b5836f","title":"PR - LONDRINA","tipo":"Cebraspe","url":"\/dashboard\/details-assets\/4ab38297-d6bb-4ebb-8171-46d6c7b5836f"},"geometry":{"type":"Point","coordinates":[-51.1691,-23.304]}},{"type":"Feature","properties":{"municipio":"53897301-ffde-4256-a4f4-77d21279bbee","title":"PR - LOANDA","tipo":"Cebraspe","url":"\/dashboard\/details-assets\/53897301-ffde-4256-a4f4-77d21279bbee"},"geometry":{"type":"Point","coordinates":[-53.1362,-22.9232]}},{"type":"Feature","properties":{"municipio":"17e02a76-3adb-4b55-a539-088fae6f5b8a","title":"PR - LARANJEIRAS DO SUL","tipo":"Cebraspe","url":"\/dashboard\/details-assets\/17e02a76-3adb-4b55-a539-088fae6f5b8a"},"geometry":{"type":"Point","coordinates":[-52.4109,-25.4077]}},{"type":"Feature","properties":{"municipio":"2db09fcf-6bd8-4d51-bca6-7f35edb36fb2","title":"PR - JANDAIA DO SUL","tipo":"Cebraspe","url":"\/dashboard\/details-assets\/2db09fcf-6bd8-4d51-bca6-7f35edb36fb2"},"geometry":{"type":"Point","coordinates":[-51.6448,-23.6011]}},{"type":"Feature","properties":{"municipio":"63e8889c-c4c0-4695-8091-1784074430e8","title":"PR - LAPA","tipo":"Cebraspe","url":"\/dashboard\/details-assets\/63e8889c-c4c0-4695-8091-1784074430e8"},"geometry":{"type":"Point","coordinates":[-49.7168,-25.7671]}},{"type":"Feature","properties":{"municipio":"f2e61ca1-17ad-41c0-9534-b483e6775401","title":"PR - JAGUARIAIVA","tipo":"Cebraspe","url":"\/dashboard\/details-assets\/f2e61ca1-17ad-41c0-9534-b483e6775401"},"geometry":{"type":"Point","coordinates":[-49.7066,-24.2439]}},{"type":"Feature","properties":{"municipio":"e84f4e88-f5f2-48ba-8f35-0aa926ac927d","title":"PR - JACAREZINHO","tipo":"Cebraspe","url":"\/dashboard\/details-assets\/e84f4e88-f5f2-48ba-8f35-0aa926ac927d"},"geometry":{"type":"Point","coordinates":[-49.9739,-23.1591]}},{"type":"Feature","properties":{"municipio":"ebd11e81-c81e-4a18-8c51-28a6bc4fd9bc","title":"PR - IVAIPORA","tipo":"Cebraspe","url":"\/dashboard\/details-assets\/ebd11e81-c81e-4a18-8c51-28a6bc4fd9bc"},"geometry":{"type":"Point","coordinates":[-51.6754,-24.2485]}},{"type":"Feature","properties":{"municipio":"a380f029-6bcd-4b8c-a399-d71f8e0f865e","title":"PR - IPORA","tipo":"Cebraspe","url":"\/dashboard\/details-assets\/a380f029-6bcd-4b8c-a399-d71f8e0f865e"},"geometry":{"type":"Point","coordinates":[-53.706,-24.0083]}},{"type":"Feature","properties":{"municipio":"0b474028-16fa-4eed-9f6e-775fe8669f69","title":"PR - IBAITI","tipo":"Cebraspe","url":"\/dashboard\/details-assets\/0b474028-16fa-4eed-9f6e-775fe8669f69"},"geometry":{"type":"Point","coordinates":[-50.1932,-23.8478]}},{"type":"Feature","properties":{"municipio":"37aef8d3-bb4b-41b4-8ca0-205e0d71b1c0","title":"PR - IBIPORA","tipo":"Cebraspe","url":"\/dashboard\/details-assets\/37aef8d3-bb4b-41b4-8ca0-205e0d71b1c0"},"geometry":{"type":"Point","coordinates":[-51.0522,-23.2659]}},{"type":"Feature","properties":{"municipio":"c6ba5d28-1fc0-4604-b891-e391f7f74f70","title":"PR - GUARAPUAVA","tipo":"Cebraspe","url":"\/dashboard\/details-assets\/c6ba5d28-1fc0-4604-b891-e391f7f74f70"},"geometry":{"type":"Point","coordinates":[-51.4623,-25.3902]}},{"type":"Feature","properties":{"municipio":"70f902be-a338-4217-b422-3448fe11ebd4","title":"PR - GUAIRA","tipo":"Cebraspe","url":"\/dashboard\/details-assets\/70f902be-a338-4217-b422-3448fe11ebd4"},"geometry":{"type":"Point","coordinates":[-54.2573,-24.085]}},{"type":"Feature","properties":{"municipio":"32c1a885-e912-4240-ac25-39e1a4157052","title":"PR - GOIOERE","tipo":"Cebraspe","url":"\/dashboard\/details-assets\/32c1a885-e912-4240-ac25-39e1a4157052"},"geometry":{"type":"Point","coordinates":[-53.0248,-24.1835]}},{"type":"Feature","properties":{"municipio":"a14e7e88-878b-46b1-b419-1836d11a1a2d","title":"PR - FRANCISCO BELTRAO","tipo":"Cebraspe","url":"\/dashboard\/details-assets\/a14e7e88-878b-46b1-b419-1836d11a1a2d"},"geometry":{"type":"Point","coordinates":[-53.0535,-26.0817]}},{"type":"Feature","properties":{"municipio":"f5abb905-c66c-4af3-a623-a61a713f7779","title":"PR - FOZ DO IGUACU","tipo":"Cebraspe","url":"\/dashboard\/details-assets\/f5abb905-c66c-4af3-a623-a61a713f7779"},"geometry":{"type":"Point","coordinates":[-54.5827,-25.5427]}},{"type":"Feature","properties":{"municipio":"e4972da9-f5d0-4f65-86a3-e83d1f966cd8","title":"PR - FAXINAL","tipo":"Cebraspe","url":"\/dashboard\/details-assets\/e4972da9-f5d0-4f65-86a3-e83d1f966cd8"},"geometry":{"type":"Point","coordinates":[-51.3227,-24.0077]}},{"type":"Feature","properties":{"municipio":"1f5629d5-74de-4037-8e7c-be2f3c7e89cb","title":"PR - ENGENHEIRO BELTRAO","tipo":"Cebraspe","url":"\/dashboard\/details-assets\/1f5629d5-74de-4037-8e7c-be2f3c7e89cb"},"geometry":{"type":"Point","coordinates":[-52.2659,-23.797]}},{"type":"Feature","properties":{"municipio":"6662359e-f63e-4059-aa67-71d2fcb1355e","title":"PR - DOIS VIZINHOS","tipo":"Cebraspe","url":"\/dashboard\/details-assets\/6662359e-f63e-4059-aa67-71d2fcb1355e"},"geometry":{"type":"Point","coordinates":[-53.057,-25.7407]}},{"type":"Feature","properties":{"municipio":"407c0825-5d4e-4db2-bbbf-152c7d15fb7d","title":"PR - CURITIBA","tipo":"Cebraspe","url":"\/dashboard\/details-assets\/407c0825-5d4e-4db2-bbbf-152c7d15fb7d"},"geometry":{"type":"Point","coordinates":[-49.2646,-25.4195]}},{"type":"Feature","properties":{"municipio":"e593c65c-b7ac-48cf-81f1-0e6cdd0d45cd","title":"PR - CRUZEIRO DO OESTE","tipo":"Cebraspe","url":"\/dashboard\/details-assets\/e593c65c-b7ac-48cf-81f1-0e6cdd0d45cd"},"geometry":{"type":"Point","coordinates":[-53.0774,-23.7799]}},{"type":"Feature","properties":{"municipio":"4aef3853-53e6-4129-965b-7c38d7de0458","title":"PR - CORNELIO PROCOPIO","tipo":"Cebraspe","url":"\/dashboard\/details-assets\/4aef3853-53e6-4129-965b-7c38d7de0458"},"geometry":{"type":"Point","coordinates":[-50.6498,-23.1829]}},{"type":"Feature","properties":{"municipio":"9f1fb82a-058a-487c-9e38-c8261edcaefb","title":"PR - CORBELIA","tipo":"Cebraspe","url":"\/dashboard\/details-assets\/9f1fb82a-058a-487c-9e38-c8261edcaefb"},"geometry":{"type":"Point","coordinates":[-53.3006,-24.7971]}},{"type":"Feature","properties":{"municipio":"b4449c70-bb1a-4f35-995d-a20c2088d1c7","title":"PR - COLORADO","tipo":"Cebraspe","url":"\/dashboard\/details-assets\/b4449c70-bb1a-4f35-995d-a20c2088d1c7"},"geometry":{"type":"Point","coordinates":[-51.9743,-22.8374]}},{"type":"Feature","properties":{"municipio":"b3644347-b39d-4a10-af1f-ea024e6aa4b8","title":"PR - CIANORTE","tipo":"Cebraspe","url":"\/dashboard\/details-assets\/b3644347-b39d-4a10-af1f-ea024e6aa4b8"},"geometry":{"type":"Point","coordinates":[-52.6054,-23.6599]}},{"type":"Feature","properties":{"municipio":"c7aaba49-d052-4fd5-a905-5be0176c9a2b","title":"PR - CATANDUVAS","tipo":"Cebraspe","url":"\/dashboard\/details-assets\/c7aaba49-d052-4fd5-a905-5be0176c9a2b"},"geometry":{"type":"Point","coordinates":[-53.1548,-25.2044]}},{"type":"Feature","properties":{"municipio":"01273840-f986-4d87-a152-6f4bc3e0c085","title":"PR - CASTRO","tipo":"Cebraspe","url":"\/dashboard\/details-assets\/01273840-f986-4d87-a152-6f4bc3e0c085"},"geometry":{"type":"Point","coordinates":[-50.0108,-24.7891]}},{"type":"Feature","properties":{"municipio":"de2fa5c6-3783-4288-9df3-a50c4fe4bde8","title":"PR - CASCAVEL","tipo":"Cebraspe","url":"\/dashboard\/details-assets\/de2fa5c6-3783-4288-9df3-a50c4fe4bde8"},"geometry":{"type":"Point","coordinates":[-53.459,-24.9573]}},{"type":"Feature","properties":{"municipio":"a87a97da-7f57-462c-89cc-1e26bee0bb89","title":"PR - CAPANEMA","tipo":"Cebraspe","url":"\/dashboard\/details-assets\/a87a97da-7f57-462c-89cc-1e26bee0bb89"},"geometry":{"type":"Point","coordinates":[-53.8055,-25.6691]}},{"type":"Feature","properties":{"municipio":"4e3d7c09-c901-41ed-a315-3b7e22204fc7","title":"PR - CARLOPOLIS","tipo":"Cebraspe","url":"\/dashboard\/details-assets\/4e3d7c09-c901-41ed-a315-3b7e22204fc7"},"geometry":{"type":"Point","coordinates":[-49.7235,-23.4269]}},{"type":"Feature","properties":{"municipio":"b318b191-ab71-4c89-ae8a-b377ad6d86b3","title":"PR - CAMPO MOURAO","tipo":"Cebraspe","url":"\/dashboard\/details-assets\/b318b191-ab71-4c89-ae8a-b377ad6d86b3"},"geometry":{"type":"Point","coordinates":[-52.378,-24.0463]}},{"type":"Feature","properties":{"municipio":"211161a1-3ab3-4853-a39c-94a18958cb3d","title":"PR - CAMPO LARGO","tipo":"Cebraspe","url":"\/dashboard\/details-assets\/211161a1-3ab3-4853-a39c-94a18958cb3d"},"geometry":{"type":"Point","coordinates":[-49.529,-25.4525]}},{"type":"Feature","properties":{"municipio":"6bf7884e-71b9-4525-9317-fdfb7ce11c1f","title":"PR - CAMPINA DA LAGOA","tipo":"Cebraspe","url":"\/dashboard\/details-assets\/6bf7884e-71b9-4525-9317-fdfb7ce11c1f"},"geometry":{"type":"Point","coordinates":[-52.7976,-24.5893]}},{"type":"Feature","properties":{"municipio":"d1a969a4-9389-4314-9ede-4619a67116a1","title":"PR - CAMBE","tipo":"Cebraspe","url":"\/dashboard\/details-assets\/d1a969a4-9389-4314-9ede-4619a67116a1"},"geometry":{"type":"Point","coordinates":[-51.2798,-23.2766]}},{"type":"Feature","properties":{"municipio":"b8c04977-2f9c-49ae-b112-57c232e1e689","title":"PR - CAMBARA","tipo":"Cebraspe","url":"\/dashboard\/details-assets\/b8c04977-2f9c-49ae-b112-57c232e1e689"},"geometry":{"type":"Point","coordinates":[-50.0753,-23.0423]}},{"type":"Feature","properties":{"municipio":"e577980f-4737-4c6f-9a7d-d736713e4357","title":"PR - BARRACAO","tipo":"Cebraspe","url":"\/dashboard\/details-assets\/e577980f-4737-4c6f-9a7d-d736713e4357"},"geometry":{"type":"Point","coordinates":[-53.6324,-26.2502]}},{"type":"Feature","properties":{"municipio":"65f6a7c4-8e8c-4d8f-ab66-9ed695468b6f","title":"PR - BANDEIRANTES","tipo":"Cebraspe","url":"\/dashboard\/details-assets\/65f6a7c4-8e8c-4d8f-ab66-9ed695468b6f"},"geometry":{"type":"Point","coordinates":[-50.3704,-23.1078]}},{"type":"Feature","properties":{"municipio":"959adbdc-24a8-4a32-b39a-b36bbd5722b8","title":"PR - ASSAI","tipo":"Cebraspe","url":"\/dashboard\/details-assets\/959adbdc-24a8-4a32-b39a-b36bbd5722b8"},"geometry":{"type":"Point","coordinates":[-50.8459,-23.3697]}},{"type":"Feature","properties":{"municipio":"599d054d-73e2-4b19-adf5-6b723c205bb6","title":"PR - ASTORGA","tipo":"Cebraspe","url":"\/dashboard\/details-assets\/599d054d-73e2-4b19-adf5-6b723c205bb6"},"geometry":{"type":"Point","coordinates":[-51.6668,-23.2318]}},{"type":"Feature","properties":{"municipio":"33c3c909-fdb5-4a2e-913f-a134c3853ed1","title":"PR - ARAUCARIA","tipo":"Cebraspe","url":"\/dashboard\/details-assets\/33c3c909-fdb5-4a2e-913f-a134c3853ed1"},"geometry":{"type":"Point","coordinates":[-49.4047,-25.5859]}},{"type":"Feature","properties":{"municipio":"57b89332-bf8c-4a27-8c40-a05701e783f0","title":"PR - ARAPOTI","tipo":"Cebraspe","url":"\/dashboard\/details-assets\/57b89332-bf8c-4a27-8c40-a05701e783f0"},"geometry":{"type":"Point","coordinates":[-49.8285,-24.1548]}},{"type":"Feature","properties":{"municipio":"8fb1266b-6395-4d61-a471-2202f66a219f","title":"PR - ARAPONGAS","tipo":"Cebraspe","url":"\/dashboard\/details-assets\/8fb1266b-6395-4d61-a471-2202f66a219f"},"geometry":{"type":"Point","coordinates":[-51.4259,-23.4153]}},{"type":"Feature","properties":{"municipio":"367c2ec9-62b0-4ba4-b5cc-0c4ff30e32b6","title":"PR - APUCARANA","tipo":"Cebraspe","url":"\/dashboard\/details-assets\/367c2ec9-62b0-4ba4-b5cc-0c4ff30e32b6"},"geometry":{"type":"Point","coordinates":[-51.4635,-23.55]}},{"type":"Feature","properties":{"municipio":"1cb79aa4-e855-4364-947d-cd62ae9eb30c","title":"PR - ALTO PARANA","tipo":"Cebraspe","url":"\/dashboard\/details-assets\/1cb79aa4-e855-4364-947d-cd62ae9eb30c"},"geometry":{"type":"Point","coordinates":[-52.3189,-23.1312]}},{"type":"Feature","properties":{"municipio":"03739b28-edda-4abc-b7fb-48a3b0f68b3c","title":"PI - TERESINA","tipo":"Cebraspe","url":"\/dashboard\/details-assets\/03739b28-edda-4abc-b7fb-48a3b0f68b3c"},"geometry":{"type":"Point","coordinates":[-42.8034,-5.09194]}},{"type":"Feature","properties":{"municipio":"f919e3c2-766e-4705-a997-97fb9f95d1a9","title":"PI - SAO RAIMUNDO NONATO","tipo":"Cebraspe","url":"\/dashboard\/details-assets\/f919e3c2-766e-4705-a997-97fb9f95d1a9"},"geometry":{"type":"Point","coordinates":[-42.6987,-9.01241]}},{"type":"Feature","properties":{"municipio":"7f4e9922-dbdc-49f0-a56d-2fbf806e5b30","title":"PI - PICOS","tipo":"Cebraspe","url":"\/dashboard\/details-assets\/7f4e9922-dbdc-49f0-a56d-2fbf806e5b30"},"geometry":{"type":"Point","coordinates":[-41.467,-7.07721]}},{"type":"Feature","properties":{"municipio":"b6a19595-0f38-420d-9bfb-e3a261d87b95","title":"PI - PARNAIBA","tipo":"Cebraspe","url":"\/dashboard\/details-assets\/b6a19595-0f38-420d-9bfb-e3a261d87b95"},"geometry":{"type":"Point","coordinates":[-41.7754,-2.90585]}},{"type":"Feature","properties":{"municipio":"29f478ea-e966-4885-9ad5-5f12e7433367","title":"PI - OEIRAS","tipo":"Cebraspe","url":"\/dashboard\/details-assets\/29f478ea-e966-4885-9ad5-5f12e7433367"},"geometry":{"type":"Point","coordinates":[-42.1283,-7.01915]}},{"type":"Feature","properties":{"municipio":"3816be96-d49e-471b-8758-99f3baa6c0ea","title":"PI - FLORIANO","tipo":"Cebraspe","url":"\/dashboard\/details-assets\/3816be96-d49e-471b-8758-99f3baa6c0ea"},"geometry":{"type":"Point","coordinates":[-43.0241,-6.77182]}},{"type":"Feature","properties":{"municipio":"0e13d0f0-24ef-4cc6-b387-9a67ac3c2c38","title":"PI - ESPERANTINA","tipo":"Cebraspe","url":"\/dashboard\/details-assets\/0e13d0f0-24ef-4cc6-b387-9a67ac3c2c38"},"geometry":{"type":"Point","coordinates":[-42.2324,-3.88863]}},{"type":"Feature","properties":{"municipio":"51f22c18-3e2c-41d2-a263-aeb9a8b2fd24","title":"PI - CAMPO MAIOR","tipo":"Cebraspe","url":"\/dashboard\/details-assets\/51f22c18-3e2c-41d2-a263-aeb9a8b2fd24"},"geometry":{"type":"Point","coordinates":[-42.1641,-4.8217]}},{"type":"Feature","properties":{"municipio":"527855ee-a9b1-485b-8751-e7bbac56b69d","title":"PI - BURITI DOS LOPES","tipo":"Cebraspe","url":"\/dashboard\/details-assets\/527855ee-a9b1-485b-8751-e7bbac56b69d"},"geometry":{"type":"Point","coordinates":[-41.8695,-3.18259]}},{"type":"Feature","properties":{"municipio":"0c21d883-97d6-4094-8009-e83a880288b8","title":"PI - BOM JESUS","tipo":"Cebraspe","url":"\/dashboard\/details-assets\/0c21d883-97d6-4094-8009-e83a880288b8"},"geometry":{"type":"Point","coordinates":[-44.359,-9.07124]}},{"type":"Feature","properties":{"municipio":"41611880-d178-462d-98d3-76a5641b2e70","title":"PI - ALTOS","tipo":"Cebraspe","url":"\/dashboard\/details-assets\/41611880-d178-462d-98d3-76a5641b2e70"},"geometry":{"type":"Point","coordinates":[-42.4612,-5.03888]}},{"type":"Feature","properties":{"municipio":"1252bf06-2c41-491c-b8c4-860ba96721c0","title":"PE - VITORIA DE SANTO ANTAO","tipo":"Cebraspe","url":"\/dashboard\/details-assets\/1252bf06-2c41-491c-b8c4-860ba96721c0"},"geometry":{"type":"Point","coordinates":[-35.2976,-8.12819]}},{"type":"Feature","properties":{"municipio":"ce6aff6d-1730-4db4-9fe3-192a45ddaf50","title":"PE - VICENCIA","tipo":"Cebraspe","url":"\/dashboard\/details-assets\/ce6aff6d-1730-4db4-9fe3-192a45ddaf50"},"geometry":{"type":"Point","coordinates":[-35.3139,-7.65655]}},{"type":"Feature","properties":{"municipio":"8d55d94b-2281-415b-b01a-13d05c3cabe6","title":"PE - VERDEJANTE","tipo":"Cebraspe","url":"\/dashboard\/details-assets\/8d55d94b-2281-415b-b01a-13d05c3cabe6"},"geometry":{"type":"Point","coordinates":[-38.9701,-7.92235]}},{"type":"Feature","properties":{"municipio":"4d548e71-f5b2-4f6a-b50d-ef7e9734577e","title":"PE - TIMBAUBA","tipo":"Cebraspe","url":"\/dashboard\/details-assets\/4d548e71-f5b2-4f6a-b50d-ef7e9734577e"},"geometry":{"type":"Point","coordinates":[-35.3119,-7.50484]}},{"type":"Feature","properties":{"municipio":"a45a0de8-c4b8-4779-a3ca-df5a91e2c9f0","title":"PE - SERRA TALHADA","tipo":"Cebraspe","url":"\/dashboard\/details-assets\/a45a0de8-c4b8-4779-a3ca-df5a91e2c9f0"},"geometry":{"type":"Point","coordinates":[-38.289,-7.98178]}},{"type":"Feature","properties":{"municipio":"14bea62b-df5d-4f21-81bc-ec2f75b4004d","title":"PE - TACAIMBO","tipo":"Cebraspe","url":"\/dashboard\/details-assets\/14bea62b-df5d-4f21-81bc-ec2f75b4004d"},"geometry":{"type":"Point","coordinates":[-36.3,-8.30867]}},{"type":"Feature","properties":{"municipio":"f9bb79ec-d4f7-4220-92d7-d3aca126ef03","title":"PE - SANTA CRUZ DO CAPIBARIBE","tipo":"Cebraspe","url":"\/dashboard\/details-assets\/f9bb79ec-d4f7-4220-92d7-d3aca126ef03"},"geometry":{"type":"Point","coordinates":[-36.2061,-7.94802]}},{"type":"Feature","properties":{"municipio":"560669c8-6291-41c1-b99e-72e30e461f19","title":"PE - SALOA","tipo":"Cebraspe","url":"\/dashboard\/details-assets\/560669c8-6291-41c1-b99e-72e30e461f19"},"geometry":{"type":"Point","coordinates":[-36.691,-8.9723]}},{"type":"Feature","properties":{"municipio":"8fc36680-4aa0-4b0c-a257-6d4c2759960b","title":"PE - SALGUEIRO","tipo":"Cebraspe","url":"\/dashboard\/details-assets\/8fc36680-4aa0-4b0c-a257-6d4c2759960b"},"geometry":{"type":"Point","coordinates":[-39.1247,-8.07373]}},{"type":"Feature","properties":{"municipio":"b82bccf5-b91a-4dda-8a91-c84698d2fa0b","title":"PE - RECIFE","tipo":"Cebraspe","url":"\/dashboard\/details-assets\/b82bccf5-b91a-4dda-8a91-c84698d2fa0b"},"geometry":{"type":"Point","coordinates":[-34.8771,-8.04666]}},{"type":"Feature","properties":{"municipio":"c2b549df-0ab0-46a5-9ccd-348b7e1c6565","title":"PE - PESQUEIRA","tipo":"Cebraspe","url":"\/dashboard\/details-assets\/c2b549df-0ab0-46a5-9ccd-348b7e1c6565"},"geometry":{"type":"Point","coordinates":[-36.6978,-8.35797]}},{"type":"Feature","properties":{"municipio":"ff317e20-5c59-48e4-bc31-8c83303749c1","title":"PE - PETROLINA","tipo":"Cebraspe","url":"\/dashboard\/details-assets\/ff317e20-5c59-48e4-bc31-8c83303749c1"},"geometry":{"type":"Point","coordinates":[-40.5027,-9.38866]}},{"type":"Feature","properties":{"municipio":"24c4af53-e3a6-49c8-979c-a053b38608ae","title":"PE - PALMARES","tipo":"Cebraspe","url":"\/dashboard\/details-assets\/24c4af53-e3a6-49c8-979c-a053b38608ae"},"geometry":{"type":"Point","coordinates":[-35.589,-8.68423]}},{"type":"Feature","properties":{"municipio":"80527a5c-21ae-4b55-abf2-98436233a9ed","title":"PE - NAZARE DA MATA","tipo":"Cebraspe","url":"\/dashboard\/details-assets\/80527a5c-21ae-4b55-abf2-98436233a9ed"},"geometry":{"type":"Point","coordinates":[-35.2193,-7.74149]}},{"type":"Feature","properties":{"municipio":"fd4c7229-faf8-4dd2-8506-36cb563b8832","title":"PE - LIMOEIRO","tipo":"Cebraspe","url":"\/dashboard\/details-assets\/fd4c7229-faf8-4dd2-8506-36cb563b8832"},"geometry":{"type":"Point","coordinates":[-35.4402,-7.8726]}},{"type":"Feature","properties":{"municipio":"3761e04e-8265-4577-b998-2f790a2d3b2f","title":"PE - LAGOA DO CARRO","tipo":"Cebraspe","url":"\/dashboard\/details-assets\/3761e04e-8265-4577-b998-2f790a2d3b2f"},"geometry":{"type":"Point","coordinates":[-35.3108,-7.84383]}},{"type":"Feature","properties":{"municipio":"3245ef1c-fb47-4e06-bb77-8c5937fbccc4","title":"PE - LAJEDO","tipo":"Cebraspe","url":"\/dashboard\/details-assets\/3245ef1c-fb47-4e06-bb77-8c5937fbccc4"},"geometry":{"type":"Point","coordinates":[-36.3293,-8.65791]}},{"type":"Feature","properties":{"municipio":"25aeaa25-0c07-4f51-ac4b-6f35076b7dcc","title":"PE - JABOATAO DOS GUARARAPES","tipo":"Cebraspe","url":"\/dashboard\/details-assets\/25aeaa25-0c07-4f51-ac4b-6f35076b7dcc"},"geometry":{"type":"Point","coordinates":[-35.015,-8.11298]}},{"type":"Feature","properties":{"municipio":"fd6804d8-b933-4630-8d4a-65dab889f465","title":"PE - ITAQUITINGA","tipo":"Cebraspe","url":"\/dashboard\/details-assets\/fd6804d8-b933-4630-8d4a-65dab889f465"},"geometry":{"type":"Point","coordinates":[-35.1002,-7.66373]}},{"type":"Feature","properties":{"municipio":"76260485-f8a7-4ebc-91a4-ddbc5d848113","title":"PE - ILHA DE ITAMARACA","tipo":"Cebraspe","url":"\/dashboard\/details-assets\/76260485-f8a7-4ebc-91a4-ddbc5d848113"},"geometry":{"type":"Point","coordinates":[-34.8303,-7.74766]}},{"type":"Feature","properties":{"municipio":"aec51391-26c1-473f-8265-a4aceb874884","title":"PE - IGARASSU","tipo":"Cebraspe","url":"\/dashboard\/details-assets\/aec51391-26c1-473f-8265-a4aceb874884"},"geometry":{"type":"Point","coordinates":[-34.9013,-7.82881]}},{"type":"Feature","properties":{"municipio":"61c4cc4b-2d49-4b23-95c8-1333e7915fc2","title":"PE - GARANHUNS","tipo":"Cebraspe","url":"\/dashboard\/details-assets\/61c4cc4b-2d49-4b23-95c8-1333e7915fc2"},"geometry":{"type":"Point","coordinates":[-36.4966,-8.88243]}},{"type":"Feature","properties":{"municipio":"09b4d802-8d36-4b76-9602-27adb5475501","title":"PE - GOIANA","tipo":"Cebraspe","url":"\/dashboard\/details-assets\/09b4d802-8d36-4b76-9602-27adb5475501"},"geometry":{"type":"Point","coordinates":[-34.9959,-7.5606]}},{"type":"Feature","properties":{"municipio":"afc9676b-3cda-44ad-920c-f96c519b5461","title":"PE - CARUARU","tipo":"Cebraspe","url":"\/dashboard\/details-assets\/afc9676b-3cda-44ad-920c-f96c519b5461"},"geometry":{"type":"Point","coordinates":[-35.9699,-8.28455]}},{"type":"Feature","properties":{"municipio":"aeb2a2d1-f9e4-4ed2-83d8-8eaea1c6b5a1","title":"PE - CARPINA","tipo":"Cebraspe","url":"\/dashboard\/details-assets\/aeb2a2d1-f9e4-4ed2-83d8-8eaea1c6b5a1"},"geometry":{"type":"Point","coordinates":[-35.2514,-7.84566]}},{"type":"Feature","properties":{"municipio":"7f362399-8c19-42ea-850c-b590c85a9132","title":"PE - CANHOTINHO","tipo":"Cebraspe","url":"\/dashboard\/details-assets\/7f362399-8c19-42ea-850c-b590c85a9132"},"geometry":{"type":"Point","coordinates":[-36.1979,-8.87652]}},{"type":"Feature","properties":{"municipio":"967e8fe3-4639-4d17-b493-8e609de9f391","title":"PE - BUIQUE","tipo":"Cebraspe","url":"\/dashboard\/details-assets\/967e8fe3-4639-4d17-b493-8e609de9f391"},"geometry":{"type":"Point","coordinates":[-37.1606,-8.61954]}},{"type":"Feature","properties":{"municipio":"47d9cc52-87f7-4def-b214-3079d2d2efbf","title":"PE - CABO DE SANTO AGOSTINHO","tipo":"Cebraspe","url":"\/dashboard\/details-assets\/47d9cc52-87f7-4def-b214-3079d2d2efbf"},"geometry":{"type":"Point","coordinates":[-35.0253,-8.28218]}},{"type":"Feature","properties":{"municipio":"d9531aaf-ee14-4185-8a04-7561e9c709a2","title":"PE - BOM CONSELHO","tipo":"Cebraspe","url":"\/dashboard\/details-assets\/d9531aaf-ee14-4185-8a04-7561e9c709a2"},"geometry":{"type":"Point","coordinates":[-36.6857,-9.16919]}},{"type":"Feature","properties":{"municipio":"50ec36ca-4b4a-425f-8e2b-8f6654aa7992","title":"PE - ARCOVERDE","tipo":"Cebraspe","url":"\/dashboard\/details-assets\/50ec36ca-4b4a-425f-8e2b-8f6654aa7992"},"geometry":{"type":"Point","coordinates":[-37.0577,-8.41519]}},{"type":"Feature","properties":{"municipio":"1b3d6aae-9c2d-4711-8515-2199cf01fc34","title":"PE - ABREU E LIMA","tipo":"Cebraspe","url":"\/dashboard\/details-assets\/1b3d6aae-9c2d-4711-8515-2199cf01fc34"},"geometry":{"type":"Point","coordinates":[-34.8984,-7.90072]}},{"type":"Feature","properties":{"municipio":"6bc063b5-5dc8-493f-b1a9-7cceb2d56ebf","title":"PB - UMBUZEIRO","tipo":"Cebraspe","url":"\/dashboard\/details-assets\/6bc063b5-5dc8-493f-b1a9-7cceb2d56ebf"},"geometry":{"type":"Point","coordinates":[-35.6582,-7.69199]}},{"type":"Feature","properties":{"municipio":"047e4bd6-652b-4670-a8ed-fb5aca44c22d","title":"PB - UIRAUNA","tipo":"Cebraspe","url":"\/dashboard\/details-assets\/047e4bd6-652b-4670-a8ed-fb5aca44c22d"},"geometry":{"type":"Point","coordinates":[-38.4128,-6.51504]}},{"type":"Feature","properties":{"municipio":"4fb12c52-3c17-4c5c-8ba7-644c5d7db5ac","title":"PB - TEIXEIRA","tipo":"Cebraspe","url":"\/dashboard\/details-assets\/4fb12c52-3c17-4c5c-8ba7-644c5d7db5ac"},"geometry":{"type":"Point","coordinates":[-37.2525,-7.22104]}},{"type":"Feature","properties":{"municipio":"c11172d5-bfc6-41bc-bfac-541651a81465","title":"PB - TAPEROA","tipo":"Cebraspe","url":"\/dashboard\/details-assets\/c11172d5-bfc6-41bc-bfac-541651a81465"},"geometry":{"type":"Point","coordinates":[-36.8245,-7.20629]}},{"type":"Feature","properties":{"municipio":"b717b4c4-bc6c-4fb0-bb2e-329540f00021","title":"PB - SOUSA","tipo":"Cebraspe","url":"\/dashboard\/details-assets\/b717b4c4-bc6c-4fb0-bb2e-329540f00021"},"geometry":{"type":"Point","coordinates":[-38.2311,-6.75148]}},{"type":"Feature","properties":{"municipio":"d0521e90-b86f-470e-b214-d87471e08774","title":"PB - SOLEDADE","tipo":"Cebraspe","url":"\/dashboard\/details-assets\/d0521e90-b86f-470e-b214-d87471e08774"},"geometry":{"type":"Point","coordinates":[-36.3668,-7.05829]}},{"type":"Feature","properties":{"municipio":"11b2908b-e90f-4cfe-b209-246f2f80365e","title":"PB - SOLANEA","tipo":"Cebraspe","url":"\/dashboard\/details-assets\/11b2908b-e90f-4cfe-b209-246f2f80365e"},"geometry":{"type":"Point","coordinates":[-35.6636,-6.75161]}},{"type":"Feature","properties":{"municipio":"9019ae32-9e4a-4e22-8c28-4fa0936bf77f","title":"PB - SERRA BRANCA","tipo":"Cebraspe","url":"\/dashboard\/details-assets\/9019ae32-9e4a-4e22-8c28-4fa0936bf77f"},"geometry":{"type":"Point","coordinates":[-36.666,-7.48034]}},{"type":"Feature","properties":{"municipio":"1bb8e3a9-6c3e-4d59-9690-60915a28c91f","title":"PB - SAPE","tipo":"Cebraspe","url":"\/dashboard\/details-assets\/1bb8e3a9-6c3e-4d59-9690-60915a28c91f"},"geometry":{"type":"Point","coordinates":[-35.228,-7.09359]}},{"type":"Feature","properties":{"municipio":"0c4ba5b1-74de-4d5b-8685-c2f21bdd0482","title":"PB - SAO JOSE DE PIRANHAS","tipo":"Cebraspe","url":"\/dashboard\/details-assets\/0c4ba5b1-74de-4d5b-8685-c2f21bdd0482"},"geometry":{"type":"Point","coordinates":[-38.502,-7.1187]}},{"type":"Feature","properties":{"municipio":"cf05333c-bfdf-4094-8c67-fc7741602281","title":"PB - SANTA RITA","tipo":"Cebraspe","url":"\/dashboard\/details-assets\/cf05333c-bfdf-4094-8c67-fc7741602281"},"geometry":{"type":"Point","coordinates":[-34.9753,-7.11724]}},{"type":"Feature","properties":{"municipio":"926f3cbb-aa76-4629-b1cb-5dedbc448797","title":"PB - SANTA LUZIA","tipo":"Cebraspe","url":"\/dashboard\/details-assets\/926f3cbb-aa76-4629-b1cb-5dedbc448797"},"geometry":{"type":"Point","coordinates":[-36.9178,-6.86092]}},{"type":"Feature","properties":{"municipio":"96dff40d-2c1b-4a9d-a26f-3682b67d37e6","title":"PB - REMIGIO","tipo":"Cebraspe","url":"\/dashboard\/details-assets\/96dff40d-2c1b-4a9d-a26f-3682b67d37e6"},"geometry":{"type":"Point","coordinates":[-35.8011,-6.94992]}},{"type":"Feature","properties":{"municipio":"42f45ded-bdef-4082-8717-e6313dc1641e","title":"PB - QUEIMADAS","tipo":"Cebraspe","url":"\/dashboard\/details-assets\/42f45ded-bdef-4082-8717-e6313dc1641e"},"geometry":{"type":"Point","coordinates":[-35.9031,-7.35029]}},{"type":"Feature","properties":{"municipio":"7eacd646-a7a0-4cec-b98a-3748b089b707","title":"PB - PRINCESA ISABEL","tipo":"Cebraspe","url":"\/dashboard\/details-assets\/7eacd646-a7a0-4cec-b98a-3748b089b707"},"geometry":{"type":"Point","coordinates":[-37.9886,-7.73175]}},{"type":"Feature","properties":{"municipio":"da2c42c2-3141-4276-9f21-0a731396bb46","title":"PB - POMBAL","tipo":"Cebraspe","url":"\/dashboard\/details-assets\/da2c42c2-3141-4276-9f21-0a731396bb46"},"geometry":{"type":"Point","coordinates":[-37.8003,-6.76606]}},{"type":"Feature","properties":{"municipio":"1d709fb5-5fd7-4ee9-a61b-ec189e639e6f","title":"PB - PILAR","tipo":"Cebraspe","url":"\/dashboard\/details-assets\/1d709fb5-5fd7-4ee9-a61b-ec189e639e6f"},"geometry":{"type":"Point","coordinates":[-35.2523,-7.26403]}},{"type":"Feature","properties":{"municipio":"68469a1a-a701-4b85-a58e-e727b17ab6a1","title":"PB - PIANCO","tipo":"Cebraspe","url":"\/dashboard\/details-assets\/68469a1a-a701-4b85-a58e-e727b17ab6a1"},"geometry":{"type":"Point","coordinates":[-37.9289,-7.19282]}},{"type":"Feature","properties":{"municipio":"73b529b2-08d2-4e3e-a8d0-2be57360e9ec","title":"PB - PEDRAS DE FOGO","tipo":"Cebraspe","url":"\/dashboard\/details-assets\/73b529b2-08d2-4e3e-a8d0-2be57360e9ec"},"geometry":{"type":"Point","coordinates":[-35.1065,-7.39107]}},{"type":"Feature","properties":{"municipio":"816b75ef-8343-46b7-af93-b258178791de","title":"PB - PATOS","tipo":"Cebraspe","url":"\/dashboard\/details-assets\/816b75ef-8343-46b7-af93-b258178791de"},"geometry":{"type":"Point","coordinates":[-37.2747,-7.01743]}},{"type":"Feature","properties":{"municipio":"fd0bd87b-9b46-449a-8d1c-ac192c1bfc42","title":"PB - MONTEIRO","tipo":"Cebraspe","url":"\/dashboard\/details-assets\/fd0bd87b-9b46-449a-8d1c-ac192c1bfc42"},"geometry":{"type":"Point","coordinates":[-37.1184,-7.88363]}},{"type":"Feature","properties":{"municipio":"282ffb3e-0753-41c2-bd6e-ffbb28adcb6a","title":"PB - MAMANGUAPE","tipo":"Cebraspe","url":"\/dashboard\/details-assets\/282ffb3e-0753-41c2-bd6e-ffbb28adcb6a"},"geometry":{"type":"Point","coordinates":[-35.1213,-6.8337]}},{"type":"Feature","properties":{"municipio":"40f34f89-6d12-4ea2-8535-c90e8553cc76","title":"PB - MALTA","tipo":"Cebraspe","url":"\/dashboard\/details-assets\/40f34f89-6d12-4ea2-8535-c90e8553cc76"},"geometry":{"type":"Point","coordinates":[-37.5221,-6.89719]}},{"type":"Feature","properties":{"municipio":"3a6243c7-eddf-4ef1-863d-01e29882ed51","title":"PB - LAGOA SECA","tipo":"Cebraspe","url":"\/dashboard\/details-assets\/3a6243c7-eddf-4ef1-863d-01e29882ed51"},"geometry":{"type":"Point","coordinates":[-35.8491,-7.15535]}},{"type":"Feature","properties":{"municipio":"78b2a702-29b6-4adf-9d45-c109a8a5ff2c","title":"PB - JUAZEIRINHO","tipo":"Cebraspe","url":"\/dashboard\/details-assets\/78b2a702-29b6-4adf-9d45-c109a8a5ff2c"},"geometry":{"type":"Point","coordinates":[-36.5793,-7.06092]}},{"type":"Feature","properties":{"municipio":"b9564c8f-fd84-4590-89a4-7c202f5a7672","title":"PB - JOAO PESSOA","tipo":"Cebraspe","url":"\/dashboard\/details-assets\/b9564c8f-fd84-4590-89a4-7c202f5a7672"},"geometry":{"type":"Point","coordinates":[-34.8641,-7.11509]}},{"type":"Feature","properties":{"municipio":"126a8ace-add8-4ede-a048-20821291ddba","title":"PB - ITAPORANGA","tipo":"Cebraspe","url":"\/dashboard\/details-assets\/126a8ace-add8-4ede-a048-20821291ddba"},"geometry":{"type":"Point","coordinates":[-38.1504,-7.30202]}},{"type":"Feature","properties":{"municipio":"69edbb63-af3a-48b0-8759-1ecc6a8aa430","title":"PB - JACARAU","tipo":"Cebraspe","url":"\/dashboard\/details-assets\/69edbb63-af3a-48b0-8759-1ecc6a8aa430"},"geometry":{"type":"Point","coordinates":[-35.289,-6.61453]}},{"type":"Feature","properties":{"municipio":"4d5ec5a9-dfa1-494b-a919-1db232e73e72","title":"PB - ITABAIANA","tipo":"Cebraspe","url":"\/dashboard\/details-assets\/4d5ec5a9-dfa1-494b-a919-1db232e73e72"},"geometry":{"type":"Point","coordinates":[-35.3317,-7.33167]}},{"type":"Feature","properties":{"municipio":"7f2d67ed-a0a2-4d51-959b-23a0c1fe938d","title":"PB - INGA","tipo":"Cebraspe","url":"\/dashboard\/details-assets\/7f2d67ed-a0a2-4d51-959b-23a0c1fe938d"},"geometry":{"type":"Point","coordinates":[-35.605,-7.28144]}},{"type":"Feature","properties":{"municipio":"a51d4c54-1ca8-4b03-b793-44363a600a7c","title":"PB - GUARABIRA","tipo":"Cebraspe","url":"\/dashboard\/details-assets\/a51d4c54-1ca8-4b03-b793-44363a600a7c"},"geometry":{"type":"Point","coordinates":[-35.485,-6.85064]}},{"type":"Feature","properties":{"municipio":"73307fcc-001d-443a-b722-ac01bf8851fa","title":"PB - ESPERANCA","tipo":"Cebraspe","url":"\/dashboard\/details-assets\/73307fcc-001d-443a-b722-ac01bf8851fa"},"geometry":{"type":"Point","coordinates":[-35.8597,-7.02278]}},{"type":"Feature","properties":{"municipio":"33177eec-4357-41bb-9ad8-3013c9cd13d1","title":"PB - CUITE","tipo":"Cebraspe","url":"\/dashboard\/details-assets\/33177eec-4357-41bb-9ad8-3013c9cd13d1"},"geometry":{"type":"Point","coordinates":[-36.1515,-6.47647]}},{"type":"Feature","properties":{"municipio":"dfb78c81-0ea8-411b-992f-d3ddfc7b7c9a","title":"PB - CUBATI","tipo":"Cebraspe","url":"\/dashboard\/details-assets\/dfb78c81-0ea8-411b-992f-d3ddfc7b7c9a"},"geometry":{"type":"Point","coordinates":[-36.3619,-6.86686]}},{"type":"Feature","properties":{"municipio":"3fe6a152-62d6-4a55-a4e3-5f9171c1cd08","title":"PB - CONCEICAO","tipo":"Cebraspe","url":"\/dashboard\/details-assets\/3fe6a152-62d6-4a55-a4e3-5f9171c1cd08"},"geometry":{"type":"Point","coordinates":[-38.5014,-7.55106]}},{"type":"Feature","properties":{"municipio":"dacb76bc-80af-4132-be74-56272b9ea837","title":"PB - COREMAS","tipo":"Cebraspe","url":"\/dashboard\/details-assets\/dacb76bc-80af-4132-be74-56272b9ea837"},"geometry":{"type":"Point","coordinates":[-37.9346,-7.00712]}},{"type":"Feature","properties":{"municipio":"e23e8dc5-d2a2-48c5-aea3-40245d250074","title":"PB - CATOLE DO ROCHA","tipo":"Cebraspe","url":"\/dashboard\/details-assets\/e23e8dc5-d2a2-48c5-aea3-40245d250074"},"geometry":{"type":"Point","coordinates":[-37.747,-6.34062]}},{"type":"Feature","properties":{"municipio":"e5060812-5a46-45fa-9e24-d3f9de55ee76","title":"PB - CAMPINA GRANDE","tipo":"Cebraspe","url":"\/dashboard\/details-assets\/e5060812-5a46-45fa-9e24-d3f9de55ee76"},"geometry":{"type":"Point","coordinates":[-35.8731,-7.22196]}},{"type":"Feature","properties":{"municipio":"6d146d18-b239-4d11-93b3-efb20d75687c","title":"PB - CAJAZEIRAS","tipo":"Cebraspe","url":"\/dashboard\/details-assets\/6d146d18-b239-4d11-93b3-efb20d75687c"},"geometry":{"type":"Point","coordinates":[-38.5577,-6.88004]}},{"type":"Feature","properties":{"municipio":"4eb00075-ef03-4af7-a824-4271b92b52a6","title":"PB - BAYEUX","tipo":"Cebraspe","url":"\/dashboard\/details-assets\/4eb00075-ef03-4af7-a824-4271b92b52a6"},"geometry":{"type":"Point","coordinates":[-34.9293,-7.1238]}},{"type":"Feature","properties":{"municipio":"1335d82a-3f99-479b-b7a3-8be67ad8039e","title":"PB - BELEM","tipo":"Cebraspe","url":"\/dashboard\/details-assets\/1335d82a-3f99-479b-b7a3-8be67ad8039e"},"geometry":{"type":"Point","coordinates":[-35.5166,-6.74261]}},{"type":"Feature","properties":{"municipio":"427ae15f-224f-4b03-9808-1c8a7e5ae4d8","title":"PB - BANANEIRAS","tipo":"Cebraspe","url":"\/dashboard\/details-assets\/427ae15f-224f-4b03-9808-1c8a7e5ae4d8"},"geometry":{"type":"Point","coordinates":[-35.6246,-6.74775]}},{"type":"Feature","properties":{"municipio":"34a61d4d-71ef-4dc8-81fb-a9b7d4898256","title":"PB - AREIA","tipo":"Cebraspe","url":"\/dashboard\/details-assets\/34a61d4d-71ef-4dc8-81fb-a9b7d4898256"},"geometry":{"type":"Point","coordinates":[-35.6977,-6.96396]}},{"type":"Feature","properties":{"municipio":"d3dcf2d3-2773-4a76-a220-8df9ab831711","title":"PB - SAO JOAO DO RIO DO PEIXE","tipo":"Cebraspe","url":"\/dashboard\/details-assets\/d3dcf2d3-2773-4a76-a220-8df9ab831711"},"geometry":{"type":"Point","coordinates":[-38.4468,-6.72195]}},{"type":"Feature","properties":{"municipio":"494ab1eb-cea5-4668-8aad-177076d0c0bf","title":"PB - ARARUNA","tipo":"Cebraspe","url":"\/dashboard\/details-assets\/494ab1eb-cea5-4668-8aad-177076d0c0bf"},"geometry":{"type":"Point","coordinates":[-35.7498,-6.54848]}},{"type":"Feature","properties":{"municipio":"d55b3c76-a4a6-4d8f-b046-6972d2cb323e","title":"PB - ALHANDRA","tipo":"Cebraspe","url":"\/dashboard\/details-assets\/d55b3c76-a4a6-4d8f-b046-6972d2cb323e"},"geometry":{"type":"Point","coordinates":[-34.9057,-7.42977]}},{"type":"Feature","properties":{"municipio":"aa8156cf-681e-4920-8de5-35e8e83842a5","title":"PB - ALAGOINHA","tipo":"Cebraspe","url":"\/dashboard\/details-assets\/aa8156cf-681e-4920-8de5-35e8e83842a5"},"geometry":{"type":"Point","coordinates":[-35.5332,-6.94657]}},{"type":"Feature","properties":{"municipio":"9807e3f0-beed-4bcf-bf2a-b3ab6a9b4420","title":"PB - ALAGOA NOVA","tipo":"Cebraspe","url":"\/dashboard\/details-assets\/9807e3f0-beed-4bcf-bf2a-b3ab6a9b4420"},"geometry":{"type":"Point","coordinates":[-35.7591,-7.05377]}},{"type":"Feature","properties":{"municipio":"776576fd-d4d0-485f-9600-70d6307d6513","title":"PB - ALAGOA GRANDE","tipo":"Cebraspe","url":"\/dashboard\/details-assets\/776576fd-d4d0-485f-9600-70d6307d6513"},"geometry":{"type":"Point","coordinates":[-35.6206,-7.03943]}},{"type":"Feature","properties":{"municipio":"f86e47a1-159e-4d31-bbfd-56353804f788","title":"PA - VITORIA DO XINGU","tipo":"Cebraspe","url":"\/dashboard\/details-assets\/f86e47a1-159e-4d31-bbfd-56353804f788"},"geometry":{"type":"Point","coordinates":[-52.0088,-2.87922]}},{"type":"Feature","properties":{"municipio":"4f9b03e0-b8d8-4321-ad74-0848efd6af62","title":"PA - TUCURUI","tipo":"Cebraspe","url":"\/dashboard\/details-assets\/4f9b03e0-b8d8-4321-ad74-0848efd6af62"},"geometry":{"type":"Point","coordinates":[-49.6773,-3.7657]}},{"type":"Feature","properties":{"municipio":"07ecde49-4f29-497d-b70d-1a2028d004d1","title":"PA - TOME-ACU","tipo":"Cebraspe","url":"\/dashboard\/details-assets\/07ecde49-4f29-497d-b70d-1a2028d004d1"},"geometry":{"type":"Point","coordinates":[-48.1415,-2.41302]}},{"type":"Feature","properties":{"municipio":"60948658-4e84-4b41-a4ca-6c2b54eea403","title":"PA - SAO FELIX DO XINGU","tipo":"Cebraspe","url":"\/dashboard\/details-assets\/60948658-4e84-4b41-a4ca-6c2b54eea403"},"geometry":{"type":"Point","coordinates":[-51.9904,-6.64254]}},{"type":"Feature","properties":{"municipio":"13aba95a-912c-4b67-abbe-ea6ed1428264","title":"PA - SANTAREM","tipo":"Cebraspe","url":"\/dashboard\/details-assets\/13aba95a-912c-4b67-abbe-ea6ed1428264"},"geometry":{"type":"Point","coordinates":[-54.6996,-2.43849]}},{"type":"Feature","properties":{"municipio":"d5352837-219c-4e65-8e10-e9fd066531a4","title":"PA - SANTA IZABEL DO PARA","tipo":"Cebraspe","url":"\/dashboard\/details-assets\/d5352837-219c-4e65-8e10-e9fd066531a4"},"geometry":{"type":"Point","coordinates":[-48.1606,-1.29686]}},{"type":"Feature","properties":{"municipio":"3be4ebb4-fb72-4427-ac77-6558fe3bca31","title":"PA - SALINOPOLIS","tipo":"Cebraspe","url":"\/dashboard\/details-assets\/3be4ebb4-fb72-4427-ac77-6558fe3bca31"},"geometry":{"type":"Point","coordinates":[-47.3465,-0.630815]}},{"type":"Feature","properties":{"municipio":"62d81f25-4310-4a6a-8a44-2a05a7e368ab","title":"PA - REDENCAO","tipo":"Cebraspe","url":"\/dashboard\/details-assets\/62d81f25-4310-4a6a-8a44-2a05a7e368ab"},"geometry":{"type":"Point","coordinates":[-50.0317,-8.02529]}},{"type":"Feature","properties":{"municipio":"dbacb0da-7d68-4e8b-9064-56d3c57a7e7d","title":"PA - PARAUAPEBAS","tipo":"Cebraspe","url":"\/dashboard\/details-assets\/dbacb0da-7d68-4e8b-9064-56d3c57a7e7d"},"geometry":{"type":"Point","coordinates":[-49.9037,-6.06781]}},{"type":"Feature","properties":{"municipio":"9fdb0b27-008d-458e-b694-ef01d077c5f8","title":"PA - PARAGOMINAS","tipo":"Cebraspe","url":"\/dashboard\/details-assets\/9fdb0b27-008d-458e-b694-ef01d077c5f8"},"geometry":{"type":"Point","coordinates":[-47.3527,-3.00212]}},{"type":"Feature","properties":{"municipio":"19952ff1-ddbe-46a8-8301-4d3c51de43de","title":"PA - MOCAJUBA","tipo":"Cebraspe","url":"\/dashboard\/details-assets\/19952ff1-ddbe-46a8-8301-4d3c51de43de"},"geometry":{"type":"Point","coordinates":[-49.5042,-2.5831]}},{"type":"Feature","properties":{"municipio":"bc847991-94b3-4d35-937d-8fa4d1075f84","title":"PA - MARITUBA","tipo":"Cebraspe","url":"\/dashboard\/details-assets\/bc847991-94b3-4d35-937d-8fa4d1075f84"},"geometry":{"type":"Point","coordinates":[-48.3421,-1.36002]}},{"type":"Feature","properties":{"municipio":"b8b78255-3e8b-4d11-83e2-3f0aa95f542f","title":"PA - MARABA","tipo":"Cebraspe","url":"\/dashboard\/details-assets\/b8b78255-3e8b-4d11-83e2-3f0aa95f542f"},"geometry":{"type":"Point","coordinates":[-49.1327,-5.38075]}},{"type":"Feature","properties":{"municipio":"0d4345ed-d583-474a-b03f-8f4a40798a2b","title":"PA - ITAITUBA","tipo":"Cebraspe","url":"\/dashboard\/details-assets\/0d4345ed-d583-474a-b03f-8f4a40798a2b"},"geometry":{"type":"Point","coordinates":[-55.9926,-4.2667]}},{"type":"Feature","properties":{"municipio":"7e53e5cb-b791-4058-91f2-7dc3a901b3b8","title":"PA - CASTANHAL","tipo":"Cebraspe","url":"\/dashboard\/details-assets\/7e53e5cb-b791-4058-91f2-7dc3a901b3b8"},"geometry":{"type":"Point","coordinates":[-47.9167,-1.29797]}},{"type":"Feature","properties":{"municipio":"946f6b78-b53d-4acb-9d69-6acce7f31959","title":"PA - CAPANEMA","tipo":"Cebraspe","url":"\/dashboard\/details-assets\/946f6b78-b53d-4acb-9d69-6acce7f31959"},"geometry":{"type":"Point","coordinates":[-47.1778,-1.20529]}},{"type":"Feature","properties":{"municipio":"97020987-146f-448e-94cc-a2583b8e4802","title":"PA - CAMETA","tipo":"Cebraspe","url":"\/dashboard\/details-assets\/97020987-146f-448e-94cc-a2583b8e4802"},"geometry":{"type":"Point","coordinates":[-49.4979,-2.24295]}},{"type":"Feature","properties":{"municipio":"09e3069e-ec79-4d4a-81a8-08af6be6bc09","title":"PA - BREVES","tipo":"Cebraspe","url":"\/dashboard\/details-assets\/09e3069e-ec79-4d4a-81a8-08af6be6bc09"},"geometry":{"type":"Point","coordinates":[-50.4791,-1.68036]}},{"type":"Feature","properties":{"municipio":"f01291d1-48a2-405c-89dd-955004903bb9","title":"PA - BRAGANCA","tipo":"Cebraspe","url":"\/dashboard\/details-assets\/f01291d1-48a2-405c-89dd-955004903bb9"},"geometry":{"type":"Point","coordinates":[-46.7826,-1.06126]}},{"type":"Feature","properties":{"municipio":"04967e33-cb8c-4e06-ad62-e031ef19d6b0","title":"PA - BENEVIDES","tipo":"Cebraspe","url":"\/dashboard\/details-assets\/04967e33-cb8c-4e06-ad62-e031ef19d6b0"},"geometry":{"type":"Point","coordinates":[-48.2434,-1.36183]}},{"type":"Feature","properties":{"municipio":"96e02326-7450-4aed-b76a-e85259e2c6f0","title":"PA - BELEM","tipo":"Cebraspe","url":"\/dashboard\/details-assets\/96e02326-7450-4aed-b76a-e85259e2c6f0"},"geometry":{"type":"Point","coordinates":[-48.4898,-1.4554]}},{"type":"Feature","properties":{"municipio":"cf693366-8263-4659-a1ad-48009593b226","title":"PA - ANANINDEUA","tipo":"Cebraspe","url":"\/dashboard\/details-assets\/cf693366-8263-4659-a1ad-48009593b226"},"geometry":{"type":"Point","coordinates":[-48.3743,-1.36391]}},{"type":"Feature","properties":{"municipio":"28d50a58-d6fa-4a6d-be94-a03ce8bb6483","title":"PA - ABAETETUBA","tipo":"Cebraspe","url":"\/dashboard\/details-assets\/28d50a58-d6fa-4a6d-be94-a03ce8bb6483"},"geometry":{"type":"Point","coordinates":[-48.8788,-1.72183]}},{"type":"Feature","properties":{"municipio":"5596c2e9-1d59-4a5e-b49b-7253c393b2b0","title":"MT - VILA RICA","tipo":"Cebraspe","url":"\/dashboard\/details-assets\/5596c2e9-1d59-4a5e-b49b-7253c393b2b0"},"geometry":{"type":"Point","coordinates":[-51.1186,-10.0137]}},{"type":"Feature","properties":{"municipio":"697f0315-023a-43ac-bdcd-804ebb577c47","title":"MT - TANGARA DA SERRA","tipo":"Cebraspe","url":"\/dashboard\/details-assets\/697f0315-023a-43ac-bdcd-804ebb577c47"},"geometry":{"type":"Point","coordinates":[-57.4933,-14.6229]}},{"type":"Feature","properties":{"municipio":"2c2b7260-2071-4799-a7ad-18d80df0459c","title":"MT - SORRISO","tipo":"Cebraspe","url":"\/dashboard\/details-assets\/2c2b7260-2071-4799-a7ad-18d80df0459c"},"geometry":{"type":"Point","coordinates":[-55.7211,-12.5425]}},{"type":"Feature","properties":{"municipio":"dcf9962d-e1c6-44f4-b6e0-5b0442a56ea7","title":"MT - SINOP","tipo":"Cebraspe","url":"\/dashboard\/details-assets\/dcf9962d-e1c6-44f4-b6e0-5b0442a56ea7"},"geometry":{"type":"Point","coordinates":[-55.5091,-11.8604]}},{"type":"Feature","properties":{"municipio":"5e37268f-dc26-4c0a-a6b9-4aaf368cbd97","title":"MT - SAO FELIX DO ARAGUAIA","tipo":"Cebraspe","url":"\/dashboard\/details-assets\/5e37268f-dc26-4c0a-a6b9-4aaf368cbd97"},"geometry":{"type":"Point","coordinates":[-50.6706,-11.615]}},{"type":"Feature","properties":{"municipio":"05bc1c0d-7ad4-4b33-90a9-2db3d91cd7cf","title":"MT - SANTO ANTONIO DO LEVERGER","tipo":"Cebraspe","url":"\/dashboard\/details-assets\/05bc1c0d-7ad4-4b33-90a9-2db3d91cd7cf"},"geometry":{"type":"Point","coordinates":[-56.0788,-15.8632]}},{"type":"Feature","properties":{"municipio":"bfd1b259-8b4b-47b1-a7c3-5cc4b82a22c2","title":"MT - RONDONOPOLIS","tipo":"Cebraspe","url":"\/dashboard\/details-assets\/bfd1b259-8b4b-47b1-a7c3-5cc4b82a22c2"},"geometry":{"type":"Point","coordinates":[-54.6372,-16.4673]}},{"type":"Feature","properties":{"municipio":"8d987950-13a5-4fd0-be5d-704174124f0c","title":"MT - PRIMAVERA DO LESTE","tipo":"Cebraspe","url":"\/dashboard\/details-assets\/8d987950-13a5-4fd0-be5d-704174124f0c"},"geometry":{"type":"Point","coordinates":[-54.2811,-15.544]}},{"type":"Feature","properties":{"municipio":"364c845d-830b-41ee-a6e7-277d118c58bd","title":"MT - PORTO ALEGRE DO NORTE","tipo":"Cebraspe","url":"\/dashboard\/details-assets\/364c845d-830b-41ee-a6e7-277d118c58bd"},"geometry":{"type":"Point","coordinates":[-51.6357,-10.8761]}},{"type":"Feature","properties":{"municipio":"c7a17602-a917-46b6-9157-2e351b17f155","title":"MT - PONTES E LACERDA","tipo":"Cebraspe","url":"\/dashboard\/details-assets\/c7a17602-a917-46b6-9157-2e351b17f155"},"geometry":{"type":"Point","coordinates":[-59.3435,-15.2219]}},{"type":"Feature","properties":{"municipio":"218888d1-f646-485f-acce-3f385ced9463","title":"MT - PEIXOTO DE AZEVEDO","tipo":"Cebraspe","url":"\/dashboard\/details-assets\/218888d1-f646-485f-acce-3f385ced9463"},"geometry":{"type":"Point","coordinates":[-54.9794,-10.2262]}},{"type":"Feature","properties":{"municipio":"943376b7-43b9-4360-905b-a4d36a219a00","title":"MT - NOVA XAVANTINA","tipo":"Cebraspe","url":"\/dashboard\/details-assets\/943376b7-43b9-4360-905b-a4d36a219a00"},"geometry":{"type":"Point","coordinates":[-52.3502,-14.6771]}},{"type":"Feature","properties":{"municipio":"1b987aed-b893-4052-a3c7-af1f9da82aef","title":"MT - PARANATINGA","tipo":"Cebraspe","url":"\/dashboard\/details-assets\/1b987aed-b893-4052-a3c7-af1f9da82aef"},"geometry":{"type":"Point","coordinates":[-54.0524,-14.4265]}},{"type":"Feature","properties":{"municipio":"3085d442-d7e6-4174-8b9c-2b94415c967b","title":"MT - NORTELANDIA","tipo":"Cebraspe","url":"\/dashboard\/details-assets\/3085d442-d7e6-4174-8b9c-2b94415c967b"},"geometry":{"type":"Point","coordinates":[-56.7945,-14.454]}},{"type":"Feature","properties":{"municipio":"0a7a3ee5-d406-45dd-a987-29a2c89153cd","title":"MT - NOBRES","tipo":"Cebraspe","url":"\/dashboard\/details-assets\/0a7a3ee5-d406-45dd-a987-29a2c89153cd"},"geometry":{"type":"Point","coordinates":[-56.3284,-14.7192]}},{"type":"Feature","properties":{"municipio":"50e92442-2cd4-4960-b585-7df69d562668","title":"MT - MIRASSOL D'OESTE","tipo":"Cebraspe","url":"\/dashboard\/details-assets\/50e92442-2cd4-4960-b585-7df69d562668"},"geometry":{"type":"Point","coordinates":[-58.0951,-15.6759]}},{"type":"Feature","properties":{"municipio":"03b93827-e56b-4f17-9920-ebda4e7449c1","title":"MT - JUINA","tipo":"Cebraspe","url":"\/dashboard\/details-assets\/03b93827-e56b-4f17-9920-ebda4e7449c1"},"geometry":{"type":"Point","coordinates":[-58.7483,-11.3728]}},{"type":"Feature","properties":{"municipio":"e71b5aaf-6333-4284-977c-09e1dcccfda2","title":"MT - LUCAS DO RIO VERDE","tipo":"Cebraspe","url":"\/dashboard\/details-assets\/e71b5aaf-6333-4284-977c-09e1dcccfda2"},"geometry":{"type":"Point","coordinates":[-55.9042,-13.0588]}},{"type":"Feature","properties":{"municipio":"71b8a7e8-5164-44bc-9191-bce53d86274e","title":"MT - JUARA","tipo":"Cebraspe","url":"\/dashboard\/details-assets\/71b8a7e8-5164-44bc-9191-bce53d86274e"},"geometry":{"type":"Point","coordinates":[-57.5244,-11.2639]}},{"type":"Feature","properties":{"municipio":"982a71fa-d76d-4e46-b2c4-392637ba6631","title":"MT - JACIARA","tipo":"Cebraspe","url":"\/dashboard\/details-assets\/982a71fa-d76d-4e46-b2c4-392637ba6631"},"geometry":{"type":"Point","coordinates":[-54.9733,-15.9548]}},{"type":"Feature","properties":{"municipio":"75782e91-2e9b-4077-9d78-628fc8f91f0d","title":"MT - DIAMANTINO","tipo":"Cebraspe","url":"\/dashboard\/details-assets\/75782e91-2e9b-4077-9d78-628fc8f91f0d"},"geometry":{"type":"Point","coordinates":[-56.4366,-14.4037]}},{"type":"Feature","properties":{"municipio":"b703293b-beb7-4b0a-ae32-386b12d3c940","title":"MT - CUIABA","tipo":"Cebraspe","url":"\/dashboard\/details-assets\/b703293b-beb7-4b0a-ae32-386b12d3c940"},"geometry":{"type":"Point","coordinates":[-56.0974,-15.601]}},{"type":"Feature","properties":{"municipio":"bfebb8ef-7145-4624-9168-22dd9112c1cc","title":"MT - COMODORO","tipo":"Cebraspe","url":"\/dashboard\/details-assets\/bfebb8ef-7145-4624-9168-22dd9112c1cc"},"geometry":{"type":"Point","coordinates":[-59.7848,-13.6614]}},{"type":"Feature","properties":{"municipio":"fb74c4cd-7aec-4ebe-a0b9-e80946359b90","title":"MT - COLNIZA","tipo":"Cebraspe","url":"\/dashboard\/details-assets\/fb74c4cd-7aec-4ebe-a0b9-e80946359b90"},"geometry":{"type":"Point","coordinates":[-59.2252,-9.46121]}},{"type":"Feature","properties":{"municipio":"79914771-c63e-4da3-b682-61a47be58aa7","title":"MT - CHAPADA DOS GUIMARAES","tipo":"Cebraspe","url":"\/dashboard\/details-assets\/79914771-c63e-4da3-b682-61a47be58aa7"},"geometry":{"type":"Point","coordinates":[-55.7499,-15.4643]}},{"type":"Feature","properties":{"municipio":"a13794b6-bcc2-4cd6-ad9d-abb4c084c839","title":"MT - CAMPO NOVO DO PARECIS","tipo":"Cebraspe","url":"\/dashboard\/details-assets\/a13794b6-bcc2-4cd6-ad9d-abb4c084c839"},"geometry":{"type":"Point","coordinates":[-57.8907,-13.6587]}},{"type":"Feature","properties":{"municipio":"623d6be5-a043-4c11-a6c0-485f3ae0f08b","title":"MT - CACERES","tipo":"Cebraspe","url":"\/dashboard\/details-assets\/623d6be5-a043-4c11-a6c0-485f3ae0f08b"},"geometry":{"type":"Point","coordinates":[-57.6818,-16.0764]}},{"type":"Feature","properties":{"municipio":"21ef5304-1d9b-457e-a786-ebee6f209c53","title":"MT - BARRA DO GARCAS","tipo":"Cebraspe","url":"\/dashboard\/details-assets\/21ef5304-1d9b-457e-a786-ebee6f209c53"},"geometry":{"type":"Point","coordinates":[-52.264,-15.8804]}},{"type":"Feature","properties":{"municipio":"860d740b-0c80-4c84-9a3f-aaea53541d83","title":"MT - BARRA DO BUGRES","tipo":"Cebraspe","url":"\/dashboard\/details-assets\/860d740b-0c80-4c84-9a3f-aaea53541d83"},"geometry":{"type":"Point","coordinates":[-57.1878,-15.0702]}},{"type":"Feature","properties":{"municipio":"a5368fd4-e6b3-4929-97d6-259c50f112d2","title":"MT - ARENAPOLIS","tipo":"Cebraspe","url":"\/dashboard\/details-assets\/a5368fd4-e6b3-4929-97d6-259c50f112d2"},"geometry":{"type":"Point","coordinates":[-56.8437,-14.4472]}},{"type":"Feature","properties":{"municipio":"9c4b4638-b3c0-418c-964a-787313a37edc","title":"MT - ARAPUTANGA","tipo":"Cebraspe","url":"\/dashboard\/details-assets\/9c4b4638-b3c0-418c-964a-787313a37edc"},"geometry":{"type":"Point","coordinates":[-58.3425,-15.4641]}},{"type":"Feature","properties":{"municipio":"d58f322c-b83d-48a3-b645-741c24073906","title":"MT - ALTO ARAGUAIA","tipo":"Cebraspe","url":"\/dashboard\/details-assets\/d58f322c-b83d-48a3-b645-741c24073906"},"geometry":{"type":"Point","coordinates":[-53.2181,-17.3153]}},{"type":"Feature","properties":{"municipio":"61853ee8-eb6d-466e-bd73-9644429835a3","title":"MT - ALTA FLORESTA","tipo":"Cebraspe","url":"\/dashboard\/details-assets\/61853ee8-eb6d-466e-bd73-9644429835a3"},"geometry":{"type":"Point","coordinates":[-56.0867,-9.86674]}},{"type":"Feature","properties":{"municipio":"ee9a1136-85cd-4dc2-96cb-a49f2b636973","title":"MT - AGUA BOA","tipo":"Cebraspe","url":"\/dashboard\/details-assets\/ee9a1136-85cd-4dc2-96cb-a49f2b636973"},"geometry":{"type":"Point","coordinates":[-52.1601,-14.051]}},{"type":"Feature","properties":{"municipio":"385b0754-7fd7-4f00-b194-edf5ecaf239b","title":"MS - TRES LAGOAS","tipo":"Cebraspe","url":"\/dashboard\/details-assets\/385b0754-7fd7-4f00-b194-edf5ecaf239b"},"geometry":{"type":"Point","coordinates":[-51.7007,-20.7849]}},{"type":"Feature","properties":{"municipio":"60d2ba5d-f3d3-4ad7-9fd8-00cae87e5ee7","title":"MS - SAO GABRIEL DO OESTE","tipo":"Cebraspe","url":"\/dashboard\/details-assets\/60d2ba5d-f3d3-4ad7-9fd8-00cae87e5ee7"},"geometry":{"type":"Point","coordinates":[-54.5507,-19.3889]}},{"type":"Feature","properties":{"municipio":"cb434c25-ad64-4d95-8575-9336ed3f54eb","title":"MS - PONTA PORA","tipo":"Cebraspe","url":"\/dashboard\/details-assets\/cb434c25-ad64-4d95-8575-9336ed3f54eb"},"geometry":{"type":"Point","coordinates":[-55.7203,-22.5296]}},{"type":"Feature","properties":{"municipio":"48fb7c18-6b86-4e68-989b-760fdc3f8a4c","title":"MS - RIO BRILHANTE","tipo":"Cebraspe","url":"\/dashboard\/details-assets\/48fb7c18-6b86-4e68-989b-760fdc3f8a4c"},"geometry":{"type":"Point","coordinates":[-54.5427,-21.8033]}},{"type":"Feature","properties":{"municipio":"ec3ee2d1-7c81-472a-9e38-4b76140fbe99","title":"MS - PARANAIBA","tipo":"Cebraspe","url":"\/dashboard\/details-assets\/ec3ee2d1-7c81-472a-9e38-4b76140fbe99"},"geometry":{"type":"Point","coordinates":[-51.1909,-19.6746]}},{"type":"Feature","properties":{"municipio":"28dfe9de-111a-4547-a92c-8472c8d80dfe","title":"MS - NOVA ANDRADINA","tipo":"Cebraspe","url":"\/dashboard\/details-assets\/28dfe9de-111a-4547-a92c-8472c8d80dfe"},"geometry":{"type":"Point","coordinates":[-53.3437,-22.238]}},{"type":"Feature","properties":{"municipio":"c5ac5b1e-3402-4f91-982c-5fef979fa304","title":"MS - NAVIRAI","tipo":"Cebraspe","url":"\/dashboard\/details-assets\/c5ac5b1e-3402-4f91-982c-5fef979fa304"},"geometry":{"type":"Point","coordinates":[-54.1995,-23.0618]}},{"type":"Feature","properties":{"municipio":"ff5bfc48-4e12-4658-88e9-491682214db3","title":"MS - JATEI","tipo":"Cebraspe","url":"\/dashboard\/details-assets\/ff5bfc48-4e12-4658-88e9-491682214db3"},"geometry":{"type":"Point","coordinates":[-54.3079,-22.4806]}},{"type":"Feature","properties":{"municipio":"74c84133-f3df-4319-b273-0f0d20bb71af","title":"MS - JARDIM","tipo":"Cebraspe","url":"\/dashboard\/details-assets\/74c84133-f3df-4319-b273-0f0d20bb71af"},"geometry":{"type":"Point","coordinates":[-56.1489,-21.4799]}},{"type":"Feature","properties":{"municipio":"087b832f-244e-473d-879a-0c18b1bc842a","title":"MS - IVINHEMA","tipo":"Cebraspe","url":"\/dashboard\/details-assets\/087b832f-244e-473d-879a-0c18b1bc842a"},"geometry":{"type":"Point","coordinates":[-53.8184,-22.3046]}},{"type":"Feature","properties":{"municipio":"7e38710c-868c-47d9-a24f-b9002e3c7ba3","title":"MS - DOURADOS","tipo":"Cebraspe","url":"\/dashboard\/details-assets\/7e38710c-868c-47d9-a24f-b9002e3c7ba3"},"geometry":{"type":"Point","coordinates":[-54.812,-22.2231]}},{"type":"Feature","properties":{"municipio":"2fde60a1-3c56-4d9c-ab04-bf10ab73bc6e","title":"MS - DOIS IRMAOS DO BURITI","tipo":"Cebraspe","url":"\/dashboard\/details-assets\/2fde60a1-3c56-4d9c-ab04-bf10ab73bc6e"},"geometry":{"type":"Point","coordinates":[-55.2915,-20.6848]}},{"type":"Feature","properties":{"municipio":"e7066828-00da-4d5b-b648-5ffd57a3ae2f","title":"MS - COXIM","tipo":"Cebraspe","url":"\/dashboard\/details-assets\/e7066828-00da-4d5b-b648-5ffd57a3ae2f"},"geometry":{"type":"Point","coordinates":[-54.751,-18.5013]}},{"type":"Feature","properties":{"municipio":"ed87c550-019e-4f0f-967c-619a398af2b0","title":"MS - CORUMBA","tipo":"Cebraspe","url":"\/dashboard\/details-assets\/ed87c550-019e-4f0f-967c-619a398af2b0"},"geometry":{"type":"Point","coordinates":[-57.651,-19.0077]}},{"type":"Feature","properties":{"municipio":"dddd003c-4d92-493d-a491-64e3c97ddb42","title":"MS - CASSILANDIA","tipo":"Cebraspe","url":"\/dashboard\/details-assets\/dddd003c-4d92-493d-a491-64e3c97ddb42"},"geometry":{"type":"Point","coordinates":[-51.7313,-19.1179]}},{"type":"Feature","properties":{"municipio":"4ed273f6-32c2-480a-9c5d-5a86e8e99a35","title":"MS - CAMPO GRANDE","tipo":"Cebraspe","url":"\/dashboard\/details-assets\/4ed273f6-32c2-480a-9c5d-5a86e8e99a35"},"geometry":{"type":"Point","coordinates":[-54.6295,-20.4486]}},{"type":"Feature","properties":{"municipio":"3088d98e-c4e7-48e2-94eb-60c3207c71f7","title":"MS - CAARAPO","tipo":"Cebraspe","url":"\/dashboard\/details-assets\/3088d98e-c4e7-48e2-94eb-60c3207c71f7"},"geometry":{"type":"Point","coordinates":[-54.8209,-22.6368]}},{"type":"Feature","properties":{"municipio":"36a8d022-f6db-4bf3-a0c5-c9b289ae73da","title":"MS - BATAGUASSU","tipo":"Cebraspe","url":"\/dashboard\/details-assets\/36a8d022-f6db-4bf3-a0c5-c9b289ae73da"},"geometry":{"type":"Point","coordinates":[-52.4221,-21.7159]}},{"type":"Feature","properties":{"municipio":"719554a6-3fb9-4c26-9a1a-1d7531bd0387","title":"MS - AQUIDAUANA","tipo":"Cebraspe","url":"\/dashboard\/details-assets\/719554a6-3fb9-4c26-9a1a-1d7531bd0387"},"geometry":{"type":"Point","coordinates":[-55.7868,-20.4666]}},{"type":"Feature","properties":{"municipio":"d7333f28-6ba3-4d50-9587-06057bf6c596","title":"MS - AMAMBAI","tipo":"Cebraspe","url":"\/dashboard\/details-assets\/d7333f28-6ba3-4d50-9587-06057bf6c596"},"geometry":{"type":"Point","coordinates":[-55.2253,-23.1058]}},{"type":"Feature","properties":{"municipio":"20667b7b-09f8-46a1-ba1e-803e5eb592c4","title":"MG - VISCONDE DO RIO BRANCO","tipo":"Cebraspe","url":"\/dashboard\/details-assets\/20667b7b-09f8-46a1-ba1e-803e5eb592c4"},"geometry":{"type":"Point","coordinates":[-42.8361,-21.0127]}},{"type":"Feature","properties":{"municipio":"36905a4a-4ae3-475e-9bdb-7fb42111a200","title":"MG - VICOSA","tipo":"Cebraspe","url":"\/dashboard\/details-assets\/36905a4a-4ae3-475e-9bdb-7fb42111a200"},"geometry":{"type":"Point","coordinates":[-42.8742,-20.7559]}},{"type":"Feature","properties":{"municipio":"7a756475-1b81-4fb9-8152-61ac04a82a88","title":"MG - VESPASIANO","tipo":"Cebraspe","url":"\/dashboard\/details-assets\/7a756475-1b81-4fb9-8152-61ac04a82a88"},"geometry":{"type":"Point","coordinates":[-43.9239,-19.6883]}},{"type":"Feature","properties":{"municipio":"edff329f-53ce-4c5e-ac39-78c20d9a3952","title":"MG - VARGINHA","tipo":"Cebraspe","url":"\/dashboard\/details-assets\/edff329f-53ce-4c5e-ac39-78c20d9a3952"},"geometry":{"type":"Point","coordinates":[-45.4364,-21.5556]}},{"type":"Feature","properties":{"municipio":"4a846f76-d12e-4cb3-853a-9b510914b9d1","title":"MG - VARZEA DA PALMA","tipo":"Cebraspe","url":"\/dashboard\/details-assets\/4a846f76-d12e-4cb3-853a-9b510914b9d1"},"geometry":{"type":"Point","coordinates":[-44.7226,-17.5944]}},{"type":"Feature","properties":{"municipio":"85580d3f-1924-4fc5-be89-c6f44e258aa4","title":"MG - UNAI","tipo":"Cebraspe","url":"\/dashboard\/details-assets\/85580d3f-1924-4fc5-be89-c6f44e258aa4"},"geometry":{"type":"Point","coordinates":[-46.9022,-16.3592]}},{"type":"Feature","properties":{"municipio":"38e336b8-3643-4710-91d3-1742510c59f0","title":"MG - UBERLANDIA","tipo":"Cebraspe","url":"\/dashboard\/details-assets\/38e336b8-3643-4710-91d3-1742510c59f0"},"geometry":{"type":"Point","coordinates":[-48.2749,-18.9141]}},{"type":"Feature","properties":{"municipio":"e3daa267-a26b-4a79-8647-7aeaa8c7adc1","title":"MG - UBA","tipo":"Cebraspe","url":"\/dashboard\/details-assets\/e3daa267-a26b-4a79-8647-7aeaa8c7adc1"},"geometry":{"type":"Point","coordinates":[-42.9359,-21.1204]}},{"type":"Feature","properties":{"municipio":"c7341020-8420-45ab-8245-be6bb4698301","title":"MG - UBERABA","tipo":"Cebraspe","url":"\/dashboard\/details-assets\/c7341020-8420-45ab-8245-be6bb4698301"},"geometry":{"type":"Point","coordinates":[-47.9381,-19.7472]}},{"type":"Feature","properties":{"municipio":"a965cf06-f801-43a6-acf9-825bc415070d","title":"MG - TURMALINA","tipo":"Cebraspe","url":"\/dashboard\/details-assets\/a965cf06-f801-43a6-acf9-825bc415070d"},"geometry":{"type":"Point","coordinates":[-42.7285,-17.2828]}},{"type":"Feature","properties":{"municipio":"64a3594d-a161-4c1e-8fa3-cee683f3cdac","title":"MG - TUPACIGUARA","tipo":"Cebraspe","url":"\/dashboard\/details-assets\/64a3594d-a161-4c1e-8fa3-cee683f3cdac"},"geometry":{"type":"Point","coordinates":[-48.6985,-18.5866]}},{"type":"Feature","properties":{"municipio":"39d3e32f-8cff-417a-9df4-be0d1cb19abf","title":"MG - TRES MARIAS","tipo":"Cebraspe","url":"\/dashboard\/details-assets\/39d3e32f-8cff-417a-9df4-be0d1cb19abf"},"geometry":{"type":"Point","coordinates":[-45.2473,-18.2048]}},{"type":"Feature","properties":{"municipio":"5aa03d98-c628-4ea4-abf3-f539a35da75d","title":"MG - TRES PONTAS","tipo":"Cebraspe","url":"\/dashboard\/details-assets\/5aa03d98-c628-4ea4-abf3-f539a35da75d"},"geometry":{"type":"Point","coordinates":[-45.5109,-21.3694]}},{"type":"Feature","properties":{"municipio":"e9e18c5c-bab8-4134-b919-417d7caf9831","title":"MG - TRES CORACOES","tipo":"Cebraspe","url":"\/dashboard\/details-assets\/e9e18c5c-bab8-4134-b919-417d7caf9831"},"geometry":{"type":"Point","coordinates":[-45.2511,-21.6921]}},{"type":"Feature","properties":{"municipio":"0025c812-a733-4b84-9255-cfca59c8c584","title":"MG - TIMOTEO","tipo":"Cebraspe","url":"\/dashboard\/details-assets\/0025c812-a733-4b84-9255-cfca59c8c584"},"geometry":{"type":"Point","coordinates":[-42.6471,-19.5811]}},{"type":"Feature","properties":{"municipio":"40c2284f-47b0-4ac8-936e-08c6cca34425","title":"MG - TEOFILO OTONI","tipo":"Cebraspe","url":"\/dashboard\/details-assets\/40c2284f-47b0-4ac8-936e-08c6cca34425"},"geometry":{"type":"Point","coordinates":[-41.5087,-17.8595]}},{"type":"Feature","properties":{"municipio":"d4ba38e3-0383-4a6c-8fa0-e3a5a387b414","title":"MG - TAIOBEIRAS","tipo":"Cebraspe","url":"\/dashboard\/details-assets\/d4ba38e3-0383-4a6c-8fa0-e3a5a387b414"},"geometry":{"type":"Point","coordinates":[-42.2259,-15.8106]}},{"type":"Feature","properties":{"municipio":"2f5a2c37-e605-463c-a43b-0a0b33c6c744","title":"MG - SETE LAGOAS","tipo":"Cebraspe","url":"\/dashboard\/details-assets\/2f5a2c37-e605-463c-a43b-0a0b33c6c744"},"geometry":{"type":"Point","coordinates":[-44.2413,-19.4569]}},{"type":"Feature","properties":{"municipio":"3d0ea441-e5fc-4300-bd18-1fa6cd78a2cb","title":"MG - SERRO","tipo":"Cebraspe","url":"\/dashboard\/details-assets\/3d0ea441-e5fc-4300-bd18-1fa6cd78a2cb"},"geometry":{"type":"Point","coordinates":[-43.3744,-18.5991]}},{"type":"Feature","properties":{"municipio":"0ae03668-e669-4fff-b55d-e8be9167d4b5","title":"MG - SAO LOURENCO","tipo":"Cebraspe","url":"\/dashboard\/details-assets\/0ae03668-e669-4fff-b55d-e8be9167d4b5"},"geometry":{"type":"Point","coordinates":[-45.0506,-22.1166]}},{"type":"Feature","properties":{"municipio":"7766656e-b832-49e4-9f8b-8b615f82ad4b","title":"MG - SAO JOAQUIM DE BICAS","tipo":"Cebraspe","url":"\/dashboard\/details-assets\/7766656e-b832-49e4-9f8b-8b615f82ad4b"},"geometry":{"type":"Point","coordinates":[-44.2749,-20.048]}},{"type":"Feature","properties":{"municipio":"0c57595d-5066-4b02-a663-6b101adb3fe0","title":"MG - SAO FRANCISCO","tipo":"Cebraspe","url":"\/dashboard\/details-assets\/0c57595d-5066-4b02-a663-6b101adb3fe0"},"geometry":{"type":"Point","coordinates":[-44.8593,-15.9514]}},{"type":"Feature","properties":{"municipio":"77482b17-0049-4fb2-a104-aa5a8fa22550","title":"MG - SAO JOAO DEL REI","tipo":"Cebraspe","url":"\/dashboard\/details-assets\/77482b17-0049-4fb2-a104-aa5a8fa22550"},"geometry":{"type":"Point","coordinates":[-44.2526,-21.1311]}},{"type":"Feature","properties":{"municipio":"e7017743-8137-44de-b638-209dadff5ec8","title":"MG - SANTOS DUMONT","tipo":"Cebraspe","url":"\/dashboard\/details-assets\/e7017743-8137-44de-b638-209dadff5ec8"},"geometry":{"type":"Point","coordinates":[-43.5499,-21.4634]}},{"type":"Feature","properties":{"municipio":"50cc083e-367d-4599-a8f9-4e572f569e0e","title":"MG - SANTA VITORIA","tipo":"Cebraspe","url":"\/dashboard\/details-assets\/50cc083e-367d-4599-a8f9-4e572f569e0e"},"geometry":{"type":"Point","coordinates":[-50.1208,-18.8414]}},{"type":"Feature","properties":{"municipio":"fcd5cceb-761e-49ce-a7ea-a05fd5596c8b","title":"MG - SANTA RITA DO SAPUCAI","tipo":"Cebraspe","url":"\/dashboard\/details-assets\/fcd5cceb-761e-49ce-a7ea-a05fd5596c8b"},"geometry":{"type":"Point","coordinates":[-45.7034,-22.2461]}},{"type":"Feature","properties":{"municipio":"d0ad597c-743f-4100-8ea9-a6c30d952bc7","title":"MG - SANTA MARIA DO SUACUI","tipo":"Cebraspe","url":"\/dashboard\/details-assets\/d0ad597c-743f-4100-8ea9-a6c30d952bc7"},"geometry":{"type":"Point","coordinates":[-42.4139,-18.1896]}},{"type":"Feature","properties":{"municipio":"bbd40fa3-7bb8-4d9a-8fc9-0f44f41ebf3d","title":"MG - SANTA LUZIA","tipo":"Cebraspe","url":"\/dashboard\/details-assets\/bbd40fa3-7bb8-4d9a-8fc9-0f44f41ebf3d"},"geometry":{"type":"Point","coordinates":[-43.8497,-19.7548]}},{"type":"Feature","properties":{"municipio":"56e52275-84b9-47c2-be08-35709e283b3e","title":"MG - SALINAS","tipo":"Cebraspe","url":"\/dashboard\/details-assets\/56e52275-84b9-47c2-be08-35709e283b3e"},"geometry":{"type":"Point","coordinates":[-42.2964,-16.1753]}},{"type":"Feature","properties":{"municipio":"1c109e31-79ec-49cc-8f3f-3e46eee76537","title":"MG - SANTA BARBARA","tipo":"Cebraspe","url":"\/dashboard\/details-assets\/1c109e31-79ec-49cc-8f3f-3e46eee76537"},"geometry":{"type":"Point","coordinates":[-43.4101,-19.9604]}},{"type":"Feature","properties":{"municipio":"117a70ef-39e0-4ac4-80f3-5e366b7696a7","title":"MG - SACRAMENTO","tipo":"Cebraspe","url":"\/dashboard\/details-assets\/117a70ef-39e0-4ac4-80f3-5e366b7696a7"},"geometry":{"type":"Point","coordinates":[-47.4508,-19.8622]}},{"type":"Feature","properties":{"municipio":"7b200439-cf36-4b5f-ac84-99319c4b87cd","title":"MG - RIO POMBA","tipo":"Cebraspe","url":"\/dashboard\/details-assets\/7b200439-cf36-4b5f-ac84-99319c4b87cd"},"geometry":{"type":"Point","coordinates":[-43.1696,-21.2712]}},{"type":"Feature","properties":{"municipio":"6a1f96cc-6cfb-4eae-b963-47529e63cf06","title":"MG - RIO PIRACICABA","tipo":"Cebraspe","url":"\/dashboard\/details-assets\/6a1f96cc-6cfb-4eae-b963-47529e63cf06"},"geometry":{"type":"Point","coordinates":[-43.1829,-19.9284]}},{"type":"Feature","properties":{"municipio":"1ad1f825-f710-4d0d-816e-a7283a5ff6e5","title":"MG - RESENDE COSTA","tipo":"Cebraspe","url":"\/dashboard\/details-assets\/1ad1f825-f710-4d0d-816e-a7283a5ff6e5"},"geometry":{"type":"Point","coordinates":[-44.2407,-20.9171]}},{"type":"Feature","properties":{"municipio":"02c19b1d-773e-4db7-9bee-21218d36b205","title":"MG - RIBEIRAO DAS NEVES","tipo":"Cebraspe","url":"\/dashboard\/details-assets\/02c19b1d-773e-4db7-9bee-21218d36b205"},"geometry":{"type":"Point","coordinates":[-44.0844,-19.7621]}},{"type":"Feature","properties":{"municipio":"e45204ed-ff7d-4ef5-a910-f5cfa385cac6","title":"MG - PRESIDENTE OLEGARIO","tipo":"Cebraspe","url":"\/dashboard\/details-assets\/e45204ed-ff7d-4ef5-a910-f5cfa385cac6"},"geometry":{"type":"Point","coordinates":[-46.4165,-18.4096]}},{"type":"Feature","properties":{"municipio":"6f83bf89-ce70-445e-adec-91150c69047a","title":"MG - PRATA","tipo":"Cebraspe","url":"\/dashboard\/details-assets\/6f83bf89-ce70-445e-adec-91150c69047a"},"geometry":{"type":"Point","coordinates":[-48.9276,-19.3086]}},{"type":"Feature","properties":{"municipio":"11023a22-d01a-4848-a248-92fba0c74f67","title":"MG - POUSO ALEGRE","tipo":"Cebraspe","url":"\/dashboard\/details-assets\/11023a22-d01a-4848-a248-92fba0c74f67"},"geometry":{"type":"Point","coordinates":[-45.9389,-22.2266]}},{"type":"Feature","properties":{"municipio":"57bc44b9-0f9e-4814-97b0-d9f287e4d0bd","title":"MG - PONTE NOVA","tipo":"Cebraspe","url":"\/dashboard\/details-assets\/57bc44b9-0f9e-4814-97b0-d9f287e4d0bd"},"geometry":{"type":"Point","coordinates":[-42.8978,-20.4111]}},{"type":"Feature","properties":{"municipio":"fcb44e5d-7e01-4a7a-9bbf-8d2ea9f9143a","title":"MG - POCOS DE CALDAS","tipo":"Cebraspe","url":"\/dashboard\/details-assets\/fcb44e5d-7e01-4a7a-9bbf-8d2ea9f9143a"},"geometry":{"type":"Point","coordinates":[-46.5692,-21.78]}},{"type":"Feature","properties":{"municipio":"5edc5f0b-f9ff-48a0-836d-5bfcbe2712d7","title":"MG - PIRAPORA","tipo":"Cebraspe","url":"\/dashboard\/details-assets\/5edc5f0b-f9ff-48a0-836d-5bfcbe2712d7"},"geometry":{"type":"Point","coordinates":[-44.934,-17.3392]}},{"type":"Feature","properties":{"municipio":"b67cf3d8-42e3-48e9-8a96-cbac4d91a59c","title":"MG - PERDOES","tipo":"Cebraspe","url":"\/dashboard\/details-assets\/b67cf3d8-42e3-48e9-8a96-cbac4d91a59c"},"geometry":{"type":"Point","coordinates":[-45.0896,-21.0932]}},{"type":"Feature","properties":{"municipio":"ef26c8bc-be08-478b-95c9-97119a9c7b5e","title":"MG - PEDRO LEOPOLDO","tipo":"Cebraspe","url":"\/dashboard\/details-assets\/ef26c8bc-be08-478b-95c9-97119a9c7b5e"},"geometry":{"type":"Point","coordinates":[-44.0383,-19.6308]}},{"type":"Feature","properties":{"municipio":"8e630192-e8b9-4b83-8a15-905bb41c4b7e","title":"MG - PEDRA AZUL","tipo":"Cebraspe","url":"\/dashboard\/details-assets\/8e630192-e8b9-4b83-8a15-905bb41c4b7e"},"geometry":{"type":"Point","coordinates":[-41.2909,-16.0086]}},{"type":"Feature","properties":{"municipio":"e7e4d5ed-4fc0-4f80-8470-4e518f6c929f","title":"MG - PECANHA","tipo":"Cebraspe","url":"\/dashboard\/details-assets\/e7e4d5ed-4fc0-4f80-8470-4e518f6c929f"},"geometry":{"type":"Point","coordinates":[-42.5583,-18.5441]}},{"type":"Feature","properties":{"municipio":"5659ef21-d5b5-4371-8052-010c8bcdff51","title":"MG - PATROCINIO","tipo":"Cebraspe","url":"\/dashboard\/details-assets\/5659ef21-d5b5-4371-8052-010c8bcdff51"},"geometry":{"type":"Point","coordinates":[-46.9934,-18.9379]}},{"type":"Feature","properties":{"municipio":"4ccbd2e0-001c-4bed-9a1a-f670a645c257","title":"MG - PASSOS","tipo":"Cebraspe","url":"\/dashboard\/details-assets\/4ccbd2e0-001c-4bed-9a1a-f670a645c257"},"geometry":{"type":"Point","coordinates":[-46.609,-20.7193]}},{"type":"Feature","properties":{"municipio":"56069f61-3be4-45b6-8dfa-551ca4545f32","title":"MG - PATOS DE MINAS","tipo":"Cebraspe","url":"\/dashboard\/details-assets\/56069f61-3be4-45b6-8dfa-551ca4545f32"},"geometry":{"type":"Point","coordinates":[-46.5013,-18.5699]}},{"type":"Feature","properties":{"municipio":"7cf8c775-f733-4cf9-ba18-c17d5eccc9f8","title":"MG - PARA DE MINAS","tipo":"Cebraspe","url":"\/dashboard\/details-assets\/7cf8c775-f733-4cf9-ba18-c17d5eccc9f8"},"geometry":{"type":"Point","coordinates":[-44.6114,-19.8534]}},{"type":"Feature","properties":{"municipio":"41d12561-2e62-4729-91e8-ab339f0d8dbb","title":"MG - PARACATU","tipo":"Cebraspe","url":"\/dashboard\/details-assets\/41d12561-2e62-4729-91e8-ab339f0d8dbb"},"geometry":{"type":"Point","coordinates":[-46.8711,-17.2252]}},{"type":"Feature","properties":{"municipio":"2855bdef-429e-4265-b54f-86a8dcb6bdb3","title":"MG - OURO PRETO","tipo":"Cebraspe","url":"\/dashboard\/details-assets\/2855bdef-429e-4265-b54f-86a8dcb6bdb3"},"geometry":{"type":"Point","coordinates":[-43.512,-20.3796]}},{"type":"Feature","properties":{"municipio":"5b1adb28-f805-402b-a50e-065b30b00eff","title":"MG - OLIVEIRA","tipo":"Cebraspe","url":"\/dashboard\/details-assets\/5b1adb28-f805-402b-a50e-065b30b00eff"},"geometry":{"type":"Point","coordinates":[-44.829,-20.6982]}},{"type":"Feature","properties":{"municipio":"6a530172-a7f2-4a12-ab17-9a6f9f982ad9","title":"MG - NOVO CRUZEIRO","tipo":"Cebraspe","url":"\/dashboard\/details-assets\/6a530172-a7f2-4a12-ab17-9a6f9f982ad9"},"geometry":{"type":"Point","coordinates":[-41.8826,-17.4654]}},{"type":"Feature","properties":{"municipio":"392644a1-e0a7-4e59-a815-ec49cea1efac","title":"MG - NOVA LIMA","tipo":"Cebraspe","url":"\/dashboard\/details-assets\/392644a1-e0a7-4e59-a815-ec49cea1efac"},"geometry":{"type":"Point","coordinates":[-43.8509,-19.9758]}},{"type":"Feature","properties":{"municipio":"c020e53e-4c8b-46e8-8f2a-55ef25daaf93","title":"MG - NOVA ERA","tipo":"Cebraspe","url":"\/dashboard\/details-assets\/c020e53e-4c8b-46e8-8f2a-55ef25daaf93"},"geometry":{"type":"Point","coordinates":[-43.0333,-19.7577]}},{"type":"Feature","properties":{"municipio":"c353436d-bb13-4485-9c66-0a103d2b0d6a","title":"MG - NEPOMUCENO","tipo":"Cebraspe","url":"\/dashboard\/details-assets\/c353436d-bb13-4485-9c66-0a103d2b0d6a"},"geometry":{"type":"Point","coordinates":[-45.235,-21.2324]}},{"type":"Feature","properties":{"municipio":"892fc3f9-33bd-4078-820c-92060a6dc301","title":"MG - NANUQUE","tipo":"Cebraspe","url":"\/dashboard\/details-assets\/892fc3f9-33bd-4078-820c-92060a6dc301"},"geometry":{"type":"Point","coordinates":[-40.3533,-17.8481]}},{"type":"Feature","properties":{"municipio":"fee52ea4-21d0-4989-97de-1baaf9a16f0f","title":"MG - MURIAE","tipo":"Cebraspe","url":"\/dashboard\/details-assets\/fee52ea4-21d0-4989-97de-1baaf9a16f0f"},"geometry":{"type":"Point","coordinates":[-42.3693,-21.13]}},{"type":"Feature","properties":{"municipio":"5b3a1add-c1b4-4dc7-9329-7969b13e65ae","title":"MG - MONTE SANTO DE MINAS","tipo":"Cebraspe","url":"\/dashboard\/details-assets\/5b3a1add-c1b4-4dc7-9329-7969b13e65ae"},"geometry":{"type":"Point","coordinates":[-46.9753,-21.1873]}},{"type":"Feature","properties":{"municipio":"c6e9d2e4-7bac-4a82-aa32-ee92c082f369","title":"MG - MONTES CLAROS","tipo":"Cebraspe","url":"\/dashboard\/details-assets\/c6e9d2e4-7bac-4a82-aa32-ee92c082f369"},"geometry":{"type":"Point","coordinates":[-43.8578,-16.7282]}},{"type":"Feature","properties":{"municipio":"a34105d6-b63c-4ce7-b062-bb4b2d9240e9","title":"MG - MONTE CARMELO","tipo":"Cebraspe","url":"\/dashboard\/details-assets\/a34105d6-b63c-4ce7-b062-bb4b2d9240e9"},"geometry":{"type":"Point","coordinates":[-47.4912,-18.7302]}},{"type":"Feature","properties":{"municipio":"1a3cebab-340e-4606-a653-5aa46b82849d","title":"MG - MATOZINHOS","tipo":"Cebraspe","url":"\/dashboard\/details-assets\/1a3cebab-340e-4606-a653-5aa46b82849d"},"geometry":{"type":"Point","coordinates":[-44.0868,-19.5543]}},{"type":"Feature","properties":{"municipio":"630ea13a-f52a-4c49-ba5e-987cbbf69b5f","title":"MG - MARIANA","tipo":"Cebraspe","url":"\/dashboard\/details-assets\/630ea13a-f52a-4c49-ba5e-987cbbf69b5f"},"geometry":{"type":"Point","coordinates":[-43.414,-20.3765]}},{"type":"Feature","properties":{"municipio":"ce660ddc-9122-4eea-83a4-3520eb0af6c1","title":"MG - MANTENA","tipo":"Cebraspe","url":"\/dashboard\/details-assets\/ce660ddc-9122-4eea-83a4-3520eb0af6c1"},"geometry":{"type":"Point","coordinates":[-40.9874,-18.7761]}},{"type":"Feature","properties":{"municipio":"e5280dbb-d4af-49db-a0b3-8b64c080ee86","title":"MG - MANHUMIRIM","tipo":"Cebraspe","url":"\/dashboard\/details-assets\/e5280dbb-d4af-49db-a0b3-8b64c080ee86"},"geometry":{"type":"Point","coordinates":[-41.9589,-20.3591]}},{"type":"Feature","properties":{"municipio":"660e7e4c-afd2-4eb4-ae31-2c71fa1394c6","title":"MG - MANHUACU","tipo":"Cebraspe","url":"\/dashboard\/details-assets\/660e7e4c-afd2-4eb4-ae31-2c71fa1394c6"},"geometry":{"type":"Point","coordinates":[-42.028,-20.2572]}},{"type":"Feature","properties":{"municipio":"2e559c44-8107-4bbf-a1ef-38b637dd29e0","title":"MG - MALACACHETA","tipo":"Cebraspe","url":"\/dashboard\/details-assets\/2e559c44-8107-4bbf-a1ef-38b637dd29e0"},"geometry":{"type":"Point","coordinates":[-42.0769,-17.8456]}},{"type":"Feature","properties":{"municipio":"4c452496-7bee-4bb4-a69a-58774b87ffcb","title":"MG - MANGA","tipo":"Cebraspe","url":"\/dashboard\/details-assets\/4c452496-7bee-4bb4-a69a-58774b87ffcb"},"geometry":{"type":"Point","coordinates":[-43.9391,-14.7529]}},{"type":"Feature","properties":{"municipio":"4c5e1714-3259-49a9-b387-cbb3b999e032","title":"MG - LUZ","tipo":"Cebraspe","url":"\/dashboard\/details-assets\/4c5e1714-3259-49a9-b387-cbb3b999e032"},"geometry":{"type":"Point","coordinates":[-45.6794,-19.7911]}},{"type":"Feature","properties":{"municipio":"710d6769-c6e0-4bb7-9a7b-44d4ff4360f8","title":"MG - LEOPOLDINA","tipo":"Cebraspe","url":"\/dashboard\/details-assets\/710d6769-c6e0-4bb7-9a7b-44d4ff4360f8"},"geometry":{"type":"Point","coordinates":[-42.6421,-21.5296]}},{"type":"Feature","properties":{"municipio":"76f096cb-4d23-40e2-a6d9-83f13f455655","title":"MG - LAVRAS","tipo":"Cebraspe","url":"\/dashboard\/details-assets\/76f096cb-4d23-40e2-a6d9-83f13f455655"},"geometry":{"type":"Point","coordinates":[-45.0009,-21.248]}},{"type":"Feature","properties":{"municipio":"09a1ac97-5047-4b22-9afc-a9bb0763371c","title":"MG - LAGOA SANTA","tipo":"Cebraspe","url":"\/dashboard\/details-assets\/09a1ac97-5047-4b22-9afc-a9bb0763371c"},"geometry":{"type":"Point","coordinates":[-43.8932,-19.6397]}},{"type":"Feature","properties":{"municipio":"f6d573b1-168a-4720-bd82-2ea542a88b75","title":"MG - LAGOA DA PRATA","tipo":"Cebraspe","url":"\/dashboard\/details-assets\/f6d573b1-168a-4720-bd82-2ea542a88b75"},"geometry":{"type":"Point","coordinates":[-45.5401,-20.0237]}},{"type":"Feature","properties":{"municipio":"289c6d74-667d-4fda-b0e4-5bc8a863f307","title":"MG - JUIZ DE FORA","tipo":"Cebraspe","url":"\/dashboard\/details-assets\/289c6d74-667d-4fda-b0e4-5bc8a863f307"},"geometry":{"type":"Point","coordinates":[-43.3398,-21.7595]}},{"type":"Feature","properties":{"municipio":"851af813-c6ec-43d5-956d-f7e62a9cc952","title":"MG - JOAO PINHEIRO","tipo":"Cebraspe","url":"\/dashboard\/details-assets\/851af813-c6ec-43d5-956d-f7e62a9cc952"},"geometry":{"type":"Point","coordinates":[-46.1715,-17.7398]}},{"type":"Feature","properties":{"municipio":"ecdb5141-a085-4bca-9116-52176c096945","title":"MG - JOAO MONLEVADE","tipo":"Cebraspe","url":"\/dashboard\/details-assets\/ecdb5141-a085-4bca-9116-52176c096945"},"geometry":{"type":"Point","coordinates":[-43.1735,-19.8126]}},{"type":"Feature","properties":{"municipio":"be054886-448f-4b83-8e59-9227675cf751","title":"MG - JEQUITINHONHA","tipo":"Cebraspe","url":"\/dashboard\/details-assets\/be054886-448f-4b83-8e59-9227675cf751"},"geometry":{"type":"Point","coordinates":[-41.0117,-16.4375]}},{"type":"Feature","properties":{"municipio":"6bd212e3-bd73-414b-8ffa-f7eb23027bd1","title":"MG - JANUARIA","tipo":"Cebraspe","url":"\/dashboard\/details-assets\/6bd212e3-bd73-414b-8ffa-f7eb23027bd1"},"geometry":{"type":"Point","coordinates":[-44.3639,-15.4802]}},{"type":"Feature","properties":{"municipio":"45271f27-0bc6-4eb8-b12f-931adbde49d6","title":"MG - JACINTO","tipo":"Cebraspe","url":"\/dashboard\/details-assets\/45271f27-0bc6-4eb8-b12f-931adbde49d6"},"geometry":{"type":"Point","coordinates":[-40.295,-16.1428]}},{"type":"Feature","properties":{"municipio":"2b3997e6-edc1-496d-b2d7-4115a8cbaa39","title":"MG - JANAUBA","tipo":"Cebraspe","url":"\/dashboard\/details-assets\/2b3997e6-edc1-496d-b2d7-4115a8cbaa39"},"geometry":{"type":"Point","coordinates":[-43.3132,-15.8022]}},{"type":"Feature","properties":{"municipio":"becf199c-b957-495d-9259-4cac3a387fc9","title":"MG - JABOTICATUBAS","tipo":"Cebraspe","url":"\/dashboard\/details-assets\/becf199c-b957-495d-9259-4cac3a387fc9"},"geometry":{"type":"Point","coordinates":[-43.7373,-19.5119]}},{"type":"Feature","properties":{"municipio":"85cd96ac-c18f-4097-ab37-565c10754fe7","title":"MG - ITURAMA","tipo":"Cebraspe","url":"\/dashboard\/details-assets\/85cd96ac-c18f-4097-ab37-565c10754fe7"},"geometry":{"type":"Point","coordinates":[-50.1966,-19.7276]}},{"type":"Feature","properties":{"municipio":"bba768fb-3d62-4546-8d31-420b849b498c","title":"MG - ITUIUTABA","tipo":"Cebraspe","url":"\/dashboard\/details-assets\/bba768fb-3d62-4546-8d31-420b849b498c"},"geometry":{"type":"Point","coordinates":[-49.4639,-18.9772]}},{"type":"Feature","properties":{"municipio":"29fbd03a-d26a-4d9d-aa32-34c4efde8e1d","title":"MG - ITAUNA","tipo":"Cebraspe","url":"\/dashboard\/details-assets\/29fbd03a-d26a-4d9d-aa32-34c4efde8e1d"},"geometry":{"type":"Point","coordinates":[-44.5801,-20.0818]}},{"type":"Feature","properties":{"municipio":"f378cf64-3fa6-45d3-8be0-666ee30d95be","title":"MG - ITAOBIM","tipo":"Cebraspe","url":"\/dashboard\/details-assets\/f378cf64-3fa6-45d3-8be0-666ee30d95be"},"geometry":{"type":"Point","coordinates":[-41.5017,-16.5571]}},{"type":"Feature","properties":{"municipio":"3389312b-889e-4022-9444-7edbc2b9ebef","title":"MG - ITAMARANDIBA","tipo":"Cebraspe","url":"\/dashboard\/details-assets\/3389312b-889e-4022-9444-7edbc2b9ebef"},"geometry":{"type":"Point","coordinates":[-42.8561,-17.8552]}},{"type":"Feature","properties":{"municipio":"bd7701cf-e82d-4fbd-9414-99ab09686e7c","title":"MG - ITAJUBA","tipo":"Cebraspe","url":"\/dashboard\/details-assets\/bd7701cf-e82d-4fbd-9414-99ab09686e7c"},"geometry":{"type":"Point","coordinates":[-45.4598,-22.4225]}},{"type":"Feature","properties":{"municipio":"0d5f0edb-d02f-4c58-b995-fe9c5051cafc","title":"MG - ITABIRITO","tipo":"Cebraspe","url":"\/dashboard\/details-assets\/0d5f0edb-d02f-4c58-b995-fe9c5051cafc"},"geometry":{"type":"Point","coordinates":[-43.8038,-20.2501]}},{"type":"Feature","properties":{"municipio":"9a155815-696e-4da7-813e-c47a7b98da58","title":"MG - ITABIRA","tipo":"Cebraspe","url":"\/dashboard\/details-assets\/9a155815-696e-4da7-813e-c47a7b98da58"},"geometry":{"type":"Point","coordinates":[-43.2312,-19.6239]}},{"type":"Feature","properties":{"municipio":"5548bc3f-e0a6-44a8-8073-3245733db721","title":"MG - IPABA","tipo":"Cebraspe","url":"\/dashboard\/details-assets\/5548bc3f-e0a6-44a8-8073-3245733db721"},"geometry":{"type":"Point","coordinates":[-42.4139,-19.4158]}},{"type":"Feature","properties":{"municipio":"f1606f44-6124-4849-ad78-3bc59d9e39c7","title":"MG - IPATINGA","tipo":"Cebraspe","url":"\/dashboard\/details-assets\/f1606f44-6124-4849-ad78-3bc59d9e39c7"},"geometry":{"type":"Point","coordinates":[-42.5476,-19.4703]}},{"type":"Feature","properties":{"municipio":"9fc3e656-b2fd-478e-af69-054d8694cd88","title":"MG - INHAPIM","tipo":"Cebraspe","url":"\/dashboard\/details-assets\/9fc3e656-b2fd-478e-af69-054d8694cd88"},"geometry":{"type":"Point","coordinates":[-42.1147,-19.5476]}},{"type":"Feature","properties":{"municipio":"d59fc317-f098-44b9-b131-491083d91d1f","title":"MG - GUARANESIA","tipo":"Cebraspe","url":"\/dashboard\/details-assets\/d59fc317-f098-44b9-b131-491083d91d1f"},"geometry":{"type":"Point","coordinates":[-46.7964,-21.3009]}},{"type":"Feature","properties":{"municipio":"f0f4987c-e7bd-4ba3-ab41-7f06030f56a7","title":"MG - GUANHAES","tipo":"Cebraspe","url":"\/dashboard\/details-assets\/f0f4987c-e7bd-4ba3-ab41-7f06030f56a7"},"geometry":{"type":"Point","coordinates":[-42.9312,-18.7713]}},{"type":"Feature","properties":{"municipio":"5e02308d-9207-4a93-a665-773bb088ff0f","title":"MG - GOVERNADOR VALADARES","tipo":"Cebraspe","url":"\/dashboard\/details-assets\/5e02308d-9207-4a93-a665-773bb088ff0f"},"geometry":{"type":"Point","coordinates":[-41.9555,-18.8545]}},{"type":"Feature","properties":{"municipio":"1d836269-8952-4b6a-9e32-0cb801fee3f1","title":"MG - FRUTAL","tipo":"Cebraspe","url":"\/dashboard\/details-assets\/1d836269-8952-4b6a-9e32-0cb801fee3f1"},"geometry":{"type":"Point","coordinates":[-48.9355,-20.0259]}},{"type":"Feature","properties":{"municipio":"c506dba8-4fbc-4075-a7c7-48957b336583","title":"MG - FORMIGA","tipo":"Cebraspe","url":"\/dashboard\/details-assets\/c506dba8-4fbc-4075-a7c7-48957b336583"},"geometry":{"type":"Point","coordinates":[-45.4268,-20.4618]}},{"type":"Feature","properties":{"municipio":"7b6ae725-d68e-417b-a566-75dbaba25db7","title":"MG - FRANCISCO SA","tipo":"Cebraspe","url":"\/dashboard\/details-assets\/7b6ae725-d68e-417b-a566-75dbaba25db7"},"geometry":{"type":"Point","coordinates":[-43.4896,-16.4827]}},{"type":"Feature","properties":{"municipio":"062a64cd-754c-4441-aa40-ca34cb3eb671","title":"MG - EUGENOPOLIS","tipo":"Cebraspe","url":"\/dashboard\/details-assets\/062a64cd-754c-4441-aa40-ca34cb3eb671"},"geometry":{"type":"Point","coordinates":[-42.1878,-21.1002]}},{"type":"Feature","properties":{"municipio":"daa24ad3-94f5-46e1-b754-6325e8b7b75d","title":"MG - ERVALIA","tipo":"Cebraspe","url":"\/dashboard\/details-assets\/daa24ad3-94f5-46e1-b754-6325e8b7b75d"},"geometry":{"type":"Point","coordinates":[-42.6544,-20.8403]}},{"type":"Feature","properties":{"municipio":"33a88e7b-299d-4f0a-8b48-e14e286d7e94","title":"MG - DIVINOPOLIS","tipo":"Cebraspe","url":"\/dashboard\/details-assets\/33a88e7b-299d-4f0a-8b48-e14e286d7e94"},"geometry":{"type":"Point","coordinates":[-44.8912,-20.1446]}},{"type":"Feature","properties":{"municipio":"c69f5f7f-a9e4-433c-81df-b78d9a0072b4","title":"MG - DIAMANTINA","tipo":"Cebraspe","url":"\/dashboard\/details-assets\/c69f5f7f-a9e4-433c-81df-b78d9a0072b4"},"geometry":{"type":"Point","coordinates":[-43.6031,-18.2413]}},{"type":"Feature","properties":{"municipio":"8ad71682-7ce1-4be9-9f7d-dad00647e872","title":"MG - CURVELO","tipo":"Cebraspe","url":"\/dashboard\/details-assets\/8ad71682-7ce1-4be9-9f7d-dad00647e872"},"geometry":{"type":"Point","coordinates":[-44.4303,-18.7527]}},{"type":"Feature","properties":{"municipio":"e5235488-564b-447f-80d7-cce7b47a8852","title":"MG - CORONEL FABRICIANO","tipo":"Cebraspe","url":"\/dashboard\/details-assets\/e5235488-564b-447f-80d7-cce7b47a8852"},"geometry":{"type":"Point","coordinates":[-42.6276,-19.5179]}},{"type":"Feature","properties":{"municipio":"d4ce04c6-0c90-4c44-a712-0e1db2362c0b","title":"MG - COROMANDEL","tipo":"Cebraspe","url":"\/dashboard\/details-assets\/d4ce04c6-0c90-4c44-a712-0e1db2362c0b"},"geometry":{"type":"Point","coordinates":[-47.1933,-18.4734]}},{"type":"Feature","properties":{"municipio":"ffb1e164-ff7b-4f51-8a63-bf5759655bd3","title":"MG - CORINTO","tipo":"Cebraspe","url":"\/dashboard\/details-assets\/ffb1e164-ff7b-4f51-8a63-bf5759655bd3"},"geometry":{"type":"Point","coordinates":[-44.4542,-18.369]}},{"type":"Feature","properties":{"municipio":"477a0765-c530-45f2-9356-2cb3b263a563","title":"MG - CONTAGEM","tipo":"Cebraspe","url":"\/dashboard\/details-assets\/477a0765-c530-45f2-9356-2cb3b263a563"},"geometry":{"type":"Point","coordinates":[-44.0539,-19.9321]}},{"type":"Feature","properties":{"municipio":"12dc5bf3-3715-493e-9930-16cc0c36d023","title":"MG - CONSELHEIRO PENA","tipo":"Cebraspe","url":"\/dashboard\/details-assets\/12dc5bf3-3715-493e-9930-16cc0c36d023"},"geometry":{"type":"Point","coordinates":[-41.4736,-19.1789]}},{"type":"Feature","properties":{"municipio":"72448e3f-6752-45a9-8f09-4046a7e8aa16","title":"MG - CONSELHEIRO LAFAIETE","tipo":"Cebraspe","url":"\/dashboard\/details-assets\/72448e3f-6752-45a9-8f09-4046a7e8aa16"},"geometry":{"type":"Point","coordinates":[-43.7846,-20.6634]}},{"type":"Feature","properties":{"municipio":"b995b74e-e3fe-4d10-acdc-2805e484aab7","title":"MG - CONGONHAS","tipo":"Cebraspe","url":"\/dashboard\/details-assets\/b995b74e-e3fe-4d10-acdc-2805e484aab7"},"geometry":{"type":"Point","coordinates":[-43.851,-20.4958]}},{"type":"Feature","properties":{"municipio":"7569367f-541f-4c10-917f-89ef50a301e2","title":"MG - CONCEICAO DAS ALAGOAS","tipo":"Cebraspe","url":"\/dashboard\/details-assets\/7569367f-541f-4c10-917f-89ef50a301e2"},"geometry":{"type":"Point","coordinates":[-48.3839,-19.9172]}},{"type":"Feature","properties":{"municipio":"9255d0ec-2884-4e9a-88c5-43e8685eb956","title":"MG - CATAGUASES","tipo":"Cebraspe","url":"\/dashboard\/details-assets\/9255d0ec-2884-4e9a-88c5-43e8685eb956"},"geometry":{"type":"Point","coordinates":[-42.6896,-21.3924]}},{"type":"Feature","properties":{"municipio":"1a8b81ce-117b-4d9e-a4be-36cb524ac274","title":"MG - CARMO DO PARANAIBA","tipo":"Cebraspe","url":"\/dashboard\/details-assets\/1a8b81ce-117b-4d9e-a4be-36cb524ac274"},"geometry":{"type":"Point","coordinates":[-46.3167,-18.991]}},{"type":"Feature","properties":{"municipio":"7800d7a2-4771-4888-bf85-7125ea9792ed","title":"MG - CARATINGA","tipo":"Cebraspe","url":"\/dashboard\/details-assets\/7800d7a2-4771-4888-bf85-7125ea9792ed"},"geometry":{"type":"Point","coordinates":[-42.1292,-19.7868]}},{"type":"Feature","properties":{"municipio":"4bc4c12e-e898-4178-89fa-93a8aa238ee8","title":"MG - CARLOS CHAGAS","tipo":"Cebraspe","url":"\/dashboard\/details-assets\/4bc4c12e-e898-4178-89fa-93a8aa238ee8"},"geometry":{"type":"Point","coordinates":[-40.7723,-17.6973]}},{"type":"Feature","properties":{"municipio":"4b01dd73-7cc3-4d79-aadc-8da0392bf683","title":"MG - CANAPOLIS","tipo":"Cebraspe","url":"\/dashboard\/details-assets\/4b01dd73-7cc3-4d79-aadc-8da0392bf683"},"geometry":{"type":"Point","coordinates":[-49.2035,-18.7212]}},{"type":"Feature","properties":{"municipio":"8689115b-1eb4-41a2-b847-32ae11504316","title":"MG - CAMPO BELO","tipo":"Cebraspe","url":"\/dashboard\/details-assets\/8689115b-1eb4-41a2-b847-32ae11504316"},"geometry":{"type":"Point","coordinates":[-45.2699,-20.8932]}},{"type":"Feature","properties":{"municipio":"ee6c1990-9ae0-47aa-8845-957bb30fe1a3","title":"MG - BURITIS","tipo":"Cebraspe","url":"\/dashboard\/details-assets\/ee6c1990-9ae0-47aa-8845-957bb30fe1a3"},"geometry":{"type":"Point","coordinates":[-46.4221,-15.6218]}},{"type":"Feature","properties":{"municipio":"a2e9c845-a02d-40f9-b0ed-ef1f7e4f1b5b","title":"MG - BOCAIUVA","tipo":"Cebraspe","url":"\/dashboard\/details-assets\/a2e9c845-a02d-40f9-b0ed-ef1f7e4f1b5b"},"geometry":{"type":"Point","coordinates":[-43.8104,-17.1135]}},{"type":"Feature","properties":{"municipio":"6045a38c-2dea-4cf7-b019-37f4e5bcfe88","title":"MG - BOA ESPERANCA","tipo":"Cebraspe","url":"\/dashboard\/details-assets\/6045a38c-2dea-4cf7-b019-37f4e5bcfe88"},"geometry":{"type":"Point","coordinates":[-45.5612,-21.0927]}},{"type":"Feature","properties":{"municipio":"a46b445b-cadd-4b7d-b260-d9d1220bee5c","title":"MG - BICAS","tipo":"Cebraspe","url":"\/dashboard\/details-assets\/a46b445b-cadd-4b7d-b260-d9d1220bee5c"},"geometry":{"type":"Point","coordinates":[-43.056,-21.7232]}},{"type":"Feature","properties":{"municipio":"d79e7e35-cc06-4a9f-a3c4-37b66c5ac668","title":"MG - BETIM","tipo":"Cebraspe","url":"\/dashboard\/details-assets\/d79e7e35-cc06-4a9f-a3c4-37b66c5ac668"},"geometry":{"type":"Point","coordinates":[-44.2008,-19.9668]}},{"type":"Feature","properties":{"municipio":"c3b14105-3150-4d70-a63a-0f0c254dd72e","title":"MG - BELO HORIZONTE","tipo":"Cebraspe","url":"\/dashboard\/details-assets\/c3b14105-3150-4d70-a63a-0f0c254dd72e"},"geometry":{"type":"Point","coordinates":[-43.9266,-19.9102]}},{"type":"Feature","properties":{"municipio":"5d63c71a-84ce-4533-945d-2f7d4dc67062","title":"MG - BARBACENA","tipo":"Cebraspe","url":"\/dashboard\/details-assets\/5d63c71a-84ce-4533-945d-2f7d4dc67062"},"geometry":{"type":"Point","coordinates":[-43.7703,-21.2214]}},{"type":"Feature","properties":{"municipio":"36346d2b-daa5-4493-ab98-3568b5512352","title":"MG - BARAO DE COCAIS","tipo":"Cebraspe","url":"\/dashboard\/details-assets\/36346d2b-daa5-4493-ab98-3568b5512352"},"geometry":{"type":"Point","coordinates":[-43.4755,-19.9389]}},{"type":"Feature","properties":{"municipio":"65578f76-5f75-42cc-a3e0-36fbd15e1762","title":"MG - ARCOS","tipo":"Cebraspe","url":"\/dashboard\/details-assets\/65578f76-5f75-42cc-a3e0-36fbd15e1762"},"geometry":{"type":"Point","coordinates":[-45.5373,-20.2863]}},{"type":"Feature","properties":{"municipio":"12fb0fd6-b524-4666-93c8-32a77142cfb3","title":"MG - ARAGUARI","tipo":"Cebraspe","url":"\/dashboard\/details-assets\/12fb0fd6-b524-4666-93c8-32a77142cfb3"},"geometry":{"type":"Point","coordinates":[-48.1934,-18.6456]}},{"type":"Feature","properties":{"municipio":"278e78b1-bc8a-473d-8819-5041a5cb42f0","title":"MG - ARAXA","tipo":"Cebraspe","url":"\/dashboard\/details-assets\/278e78b1-bc8a-473d-8819-5041a5cb42f0"},"geometry":{"type":"Point","coordinates":[-46.9438,-19.5902]}},{"type":"Feature","properties":{"municipio":"d155e0a7-4f30-466b-9971-efb7b04d77db","title":"MG - ARACUAI","tipo":"Cebraspe","url":"\/dashboard\/details-assets\/d155e0a7-4f30-466b-9971-efb7b04d77db"},"geometry":{"type":"Point","coordinates":[-42.0637,-16.8523]}},{"type":"Feature","properties":{"municipio":"526c6933-1d41-4bed-8fe9-f2a2a759981b","title":"MG - ANDRADAS","tipo":"Cebraspe","url":"\/dashboard\/details-assets\/526c6933-1d41-4bed-8fe9-f2a2a759981b"},"geometry":{"type":"Point","coordinates":[-46.5724,-22.0695]}},{"type":"Feature","properties":{"municipio":"0a69ab4e-b68a-498b-9aee-397b124c3472","title":"MG - ALMENARA","tipo":"Cebraspe","url":"\/dashboard\/details-assets\/0a69ab4e-b68a-498b-9aee-397b124c3472"},"geometry":{"type":"Point","coordinates":[-40.6942,-16.1785]}},{"type":"Feature","properties":{"municipio":"9caa3696-cff6-4831-9403-8abfb29b97fb","title":"MG - ALFENAS","tipo":"Cebraspe","url":"\/dashboard\/details-assets\/9caa3696-cff6-4831-9403-8abfb29b97fb"},"geometry":{"type":"Point","coordinates":[-45.9477,-21.4256]}},{"type":"Feature","properties":{"municipio":"9453587b-b851-4830-b118-49de74f92937","title":"MG - ABRE CAMPO","tipo":"Cebraspe","url":"\/dashboard\/details-assets\/9453587b-b851-4830-b118-49de74f92937"},"geometry":{"type":"Point","coordinates":[-42.4743,-20.2996]}},{"type":"Feature","properties":{"municipio":"1f305711-c07c-4150-8694-f6e2e2aebf7b","title":"MG - ABAETE","tipo":"Cebraspe","url":"\/dashboard\/details-assets\/1f305711-c07c-4150-8694-f6e2e2aebf7b"},"geometry":{"type":"Point","coordinates":[-45.4444,-19.1551]}},{"type":"Feature","properties":{"municipio":"ebba0c91-299c-4520-84a6-54a9fd148845","title":"MA - ZE DOCA","tipo":"Cebraspe","url":"\/dashboard\/details-assets\/ebba0c91-299c-4520-84a6-54a9fd148845"},"geometry":{"type":"Point","coordinates":[-45.6553,-3.27014]}},{"type":"Feature","properties":{"municipio":"d14854c1-7ef9-43a8-8a1b-233312b52069","title":"MA - VIANA","tipo":"Cebraspe","url":"\/dashboard\/details-assets\/d14854c1-7ef9-43a8-8a1b-233312b52069"},"geometry":{"type":"Point","coordinates":[-44.9912,-3.20451]}},{"type":"Feature","properties":{"municipio":"20f41538-3ffc-445d-a231-ea6d3ac2c759","title":"MA - TIMON","tipo":"Cebraspe","url":"\/dashboard\/details-assets\/20f41538-3ffc-445d-a231-ea6d3ac2c759"},"geometry":{"type":"Point","coordinates":[-42.8329,-5.09769]}},{"type":"Feature","properties":{"municipio":"40efb4cf-353b-4942-832e-4e099285d7e3","title":"MA - SAO LUIS","tipo":"Cebraspe","url":"\/dashboard\/details-assets\/40efb4cf-353b-4942-832e-4e099285d7e3"},"geometry":{"type":"Point","coordinates":[-44.2825,-2.53874]}},{"type":"Feature","properties":{"municipio":"335876b1-d163-4d0b-a4a7-5945b86da857","title":"MA - SAO JOAO DOS PATOS","tipo":"Cebraspe","url":"\/dashboard\/details-assets\/335876b1-d163-4d0b-a4a7-5945b86da857"},"geometry":{"type":"Point","coordinates":[-43.7036,-6.4934]}},{"type":"Feature","properties":{"municipio":"e997e048-46da-4f5b-8e1f-74d63f06895a","title":"MA - ROSARIO","tipo":"Cebraspe","url":"\/dashboard\/details-assets\/e997e048-46da-4f5b-8e1f-74d63f06895a"},"geometry":{"type":"Point","coordinates":[-44.2531,-2.93444]}},{"type":"Feature","properties":{"municipio":"7b1837fb-a9e8-439d-b024-3bd7f4441cc9","title":"MA - SANTA INES","tipo":"Cebraspe","url":"\/dashboard\/details-assets\/7b1837fb-a9e8-439d-b024-3bd7f4441cc9"},"geometry":{"type":"Point","coordinates":[-45.3774,-3.65112]}},{"type":"Feature","properties":{"municipio":"410d4654-59bf-44c5-bb62-fb3e2029411c","title":"MA - PRESIDENTE DUTRA","tipo":"Cebraspe","url":"\/dashboard\/details-assets\/410d4654-59bf-44c5-bb62-fb3e2029411c"},"geometry":{"type":"Point","coordinates":[-44.495,-5.2898]}},{"type":"Feature","properties":{"municipio":"22d9f4b4-101a-40af-be90-834777956c09","title":"MA - PORTO FRANCO","tipo":"Cebraspe","url":"\/dashboard\/details-assets\/22d9f4b4-101a-40af-be90-834777956c09"},"geometry":{"type":"Point","coordinates":[-47.3962,-6.34149]}},{"type":"Feature","properties":{"municipio":"2da16af8-54e8-46f3-baaa-31dc1eee1ca3","title":"MA - PINHEIRO","tipo":"Cebraspe","url":"\/dashboard\/details-assets\/2da16af8-54e8-46f3-baaa-31dc1eee1ca3"},"geometry":{"type":"Point","coordinates":[-45.0788,-2.52224]}},{"type":"Feature","properties":{"municipio":"2d564813-2611-4be4-9bee-2fd2a0876266","title":"MA - PEDREIRAS","tipo":"Cebraspe","url":"\/dashboard\/details-assets\/2d564813-2611-4be4-9bee-2fd2a0876266"},"geometry":{"type":"Point","coordinates":[-44.6006,-4.56482]}},{"type":"Feature","properties":{"municipio":"cc0d06dc-02cd-45c8-b17b-ab556733dfc1","title":"MA - PACO DO LUMIAR","tipo":"Cebraspe","url":"\/dashboard\/details-assets\/cc0d06dc-02cd-45c8-b17b-ab556733dfc1"},"geometry":{"type":"Point","coordinates":[-44.1019,-2.51657]}},{"type":"Feature","properties":{"municipio":"60db1a59-2967-474e-9c7b-16777cb86374","title":"MA - ITAPECURU MIRIM","tipo":"Cebraspe","url":"\/dashboard\/details-assets\/60db1a59-2967-474e-9c7b-16777cb86374"},"geometry":{"type":"Point","coordinates":[-44.3508,-3.40202]}},{"type":"Feature","properties":{"municipio":"4f98b2c9-207b-4dd3-80f0-1f3cc7bd19d8","title":"MA - IMPERATRIZ","tipo":"Cebraspe","url":"\/dashboard\/details-assets\/4f98b2c9-207b-4dd3-80f0-1f3cc7bd19d8"},"geometry":{"type":"Point","coordinates":[-47.4777,-5.51847]}},{"type":"Feature","properties":{"municipio":"9587d244-f12c-48bc-b74f-91361898f472","title":"MA - GRAJAU","tipo":"Cebraspe","url":"\/dashboard\/details-assets\/9587d244-f12c-48bc-b74f-91361898f472"},"geometry":{"type":"Point","coordinates":[-46.1462,-5.81367]}},{"type":"Feature","properties":{"municipio":"ff936966-6955-443f-9262-460898035f57","title":"MA - GOVERNADOR NUNES FREIRE","tipo":"Cebraspe","url":"\/dashboard\/details-assets\/ff936966-6955-443f-9262-460898035f57"},"geometry":{"type":"Point","coordinates":[-45.8777,-2.12899]}},{"type":"Feature","properties":{"municipio":"359c4555-2472-421e-b7fd-f2431c19d885","title":"MA - GODOFREDO VIANA","tipo":"Cebraspe","url":"\/dashboard\/details-assets\/359c4555-2472-421e-b7fd-f2431c19d885"},"geometry":{"type":"Point","coordinates":[-45.7795,-1.40259]}},{"type":"Feature","properties":{"municipio":"6fd09987-75a5-4333-9058-a79e4ec6973d","title":"MA - DAVINOPOLIS","tipo":"Cebraspe","url":"\/dashboard\/details-assets\/6fd09987-75a5-4333-9058-a79e4ec6973d"},"geometry":{"type":"Point","coordinates":[-47.4217,-5.54637]}},{"type":"Feature","properties":{"municipio":"82062753-61aa-4668-8b3b-a56f3c4c0154","title":"MA - COROATA","tipo":"Cebraspe","url":"\/dashboard\/details-assets\/82062753-61aa-4668-8b3b-a56f3c4c0154"},"geometry":{"type":"Point","coordinates":[-44.1244,-4.13442]}},{"type":"Feature","properties":{"municipio":"1dd95930-d2a9-4877-b5a3-0bd2a0d0a15d","title":"MA - CODO","tipo":"Cebraspe","url":"\/dashboard\/details-assets\/1dd95930-d2a9-4877-b5a3-0bd2a0d0a15d"},"geometry":{"type":"Point","coordinates":[-43.8924,-4.45562]}},{"type":"Feature","properties":{"municipio":"6a830058-64b7-42ab-871e-3ce9883df5d5","title":"MA - COLINAS","tipo":"Cebraspe","url":"\/dashboard\/details-assets\/6a830058-64b7-42ab-871e-3ce9883df5d5"},"geometry":{"type":"Point","coordinates":[-44.2543,-6.03199]}},{"type":"Feature","properties":{"municipio":"79e72ff5-ecc5-4131-9c55-532611253ac2","title":"MA - CHAPADINHA","tipo":"Cebraspe","url":"\/dashboard\/details-assets\/79e72ff5-ecc5-4131-9c55-532611253ac2"},"geometry":{"type":"Point","coordinates":[-43.3538,-3.73875]}},{"type":"Feature","properties":{"municipio":"8faa3526-628b-472a-835f-5d38387b79db","title":"MA - CAXIAS","tipo":"Cebraspe","url":"\/dashboard\/details-assets\/8faa3526-628b-472a-835f-5d38387b79db"},"geometry":{"type":"Point","coordinates":[-43.3617,-4.86505]}},{"type":"Feature","properties":{"municipio":"5aaa4ec2-4ce4-4b6f-b086-0d1ecb078a11","title":"MA - CAROLINA","tipo":"Cebraspe","url":"\/dashboard\/details-assets\/5aaa4ec2-4ce4-4b6f-b086-0d1ecb078a11"},"geometry":{"type":"Point","coordinates":[-47.4634,-7.33584]}},{"type":"Feature","properties":{"municipio":"abd930f2-76bb-4b43-898d-531f1f1d9db8","title":"MA - BREJO","tipo":"Cebraspe","url":"\/dashboard\/details-assets\/abd930f2-76bb-4b43-898d-531f1f1d9db8"},"geometry":{"type":"Point","coordinates":[-42.7527,-3.67796]}},{"type":"Feature","properties":{"municipio":"9cec5681-d436-4a38-b267-a4ebe57a9b89","title":"MA - BARRA DO CORDA","tipo":"Cebraspe","url":"\/dashboard\/details-assets\/9cec5681-d436-4a38-b267-a4ebe57a9b89"},"geometry":{"type":"Point","coordinates":[-45.2485,-5.49682]}},{"type":"Feature","properties":{"municipio":"09aed775-b139-491f-9457-5ee4a862daf0","title":"MA - BALSAS","tipo":"Cebraspe","url":"\/dashboard\/details-assets\/09aed775-b139-491f-9457-5ee4a862daf0"},"geometry":{"type":"Point","coordinates":[-46.0372,-7.53214]}},{"type":"Feature","properties":{"municipio":"7fbccf92-f3c3-45d8-9edf-7fe8a1c165ac","title":"MA - BACABAL","tipo":"Cebraspe","url":"\/dashboard\/details-assets\/7fbccf92-f3c3-45d8-9edf-7fe8a1c165ac"},"geometry":{"type":"Point","coordinates":[-44.7832,-4.22447]}},{"type":"Feature","properties":{"municipio":"51e116a5-4c68-463d-9004-3741e2ab7cdb","title":"MA - ACAILANDIA","tipo":"Cebraspe","url":"\/dashboard\/details-assets\/51e116a5-4c68-463d-9004-3741e2ab7cdb"},"geometry":{"type":"Point","coordinates":[-47.5004,-4.94714]}},{"type":"Feature","properties":{"municipio":"a77dca96-f1e5-4db8-acec-25a11265d125","title":"GO - VALPARAISO DE GOIAS","tipo":"Cebraspe","url":"\/dashboard\/details-assets\/a77dca96-f1e5-4db8-acec-25a11265d125"},"geometry":{"type":"Point","coordinates":[-47.9757,-16.0651]}},{"type":"Feature","properties":{"municipio":"672a513e-2e7d-45fd-bb6f-d9de74a0114b","title":"GO - URUACU","tipo":"Cebraspe","url":"\/dashboard\/details-assets\/672a513e-2e7d-45fd-bb6f-d9de74a0114b"},"geometry":{"type":"Point","coordinates":[-49.1396,-14.5238]}},{"type":"Feature","properties":{"municipio":"1dd037ba-41cb-489a-8885-cdce4258f3db","title":"GO - TRINDADE","tipo":"Cebraspe","url":"\/dashboard\/details-assets\/1dd037ba-41cb-489a-8885-cdce4258f3db"},"geometry":{"type":"Point","coordinates":[-49.4927,-16.6517]}},{"type":"Feature","properties":{"municipio":"157023d3-b0fe-4edc-b87f-5c00a2a8ee24","title":"GO - SIMOLANDIA","tipo":"Cebraspe","url":"\/dashboard\/details-assets\/157023d3-b0fe-4edc-b87f-5c00a2a8ee24"},"geometry":{"type":"Point","coordinates":[-46.4847,-14.4644]}},{"type":"Feature","properties":{"municipio":"b22a277d-7e83-45c1-b85f-53f021d4a272","title":"GO - SILVANIA","tipo":"Cebraspe","url":"\/dashboard\/details-assets\/b22a277d-7e83-45c1-b85f-53f021d4a272"},"geometry":{"type":"Point","coordinates":[-48.6083,-16.66]}},{"type":"Feature","properties":{"municipio":"ffe61477-d77e-4c87-915f-c6de7bff44e8","title":"GO - SENADOR CANEDO","tipo":"Cebraspe","url":"\/dashboard\/details-assets\/ffe61477-d77e-4c87-915f-c6de7bff44e8"},"geometry":{"type":"Point","coordinates":[-49.0914,-16.7084]}},{"type":"Feature","properties":{"municipio":"fd39314e-2b2e-44cb-a33e-bebf550564df","title":"GO - SAO MIGUEL DO ARAGUAIA","tipo":"Cebraspe","url":"\/dashboard\/details-assets\/fd39314e-2b2e-44cb-a33e-bebf550564df"},"geometry":{"type":"Point","coordinates":[-50.1634,-13.2731]}},{"type":"Feature","properties":{"municipio":"9867083a-30a7-4d9b-8206-1312d01bcd0c","title":"GO - SAO LUIS DE MONTES BELOS","tipo":"Cebraspe","url":"\/dashboard\/details-assets\/9867083a-30a7-4d9b-8206-1312d01bcd0c"},"geometry":{"type":"Point","coordinates":[-50.3726,-16.5211]}},{"type":"Feature","properties":{"municipio":"6138c56b-01b2-481f-9b0f-60984a856d64","title":"GO - SANTO ANTONIO DO DESCOBERTO","tipo":"Cebraspe","url":"\/dashboard\/details-assets\/6138c56b-01b2-481f-9b0f-60984a856d64"},"geometry":{"type":"Point","coordinates":[-48.2578,-15.9412]}},{"type":"Feature","properties":{"municipio":"43ec4c71-7016-4e79-969b-de4576d9caae","title":"GO - SANCLERLANDIA","tipo":"Cebraspe","url":"\/dashboard\/details-assets\/43ec4c71-7016-4e79-969b-de4576d9caae"},"geometry":{"type":"Point","coordinates":[-50.3124,-16.197]}},{"type":"Feature","properties":{"municipio":"eed2226e-66ab-437b-b094-5b7793f97990","title":"GO - SANTA HELENA DE GOIAS","tipo":"Cebraspe","url":"\/dashboard\/details-assets\/eed2226e-66ab-437b-b094-5b7793f97990"},"geometry":{"type":"Point","coordinates":[-50.5977,-17.8115]}},{"type":"Feature","properties":{"municipio":"04e84b1d-79eb-4345-acd7-3cb6bb3a8a23","title":"GO - RUBIATABA","tipo":"Cebraspe","url":"\/dashboard\/details-assets\/04e84b1d-79eb-4345-acd7-3cb6bb3a8a23"},"geometry":{"type":"Point","coordinates":[-49.8048,-15.1617]}},{"type":"Feature","properties":{"municipio":"f1fe5d61-bf46-4d08-8a36-51863f4a9c38","title":"GO - RIO VERDE","tipo":"Cebraspe","url":"\/dashboard\/details-assets\/f1fe5d61-bf46-4d08-8a36-51863f4a9c38"},"geometry":{"type":"Point","coordinates":[-50.9192,-17.7923]}},{"type":"Feature","properties":{"municipio":"4e5f2745-4ad0-4f84-9a60-57f16408ff60","title":"GO - QUIRINOPOLIS","tipo":"Cebraspe","url":"\/dashboard\/details-assets\/4e5f2745-4ad0-4f84-9a60-57f16408ff60"},"geometry":{"type":"Point","coordinates":[-50.4547,-18.4472]}},{"type":"Feature","properties":{"municipio":"f46abe94-ea70-40bd-a4e3-551a09e2c61b","title":"GO - POSSE","tipo":"Cebraspe","url":"\/dashboard\/details-assets\/f46abe94-ea70-40bd-a4e3-551a09e2c61b"},"geometry":{"type":"Point","coordinates":[-46.3704,-14.0859]}},{"type":"Feature","properties":{"municipio":"3bb0ac11-1d3d-4d6c-a21d-e0b61f10d527","title":"GO - PORANGATU","tipo":"Cebraspe","url":"\/dashboard\/details-assets\/3bb0ac11-1d3d-4d6c-a21d-e0b61f10d527"},"geometry":{"type":"Point","coordinates":[-49.1503,-13.4391]}},{"type":"Feature","properties":{"municipio":"901d60f4-b88e-4f01-aeea-7ba85d3337d8","title":"GO - PONTALINA","tipo":"Cebraspe","url":"\/dashboard\/details-assets\/901d60f4-b88e-4f01-aeea-7ba85d3337d8"},"geometry":{"type":"Point","coordinates":[-49.4489,-17.5225]}},{"type":"Feature","properties":{"municipio":"5809ee18-87db-40d6-88e2-6390a400f77c","title":"GO - PLANALTINA","tipo":"Cebraspe","url":"\/dashboard\/details-assets\/5809ee18-87db-40d6-88e2-6390a400f77c"},"geometry":{"type":"Point","coordinates":[-47.6089,-15.452]}},{"type":"Feature","properties":{"municipio":"f3c3a638-be50-4758-8f8f-913ff8f43b5f","title":"GO - PIRES DO RIO","tipo":"Cebraspe","url":"\/dashboard\/details-assets\/f3c3a638-be50-4758-8f8f-913ff8f43b5f"},"geometry":{"type":"Point","coordinates":[-48.2768,-17.3019]}},{"type":"Feature","properties":{"municipio":"b18e481f-de06-4f7c-a0e9-418b5c74438e","title":"GO - PALMEIRAS DE GOIAS","tipo":"Cebraspe","url":"\/dashboard\/details-assets\/b18e481f-de06-4f7c-a0e9-418b5c74438e"},"geometry":{"type":"Point","coordinates":[-49.924,-16.8044]}},{"type":"Feature","properties":{"municipio":"8277a11e-a17f-4119-affc-ced846e538d7","title":"GO - PADRE BERNARDO","tipo":"Cebraspe","url":"\/dashboard\/details-assets\/8277a11e-a17f-4119-affc-ced846e538d7"},"geometry":{"type":"Point","coordinates":[-48.2833,-15.1605]}},{"type":"Feature","properties":{"municipio":"895b7a3c-d80b-4dc5-b617-cc381799f5de","title":"GO - ORIZONA","tipo":"Cebraspe","url":"\/dashboard\/details-assets\/895b7a3c-d80b-4dc5-b617-cc381799f5de"},"geometry":{"type":"Point","coordinates":[-48.2964,-17.0334]}},{"type":"Feature","properties":{"municipio":"f4cfd7ed-c58d-43a9-8875-798969c8d651","title":"GO - NOVO GAMA","tipo":"Cebraspe","url":"\/dashboard\/details-assets\/f4cfd7ed-c58d-43a9-8875-798969c8d651"},"geometry":{"type":"Point","coordinates":[-48.0417,-16.0592]}},{"type":"Feature","properties":{"municipio":"46b22086-6528-4bd4-9995-4a98e525a954","title":"GO - NOVA CRIXAS","tipo":"Cebraspe","url":"\/dashboard\/details-assets\/46b22086-6528-4bd4-9995-4a98e525a954"},"geometry":{"type":"Point","coordinates":[-50.33,-14.0957]}},{"type":"Feature","properties":{"municipio":"79855f1f-aa25-4c1a-a484-8a63e3b7e778","title":"GO - NIQUELANDIA","tipo":"Cebraspe","url":"\/dashboard\/details-assets\/79855f1f-aa25-4c1a-a484-8a63e3b7e778"},"geometry":{"type":"Point","coordinates":[-48.4599,-14.4662]}},{"type":"Feature","properties":{"municipio":"7e162743-2302-45ec-923d-3a9d46d7861a","title":"GO - MOZARLANDIA","tipo":"Cebraspe","url":"\/dashboard\/details-assets\/7e162743-2302-45ec-923d-3a9d46d7861a"},"geometry":{"type":"Point","coordinates":[-50.5713,-14.7457]}},{"type":"Feature","properties":{"municipio":"e1b98c4e-f5a0-4659-9615-5ff56925ee84","title":"GO - MORRINHOS","tipo":"Cebraspe","url":"\/dashboard\/details-assets\/e1b98c4e-f5a0-4659-9615-5ff56925ee84"},"geometry":{"type":"Point","coordinates":[-49.1059,-17.7334]}},{"type":"Feature","properties":{"municipio":"d1dee08e-a238-4196-a5f7-a9f495c089ca","title":"GO - LUZIANIA","tipo":"Cebraspe","url":"\/dashboard\/details-assets\/d1dee08e-a238-4196-a5f7-a9f495c089ca"},"geometry":{"type":"Point","coordinates":[-47.95,-16.253]}},{"type":"Feature","properties":{"municipio":"6011ae32-864e-4784-b608-3d7c77b5abb7","title":"GO - MINACU","tipo":"Cebraspe","url":"\/dashboard\/details-assets\/6011ae32-864e-4784-b608-3d7c77b5abb7"},"geometry":{"type":"Point","coordinates":[-48.2206,-13.5304]}},{"type":"Feature","properties":{"municipio":"6cfa2a9f-9ba0-4f49-9cce-d56a56428002","title":"GO - JUSSARA","tipo":"Cebraspe","url":"\/dashboard\/details-assets\/6cfa2a9f-9ba0-4f49-9cce-d56a56428002"},"geometry":{"type":"Point","coordinates":[-50.8668,-15.8659]}},{"type":"Feature","properties":{"municipio":"ebb8c7b6-3503-4645-ac2c-4f863842482d","title":"GO - JATAI","tipo":"Cebraspe","url":"\/dashboard\/details-assets\/ebb8c7b6-3503-4645-ac2c-4f863842482d"},"geometry":{"type":"Point","coordinates":[-51.7204,-17.8784]}},{"type":"Feature","properties":{"municipio":"853fb42f-7970-492d-b76c-0e2a0c0b7435","title":"GO - JARAGUA","tipo":"Cebraspe","url":"\/dashboard\/details-assets\/853fb42f-7970-492d-b76c-0e2a0c0b7435"},"geometry":{"type":"Point","coordinates":[-49.3344,-15.7529]}},{"type":"Feature","properties":{"municipio":"72270755-0e63-436c-8129-62ee49665d75","title":"GO - ITUMBIARA","tipo":"Cebraspe","url":"\/dashboard\/details-assets\/72270755-0e63-436c-8129-62ee49665d75"},"geometry":{"type":"Point","coordinates":[-49.2158,-18.4093]}},{"type":"Feature","properties":{"municipio":"64243909-48ac-4666-bbd3-25c0e7f7e7f3","title":"GO - ITAUCU","tipo":"Cebraspe","url":"\/dashboard\/details-assets\/64243909-48ac-4666-bbd3-25c0e7f7e7f3"},"geometry":{"type":"Point","coordinates":[-49.6109,-16.2029]}},{"type":"Feature","properties":{"municipio":"2bba4766-a8d7-4d20-9d0c-3c041438f3fb","title":"GO - ITAPURANGA","tipo":"Cebraspe","url":"\/dashboard\/details-assets\/2bba4766-a8d7-4d20-9d0c-3c041438f3fb"},"geometry":{"type":"Point","coordinates":[-49.949,-15.5606]}},{"type":"Feature","properties":{"municipio":"cb6559ed-21ef-4289-b54f-d5134c50adb3","title":"GO - ITABERAI","tipo":"Cebraspe","url":"\/dashboard\/details-assets\/cb6559ed-21ef-4289-b54f-d5134c50adb3"},"geometry":{"type":"Point","coordinates":[-49.806,-16.0206]}},{"type":"Feature","properties":{"municipio":"bb912d8b-0013-4442-b31c-6bf1e0a60095","title":"GO - ISRAELANDIA","tipo":"Cebraspe","url":"\/dashboard\/details-assets\/bb912d8b-0013-4442-b31c-6bf1e0a60095"},"geometry":{"type":"Point","coordinates":[-50.9087,-16.3144]}},{"type":"Feature","properties":{"municipio":"5b19ff8f-d5cc-4f6f-bf89-1333c09eeff2","title":"GO - IPORA","tipo":"Cebraspe","url":"\/dashboard\/details-assets\/5b19ff8f-d5cc-4f6f-bf89-1333c09eeff2"},"geometry":{"type":"Point","coordinates":[-51.118,-16.4398]}},{"type":"Feature","properties":{"municipio":"28d42ef2-cce7-4fc2-94e3-339c2d855d67","title":"GO - IPAMERI","tipo":"Cebraspe","url":"\/dashboard\/details-assets\/28d42ef2-cce7-4fc2-94e3-339c2d855d67"},"geometry":{"type":"Point","coordinates":[-48.1581,-17.7215]}},{"type":"Feature","properties":{"municipio":"bf670f2f-c3ba-4c05-b8c9-8d9e0b3d1561","title":"GO - INHUMAS","tipo":"Cebraspe","url":"\/dashboard\/details-assets\/bf670f2f-c3ba-4c05-b8c9-8d9e0b3d1561"},"geometry":{"type":"Point","coordinates":[-49.5001,-16.3611]}},{"type":"Feature","properties":{"municipio":"f15b10db-28a7-4cc6-a28b-cf9e4f8d1806","title":"GO - INDIARA","tipo":"Cebraspe","url":"\/dashboard\/details-assets\/f15b10db-28a7-4cc6-a28b-cf9e4f8d1806"},"geometry":{"type":"Point","coordinates":[-49.9862,-17.1387]}},{"type":"Feature","properties":{"municipio":"75b360e7-7599-4e6b-a716-7c0b072e64a2","title":"GO - GOIAS","tipo":"Cebraspe","url":"\/dashboard\/details-assets\/75b360e7-7599-4e6b-a716-7c0b072e64a2"},"geometry":{"type":"Point","coordinates":[-50.14,-15.9333]}},{"type":"Feature","properties":{"municipio":"ebd557fb-e850-4ce9-8daf-0268744b681b","title":"GO - GOIANIA","tipo":"Cebraspe","url":"\/dashboard\/details-assets\/ebd557fb-e850-4ce9-8daf-0268744b681b"},"geometry":{"type":"Point","coordinates":[-49.2643,-16.6864]}},{"type":"Feature","properties":{"municipio":"b3dac04f-089b-4e77-8922-d6437b13692c","title":"GO - GOIANESIA","tipo":"Cebraspe","url":"\/dashboard\/details-assets\/b3dac04f-089b-4e77-8922-d6437b13692c"},"geometry":{"type":"Point","coordinates":[-49.1162,-15.3118]}},{"type":"Feature","properties":{"municipio":"fbfe2ba2-e025-4539-b977-f5c206f1c111","title":"GO - GOIANAPOLIS","tipo":"Cebraspe","url":"\/dashboard\/details-assets\/fbfe2ba2-e025-4539-b977-f5c206f1c111"},"geometry":{"type":"Point","coordinates":[-49.0234,-16.5098]}},{"type":"Feature","properties":{"municipio":"94ea288b-7d2a-44c8-92e4-5d2af89f36c4","title":"GO - FORMOSA","tipo":"Cebraspe","url":"\/dashboard\/details-assets\/94ea288b-7d2a-44c8-92e4-5d2af89f36c4"},"geometry":{"type":"Point","coordinates":[-47.337,-15.54]}},{"type":"Feature","properties":{"municipio":"ab2af21f-ca8f-488e-8fc1-92cb214a6a65","title":"GO - EDEIA","tipo":"Cebraspe","url":"\/dashboard\/details-assets\/ab2af21f-ca8f-488e-8fc1-92cb214a6a65"},"geometry":{"type":"Point","coordinates":[-49.9295,-17.3406]}},{"type":"Feature","properties":{"municipio":"7113cc6e-bfe0-4636-aadf-cd0eff9aa79d","title":"GO - CRISTALINA","tipo":"Cebraspe","url":"\/dashboard\/details-assets\/7113cc6e-bfe0-4636-aadf-cd0eff9aa79d"},"geometry":{"type":"Point","coordinates":[-47.6131,-16.7676]}},{"type":"Feature","properties":{"municipio":"59cef50c-7aab-40d2-8791-e13e2895c3d7","title":"GO - CIDADE OCIDENTAL","tipo":"Cebraspe","url":"\/dashboard\/details-assets\/59cef50c-7aab-40d2-8791-e13e2895c3d7"},"geometry":{"type":"Point","coordinates":[-47.9252,-16.0765]}},{"type":"Feature","properties":{"municipio":"a34d7c06-11be-42a8-94c6-921bdc5346e3","title":"GO - CERES","tipo":"Cebraspe","url":"\/dashboard\/details-assets\/a34d7c06-11be-42a8-94c6-921bdc5346e3"},"geometry":{"type":"Point","coordinates":[-49.6,-15.3061]}},{"type":"Feature","properties":{"municipio":"d7f188ed-33b3-4615-88a4-fa1e6744d7c9","title":"GO - CATALAO","tipo":"Cebraspe","url":"\/dashboard\/details-assets\/d7f188ed-33b3-4615-88a4-fa1e6744d7c9"},"geometry":{"type":"Point","coordinates":[-47.944,-18.1656]}},{"type":"Feature","properties":{"municipio":"83d0fc88-2682-419f-972e-3b2887266fa7","title":"GO - CAMPOS BELOS","tipo":"Cebraspe","url":"\/dashboard\/details-assets\/83d0fc88-2682-419f-972e-3b2887266fa7"},"geometry":{"type":"Point","coordinates":[-46.7681,-13.035]}},{"type":"Feature","properties":{"municipio":"9e9be129-9efb-46b6-970b-03247b875347","title":"GO - CALDAS NOVAS","tipo":"Cebraspe","url":"\/dashboard\/details-assets\/9e9be129-9efb-46b6-970b-03247b875347"},"geometry":{"type":"Point","coordinates":[-48.6246,-17.7441]}},{"type":"Feature","properties":{"municipio":"af877cdd-339a-4ab7-a7c8-678847c0e559","title":"GO - BELA VISTA DE GOIAS","tipo":"Cebraspe","url":"\/dashboard\/details-assets\/af877cdd-339a-4ab7-a7c8-678847c0e559"},"geometry":{"type":"Point","coordinates":[-48.9513,-16.9693]}},{"type":"Feature","properties":{"municipio":"d77bed40-8930-455a-af90-fbde1ba694c8","title":"GO - CAIAPONIA","tipo":"Cebraspe","url":"\/dashboard\/details-assets\/d77bed40-8930-455a-af90-fbde1ba694c8"},"geometry":{"type":"Point","coordinates":[-51.8091,-16.9539]}},{"type":"Feature","properties":{"municipio":"0d8c338b-a45a-4bfd-9f9e-4ec11e95c78a","title":"GO - BARRO ALTO","tipo":"Cebraspe","url":"\/dashboard\/details-assets\/0d8c338b-a45a-4bfd-9f9e-4ec11e95c78a"},"geometry":{"type":"Point","coordinates":[-48.9086,-14.9658]}},{"type":"Feature","properties":{"municipio":"f0b9cfb4-8937-4360-a774-c4d23499468b","title":"GO - ARAGARCAS","tipo":"Cebraspe","url":"\/dashboard\/details-assets\/f0b9cfb4-8937-4360-a774-c4d23499468b"},"geometry":{"type":"Point","coordinates":[-52.2372,-15.8955]}},{"type":"Feature","properties":{"municipio":"454ef680-ef9c-4e42-9b33-e836f7d9e422","title":"GO - ARACU","tipo":"Cebraspe","url":"\/dashboard\/details-assets\/454ef680-ef9c-4e42-9b33-e836f7d9e422"},"geometry":{"type":"Point","coordinates":[-49.6804,-16.3563]}},{"type":"Feature","properties":{"municipio":"1c958c58-b794-47f7-bc2c-ca575a951c74","title":"GO - APARECIDA DE GOIANIA","tipo":"Cebraspe","url":"\/dashboard\/details-assets\/1c958c58-b794-47f7-bc2c-ca575a951c74"},"geometry":{"type":"Point","coordinates":[-49.2469,-16.8198]}},{"type":"Feature","properties":{"municipio":"3c63355a-9070-4095-b91a-ab0c65129d63","title":"GO - ANAPOLIS","tipo":"Cebraspe","url":"\/dashboard\/details-assets\/3c63355a-9070-4095-b91a-ab0c65129d63"},"geometry":{"type":"Point","coordinates":[-48.953,-16.3281]}},{"type":"Feature","properties":{"municipio":"da7a3174-805b-48a2-80db-c5975fb2e3a5","title":"GO - ANICUNS","tipo":"Cebraspe","url":"\/dashboard\/details-assets\/da7a3174-805b-48a2-80db-c5975fb2e3a5"},"geometry":{"type":"Point","coordinates":[-49.9617,-16.4642]}},{"type":"Feature","properties":{"municipio":"57a4f6c5-d618-47a8-ba0e-a594c733663f","title":"GO - ALTO PARAISO DE GOIAS","tipo":"Cebraspe","url":"\/dashboard\/details-assets\/57a4f6c5-d618-47a8-ba0e-a594c733663f"},"geometry":{"type":"Point","coordinates":[-47.51,-14.1305]}},{"type":"Feature","properties":{"municipio":"5dde2e04-d1d0-4d8c-af47-fa5ef7c3fd6d","title":"GO - ALEXANIA","tipo":"Cebraspe","url":"\/dashboard\/details-assets\/5dde2e04-d1d0-4d8c-af47-fa5ef7c3fd6d"},"geometry":{"type":"Point","coordinates":[-48.5076,-16.0834]}},{"type":"Feature","properties":{"municipio":"dcfada11-7bb0-4dfc-ae65-1bd28301219c","title":"GO - AGUAS LINDAS DE GOIAS","tipo":"Cebraspe","url":"\/dashboard\/details-assets\/dcfada11-7bb0-4dfc-ae65-1bd28301219c"},"geometry":{"type":"Point","coordinates":[-48.2816,-15.7617]}},{"type":"Feature","properties":{"municipio":"ec969e90-e49d-47fb-b088-976bdae5c2f0","title":"GO - ACREUNA","tipo":"Cebraspe","url":"\/dashboard\/details-assets\/ec969e90-e49d-47fb-b088-976bdae5c2f0"},"geometry":{"type":"Point","coordinates":[-50.3749,-17.396]}},{"type":"Feature","properties":{"municipio":"ae395038-b331-44f2-89b7-9391f5439196","title":"ES - VILA VELHA","tipo":"Cebraspe","url":"\/dashboard\/details-assets\/ae395038-b331-44f2-89b7-9391f5439196"},"geometry":{"type":"Point","coordinates":[-40.2875,-20.3417]}},{"type":"Feature","properties":{"municipio":"325fc05b-1d42-4ea2-8573-93689dd0de86","title":"ES - VITORIA","tipo":"Cebraspe","url":"\/dashboard\/details-assets\/325fc05b-1d42-4ea2-8573-93689dd0de86"},"geometry":{"type":"Point","coordinates":[-40.3128,-20.3155]}},{"type":"Feature","properties":{"municipio":"ea654070-cf15-4fc4-b0b8-4e2d32466da3","title":"ES - VIANA","tipo":"Cebraspe","url":"\/dashboard\/details-assets\/ea654070-cf15-4fc4-b0b8-4e2d32466da3"},"geometry":{"type":"Point","coordinates":[-40.4933,-20.3825]}},{"type":"Feature","properties":{"municipio":"1861378e-421b-4914-be15-2ebc1cc506c1","title":"ES - SERRA","tipo":"Cebraspe","url":"\/dashboard\/details-assets\/1861378e-421b-4914-be15-2ebc1cc506c1"},"geometry":{"type":"Point","coordinates":[-40.3074,-20.121]}},{"type":"Feature","properties":{"municipio":"8b6f9815-b8a4-4e06-929c-275444f14039","title":"ES - SAO MATEUS","tipo":"Cebraspe","url":"\/dashboard\/details-assets\/8b6f9815-b8a4-4e06-929c-275444f14039"},"geometry":{"type":"Point","coordinates":[-39.8579,-18.7214]}},{"type":"Feature","properties":{"municipio":"b26f5583-4553-4171-a05a-ea13dac34b24","title":"ES - SAO DOMINGOS DO NORTE","tipo":"Cebraspe","url":"\/dashboard\/details-assets\/b26f5583-4553-4171-a05a-ea13dac34b24"},"geometry":{"type":"Point","coordinates":[-40.6281,-19.1452]}},{"type":"Feature","properties":{"municipio":"f26a9351-d866-4438-880f-913080889cf2","title":"ES - MARATAIZES","tipo":"Cebraspe","url":"\/dashboard\/details-assets\/f26a9351-d866-4438-880f-913080889cf2"},"geometry":{"type":"Point","coordinates":[-40.8384,-21.0398]}},{"type":"Feature","properties":{"municipio":"6e6aab04-0fe0-4dac-af5e-3150fdb90f48","title":"ES - LINHARES","tipo":"Cebraspe","url":"\/dashboard\/details-assets\/6e6aab04-0fe0-4dac-af5e-3150fdb90f48"},"geometry":{"type":"Point","coordinates":[-40.0643,-19.3946]}},{"type":"Feature","properties":{"municipio":"36cf5af4-b6f0-4c24-ad93-8f47a2a53b7d","title":"ES - GUARAPARI","tipo":"Cebraspe","url":"\/dashboard\/details-assets\/36cf5af4-b6f0-4c24-ad93-8f47a2a53b7d"},"geometry":{"type":"Point","coordinates":[-40.5093,-20.6772]}},{"type":"Feature","properties":{"municipio":"53aa69b8-4ea4-40f2-80cd-da53cd7f1a29","title":"ES - COLATINA","tipo":"Cebraspe","url":"\/dashboard\/details-assets\/53aa69b8-4ea4-40f2-80cd-da53cd7f1a29"},"geometry":{"type":"Point","coordinates":[-40.6269,-19.5493]}},{"type":"Feature","properties":{"municipio":"b1fc13a4-a992-4f2b-b498-5967b11646d8","title":"ES - CARIACICA","tipo":"Cebraspe","url":"\/dashboard\/details-assets\/b1fc13a4-a992-4f2b-b498-5967b11646d8"},"geometry":{"type":"Point","coordinates":[-40.4165,-20.2632]}},{"type":"Feature","properties":{"municipio":"1b197813-439f-436d-8dde-45458dec906e","title":"ES - CACHOEIRO DE ITAPEMIRIM","tipo":"Cebraspe","url":"\/dashboard\/details-assets\/1b197813-439f-436d-8dde-45458dec906e"},"geometry":{"type":"Point","coordinates":[-41.1198,-20.8462]}},{"type":"Feature","properties":{"municipio":"f7632719-d05c-4b14-9052-11afbb43e5c1","title":"ES - BARRA DE SAO FRANCISCO","tipo":"Cebraspe","url":"\/dashboard\/details-assets\/f7632719-d05c-4b14-9052-11afbb43e5c1"},"geometry":{"type":"Point","coordinates":[-40.8965,-18.7548]}},{"type":"Feature","properties":{"municipio":"fe1badf0-b071-458a-ab13-0bfd04537962","title":"ES - ARACRUZ","tipo":"Cebraspe","url":"\/dashboard\/details-assets\/fe1badf0-b071-458a-ab13-0bfd04537962"},"geometry":{"type":"Point","coordinates":[-40.2764,-19.82]}},{"type":"Feature","properties":{"municipio":"fb939f92-0c0d-42cf-8bd3-9656c76bd860","title":"DF - BRASILIA","tipo":"Cebraspe","url":"\/dashboard\/details-assets\/fb939f92-0c0d-42cf-8bd3-9656c76bd860"},"geometry":{"type":"Point","coordinates":[-47.9297,-15.7795]}},{"type":"Feature","properties":{"municipio":"0c4f5a24-6635-42a3-98cb-7ccf27c25cef","title":"CE - SOBRAL","tipo":"Cebraspe","url":"\/dashboard\/details-assets\/0c4f5a24-6635-42a3-98cb-7ccf27c25cef"},"geometry":{"type":"Point","coordinates":[-40.3482,-3.68913]}},{"type":"Feature","properties":{"municipio":"cf5da45f-b78f-4ebf-ba67-c7e757176843","title":"CE - TIANGUA","tipo":"Cebraspe","url":"\/dashboard\/details-assets\/cf5da45f-b78f-4ebf-ba67-c7e757176843"},"geometry":{"type":"Point","coordinates":[-40.9923,-3.72965]}},{"type":"Feature","properties":{"municipio":"a66c4cb1-d75c-4691-b854-4c2dd5ae7ebc","title":"CE - PACATUBA","tipo":"Cebraspe","url":"\/dashboard\/details-assets\/a66c4cb1-d75c-4691-b854-4c2dd5ae7ebc"},"geometry":{"type":"Point","coordinates":[-38.6183,-3.9784]}},{"type":"Feature","properties":{"municipio":"974cf326-57e8-4b4a-9a71-af21c72e6e39","title":"CE - MARACANAU","tipo":"Cebraspe","url":"\/dashboard\/details-assets\/974cf326-57e8-4b4a-9a71-af21c72e6e39"},"geometry":{"type":"Point","coordinates":[-38.6259,-3.86699]}},{"type":"Feature","properties":{"municipio":"df4c05d1-7a0d-4b39-a3c4-390a437946f9","title":"CE - JUAZEIRO DO NORTE","tipo":"Cebraspe","url":"\/dashboard\/details-assets\/df4c05d1-7a0d-4b39-a3c4-390a437946f9"},"geometry":{"type":"Point","coordinates":[-39.3076,-7.19621]}},{"type":"Feature","properties":{"municipio":"030904e1-913e-4b6f-bf79-e94a196332bb","title":"CE - ITAITINGA","tipo":"Cebraspe","url":"\/dashboard\/details-assets\/030904e1-913e-4b6f-bf79-e94a196332bb"},"geometry":{"type":"Point","coordinates":[-38.5298,-3.96577]}},{"type":"Feature","properties":{"municipio":"a0a77680-a4cd-46fb-92da-667d1f7efd7b","title":"CE - IGUATU","tipo":"Cebraspe","url":"\/dashboard\/details-assets\/a0a77680-a4cd-46fb-92da-667d1f7efd7b"},"geometry":{"type":"Point","coordinates":[-39.2892,-6.36281]}},{"type":"Feature","properties":{"municipio":"3ed8ccf5-e918-405f-a3c2-6a5df8507dc2","title":"CE - FORTIM","tipo":"Cebraspe","url":"\/dashboard\/details-assets\/3ed8ccf5-e918-405f-a3c2-6a5df8507dc2"},"geometry":{"type":"Point","coordinates":[-37.7981,-4.45126]}},{"type":"Feature","properties":{"municipio":"8f6a7920-c7fd-4407-9455-e48163b1fa15","title":"CE - ICO","tipo":"Cebraspe","url":"\/dashboard\/details-assets\/8f6a7920-c7fd-4407-9455-e48163b1fa15"},"geometry":{"type":"Point","coordinates":[-38.8554,-6.39627]}},{"type":"Feature","properties":{"municipio":"639735ca-d417-4313-9b8b-0b0d7e509753","title":"CE - FORTALEZA","tipo":"Cebraspe","url":"\/dashboard\/details-assets\/639735ca-d417-4313-9b8b-0b0d7e509753"},"geometry":{"type":"Point","coordinates":[-38.5423,-3.71664]}},{"type":"Feature","properties":{"municipio":"0ba43798-d858-4184-9db6-1d68878b3835","title":"CE - EUSEBIO","tipo":"Cebraspe","url":"\/dashboard\/details-assets\/0ba43798-d858-4184-9db6-1d68878b3835"},"geometry":{"type":"Point","coordinates":[-38.4559,-3.8925]}},{"type":"Feature","properties":{"municipio":"00f0ebb9-d397-46e7-8d36-f043f441a65c","title":"CE - CRATO","tipo":"Cebraspe","url":"\/dashboard\/details-assets\/00f0ebb9-d397-46e7-8d36-f043f441a65c"},"geometry":{"type":"Point","coordinates":[-39.4103,-7.2153]}},{"type":"Feature","properties":{"municipio":"58ec52f8-dcc4-4495-a433-deaf1312b340","title":"CE - CRATEUS","tipo":"Cebraspe","url":"\/dashboard\/details-assets\/58ec52f8-dcc4-4495-a433-deaf1312b340"},"geometry":{"type":"Point","coordinates":[-40.6536,-5.16768]}},{"type":"Feature","properties":{"municipio":"e11399ba-4e21-4681-93f8-ac089fe841f7","title":"CE - CEDRO","tipo":"Cebraspe","url":"\/dashboard\/details-assets\/e11399ba-4e21-4681-93f8-ac089fe841f7"},"geometry":{"type":"Point","coordinates":[-39.0609,-6.60034]}},{"type":"Feature","properties":{"municipio":"324cbd9d-2bab-484d-84ec-5f38f7d388ba","title":"CE - CAUCAIA","tipo":"Cebraspe","url":"\/dashboard\/details-assets\/324cbd9d-2bab-484d-84ec-5f38f7d388ba"},"geometry":{"type":"Point","coordinates":[-38.6619,-3.72797]}},{"type":"Feature","properties":{"municipio":"5dc95652-c975-48b4-824a-5558cbeb9a94","title":"CE - AQUIRAZ","tipo":"Cebraspe","url":"\/dashboard\/details-assets\/5dc95652-c975-48b4-824a-5558cbeb9a94"},"geometry":{"type":"Point","coordinates":[-38.3896,-3.89929]}},{"type":"Feature","properties":{"municipio":"f6b7640b-28ac-43d9-97f9-ae7f95aa90c8","title":"BA - VALENCA","tipo":"Cebraspe","url":"\/dashboard\/details-assets\/f6b7640b-28ac-43d9-97f9-ae7f95aa90c8"},"geometry":{"type":"Point","coordinates":[-39.073,-13.3669]}},{"type":"Feature","properties":{"municipio":"c0210441-0853-4e2d-8251-c3c661ef99d5","title":"BA - VITORIA DA CONQUISTA","tipo":"Cebraspe","url":"\/dashboard\/details-assets\/c0210441-0853-4e2d-8251-c3c661ef99d5"},"geometry":{"type":"Point","coordinates":[-40.8442,-14.8615]}},{"type":"Feature","properties":{"municipio":"500a1c93-0dc4-4622-9e31-172c8d63a6d2","title":"BA - TEIXEIRA DE FREITAS","tipo":"Cebraspe","url":"\/dashboard\/details-assets\/500a1c93-0dc4-4622-9e31-172c8d63a6d2"},"geometry":{"type":"Point","coordinates":[-39.74,-17.5399]}},{"type":"Feature","properties":{"municipio":"98c490d8-5f43-4de7-a1b6-b9f4db3de160","title":"BA - SIMOES FILHO","tipo":"Cebraspe","url":"\/dashboard\/details-assets\/98c490d8-5f43-4de7-a1b6-b9f4db3de160"},"geometry":{"type":"Point","coordinates":[-38.4029,-12.7866]}},{"type":"Feature","properties":{"municipio":"b5cd826f-c83d-4882-af9b-880ef37fd1c7","title":"BA - SERRINHA","tipo":"Cebraspe","url":"\/dashboard\/details-assets\/b5cd826f-c83d-4882-af9b-880ef37fd1c7"},"geometry":{"type":"Point","coordinates":[-39.01,-11.6584]}},{"type":"Feature","properties":{"municipio":"6345ee85-984f-4eac-9195-a63fa6556a93","title":"BA - SALVADOR","tipo":"Cebraspe","url":"\/dashboard\/details-assets\/6345ee85-984f-4eac-9195-a63fa6556a93"},"geometry":{"type":"Point","coordinates":[-38.5011,-12.9718]}},{"type":"Feature","properties":{"municipio":"e663c80a-2a2c-45cb-b0ae-8cd49a146021","title":"BA - PAULO AFONSO","tipo":"Cebraspe","url":"\/dashboard\/details-assets\/e663c80a-2a2c-45cb-b0ae-8cd49a146021"},"geometry":{"type":"Point","coordinates":[-38.2216,-9.3983]}},{"type":"Feature","properties":{"municipio":"20f675a0-4d8d-4c22-968a-23263b59a7e8","title":"BA - LAURO DE FREITAS","tipo":"Cebraspe","url":"\/dashboard\/details-assets\/20f675a0-4d8d-4c22-968a-23263b59a7e8"},"geometry":{"type":"Point","coordinates":[-38.321,-12.8978]}},{"type":"Feature","properties":{"municipio":"f3242364-e3c8-4e69-9eed-8927f41d70db","title":"BA - JUAZEIRO","tipo":"Cebraspe","url":"\/dashboard\/details-assets\/f3242364-e3c8-4e69-9eed-8927f41d70db"},"geometry":{"type":"Point","coordinates":[-40.5033,-9.41622]}},{"type":"Feature","properties":{"municipio":"448c8595-969d-4ed7-922b-bb4a0190ceb2","title":"BA - JEQUIE","tipo":"Cebraspe","url":"\/dashboard\/details-assets\/448c8595-969d-4ed7-922b-bb4a0190ceb2"},"geometry":{"type":"Point","coordinates":[-40.0877,-13.8509]}},{"type":"Feature","properties":{"municipio":"d5e91a05-2344-4f6e-816d-e45d28be7e26","title":"BA - IRECE","tipo":"Cebraspe","url":"\/dashboard\/details-assets\/d5e91a05-2344-4f6e-816d-e45d28be7e26"},"geometry":{"type":"Point","coordinates":[-41.8535,-11.3033]}},{"type":"Feature","properties":{"municipio":"ca65955e-2938-496e-8832-1ea042f93d2f","title":"BA - ITABUNA","tipo":"Cebraspe","url":"\/dashboard\/details-assets\/ca65955e-2938-496e-8832-1ea042f93d2f"},"geometry":{"type":"Point","coordinates":[-39.2781,-14.7876]}},{"type":"Feature","properties":{"municipio":"67e77b6e-ee3c-42ab-b957-de26829753c8","title":"BA - FEIRA DE SANTANA","tipo":"Cebraspe","url":"\/dashboard\/details-assets\/67e77b6e-ee3c-42ab-b957-de26829753c8"},"geometry":{"type":"Point","coordinates":[-38.9663,-12.2664]}},{"type":"Feature","properties":{"municipio":"fdd9dfa6-6be4-4b4c-abff-0f3a94bdbb4c","title":"BA - EUNAPOLIS","tipo":"Cebraspe","url":"\/dashboard\/details-assets\/fdd9dfa6-6be4-4b4c-abff-0f3a94bdbb4c"},"geometry":{"type":"Point","coordinates":[-39.5821,-16.3715]}},{"type":"Feature","properties":{"municipio":"47afbd7c-c002-4c13-9723-7128699d6da4","title":"BA - CAMACARI","tipo":"Cebraspe","url":"\/dashboard\/details-assets\/47afbd7c-c002-4c13-9723-7128699d6da4"},"geometry":{"type":"Point","coordinates":[-38.3263,-12.6996]}},{"type":"Feature","properties":{"municipio":"53d096be-d320-4f39-adcf-f130c32bb791","title":"BA - BRUMADO","tipo":"Cebraspe","url":"\/dashboard\/details-assets\/53d096be-d320-4f39-adcf-f130c32bb791"},"geometry":{"type":"Point","coordinates":[-41.6696,-14.2021]}},{"type":"Feature","properties":{"municipio":"61b832c0-4f40-4447-9c93-662bad2d227a","title":"BA - BARREIRAS","tipo":"Cebraspe","url":"\/dashboard\/details-assets\/61b832c0-4f40-4447-9c93-662bad2d227a"},"geometry":{"type":"Point","coordinates":[-44.9968,-12.1439]}},{"type":"Feature","properties":{"municipio":"a28815cb-2a5f-4d4d-938d-e94d831bd22d","title":"AP - MACAPA","tipo":"Cebraspe","url":"\/dashboard\/details-assets\/a28815cb-2a5f-4d4d-938d-e94d831bd22d"},"geometry":{"type":"Point","coordinates":[-51.0694,0.034934]}},{"type":"Feature","properties":{"municipio":"30f48616-f936-4fee-9e22-8c4a7636ca6e","title":"AM - TEFE","tipo":"Cebraspe","url":"\/dashboard\/details-assets\/30f48616-f936-4fee-9e22-8c4a7636ca6e"},"geometry":{"type":"Point","coordinates":[-64.7193,-3.36822]}},{"type":"Feature","properties":{"municipio":"3701093b-8121-4616-a095-f4358de6d10c","title":"AM - TABATINGA","tipo":"Cebraspe","url":"\/dashboard\/details-assets\/3701093b-8121-4616-a095-f4358de6d10c"},"geometry":{"type":"Point","coordinates":[-69.9383,-4.2416]}},{"type":"Feature","properties":{"municipio":"bf95bbc3-af08-474b-ac86-6623054ee2e1","title":"AM - PARINTINS","tipo":"Cebraspe","url":"\/dashboard\/details-assets\/bf95bbc3-af08-474b-ac86-6623054ee2e1"},"geometry":{"type":"Point","coordinates":[-56.729,-2.63741]}},{"type":"Feature","properties":{"municipio":"4c7f024d-63e5-47e8-8cd9-9a08bd81b244","title":"AM - MANAUS","tipo":"Cebraspe","url":"\/dashboard\/details-assets\/4c7f024d-63e5-47e8-8cd9-9a08bd81b244"},"geometry":{"type":"Point","coordinates":[-60.0212,-3.11866]}},{"type":"Feature","properties":{"municipio":"12e22d5c-a91d-49b9-95eb-7d083df9bdc6","title":"AM - MAUES","tipo":"Cebraspe","url":"\/dashboard\/details-assets\/12e22d5c-a91d-49b9-95eb-7d083df9bdc6"},"geometry":{"type":"Point","coordinates":[-57.7067,-3.39289]}},{"type":"Feature","properties":{"municipio":"fe5f4ce9-f5a7-4d1b-9a68-3653e2b3bf5f","title":"AM - ITACOATIARA","tipo":"Cebraspe","url":"\/dashboard\/details-assets\/fe5f4ce9-f5a7-4d1b-9a68-3653e2b3bf5f"},"geometry":{"type":"Point","coordinates":[-58.4449,-3.13861]}},{"type":"Feature","properties":{"municipio":"632990a8-a4d5-4308-892b-8936db8f62bd","title":"AM - HUMAITA","tipo":"Cebraspe","url":"\/dashboard\/details-assets\/632990a8-a4d5-4308-892b-8936db8f62bd"},"geometry":{"type":"Point","coordinates":[-63.0327,-7.51171]}},{"type":"Feature","properties":{"municipio":"b4eafeb3-5fee-4941-bb04-fb3e561d2c10","title":"AM - COARI","tipo":"Cebraspe","url":"\/dashboard\/details-assets\/b4eafeb3-5fee-4941-bb04-fb3e561d2c10"},"geometry":{"type":"Point","coordinates":[-63.1441,-4.09412]}},{"type":"Feature","properties":{"municipio":"d8aa4b06-876a-4e9f-96ba-f10af527e38a","title":"AL - RIO LARGO","tipo":"Cebraspe","url":"\/dashboard\/details-assets\/d8aa4b06-876a-4e9f-96ba-f10af527e38a"},"geometry":{"type":"Point","coordinates":[-35.8394,-9.47783]}},{"type":"Feature","properties":{"municipio":"c13d60fb-03da-4c9a-8c32-a00a987d7403","title":"AL - MACEIO","tipo":"Cebraspe","url":"\/dashboard\/details-assets\/c13d60fb-03da-4c9a-8c32-a00a987d7403"},"geometry":{"type":"Point","coordinates":[-35.735,-9.66599]}},{"type":"Feature","properties":{"municipio":"4751eeae-14ba-4af0-a36f-29a99a5e52ff","title":"AL - GIRAU DO PONCIANO","tipo":"Cebraspe","url":"\/dashboard\/details-assets\/4751eeae-14ba-4af0-a36f-29a99a5e52ff"},"geometry":{"type":"Point","coordinates":[-36.8316,-9.88404]}},{"type":"Feature","properties":{"municipio":"f94ce7ce-86c3-42c9-a951-4f1f6203e7d1","title":"AC - SENA MADUREIRA","tipo":"Cebraspe","url":"\/dashboard\/details-assets\/f94ce7ce-86c3-42c9-a951-4f1f6203e7d1"},"geometry":{"type":"Point","coordinates":[-68.6571,-9.06596]}},{"type":"Feature","properties":{"municipio":"b914cf6f-a39d-4961-b166-e8effce6b592","title":"AC - TARAUACA","tipo":"Cebraspe","url":"\/dashboard\/details-assets\/b914cf6f-a39d-4961-b166-e8effce6b592"},"geometry":{"type":"Point","coordinates":[-70.7722,-8.15697]}},{"type":"Feature","properties":{"municipio":"fc79d55e-3d24-468b-88ea-418752fba275","title":"AC - SENADOR GUIOMARD","tipo":"Cebraspe","url":"\/dashboard\/details-assets\/fc79d55e-3d24-468b-88ea-418752fba275"},"geometry":{"type":"Point","coordinates":[-67.7362,-10.1497]}},{"type":"Feature","properties":{"municipio":"d3f07737-cb69-490c-b862-70827cea136f","title":"AC - RIO BRANCO","tipo":"Cebraspe","url":"\/dashboard\/details-assets\/d3f07737-cb69-490c-b862-70827cea136f"},"geometry":{"type":"Point","coordinates":[-67.8243,-9.97499]}},{"type":"Feature","properties":{"municipio":"ea8bd93f-256b-4dd5-b0b7-f85c757bea14","title":"AC - FEIJO","tipo":"Cebraspe","url":"\/dashboard\/details-assets\/ea8bd93f-256b-4dd5-b0b7-f85c757bea14"},"geometry":{"type":"Point","coordinates":[-70.351,-8.17054]}},{"type":"Feature","properties":{"municipio":"d0b34e76-dce7-4537-81ed-206764a3b695","title":"AC - CRUZEIRO DO SUL","tipo":"Cebraspe","url":"\/dashboard\/details-assets\/d0b34e76-dce7-4537-81ed-206764a3b695"},"geometry":{"type":"Point","coordinates":[-72.6756,-7.62762]}},{"type":"Feature","properties":{"municipio":"427ff424-c745-4b2b-a8bc-03aa8b513414","title":"AC - BRASILEIA","tipo":"Cebraspe","url":"\/dashboard\/details-assets\/427ff424-c745-4b2b-a8bc-03aa8b513414"},"geometry":{"type":"Point","coordinates":[-68.7497,-10.995]}}]}